hh_id,country,hh_size
hh_10,UK,6
hh_21,UK,4
hh_32,UK,2
hh_43,UK,3
hh_54,UK,4
hh_65,UK,2
hh_76,UK,3
hh_87,UK,4
hh_98,UK,1
hh_109,UK,2
hh_120,UK,6
hh_131,UK,4
hh_142,UK,3
hh_153,UK,2
hh_164,UK,4
hh_175,UK,2
hh_186,UK,3
hh_197,UK,4
hh_208,UK,2
hh_219,UK,1
hh_230,UK,3
hh_241,UK,2
hh_252,UK,2
hh_263,UK,3
hh_274,UK,1
hh_285,UK,2
hh_296,UK,1
hh_307,UK,1
hh_318,UK,1
hh_320,UK,3
hh_321,UK,3
hh_322,UK,1
hh_323,UK,2
hh_324,UK,1
hh_325,UK,6
hh_326,UK,3
hh_327,UK,3
hh_328,UK,4
hh_329,UK,4
hh_330,UK,2
hh_331,UK,6
hh_332,UK,4
hh_333,UK,3
hh_334,UK,2
hh_335,UK,2
hh_336,UK,3
hh_337,UK,2
hh_338,UK,4
hh_339,UK,3
hh_340,UK,1
hh_341,UK,2
hh_342,UK,2
hh_343,UK,2
hh_344,UK,4
hh_345,UK,2
hh_346,UK,5
hh_347,UK,1
hh_348,UK,2
hh_349,UK,3
hh_350,UK,2
hh_351,UK,5
hh_352,UK,2
hh_353,UK,2
hh_354,UK,2
hh_355,UK,6
hh_356,UK,6
hh_357,UK,2
hh_358,UK,3
hh_359,UK,1
hh_360,UK,2
hh_361,UK,2
hh_362,UK,3
hh_363,UK,2
hh_364,UK,3
hh_365,UK,1
hh_366,UK,6
hh_367,UK,2
hh_368,UK,3
hh_369,UK,1
hh_370,UK,3
hh_371,UK,2
hh_372,UK,3
hh_373,UK,4
hh_374,UK,2
hh_375,UK,3
hh_376,UK,3
hh_377,UK,3
hh_378,UK,3
hh_379,UK,4
hh_380,UK,3
hh_381,UK,1
hh_382,UK,2
hh_383,UK,5
hh_384,UK,1
hh_385,UK,3
hh_386,UK,3
hh_387,UK,1
hh_388,UK,1
hh_389,UK,2
hh_390,UK,4
hh_400,UK,3
hh_411,UK,2
hh_422,UK,3
hh_433,UK,2
hh_444,UK,6
hh_455,UK,2
hh_466,UK,2
hh_477,UK,2
hh_488,UK,2
hh_499,UK,5
hh_510,UK,3
hh_521,UK,6
hh_532,UK,1
hh_543,UK,1
hh_554,UK,1
hh_565,UK,2
hh_576,UK,3
hh_587,UK,2
hh_598,UK,3
hh_609,UK,1
hh_620,UK,6
hh_631,UK,3
hh_642,UK,4
hh_653,UK,3
hh_664,UK,1
hh_675,UK,3
hh_686,UK,2
hh_697,UK,5
hh_708,UK,2
hh_719,UK,1
hh_730,UK,3
hh_741,UK,2
hh_752,UK,2
hh_763,UK,4
hh_774,UK,2
hh_785,UK,2
hh_796,UK,5
hh_806,UK,2
hh_807,UK,3
hh_808,UK,2
hh_809,UK,2
hh_810,UK,2
hh_811,UK,4
hh_812,UK,2
hh_813,UK,4
hh_814,UK,3
hh_815,UK,3
hh_816,UK,3
hh_817,UK,5
hh_818,UK,4
hh_819,UK,1
hh_820,UK,3
hh_821,UK,1
hh_822,UK,4
hh_823,UK,1
hh_824,UK,3
hh_825,UK,3
hh_826,UK,4
hh_827,UK,1
hh_828,UK,4
hh_829,UK,3
hh_830,UK,1
hh_831,UK,1
hh_832,UK,4
hh_833,UK,1
hh_834,UK,2
hh_835,UK,5
hh_836,UK,2
hh_837,UK,2
hh_838,UK,6
hh_839,UK,2
hh_840,UK,2
hh_841,UK,4
hh_842,UK,2
hh_843,UK,2
hh_844,UK,4
hh_845,UK,1
hh_846,UK,1
hh_847,UK,2
hh_848,UK,4
hh_849,UK,4
hh_850,UK,1
hh_851,UK,5
hh_852,UK,3
hh_853,UK,1
hh_854,UK,5
hh_855,UK,3
hh_856,UK,1
hh_857,UK,4
hh_858,UK,4
hh_859,UK,4
hh_860,UK,4
hh_861,UK,1
hh_862,UK,4
hh_863,UK,2
hh_864,UK,2
hh_865,UK,2
hh_866,UK,2
hh_867,UK,2
hh_868,UK,2
hh_878,UK,2
hh_889,UK,1
hh_900,UK,3
hh_911,UK,2
hh_922,UK,2
hh_933,UK,5
hh_944,UK,3
hh_955,UK,3
hh_966,UK,4
hh_977,UK,1
hh_988,UK,1
hh_999,UK,3
hh_1010,UK,4
hh_1021,UK,2
hh_1032,UK,3
hh_1043,UK,2
hh_1054,UK,2
hh_1065,UK,1
hh_1076,UK,1
hh_1087,UK,4
hh_1098,UK,1
hh_1109,UK,1
hh_1120,UK,2
hh_1131,UK,1
hh_1142,UK,2
hh_1153,UK,5
hh_1164,UK,3
hh_1175,UK,2
hh_1186,UK,4
hh_1197,UK,3
hh_1208,UK,1
hh_1219,UK,4
hh_1230,UK,3
hh_1241,UK,1
hh_1252,UK,3
hh_1263,UK,5
hh_1274,UK,2
hh_1285,UK,3
hh_1296,UK,4
hh_1307,UK,1
hh_1318,UK,2
hh_1329,UK,2
hh_1340,UK,2
hh_1351,UK,1
hh_1362,UK,1
hh_1373,UK,1
hh_1384,UK,2
hh_1395,UK,3
hh_1406,UK,3
hh_1417,UK,1
hh_1425,UK,1
hh_1426,UK,3
hh_1427,UK,4
hh_1428,UK,3
hh_1429,UK,1
hh_1430,UK,3
hh_1431,UK,4
hh_1432,UK,1
hh_1433,UK,2
hh_1434,UK,2
hh_1435,UK,1
hh_1436,UK,3
hh_1437,UK,1
hh_1438,UK,1
hh_1439,UK,5
hh_1440,UK,2
hh_1441,UK,2
hh_1442,UK,4
hh_1443,UK,2
hh_1444,UK,2
hh_1445,UK,1
hh_1446,UK,2
hh_1447,UK,1
hh_1448,UK,1
hh_1449,UK,3
hh_1450,UK,2
hh_1451,UK,4
hh_1452,UK,4
hh_1453,UK,2
hh_1454,UK,2
hh_1455,UK,1
hh_1456,UK,1
hh_1457,UK,3
hh_1458,UK,5
hh_1459,UK,1
hh_1460,UK,5
hh_1461,UK,4
hh_1462,UK,6
hh_1463,UK,1
hh_1464,UK,3
hh_1465,UK,6
hh_1466,UK,1
hh_1467,UK,4
hh_1468,UK,1
hh_1469,UK,1
hh_1470,UK,1
hh_1471,UK,3
hh_1472,UK,4
hh_1473,UK,2
hh_1474,UK,1
hh_1484,UK,2
hh_1495,UK,4
hh_1506,UK,4
hh_1517,UK,3
hh_1528,UK,1
hh_1539,UK,3
hh_1550,UK,4
hh_1561,UK,3
hh_1572,UK,5
hh_1583,UK,2
hh_1594,UK,1
hh_1605,UK,5
hh_1616,UK,2
hh_1627,UK,4
hh_1638,UK,2
hh_1649,UK,3
hh_1660,UK,2
hh_1671,UK,3
hh_1682,UK,1
hh_1693,UK,3
hh_1704,UK,1
hh_1715,UK,4
hh_1726,UK,4
hh_1737,UK,2
hh_1748,UK,3
hh_1759,UK,2
hh_1770,UK,3
hh_1781,UK,1
hh_1792,UK,2
hh_1803,UK,3
hh_1814,UK,1
hh_1825,UK,1
hh_4671,UK,3
hh_4682,UK,3
hh_4693,UK,5
hh_4704,UK,4
hh_4715,UK,1
hh_4726,UK,1
hh_4737,UK,4
hh_4748,UK,2
hh_4759,UK,4
hh_4770,UK,2
hh_4781,UK,1
hh_4792,UK,3
hh_4803,UK,2
hh_4814,UK,3
hh_4825,UK,2
hh_4836,UK,4
hh_4847,UK,1
hh_4858,UK,2
hh_4869,UK,5
hh_4880,UK,2
hh_4891,UK,1
hh_4902,UK,3
hh_4913,UK,2
hh_4924,UK,1
hh_4935,UK,4
hh_4946,UK,2
hh_4957,UK,4
hh_4968,UK,3
hh_4976,UK,3
hh_4977,UK,2
hh_4978,UK,1
hh_4979,UK,3
hh_4980,UK,2
hh_4981,UK,2
hh_4982,UK,2
hh_4983,UK,4
hh_4984,UK,3
hh_4985,UK,5
hh_4986,UK,3
hh_4987,UK,2
hh_4988,UK,3
hh_4989,UK,4
hh_4990,UK,2
hh_4991,UK,2
hh_4992,UK,3
hh_4993,UK,3
hh_4994,UK,6
hh_4995,UK,2
hh_4996,UK,3
hh_4997,UK,1
hh_4998,UK,3
hh_4999,UK,4
hh_5000,UK,1
hh_5001,UK,1
hh_5002,UK,1
hh_5003,UK,1
hh_5004,UK,2
hh_5005,UK,1
hh_5006,UK,4
hh_5007,UK,5
hh_5008,UK,3
hh_5009,UK,1
hh_5010,UK,3
hh_5011,UK,2
hh_5012,UK,3
hh_5013,UK,4
hh_5014,UK,2
hh_5015,UK,2
hh_5016,UK,3
hh_5017,UK,3
hh_5018,UK,2
hh_5019,UK,3
hh_5020,UK,2
hh_5021,UK,2
hh_5022,UK,3
hh_5023,UK,2
hh_5024,UK,1
hh_5025,UK,2
hh_5026,UK,2
hh_5027,UK,2
hh_5028,UK,1
hh_5029,UK,2
hh_5030,UK,2
hh_5031,UK,1
hh_5032,UK,3
hh_5033,UK,3
hh_5034,UK,1
hh_5035,UK,4
hh_5036,UK,2
hh_5037,UK,4
hh_5038,UK,2
hh_5039,UK,3
hh_5040,UK,2
hh_5041,UK,1
hh_5042,UK,1
hh_5043,UK,1
hh_5044,UK,1
hh_5045,UK,4
hh_5046,UK,1
hh_5047,UK,1
hh_5057,UK,2
hh_5068,UK,1
hh_5079,UK,1
hh_5090,UK,2
hh_5101,UK,5
hh_5112,UK,4
hh_5123,UK,2
hh_5134,UK,2
hh_5145,UK,1
hh_5156,UK,1
hh_5167,UK,2
hh_5178,UK,2
hh_5189,UK,4
hh_5200,UK,2
hh_5211,UK,6
hh_5222,UK,2
hh_5233,UK,4
hh_5244,UK,2
hh_5255,UK,3
hh_5266,UK,2
hh_5277,UK,4
hh_5288,UK,4
hh_5299,UK,5
hh_5310,UK,5
hh_5321,UK,1
hh_5332,UK,3
hh_5336,UK,3
hh_5337,UK,2
hh_5338,UK,1
hh_5339,UK,1
hh_5340,UK,4
hh_5341,UK,1
hh_5342,UK,2
hh_5343,UK,1
hh_5344,UK,2
hh_5345,UK,2
hh_5346,UK,2
hh_5347,UK,4
hh_5348,UK,2
hh_5349,UK,1
hh_5350,UK,1
hh_5351,UK,4
hh_5352,UK,1
hh_5353,UK,3
hh_5354,UK,3
hh_5355,UK,2
hh_5356,UK,4
hh_5357,UK,1
hh_5358,UK,5
hh_5359,UK,2
hh_5360,UK,4
hh_5361,UK,1
hh_5362,UK,1
hh_5363,UK,2
hh_5364,UK,3
hh_5365,UK,1
hh_5366,UK,2
hh_5367,UK,2
hh_5368,UK,2
hh_5369,UK,5
hh_5370,UK,5
hh_5371,UK,1
hh_5372,UK,1
hh_5373,UK,1
hh_5374,UK,2
hh_5375,UK,2
hh_5376,UK,3
hh_5377,UK,3
hh_5378,UK,5
hh_5379,UK,3
hh_5380,UK,6
hh_5381,UK,4
hh_5382,UK,1
hh_5383,UK,2
hh_5384,UK,2
hh_5385,UK,2
hh_5386,UK,2
hh_5387,UK,4
hh_5388,UK,2
hh_5389,UK,1
hh_5390,UK,1
hh_5391,UK,1
hh_5392,UK,1
hh_5393,UK,1
hh_5394,UK,3
hh_5395,UK,3
hh_5396,UK,1
hh_5398,UK,2
hh_5399,UK,2
hh_5400,UK,5
hh_5401,UK,1
hh_5402,UK,3
hh_5403,UK,2
hh_5404,UK,2
hh_5405,UK,4
hh_5406,UK,3
hh_5407,UK,4
hh_5408,UK,2
hh_5409,UK,2
hh_5419,UK,4
hh_5430,UK,1
hh_5441,UK,4
hh_5452,UK,2
hh_5463,UK,3
hh_5474,UK,2
hh_5485,UK,1
hh_5496,UK,2
hh_5507,UK,3
hh_5518,UK,3
hh_5529,UK,2
hh_5540,UK,2
hh_5551,UK,6
hh_5562,UK,4
hh_5573,UK,2
hh_5584,UK,1
hh_5595,UK,1
hh_5606,UK,1
hh_5617,UK,1
hh_5628,UK,4
hh_5639,UK,3
hh_5650,UK,3
hh_5661,UK,4
hh_5672,UK,1
hh_5683,UK,1
hh_5694,UK,1
hh_5705,UK,2
hh_5716,UK,4
hh_5727,UK,4
hh_5738,UK,4
hh_5749,UK,2
hh_5760,UK,4
hh_5762,UK,5
hh_5763,UK,4
hh_5764,UK,5
hh_5765,UK,2
hh_5766,UK,3
hh_5767,UK,1
hh_5768,UK,3
hh_5769,UK,2
hh_5770,UK,5
hh_5771,UK,5
hh_5772,UK,3
hh_5773,UK,4
hh_5774,UK,2
hh_5775,UK,2
hh_5776,UK,3
hh_5777,UK,3
hh_5778,UK,2
hh_5779,UK,3
hh_5780,UK,3
hh_5781,UK,5
hh_5782,UK,2
hh_5783,UK,1
hh_5784,UK,4
hh_5785,UK,3
hh_5786,UK,4
hh_5787,UK,3
hh_5788,UK,1
hh_5789,UK,4
hh_5790,UK,5
hh_5791,UK,2
hh_5792,UK,3
hh_5793,UK,1
hh_5794,UK,3
hh_5795,UK,2
hh_5796,UK,1
hh_5797,UK,1
hh_5798,UK,3
hh_5799,UK,6
hh_5800,UK,2
hh_5801,UK,2
hh_5802,UK,4
hh_5803,UK,3
hh_5804,UK,2
hh_5805,UK,1
hh_5806,UK,1
hh_5807,UK,1
hh_5808,UK,3
hh_5809,UK,2
hh_5810,UK,2
hh_5811,UK,3
hh_5812,UK,2
hh_5813,UK,1
hh_5814,UK,1
hh_5815,UK,2
hh_5816,UK,3
hh_5817,UK,1
hh_5818,UK,2
hh_5819,UK,2
hh_5820,UK,1
hh_5821,UK,2
hh_5822,UK,3
hh_5823,UK,2
hh_5824,UK,2
hh_5825,UK,2
hh_5826,UK,2
hh_5827,UK,2
hh_5828,UK,2
hh_5829,UK,1
hh_5839,UK,1
hh_5850,UK,2
hh_5861,UK,3
hh_5872,UK,2
hh_5883,UK,2
hh_5894,UK,2
hh_5905,UK,2
hh_5916,UK,2
hh_5927,UK,2
hh_5938,UK,3
hh_5949,UK,1
hh_5960,UK,1
hh_5971,UK,2
hh_5982,UK,2
hh_5993,UK,3
hh_6004,UK,2
hh_6015,UK,2
hh_6026,UK,2
hh_6037,UK,2
hh_6048,UK,2
hh_6059,UK,2
hh_6070,UK,1
hh_6081,UK,3
hh_6092,UK,2
hh_6103,UK,4
hh_6114,UK,2
hh_6125,UK,1
hh_6136,UK,3
hh_6147,UK,3
hh_6158,UK,2
hh_6169,UK,2
hh_6171,UK,1
hh_6172,UK,3
hh_6173,UK,2
hh_6174,UK,1
hh_6175,UK,2
hh_6176,UK,1
hh_6177,UK,2
hh_6178,UK,2
hh_6179,UK,2
hh_6180,UK,1
hh_6181,UK,1
hh_6182,UK,1
hh_6183,UK,1
hh_6184,UK,1
hh_6185,UK,2
hh_6186,UK,2
hh_6187,UK,1
hh_6188,UK,3
hh_6189,UK,2
hh_6190,UK,1
hh_6191,UK,2
hh_6192,UK,2
hh_6193,UK,1
hh_7339,UK,3
hh_7340,UK,2
hh_7341,UK,2
hh_7342,UK,3
hh_7343,UK,3
hh_7344,UK,2
hh_7345,UK,2
hh_7346,UK,4
hh_7347,UK,5
hh_7348,UK,4
hh_7349,UK,4
hh_7350,UK,4
hh_7351,UK,1
hh_7352,UK,4
hh_7353,UK,3
hh_7354,UK,4
hh_7355,UK,4
hh_7356,UK,6
hh_7357,UK,5
hh_7358,UK,5
hh_7359,UK,1
hh_7360,UK,5
hh_7361,UK,3
hh_7362,UK,2
hh_7363,UK,5
hh_7364,UK,2
hh_7365,UK,1
hh_7366,UK,1
hh_7367,UK,4
hh_7368,UK,3
hh_7369,UK,2
hh_7370,UK,2
hh_7371,UK,3
hh_7372,UK,4
hh_7373,UK,4
hh_7374,UK,1
hh_7375,UK,4
hh_7376,UK,4
hh_7377,UK,3
hh_7378,UK,4
hh_7379,UK,3
hh_7380,UK,1
hh_7381,UK,4
hh_7382,UK,5
hh_7383,UK,3
hh_7384,UK,3
hh_7385,UK,2
hh_7386,UK,3
hh_7387,UK,2
hh_7388,UK,3
hh_7389,UK,2
hh_7390,UK,1
hh_7391,UK,3
hh_7392,UK,3
hh_7393,UK,1
hh_7394,UK,2
hh_7395,UK,2
hh_7396,UK,2
hh_7397,UK,2
hh_7398,UK,3
hh_7399,UK,4
hh_7400,UK,4
hh_7401,UK,4
hh_7402,UK,3
hh_7403,UK,2
hh_7404,UK,1
hh_7405,UK,3
hh_7406,UK,3
hh_7407,UK,3
hh_7408,UK,3
hh_7409,UK,2
hh_7410,UK,5
hh_7411,UK,3
hh_7412,UK,2
hh_7413,UK,1
hh_7414,UK,4
hh_7415,UK,4
hh_7416,UK,2
hh_7417,UK,2
hh_7418,UK,3
hh_7419,UK,1
hh_7420,UK,2
hh_7421,UK,3
hh_7422,UK,3
hh_7423,UK,2
hh_7424,UK,3
hh_7425,UK,3
hh_7426,UK,3
hh_7427,UK,2
hh_7428,UK,1
hh_7429,UK,2
hh_7430,UK,3
hh_7431,UK,4
hh_7432,UK,2
hh_7433,UK,1
hh_7434,UK,1
hh_7435,UK,2
hh_7436,UK,3
hh_7437,UK,1
hh_7438,UK,1
hh_7439,UK,2
hh_7440,UK,1
hh_7441,UK,1
hh_7442,UK,5
hh_7443,UK,4
hh_7444,UK,4
hh_7445,UK,4
hh_7446,UK,1
hh_7447,UK,4
hh_7448,UK,4
hh_7449,UK,3
hh_7450,UK,6
hh_7451,UK,2
hh_7452,UK,4
hh_7453,UK,4
hh_7454,UK,5
hh_7455,UK,2
hh_7456,UK,3
hh_7457,UK,1
hh_7458,UK,3
hh_7459,UK,4
hh_7460,UK,2
hh_7461,UK,2
hh_7462,UK,1
hh_7463,UK,5
hh_7464,UK,4
hh_7465,UK,3
hh_7466,UK,4
hh_7467,UK,4
hh_7468,UK,2
hh_7469,UK,4
hh_7470,UK,3
hh_7471,UK,2
hh_7472,UK,1
hh_7473,UK,4
hh_7474,UK,1
hh_7475,UK,1
hh_7476,UK,1
hh_7477,UK,2
hh_7478,UK,4
hh_7479,UK,2
hh_7480,UK,2
hh_7481,UK,3
hh_7482,UK,4
hh_7483,UK,5
hh_7484,UK,6
hh_7485,UK,3
hh_7486,UK,1
hh_7487,UK,1
hh_7488,UK,5
hh_7489,UK,4
hh_7490,UK,1
hh_7491,UK,3
hh_7492,UK,2
hh_7493,UK,2
hh_7494,UK,4
hh_7495,UK,3
hh_7496,UK,3
hh_7497,UK,1
hh_7498,UK,4
hh_7499,UK,5
hh_7500,UK,1
hh_7501,UK,1
hh_7502,UK,1
hh_7503,UK,1
hh_7504,UK,3
hh_7505,UK,6
hh_7506,UK,1
hh_7507,UK,1
hh_7508,UK,1
hh_7509,UK,7
hh_7510,UK,2
hh_7511,UK,1
hh_7512,UK,2
hh_7513,UK,2
hh_7514,UK,1
hh_7515,UK,2
hh_7516,UK,2
hh_7517,UK,2
hh_7518,UK,3
hh_7519,UK,2
hh_7520,UK,2
hh_7521,UK,3
hh_7522,UK,2
hh_7523,UK,3
hh_7524,UK,2
hh_7525,UK,1
hh_7526,UK,2
hh_7527,UK,2
hh_7528,UK,1
hh_7529,UK,1
hh_7530,UK,2
hh_7531,UK,2
hh_7532,UK,2
hh_7533,UK,1
hh_7534,UK,3
hh_7535,UK,1
hh_7536,UK,2
hh_7537,UK,2
hh_7538,UK,2
hh_7539,UK,1
hh_7540,UK,2
hh_7541,UK,1
hh_7542,UK,2
hh_7543,UK,1
hh_7544,UK,4
hh_7545,UK,2
hh_7546,UK,3
hh_7547,UK,2
hh_7548,UK,2
hh_7549,UK,2
hh_7550,UK,2
hh_7551,UK,1
hh_7552,UK,1
hh_7553,UK,1
hh_7554,UK,2
hh_7555,UK,2
hh_7556,UK,1
hh_7557,UK,3
hh_7558,UK,2
hh_7559,UK,1
hh_7560,UK,3
hh_7561,UK,2
hh_7562,UK,1
hh_7563,UK,1
hh_7564,UK,3
hh_7565,UK,2
hh_7566,UK,3
hh_7567,UK,2
hh_7568,UK,1
hh_7569,UK,1
hh_7570,UK,2
hh_7571,UK,2
hh_7572,UK,2
hh_7573,UK,2
hh_7574,UK,2
hh_7575,UK,3
hh_7576,UK,4
hh_7577,UK,5
hh_7578,UK,2
hh_7579,UK,2
hh_7580,UK,2
hh_7581,UK,2
hh_7582,UK,2
hh_7583,UK,2
hh_7584,UK,1
hh_7585,UK,2
hh_7586,UK,3
hh_7587,UK,1
hh_7588,UK,1
hh_7589,UK,3
hh_7590,UK,1
hh_7591,UK,1
hh_7592,UK,2
hh_7593,UK,1
hh_7594,UK,3
hh_7595,UK,2
hh_7596,UK,2
hh_7597,UK,4
hh_7598,UK,2
hh_7599,UK,2
hh_7600,UK,2
hh_7601,UK,2
hh_7602,UK,1
hh_7603,UK,1
hh_7604,UK,5
hh_7605,UK,2
hh_7606,UK,1
hh_7607,UK,2
hh_7608,UK,1
hh_7609,UK,1
hh_7610,UK,1
hh_7611,UK,2
hh_7612,UK,2
hh_7613,UK,3
hh_7614,UK,3
hh_7615,UK,2
hh_7616,UK,2
hh_7617,UK,2
hh_7618,UK,4
hh_7619,UK,1
hh_7620,UK,4
hh_7621,UK,5
hh_7622,UK,2
hh_7623,UK,2
hh_7624,UK,1
hh_7625,UK,4
hh_7626,UK,1
hh_7627,UK,3
hh_7628,UK,5
hh_7629,UK,3
hh_7630,UK,5
hh_7631,UK,2
hh_7632,UK,4
hh_7633,UK,2
hh_7634,UK,3
hh_7635,UK,3
hh_7636,UK,4
hh_7637,UK,4
hh_7638,UK,3
hh_7639,UK,5
hh_7640,UK,2
hh_7641,UK,1
hh_7642,UK,2
hh_7643,UK,4
hh_7644,UK,3
hh_7645,UK,1
hh_7646,UK,5
hh_7647,UK,2
hh_7648,UK,5
hh_7649,UK,6
hh_7650,UK,1
hh_7651,UK,5
hh_7652,UK,1
hh_7653,UK,2
hh_7654,UK,2
hh_7655,UK,1
hh_7656,UK,2
hh_7657,UK,2
hh_7658,UK,4
hh_7659,UK,5
hh_7660,UK,2
hh_7661,UK,2
hh_7662,UK,3
hh_7663,UK,5
hh_7664,UK,5
hh_7665,UK,3
hh_7666,UK,3
hh_7667,UK,6
hh_7668,UK,1
hh_7669,UK,1
hh_7670,UK,2
hh_7671,UK,3
hh_7672,UK,7
hh_7673,UK,2
hh_7674,UK,2
hh_7675,UK,2
hh_7676,UK,2
hh_7677,UK,2
hh_7678,UK,4
hh_7679,UK,1
hh_7680,UK,2
hh_7681,UK,2
hh_7682,UK,5
hh_7683,UK,3
hh_7684,UK,2
hh_7685,UK,2
hh_7686,UK,2
hh_7687,UK,1
hh_7688,UK,2
hh_7689,UK,2
hh_7690,UK,4
hh_7691,UK,2
hh_7692,UK,1
hh_7693,UK,3
hh_7694,UK,4
hh_7695,UK,3
hh_7696,UK,2
hh_7697,UK,2
hh_7698,UK,2
hh_7699,UK,3
hh_7700,UK,3
hh_7701,UK,2
hh_7702,UK,2
hh_7703,UK,3
hh_7704,UK,1
hh_7705,UK,4
hh_7706,UK,4
hh_7707,UK,2
hh_7708,UK,3
hh_7709,UK,4
hh_7710,UK,5
hh_7711,UK,2
hh_7712,UK,3
hh_7713,UK,4
hh_7714,UK,6
hh_7715,UK,2
hh_7716,UK,5
hh_7717,UK,3
hh_7718,UK,3
hh_7719,UK,4
hh_7720,UK,4
hh_7721,UK,4
hh_7722,UK,2
hh_7723,UK,1
hh_7724,UK,4
hh_7725,UK,2
hh_7726,UK,3
hh_7727,UK,3
hh_7728,UK,4
hh_7729,UK,5
hh_7730,UK,5
hh_7731,UK,3
hh_7732,UK,1
hh_7733,UK,1
hh_7734,UK,3
hh_7735,UK,4
hh_7736,UK,2
hh_7737,UK,4
hh_7738,UK,2
hh_7739,UK,3
hh_7740,UK,3
hh_7741,UK,3
hh_7742,UK,2
hh_7743,UK,2
hh_7744,UK,4
hh_7745,UK,2
hh_7746,UK,2
hh_7747,UK,1
hh_7748,UK,1
hh_7749,UK,2
hh_7750,UK,1
hh_7751,UK,3
hh_7752,UK,2
hh_7753,UK,1
hh_7754,UK,3
hh_7755,UK,2
hh_7756,UK,2
hh_7757,UK,2
hh_7758,UK,1
hh_7759,UK,2
hh_7760,UK,4
hh_7761,UK,1
hh_7762,UK,4
hh_7763,UK,3
hh_7764,UK,3
hh_7765,UK,3
hh_7766,UK,3
hh_7767,UK,3
hh_7768,UK,3
hh_7769,UK,2
hh_7770,UK,3
hh_7771,UK,4
hh_7772,UK,2
hh_7773,UK,4
hh_7774,UK,2
hh_7775,UK,3
hh_7776,UK,1
hh_7777,UK,5
hh_7778,UK,1
hh_7779,UK,5
hh_7780,UK,3
hh_7781,UK,2
hh_7782,UK,1
hh_7783,UK,2
hh_7784,UK,4
hh_7785,UK,3
hh_7786,UK,2
hh_7787,UK,3
hh_7788,UK,1
hh_7789,UK,1
hh_7790,UK,2
hh_7791,UK,3
hh_7792,UK,2
hh_7793,UK,1
hh_7794,UK,2
hh_7795,UK,2
hh_7796,UK,2
hh_7797,UK,5
hh_7798,UK,3
hh_7799,UK,7
hh_7800,UK,1
hh_7801,UK,1
hh_7802,UK,1
hh_7803,UK,2
hh_7804,UK,5
hh_7805,UK,2
hh_7806,UK,2
hh_7807,UK,3
hh_7808,UK,1
hh_7809,UK,2
hh_7810,UK,3
hh_7811,UK,1
hh_7812,UK,2
hh_7813,UK,2
hh_7814,UK,4
hh_7815,UK,4
hh_7816,UK,2
hh_7817,UK,3
hh_7818,UK,3
hh_7819,UK,2
hh_7820,UK,4
hh_7821,UK,2
hh_7822,UK,4
hh_7823,UK,6
hh_7824,UK,1
hh_7825,UK,2
hh_7826,UK,2
hh_7827,UK,3
hh_7828,UK,1
hh_7829,UK,2
hh_7830,UK,3
hh_7831,UK,3
hh_7832,UK,1
hh_7833,UK,4
hh_7834,UK,1
hh_7835,UK,1
hh_7836,UK,4
hh_7837,UK,1
hh_7838,UK,2
hh_7839,UK,1
hh_7840,UK,2
hh_7841,UK,2
hh_7842,UK,1
hh_7843,UK,1
hh_7844,UK,2
hh_7845,UK,2
hh_7846,UK,2
hh_7847,UK,2
hh_7848,UK,1
hh_7849,UK,5
hh_7850,UK,3
hh_7851,UK,1
hh_7852,UK,2
hh_7853,UK,1
hh_7854,UK,4
hh_7855,UK,3
hh_7856,UK,3
hh_7857,UK,6
hh_7858,UK,2
hh_7859,UK,2
hh_7860,UK,3
hh_7861,UK,4
hh_7862,UK,1
hh_7863,UK,1
hh_7864,UK,7
hh_7865,UK,8+
hh_7866,UK,2
hh_7867,UK,5
hh_7868,UK,2
hh_7869,UK,5
hh_7870,UK,4
hh_7871,UK,2
hh_7872,UK,2
hh_7873,UK,2
hh_7874,UK,3
hh_7875,UK,3
hh_7876,UK,4
hh_7877,UK,4
hh_7878,UK,1
hh_7879,UK,7
hh_7880,UK,1
hh_7881,UK,3
hh_7882,UK,3
hh_7883,UK,1
hh_7884,UK,2
hh_7885,UK,1
hh_7886,UK,3
hh_7887,UK,2
hh_7888,UK,4
hh_7889,UK,1
hh_7890,UK,4
hh_7891,UK,4
hh_7892,UK,3
hh_7893,UK,2
hh_7894,UK,2
hh_7895,UK,1
hh_7896,UK,4
hh_7897,UK,2
hh_7898,UK,4
hh_7899,UK,3
hh_7900,UK,3
hh_7901,UK,4
hh_7902,UK,4
hh_7903,UK,4
hh_7904,UK,3
hh_7905,UK,2
hh_7906,UK,4
hh_7907,UK,1
hh_7908,UK,3
hh_7909,UK,4
hh_7910,UK,5
hh_7911,UK,1
hh_7912,UK,1
hh_7913,UK,5
hh_7914,UK,1
hh_7915,UK,3
hh_7916,UK,2
hh_7917,UK,2
hh_7918,UK,3
hh_7919,UK,4
hh_7920,UK,4
hh_7921,UK,2
hh_7922,UK,7
hh_7923,UK,2
hh_7924,UK,3
hh_7925,UK,1
hh_7926,UK,2
hh_7927,UK,2
hh_7928,UK,4
hh_7929,UK,4
hh_7930,UK,4
hh_7931,UK,2
hh_7932,UK,2
hh_7933,UK,5
hh_7934,UK,3
hh_7935,UK,2
hh_7936,UK,1
hh_7937,UK,2
hh_7938,UK,3
hh_7939,UK,2
hh_7940,UK,5
hh_7941,UK,1
hh_7942,UK,2
hh_7943,UK,2
hh_7944,UK,3
hh_7945,UK,3
hh_7946,UK,1
hh_7947,UK,1
hh_7948,UK,4
hh_7949,UK,4
hh_7950,UK,3
hh_7951,UK,5
hh_7952,UK,3
hh_7953,UK,1
hh_7954,UK,2
hh_7955,UK,4
hh_7956,UK,1
hh_7957,UK,1
hh_7958,UK,3
hh_7959,UK,4
hh_7960,UK,4
hh_7961,UK,3
hh_7962,UK,3
hh_7963,UK,3
hh_7964,UK,3
hh_7965,UK,2
hh_7966,UK,4
hh_7967,UK,1
hh_7968,UK,2
hh_7969,UK,4
hh_7970,UK,3
hh_7971,UK,2
hh_7972,UK,2
hh_7973,UK,3
hh_7974,UK,1
hh_7975,UK,3
hh_7976,UK,2
hh_7977,UK,3
hh_7978,UK,3
hh_7979,UK,4
hh_7980,UK,1
hh_7981,UK,3
hh_7982,UK,2
hh_7983,UK,4
hh_7984,UK,2
hh_7985,UK,1
hh_7986,UK,5
hh_7987,UK,2
hh_7988,UK,2
hh_7989,UK,3
hh_7990,UK,1
hh_7991,UK,2
hh_7992,UK,4
hh_7993,UK,3
hh_7994,UK,3
hh_7995,UK,5
hh_7996,UK,3
hh_7997,UK,2
hh_7998,UK,3
hh_7999,UK,1
hh_8000,UK,1
hh_8001,UK,4
hh_8002,UK,4
hh_8004,UK,3
hh_8005,UK,1
hh_8006,UK,2
hh_8007,UK,3
hh_8008,UK,3
hh_8009,UK,3
hh_8010,UK,2
hh_8011,UK,1
hh_8012,UK,3
hh_8013,UK,1
hh_8014,UK,1
hh_8015,UK,4
hh_8016,UK,3
hh_8017,UK,4
hh_8018,UK,2
hh_8019,UK,4
hh_8020,UK,2
hh_8021,UK,1
hh_8022,UK,2
hh_8023,UK,1
hh_8024,UK,2
hh_8025,UK,2
hh_8026,UK,1
hh_8027,UK,4
hh_8028,UK,2
hh_8029,UK,3
hh_8030,UK,4
hh_8031,UK,2
hh_8032,UK,1
hh_8033,UK,3
hh_8034,UK,1
hh_8035,UK,2
hh_8036,UK,3
hh_8037,UK,6
hh_8038,UK,3
hh_8039,UK,3
hh_8040,UK,3
hh_8041,UK,2
hh_8042,UK,4
hh_8043,UK,2
hh_8044,UK,5
hh_8045,UK,3
hh_8046,UK,2
hh_8047,UK,3
hh_8048,UK,3
hh_8049,UK,5
hh_8050,UK,3
hh_8051,UK,4
hh_8052,UK,2
hh_8053,UK,1
hh_8054,UK,1
hh_8055,UK,1
hh_8056,UK,2
hh_8057,UK,4
hh_8058,UK,2
hh_8059,UK,4
hh_8060,UK,3
hh_8061,UK,3
hh_8062,UK,1
hh_8063,UK,4
hh_8064,UK,1
hh_8065,UK,5
hh_8066,UK,3
hh_8067,UK,1
hh_8068,UK,3
hh_8069,UK,2
hh_8070,UK,2
hh_8071,UK,1
hh_8072,UK,6
hh_8073,UK,2
hh_8074,UK,1
hh_8075,UK,3
hh_8076,UK,2
hh_8077,UK,1
hh_8078,UK,2
hh_8079,UK,4
hh_8080,UK,2
hh_8081,UK,1
hh_8082,UK,2
hh_8083,UK,2
hh_8084,UK,3
hh_8085,UK,3
hh_8086,UK,3
hh_8087,UK,3
hh_8088,UK,4
hh_8089,UK,4
hh_8090,UK,1
hh_8091,UK,2
hh_8092,UK,3
hh_8093,UK,3
hh_8094,UK,4
hh_8095,UK,2
hh_8096,UK,3
hh_8097,UK,2
hh_8098,UK,3
hh_8099,UK,3
hh_8100,UK,1
hh_8101,UK,4
hh_8102,UK,5
hh_8103,UK,4
hh_8104,UK,2
hh_8105,UK,1
hh_8106,UK,2
hh_8107,UK,4
hh_8108,UK,2
hh_8109,UK,4
hh_8110,UK,1
hh_8111,UK,2
hh_8112,UK,1
hh_8113,UK,2
hh_8114,UK,2
hh_8115,UK,1
hh_8116,UK,2
hh_8117,UK,1
hh_8118,UK,3
hh_8119,UK,1
hh_8120,UK,4
hh_8121,UK,1
hh_8122,UK,4
hh_8123,UK,2
hh_8124,UK,2
hh_8125,UK,2
hh_8126,UK,2
hh_8127,UK,2
hh_8128,UK,2
hh_8129,UK,2
hh_8130,UK,2
hh_8131,UK,2
hh_8132,UK,2
hh_8133,UK,2
hh_8134,UK,1
hh_8135,UK,4
hh_8136,UK,1
hh_8137,UK,1
hh_8138,UK,3
hh_8139,UK,2
hh_8140,UK,1
hh_8141,UK,2
hh_8142,UK,1
hh_8143,UK,1
hh_8144,UK,2
hh_8145,UK,1
hh_8146,UK,1
hh_8147,UK,2
hh_8148,UK,2
hh_8149,UK,2
hh_8150,UK,2
hh_8151,UK,2
hh_8152,UK,2
hh_8153,UK,3
hh_8154,UK,2
hh_8155,UK,2
hh_8156,UK,2
hh_8157,UK,2
hh_8158,UK,2
hh_8159,UK,2
hh_8160,UK,2
hh_8161,UK,1
hh_8162,UK,2
hh_8163,UK,2
hh_8164,UK,1
hh_8165,UK,2
hh_8166,UK,1
hh_8167,UK,2
hh_8168,UK,1
hh_8169,UK,2
hh_8170,UK,4
hh_8171,UK,2
hh_8172,UK,5
hh_8173,UK,1
hh_8174,UK,2
hh_8175,UK,1
hh_8176,UK,2
hh_8177,UK,2
hh_8178,UK,1
hh_8179,UK,1
hh_8180,UK,3
hh_8181,UK,2
hh_8182,UK,2
hh_8183,UK,4
hh_8184,UK,1
hh_8185,UK,3
hh_8186,UK,2
hh_8187,UK,4
hh_8188,UK,1
hh_8189,UK,3
hh_8190,UK,3
hh_8191,UK,4
hh_8192,UK,5
hh_8193,UK,3
hh_8194,UK,1
hh_8195,UK,1
hh_8196,UK,2
hh_8197,UK,1
hh_8198,UK,8+
hh_8199,UK,2
hh_8200,UK,3
hh_8201,UK,2
hh_8202,UK,2
hh_8203,UK,2
hh_8204,UK,2
hh_8205,UK,3
hh_8206,UK,1
hh_8207,UK,6
hh_8208,UK,3
hh_8209,UK,2
hh_8210,UK,3
hh_8211,UK,4
hh_8212,UK,2
hh_8213,UK,4
hh_8214,UK,3
hh_8215,UK,5
hh_8216,UK,2
hh_8217,UK,2
hh_8218,UK,2
hh_8219,UK,2
hh_8220,UK,2
hh_8221,UK,7
hh_8222,UK,3
hh_8223,UK,1
hh_8224,UK,3
hh_8225,UK,3
hh_8226,UK,2
hh_8227,UK,4
hh_8228,UK,3
hh_8229,UK,4
hh_8230,UK,5
hh_8231,UK,2
hh_8232,UK,2
hh_8233,UK,4
hh_8234,UK,4
hh_8235,UK,2
hh_8236,UK,3
hh_8237,UK,3
hh_8238,UK,3
hh_8239,UK,3
hh_8240,UK,2
hh_8241,UK,4
hh_8242,UK,2
hh_8243,UK,1
hh_8244,UK,3
hh_8245,UK,3
hh_8246,UK,4
hh_8247,UK,4
hh_8248,UK,3
hh_8249,UK,2
hh_8250,UK,3
hh_8251,UK,5
hh_8252,UK,4
hh_8253,UK,1
hh_8254,UK,3
hh_8255,UK,3
hh_8256,UK,1
hh_8257,UK,4
hh_8258,UK,6
hh_8259,UK,2
hh_8260,UK,1
hh_8261,UK,4
hh_8262,UK,4
hh_8263,UK,4
hh_8264,UK,2
hh_8265,UK,3
hh_8266,UK,3
hh_8267,UK,2
hh_8268,UK,4
hh_8269,UK,1
hh_8270,UK,3
hh_8271,UK,2
hh_8272,UK,3
hh_8273,UK,2
hh_8274,UK,2
hh_8275,UK,4
hh_8276,UK,1
hh_8277,UK,3
hh_8278,UK,2
hh_8279,UK,2
hh_8280,UK,3
hh_8281,UK,5
hh_8282,UK,3
hh_8283,UK,1
hh_8284,UK,2
hh_8285,UK,2
hh_8286,UK,3
hh_8287,UK,1
hh_8288,UK,2
hh_8289,UK,4
hh_8290,UK,2
hh_8291,UK,3
hh_8292,UK,4
hh_8293,UK,4
hh_8294,UK,2
hh_8295,UK,3
hh_8296,UK,2
hh_8297,UK,4
hh_8298,UK,3
hh_8299,UK,4
hh_8300,UK,1
hh_8301,UK,3
hh_8302,UK,3
hh_8303,UK,4
hh_8304,UK,2
hh_8305,UK,4
hh_8306,UK,3
hh_8307,UK,5
hh_8308,UK,6
hh_8309,UK,1
hh_8310,UK,2
hh_8311,UK,4
hh_8312,UK,2
hh_8313,UK,6
hh_8314,UK,1
hh_8315,UK,4
hh_8316,UK,4
hh_8317,UK,3
hh_8318,UK,3
hh_8319,UK,2
hh_8320,UK,4
hh_8321,UK,1
hh_8322,UK,1
hh_8323,UK,4
hh_8324,UK,1
hh_8325,UK,6
hh_8326,UK,2
hh_8327,UK,2
hh_8328,UK,5
hh_8329,UK,4
hh_8330,UK,7
hh_8331,UK,3
hh_8332,UK,2
hh_8333,UK,3
hh_8334,UK,4
hh_8335,UK,4
hh_8336,UK,1
hh_8337,UK,3
hh_8338,UK,1
hh_8339,UK,5
hh_8340,UK,3
hh_8341,UK,3
hh_8342,UK,2
hh_8343,UK,3
hh_8344,UK,4
hh_8345,UK,1
hh_8346,UK,2
hh_8347,UK,1
hh_8348,UK,2
hh_8349,UK,4
hh_8350,UK,2
hh_8351,UK,3
hh_8352,UK,4
hh_8353,UK,4
hh_8354,UK,2
hh_8355,UK,2
hh_8356,UK,4
hh_8357,UK,1
hh_8358,UK,2
hh_8359,UK,3
hh_8360,UK,4
hh_8361,UK,2
hh_8362,UK,3
hh_8363,UK,3
hh_8364,UK,3
hh_8365,UK,4
hh_8366,UK,2
hh_8367,UK,4
hh_8368,UK,2
hh_8369,UK,1
hh_8370,UK,4
hh_8371,UK,2
hh_8372,UK,1
hh_8373,UK,1
hh_8374,UK,4
hh_8375,UK,4
hh_8376,UK,5
hh_8377,UK,4
hh_8378,UK,2
hh_8379,UK,1
hh_8380,UK,2
hh_8381,UK,5
hh_8382,UK,6
hh_8383,UK,2
hh_8384,UK,2
hh_8385,UK,2
hh_8386,UK,4
hh_8387,UK,1
hh_8388,UK,2
hh_8389,UK,4
hh_8390,UK,3
hh_8391,UK,4
hh_8392,UK,1
hh_8393,UK,2
hh_8394,UK,4
hh_8395,UK,5
hh_8396,UK,1
hh_8397,UK,4
hh_8398,UK,2
hh_8399,UK,3
hh_8400,UK,3
hh_8401,UK,2
hh_8402,UK,4
hh_8403,UK,4
hh_8404,UK,1
hh_8405,UK,4
hh_8406,UK,2
hh_8407,UK,5
hh_8408,UK,4
hh_8409,UK,2
hh_8410,UK,3
hh_8411,UK,4
hh_8412,UK,1
hh_8413,UK,2
hh_8414,UK,3
hh_8415,UK,3
hh_8416,UK,3
hh_8417,UK,1
hh_8418,UK,2
hh_8419,UK,5
hh_8420,UK,4
hh_8421,UK,3
hh_8422,UK,3
hh_8423,UK,1
hh_8424,UK,4
hh_8425,UK,1
hh_8426,UK,4
hh_8427,UK,4
hh_8428,UK,1
hh_8429,UK,4
hh_8430,UK,2
hh_8431,UK,2
hh_8432,UK,2
hh_8433,UK,2
hh_8434,UK,4
hh_8435,UK,2
hh_8436,UK,5
hh_8437,UK,5
hh_8438,UK,2
hh_8439,UK,3
hh_8440,UK,2
hh_8441,UK,4
hh_8442,UK,3
hh_8443,UK,4
hh_8444,UK,2
hh_8445,UK,2
hh_8446,UK,3
hh_8447,UK,4
hh_8448,UK,4
hh_8449,UK,2
hh_8450,UK,5
hh_8451,UK,2
hh_8452,UK,2
hh_8453,UK,3
hh_8454,UK,1
hh_8455,UK,2
hh_8456,UK,2
hh_8457,UK,2
hh_8458,UK,2
hh_8459,UK,5
hh_8460,UK,4
hh_8461,UK,6
hh_8462,UK,2
hh_8463,UK,1
hh_8464,UK,3
hh_8465,UK,2
hh_8466,UK,5
hh_8467,UK,4
hh_8468,UK,3
hh_8469,UK,4
hh_8470,UK,1
hh_8471,UK,4
hh_8472,UK,3
hh_8473,UK,3
hh_8474,UK,3
hh_8475,UK,3
hh_8476,UK,3
hh_8477,UK,1
hh_8478,UK,2
hh_8479,UK,4
hh_8480,UK,2
hh_8481,UK,7
hh_8482,UK,3
hh_8483,UK,1
hh_8484,UK,1
hh_8485,UK,3
hh_8486,UK,1
hh_8487,UK,4
hh_8488,UK,2
hh_8489,UK,1
hh_8490,UK,1
hh_8491,UK,4
hh_8492,UK,3
hh_8493,UK,5
hh_8494,UK,2
hh_8495,UK,2
hh_8496,UK,2
hh_8497,UK,2
hh_8498,UK,2
hh_8499,UK,4
hh_8500,UK,1
hh_8501,UK,1
hh_8502,UK,2
hh_8503,UK,2
hh_8504,UK,2
hh_8505,UK,2
hh_8506,UK,3
hh_8507,UK,1
hh_8508,UK,2
hh_8509,UK,3
hh_8510,UK,3
hh_8511,UK,2
hh_8512,UK,2
hh_8513,UK,1
hh_8514,UK,1
hh_8515,UK,7
hh_8516,UK,2
hh_8517,UK,1
hh_8518,UK,2
hh_8519,UK,2
hh_8520,UK,3
hh_8521,UK,2
hh_8522,UK,2
hh_8523,UK,2
hh_8524,UK,2
hh_8525,UK,1
hh_8526,UK,5
hh_8527,UK,4
hh_8528,UK,4
hh_8529,UK,3
hh_8530,UK,2
hh_8531,UK,1
hh_8532,UK,1
hh_8533,UK,3
hh_8534,UK,2
hh_8535,UK,3
hh_8536,UK,6
hh_8537,UK,2
hh_8538,UK,3
hh_8539,UK,2
hh_8540,UK,2
hh_8541,UK,1
hh_8542,UK,3
hh_8543,UK,1
hh_8544,UK,3
hh_8545,UK,2
hh_8546,UK,3
hh_8547,UK,2
hh_8548,UK,1
hh_8549,UK,1
hh_8550,UK,2
hh_8551,UK,1
hh_8552,UK,1
hh_8553,UK,3
hh_8554,UK,2
hh_8555,UK,3
hh_8556,UK,2
hh_8557,UK,2
hh_8558,UK,2
hh_8559,UK,1
hh_8560,UK,2
hh_8561,UK,3
hh_8562,UK,1
hh_8563,UK,2
hh_8564,UK,2
hh_8565,UK,2
hh_8566,UK,1
hh_8567,UK,2
hh_8568,UK,1
hh_8569,UK,2
hh_8570,UK,3
hh_8571,UK,2
hh_8572,UK,2
hh_8573,UK,2
hh_8574,UK,3
hh_8575,UK,4
hh_8576,UK,2
hh_8577,UK,2
hh_8578,UK,2
hh_8579,UK,2
hh_8580,UK,2
hh_8581,UK,1
hh_8582,UK,1
hh_8583,UK,2
hh_8584,UK,2
hh_8585,UK,3
hh_8586,UK,5
hh_8587,UK,4
hh_8588,UK,2
hh_8589,UK,4
hh_8590,UK,4
hh_8591,UK,4
hh_8592,UK,2
hh_8593,UK,3
hh_8594,UK,3
hh_8595,UK,2
hh_8596,UK,2
hh_8597,UK,3
hh_8598,UK,2
hh_8599,UK,2
hh_8600,UK,5
hh_8601,UK,4
hh_8602,UK,3
hh_8603,UK,2
hh_8604,UK,3
hh_8605,UK,6
hh_8606,UK,1
hh_8607,UK,4
hh_8608,UK,2
hh_8609,UK,4
hh_8610,UK,2
hh_8611,UK,2
hh_8612,UK,3
hh_8613,UK,3
hh_8614,UK,3
hh_8615,UK,4
hh_8616,UK,2
hh_8617,UK,1
hh_8618,UK,2
hh_8619,UK,6
hh_8620,UK,2
hh_8621,UK,1
hh_8622,UK,2
hh_8623,UK,3
hh_8624,UK,3
hh_8625,UK,3
hh_8626,UK,3
hh_8627,UK,2
hh_8628,UK,1
hh_8629,UK,4
hh_8630,UK,3
hh_8631,UK,2
hh_8632,UK,1
hh_8633,UK,3
hh_8634,UK,2
hh_8635,UK,3
hh_8636,UK,5
hh_8637,UK,4
hh_8638,UK,5
hh_8639,UK,1
hh_8640,UK,2
hh_8641,UK,1
hh_8642,UK,4
hh_8643,UK,4
hh_8644,UK,3
hh_8645,UK,4
hh_8646,UK,4
hh_8647,UK,4
hh_8648,UK,2
hh_8649,UK,2
hh_8650,UK,2
hh_8651,UK,5
hh_8652,UK,6
hh_8653,UK,2
hh_8654,UK,2
hh_8655,UK,4
hh_8656,UK,3
hh_8657,UK,2
hh_8658,UK,4
hh_8659,UK,2
hh_8660,UK,5
hh_8661,UK,2
hh_8662,UK,3
hh_8663,UK,3
hh_8664,UK,3
hh_8665,UK,3
hh_8666,UK,3
hh_8667,UK,3
hh_8668,UK,2
hh_8669,UK,1
hh_8670,UK,5
hh_8671,UK,4
hh_8672,UK,2
hh_8673,UK,3
hh_8674,UK,3
hh_8675,UK,4
hh_8676,UK,5
hh_8677,UK,1
hh_8678,UK,4
hh_8679,UK,1
hh_8680,UK,4
hh_8681,UK,2
hh_8682,UK,2
hh_8683,UK,2
hh_8684,UK,3
hh_8685,UK,5
hh_8686,UK,3
hh_8687,UK,4
hh_8688,UK,3
hh_8689,UK,4
hh_8690,UK,1
hh_8691,UK,4
hh_8692,UK,2
hh_8693,UK,1
hh_8694,UK,2
hh_8695,UK,2
hh_8696,UK,1
hh_8697,UK,2
hh_8698,UK,5
hh_8699,UK,2
hh_8700,UK,4
hh_8701,UK,2
hh_8702,UK,2
hh_8703,UK,5
hh_8704,UK,6
hh_8705,UK,2
hh_8706,UK,3
hh_8707,UK,2
hh_8708,UK,4
hh_8709,UK,4
hh_8710,UK,5
hh_8711,UK,4
hh_8712,UK,5
hh_8713,UK,6
hh_8714,UK,3
hh_8715,UK,2
hh_8716,UK,2
hh_8717,UK,4
hh_8718,UK,2
hh_8719,UK,4
hh_8720,UK,3
hh_8721,UK,2
hh_8722,UK,5
hh_8723,UK,3
hh_8724,UK,3
hh_8725,UK,1
hh_8726,UK,6
hh_8727,UK,1
hh_8728,UK,2
hh_8729,UK,1
hh_8730,UK,4
hh_8731,UK,3
hh_8732,UK,4
hh_8733,UK,4
hh_8734,UK,3
hh_8735,UK,7
hh_8736,UK,2
hh_8737,UK,7
hh_8738,UK,1
hh_8739,UK,2
hh_8740,UK,4
hh_8741,UK,4
hh_8742,UK,2
hh_8743,UK,4
hh_8744,UK,1
hh_8745,UK,2
hh_8746,UK,5
hh_8747,UK,2
hh_8748,UK,2
hh_8749,UK,2
hh_8750,UK,2
hh_8751,UK,4
hh_8752,UK,5
hh_8753,UK,3
hh_8754,UK,5
hh_8755,UK,2
hh_8756,UK,5
hh_8757,UK,1
hh_8758,UK,1
hh_8759,UK,2
hh_8760,UK,5
hh_8761,UK,4
hh_8762,UK,3
hh_8763,UK,1
hh_8764,UK,4
hh_8765,UK,1
hh_8766,UK,2
hh_8767,UK,2
hh_8768,UK,2
hh_8769,UK,4
hh_8770,UK,1
hh_8771,UK,3
hh_8772,UK,3
hh_8773,UK,3
hh_8774,UK,2
hh_8775,UK,2
hh_8776,UK,3
hh_8777,UK,2
hh_8778,UK,2
hh_8779,UK,1
hh_8780,UK,2
hh_8781,UK,3
hh_8782,UK,4
hh_8783,UK,2
hh_8784,UK,2
hh_8785,UK,1
hh_8786,UK,1
hh_8787,UK,2
hh_8788,UK,2
hh_8789,UK,3
hh_8790,UK,3
hh_8791,UK,3
hh_8792,UK,2
hh_8793,UK,2
hh_8794,UK,1
hh_8795,UK,3
hh_8796,UK,7
hh_8797,UK,1
hh_8798,UK,1
hh_8799,UK,1
hh_8800,UK,1
hh_8801,UK,2
hh_8802,UK,1
hh_8803,UK,4
hh_8804,UK,2
hh_8805,UK,4
hh_8806,UK,5
hh_8807,UK,5
hh_8808,UK,2
hh_8809,UK,3
hh_8810,UK,3
hh_8811,UK,1
hh_8812,UK,2
hh_8813,UK,4
hh_8814,UK,4
hh_8815,UK,2
hh_8816,UK,1
hh_8817,UK,2
hh_8818,UK,4
hh_8819,UK,1
hh_8820,UK,1
hh_8821,UK,1
hh_8822,UK,2
hh_8823,UK,2
hh_8824,UK,4
hh_8825,UK,3
hh_8826,UK,1
hh_8827,UK,4
hh_8828,UK,4
hh_8829,UK,3
hh_8830,UK,1
hh_8831,UK,1
hh_8832,UK,3
hh_8833,UK,2
hh_8834,UK,4
hh_8835,UK,5
hh_8836,UK,4
hh_8837,UK,1
hh_8838,UK,3
hh_8839,UK,2
hh_8840,UK,5
hh_8841,UK,6
hh_8842,UK,2
hh_8843,UK,3
hh_8844,UK,2
hh_8845,UK,2
hh_8846,UK,2
hh_8847,UK,3
hh_8848,UK,3
hh_8849,UK,1
hh_8850,UK,3
hh_8851,UK,2
hh_8852,UK,3
hh_8853,UK,1
hh_8854,UK,2
hh_8855,UK,5
hh_8856,UK,2
hh_8857,UK,2
hh_8858,UK,2
hh_8859,UK,5
hh_8860,UK,2
hh_8861,UK,5
hh_8862,UK,2
hh_8863,UK,2
hh_8864,UK,2
hh_8865,UK,2
hh_8866,UK,3
hh_8867,UK,2
hh_8868,UK,3
hh_8869,UK,2
hh_8870,UK,1
hh_8871,UK,1
hh_8872,UK,1
hh_8873,UK,1
hh_8874,UK,3
hh_8875,UK,2
hh_8876,UK,2
hh_8877,UK,2
hh_8878,UK,1
hh_8879,UK,2
hh_8880,UK,3
hh_8881,UK,2
hh_8882,UK,2
hh_8883,UK,1
hh_8884,UK,1
hh_8885,UK,1
hh_8886,UK,2
hh_8887,UK,3
hh_8888,UK,1
hh_8889,UK,2
hh_8890,UK,2
hh_8891,UK,2
hh_8892,UK,1
hh_8893,UK,2
hh_8894,UK,3
hh_8895,UK,2
hh_8896,UK,1
hh_8897,UK,1
hh_8898,UK,2
hh_8899,UK,2
hh_8900,UK,2
hh_8901,UK,2
hh_8902,UK,4
hh_8903,UK,3
hh_8904,UK,3
hh_8905,UK,2
hh_8906,UK,5
hh_8907,UK,3
hh_8908,UK,2
hh_8909,UK,3
hh_8910,UK,2
hh_8911,UK,3
hh_8912,UK,5
hh_8913,UK,1
hh_8914,UK,4
hh_8915,UK,3
hh_8916,UK,3
hh_8917,UK,2
hh_8918,UK,1
hh_8919,UK,2
hh_8920,UK,5
hh_8921,UK,3
hh_8922,UK,2
hh_8923,UK,3
hh_8924,UK,2
hh_8925,UK,3
hh_8926,UK,3
hh_8927,UK,4
hh_8928,UK,3
hh_8929,UK,1
hh_8930,UK,4
hh_8931,UK,2
hh_8932,UK,4
hh_8933,UK,4
hh_8934,UK,2
hh_8935,UK,1
hh_8936,UK,4
hh_8937,UK,4
hh_8938,UK,2
hh_8939,UK,4
hh_8940,UK,1
hh_8941,UK,2
hh_8942,UK,3
hh_8943,UK,3
hh_8944,UK,4
hh_8945,UK,4
hh_8946,UK,4
hh_8947,UK,3
hh_8948,UK,2
hh_8949,UK,4
hh_8950,UK,2
hh_8951,UK,4
hh_8952,UK,1
hh_8953,UK,5
hh_8954,UK,6
hh_8955,UK,2
hh_8956,UK,4
hh_8957,UK,4
hh_8958,UK,6
hh_8959,UK,1
hh_8960,UK,3
hh_8961,UK,4
hh_8962,UK,4
hh_8963,UK,5
hh_8964,UK,1
hh_8965,UK,2
hh_8966,UK,2
hh_8967,UK,5
hh_8968,UK,3
hh_8969,UK,1
hh_8970,UK,4
hh_8971,UK,4
hh_8972,UK,1
hh_8973,UK,5
hh_8974,UK,2
hh_8975,UK,1
hh_8976,UK,2
hh_8977,UK,2
hh_8978,UK,3
hh_8979,UK,5
hh_8980,UK,2
hh_8981,UK,4
hh_8982,UK,2
hh_8983,UK,1
hh_8984,UK,3
hh_8985,UK,2
hh_8986,UK,2
hh_8987,UK,4
hh_8988,UK,1
hh_8989,UK,5
hh_8990,UK,1
hh_8991,UK,2
hh_8992,UK,2
hh_8993,UK,3
hh_8994,UK,2
hh_8995,UK,3
hh_8996,UK,2
hh_8997,UK,3
hh_8998,UK,3
hh_8999,UK,4
hh_9000,UK,1
hh_9001,UK,3
hh_9002,UK,3
hh_9003,UK,4
hh_9004,UK,3
hh_9005,UK,3
hh_9006,UK,5
hh_9007,UK,4
hh_9008,UK,3
hh_9009,UK,2
hh_9010,UK,1
hh_9011,UK,3
hh_9012,UK,1
hh_9013,UK,4
hh_9014,UK,2
hh_9015,UK,2
hh_9016,UK,2
hh_9017,UK,2
hh_9018,UK,5
hh_9019,UK,1
hh_9020,UK,2
hh_9021,UK,4
hh_9022,UK,2
hh_9023,UK,5
hh_9024,UK,1
hh_9025,UK,2
hh_9026,UK,4
hh_9027,UK,2
hh_9028,UK,4
hh_9029,UK,2
hh_9030,UK,3
hh_9031,UK,3
hh_9032,UK,5
hh_9033,UK,3
hh_9034,UK,4
hh_9035,UK,2
hh_9036,UK,3
hh_9037,UK,4
hh_9038,UK,4
hh_9039,UK,1
hh_9040,UK,2
hh_9041,UK,2
hh_9042,UK,1
hh_9043,UK,1
hh_9044,UK,1
hh_9045,UK,3
hh_9046,UK,2
hh_9047,UK,3
hh_9048,UK,4
hh_9049,UK,4
hh_9050,UK,4
hh_9051,UK,2
hh_9052,UK,6
hh_9053,UK,4
hh_9054,UK,3
hh_9055,UK,2
hh_9056,UK,5
hh_9057,UK,2
hh_9058,UK,1
hh_9059,UK,4
hh_9060,UK,1
hh_9061,UK,3
hh_9062,UK,3
hh_9063,UK,3
hh_9064,UK,6
hh_9065,UK,2
hh_9066,UK,5
hh_9067,UK,2
hh_9068,UK,1
hh_9069,UK,5
hh_9070,UK,5
hh_9071,UK,4
hh_9072,UK,4
hh_9073,UK,2
hh_9074,UK,2
hh_9075,UK,4
hh_9076,UK,2
hh_9077,UK,3
hh_9078,UK,3
hh_9079,UK,1
hh_9080,UK,5
hh_9081,UK,4
hh_9082,UK,4
hh_9083,UK,2
hh_9084,UK,2
hh_9085,UK,1
hh_9086,UK,2
hh_9087,UK,3
hh_9088,UK,2
hh_9089,UK,4
hh_9090,UK,2
hh_9091,UK,1
hh_9092,UK,4
hh_9093,UK,3
hh_9094,UK,1
hh_9095,UK,1
hh_9096,UK,1
hh_9097,UK,4
hh_9098,UK,4
hh_9099,UK,3
hh_9100,UK,1
hh_9101,UK,3
hh_9102,UK,1
hh_9103,UK,2
hh_9104,UK,1
hh_9105,UK,4
hh_9106,UK,4
hh_9107,UK,5
hh_9108,UK,3
hh_9109,UK,2
hh_9110,UK,4
hh_9111,UK,3
hh_9112,UK,5
hh_9113,UK,6
hh_9114,UK,3
hh_9115,UK,3
hh_9116,UK,4
hh_9117,UK,3
hh_9118,UK,2
hh_9119,UK,6
hh_9120,UK,2
hh_9121,UK,1
hh_9122,UK,1
hh_9123,UK,5
hh_9124,UK,3
hh_9125,UK,5
hh_9126,UK,4
hh_9127,UK,3
hh_9128,UK,4
hh_9129,UK,3
hh_9130,UK,2
hh_9131,UK,2
hh_9132,UK,2
hh_9133,UK,4
hh_9134,UK,2
hh_9135,UK,4
hh_9136,UK,3
hh_9137,UK,3
hh_9138,UK,2
hh_9139,UK,1
hh_9140,UK,5
hh_9141,UK,3
hh_9142,UK,5
hh_9143,UK,2
hh_9144,UK,2
hh_9145,UK,2
hh_9146,UK,2
hh_9147,UK,4
hh_9148,UK,3
hh_9149,UK,2
hh_9150,UK,4
hh_9151,UK,1
hh_9152,UK,5
hh_9153,UK,2
hh_9154,UK,1
hh_9155,UK,3
hh_9156,UK,3
hh_9157,UK,2
hh_9158,UK,5
hh_9159,UK,2
hh_9160,UK,1
hh_9161,UK,2
hh_9162,UK,3
hh_9163,UK,2
hh_9164,UK,4
hh_9165,UK,3
hh_9166,UK,6
hh_9167,UK,1
hh_9168,UK,2
hh_9169,UK,3
hh_9170,UK,6
hh_9171,UK,4
hh_9172,UK,4
hh_9173,UK,2
hh_9174,UK,2
hh_9175,UK,3
hh_9176,UK,3
hh_9177,UK,4
hh_9178,UK,2
hh_9179,UK,2
hh_9180,UK,2
hh_9181,UK,2
hh_9182,UK,2
hh_9183,UK,1
hh_9184,UK,4
hh_9185,UK,4
hh_9186,UK,2
hh_9187,UK,3
hh_9188,UK,1
hh_9189,UK,2
hh_9190,UK,1
hh_9191,UK,4
hh_9192,UK,1
hh_9193,UK,3
hh_9194,UK,3
hh_9195,UK,1
hh_9196,UK,2
hh_9197,UK,4
hh_9198,UK,2
hh_9199,UK,2
hh_9200,UK,2
hh_9201,UK,4
hh_9202,UK,1
hh_9203,UK,3
hh_9204,UK,3
hh_9205,UK,1
hh_9206,UK,1
hh_9207,UK,2
hh_9208,UK,2
hh_9209,UK,3
hh_9210,UK,3
hh_9211,UK,4
hh_9212,UK,4
hh_9213,UK,3
hh_9214,UK,4
hh_9215,UK,4
hh_9216,UK,4
hh_9217,UK,1
hh_9218,UK,2
hh_9219,UK,3
hh_9220,UK,2
hh_9221,UK,2
hh_9222,UK,4
hh_9223,UK,2
hh_9224,UK,2
hh_9225,UK,2
hh_9226,UK,1
hh_9227,UK,2
hh_9228,UK,2
hh_9229,UK,1
hh_9230,UK,3
hh_9231,UK,1
hh_9232,UK,5
hh_9233,UK,4
hh_9234,UK,4
hh_9235,UK,5
hh_9236,UK,6
hh_9237,UK,1
hh_9238,UK,3
hh_9239,UK,5
hh_9240,UK,2
hh_9241,UK,3
hh_9242,UK,2
hh_9243,UK,1
hh_9244,UK,5
hh_9245,UK,3
hh_9246,UK,2
hh_9247,UK,1
hh_9248,UK,3
hh_9249,UK,2
hh_9250,UK,3
hh_9251,UK,3
hh_9252,UK,1
hh_9253,UK,3
hh_9254,UK,2
hh_9255,UK,1
hh_9256,UK,3
hh_9257,UK,2
hh_9258,UK,3
hh_9259,UK,2
hh_9260,UK,1
hh_9261,UK,4
hh_9262,UK,1
hh_9263,UK,1
hh_9264,UK,2
hh_9265,UK,2
hh_9266,UK,4
hh_9267,UK,1
hh_9268,UK,3
hh_9269,UK,3
hh_9270,UK,4
hh_9271,UK,2
hh_9272,UK,2
hh_9273,UK,4
hh_9274,UK,1
hh_9275,UK,3
hh_9276,UK,2
hh_9277,UK,2
hh_9278,UK,1
hh_9279,UK,4
hh_9280,UK,2
hh_9281,UK,3
hh_9282,UK,3
hh_9283,UK,2
hh_9284,UK,6
hh_9285,UK,3
hh_9286,UK,2
hh_9287,UK,4
hh_9288,UK,2
hh_9289,UK,2
hh_9290,UK,2
hh_9291,UK,3
hh_9292,UK,1
hh_9293,UK,4
hh_9294,UK,2
hh_9295,UK,3
hh_9296,UK,1
hh_9297,UK,2
hh_9298,UK,2
hh_9299,UK,3
hh_9300,UK,2
hh_9301,UK,1
hh_9302,UK,3
hh_9303,UK,2
hh_9304,UK,2
hh_9305,UK,2
hh_9306,UK,4
hh_9307,UK,2
hh_9308,UK,4
hh_9309,UK,1
hh_9310,UK,1
hh_9311,UK,2
hh_9312,UK,1
hh_9313,UK,3
hh_9314,UK,5
hh_9315,UK,4
hh_9316,UK,3
hh_9317,UK,4
hh_9318,UK,3
hh_9319,UK,1
hh_9320,UK,3
hh_9321,UK,1
hh_9322,UK,2
hh_9323,UK,4
hh_9324,UK,4
hh_9325,UK,2
hh_9326,UK,2
hh_9327,UK,4
hh_9328,UK,3
hh_9329,UK,2
hh_9330,UK,4
hh_9331,UK,2
hh_9332,UK,2
hh_9333,UK,1
hh_9334,UK,4
hh_9335,UK,5
hh_9336,UK,5
hh_9337,UK,5
hh_9338,UK,4
hh_9339,UK,2
hh_9340,UK,3
hh_9341,UK,1
hh_9342,UK,5
hh_9343,UK,4
hh_9344,UK,2
hh_9345,UK,2
hh_9346,UK,5
hh_9347,UK,1
hh_9348,UK,2
hh_9349,UK,3
hh_9350,UK,3
hh_9351,UK,4
hh_9352,UK,4
hh_9353,UK,2
hh_9354,UK,1
hh_9355,UK,7
hh_9356,UK,3
hh_9357,UK,3
hh_9358,UK,4
hh_9359,UK,1
hh_9360,UK,4
hh_9361,UK,5
hh_9362,UK,1
hh_9363,UK,2
hh_9364,UK,2
hh_9365,UK,4
hh_9366,UK,3
hh_9367,UK,3
hh_9368,UK,2
hh_9369,UK,3
hh_9370,UK,2
hh_9371,UK,3
hh_9372,UK,1
hh_9373,UK,3
hh_9374,UK,2
hh_9375,UK,3
hh_9376,UK,1
hh_9377,UK,1
hh_9378,UK,2
hh_9379,UK,2
hh_9380,UK,5
hh_9381,UK,1
hh_9382,UK,1
hh_9383,UK,3
hh_9384,UK,4
hh_9385,UK,2
hh_9386,UK,2
hh_9387,UK,1
hh_9388,UK,2
hh_9389,UK,4
hh_9390,UK,2
hh_9391,UK,2
hh_9392,UK,2
hh_9393,UK,1
hh_9394,UK,4
hh_9395,UK,3
hh_9396,UK,3
hh_9397,UK,2
hh_9398,UK,3
hh_9399,UK,2
hh_9400,UK,3
hh_9401,UK,2
hh_9402,UK,2
hh_9403,UK,3
hh_9404,UK,4
hh_9405,UK,1
hh_9406,UK,3
hh_9407,UK,3
hh_9408,UK,4
hh_9409,UK,1
hh_9410,UK,3
hh_9411,UK,3
hh_9412,UK,1
hh_9413,UK,3
hh_9414,UK,1
hh_9415,UK,2
hh_9416,UK,3
hh_9417,UK,4
hh_9418,UK,5
hh_9419,UK,3
hh_9420,UK,2
hh_9421,UK,3
hh_9422,UK,2
hh_9423,UK,1
hh_9424,UK,2
hh_9425,UK,1
hh_9426,UK,1
hh_9427,UK,3
hh_9428,UK,3
hh_9429,UK,1
hh_9430,UK,3
hh_9431,UK,4
hh_9432,UK,3
hh_9433,UK,4
hh_9434,UK,2
hh_9435,UK,1
hh_9436,UK,3
hh_9437,UK,2
hh_9438,UK,4
hh_9439,UK,1
hh_9440,UK,2
hh_9441,UK,2
hh_9442,UK,3
hh_9443,UK,2
hh_9444,UK,1
hh_9445,UK,2
hh_9446,UK,4
hh_9447,UK,1
hh_9448,UK,4
hh_9449,UK,2
hh_9450,UK,5
hh_9451,UK,1
hh_9452,UK,3
hh_9453,UK,8+
hh_9454,UK,1
hh_9455,UK,2
hh_9456,UK,4
hh_9457,UK,4
hh_9458,UK,2
hh_9459,UK,2
hh_9460,UK,1
hh_9461,UK,1
hh_9462,UK,4
hh_9463,UK,1
hh_9464,UK,1
hh_9465,UK,5
hh_9466,UK,1
hh_9467,UK,4
hh_9468,UK,2
hh_9469,UK,1
hh_9470,UK,4
hh_9471,UK,3
hh_9472,UK,3
hh_9473,UK,2
hh_9474,UK,4
hh_9475,UK,3
hh_9476,UK,3
hh_9477,UK,2
hh_9478,UK,4
hh_9479,UK,3
hh_9480,UK,4
hh_9481,UK,2
hh_9482,UK,1
hh_9483,UK,3
hh_9484,UK,4
hh_9485,UK,4
hh_9486,UK,4
hh_9487,UK,2
hh_9488,UK,3
hh_9489,UK,4
hh_9490,UK,2
hh_9491,UK,5
hh_9492,UK,2
hh_9493,UK,1
hh_9494,UK,3
hh_9495,UK,5
hh_9496,UK,4
hh_9497,UK,4
hh_9498,UK,3
hh_9499,UK,2
hh_9500,UK,4
hh_9501,UK,1
hh_9502,UK,7
hh_9503,UK,2
hh_9504,UK,4
hh_9505,UK,1
hh_9506,UK,2
hh_9507,UK,3
hh_9508,UK,2
hh_9509,UK,5
hh_9510,UK,4
hh_9511,UK,3
hh_9512,UK,2
hh_9513,UK,5
hh_9514,UK,1
hh_9515,UK,2
hh_9516,UK,2
hh_9517,UK,3
hh_9518,UK,3
hh_9519,UK,4
hh_9520,UK,4
hh_9521,UK,4
hh_9522,UK,2
hh_9523,UK,3
hh_9524,UK,2
hh_9525,UK,2
hh_9526,UK,4
hh_9527,UK,4
hh_9528,UK,3
hh_9529,UK,1
hh_9530,UK,3
hh_9531,UK,2
hh_9532,UK,1
hh_9533,UK,2
hh_9534,UK,2
hh_9535,UK,2
hh_9536,UK,1
hh_9537,UK,1
hh_9538,UK,2
hh_9539,UK,2
hh_9540,UK,3
hh_9541,UK,2
hh_9542,UK,1
hh_9543,UK,1
hh_9544,UK,4
hh_9545,UK,2
hh_9546,UK,1
hh_9547,UK,5
hh_9548,UK,5
hh_9549,UK,2
hh_9550,UK,4
hh_9551,UK,2
hh_9552,UK,4
hh_9553,UK,2
hh_9554,UK,1
hh_9555,UK,2
hh_9556,UK,2
hh_9557,UK,3
hh_9558,UK,2
hh_9559,UK,3
hh_9560,UK,1
hh_9561,UK,3
hh_9562,UK,1
hh_9563,UK,3
hh_9564,UK,2
hh_9565,UK,3
hh_9566,UK,3
hh_9567,UK,2
hh_9568,UK,3
hh_9569,UK,2
hh_9570,UK,1
hh_9571,UK,2
hh_9572,UK,2
hh_9573,UK,3
hh_9574,UK,3
hh_9575,UK,2
hh_9576,UK,2
hh_9577,UK,5
hh_9578,UK,3
hh_9579,UK,1
hh_9580,UK,4
hh_9581,UK,4
hh_9582,UK,3
hh_9583,UK,1
hh_9584,UK,1
hh_9585,UK,4
hh_9586,UK,2
hh_9587,UK,5
hh_9588,UK,2
hh_9589,UK,5
hh_9590,UK,2
hh_9591,UK,1
hh_9592,UK,2
hh_9593,UK,4
hh_9594,UK,2
hh_9595,UK,4
hh_9596,UK,2
hh_9597,UK,4
hh_9598,UK,1
hh_9599,UK,2
hh_9600,UK,3
hh_9601,UK,1
hh_9602,UK,5
hh_9603,UK,2
hh_9604,UK,4
hh_9605,UK,3
hh_9606,UK,1
hh_9607,UK,6
hh_9608,UK,3
hh_9609,UK,1
hh_9610,UK,4
hh_9611,UK,1
hh_9612,UK,2
hh_9613,UK,2
hh_9614,UK,2
hh_9615,UK,3
hh_9616,UK,1
hh_9617,UK,1
hh_9618,UK,2
hh_9619,UK,4
hh_9620,UK,3
hh_9621,UK,1
hh_9622,UK,1
hh_9623,UK,1
hh_9624,UK,3
hh_9625,UK,1
hh_9626,UK,1
hh_9627,UK,1
hh_9628,UK,1
hh_9629,UK,2
hh_9630,UK,2
hh_9631,UK,2
hh_9632,UK,5
hh_9633,UK,4
hh_9634,UK,2
hh_9635,UK,1
hh_9636,UK,1
hh_9637,UK,3
hh_9638,UK,5
hh_9639,UK,3
hh_9640,UK,2
hh_9641,UK,1
hh_9642,UK,2
hh_9643,UK,2
hh_9644,UK,2
hh_9645,UK,2
hh_9646,UK,2
hh_9647,UK,4
hh_9648,UK,2
hh_9649,UK,4
hh_9650,UK,2
hh_9651,UK,1
hh_9652,UK,3
hh_9653,UK,1
hh_9654,UK,1
hh_9655,UK,2
hh_9656,UK,2
hh_9657,UK,3
hh_9658,UK,1
hh_9659,UK,1
hh_9660,UK,2
hh_9661,UK,2
hh_9662,UK,3
hh_9663,UK,1
hh_9664,UK,2
hh_9665,UK,2
hh_9666,UK,1
hh_9667,UK,2
hh_9668,UK,1
hh_9669,UK,2
hh_9670,UK,2
hh_9671,UK,2
hh_9672,UK,2
hh_9673,UK,4
hh_9674,UK,1
hh_9675,UK,2
hh_1,UK,2
hh_2,UK,2
hh_3,UK,5
hh_4,UK,4
hh_5,UK,1
hh_6,UK,3
hh_7,UK,2
hh_8,UK,3
hh_9,UK,3
hh_11,UK,6
hh_12,UK,1
hh_13,UK,1
hh_14,UK,3
hh_15,UK,3
hh_16,UK,2
hh_17,UK,3
hh_18,UK,1
hh_19,UK,1
hh_20,UK,1
hh_22,UK,3
hh_23,UK,3
hh_24,UK,5
hh_25,UK,2
hh_26,UK,2
hh_27,UK,5
hh_28,UK,2
hh_29,UK,2
hh_30,UK,2
hh_31,UK,3
hh_33,UK,4
hh_34,UK,2
hh_35,UK,4
hh_36,UK,4
hh_37,UK,4
hh_38,UK,3
hh_39,UK,2
hh_40,UK,2
hh_41,UK,3
hh_42,UK,4
hh_44,UK,2
hh_45,UK,4
hh_46,UK,3
hh_47,UK,1
hh_48,UK,3
hh_49,UK,4
hh_50,UK,3
hh_51,UK,1
hh_52,UK,2
hh_53,UK,5
hh_55,UK,4
hh_56,UK,2
hh_57,UK,2
hh_58,UK,3
hh_59,UK,2
hh_60,UK,2
hh_61,UK,2
hh_62,UK,5
hh_63,UK,1
hh_64,UK,3
hh_66,UK,2
hh_67,UK,3
hh_68,UK,4
hh_69,UK,4
hh_70,UK,1
hh_71,UK,3
hh_72,UK,4
hh_73,UK,2
hh_74,UK,6
hh_75,UK,4
hh_77,UK,3
hh_78,UK,2
hh_79,UK,3
hh_80,UK,2
hh_81,UK,4
hh_82,UK,4
hh_83,UK,4
hh_84,UK,1
hh_85,UK,1
hh_86,UK,5
hh_88,UK,1
hh_89,UK,4
hh_90,UK,3
hh_91,UK,2
hh_92,UK,2
hh_93,UK,3
hh_94,UK,4
hh_95,UK,3
hh_96,UK,4
hh_97,UK,2
hh_99,UK,2
hh_100,UK,2
hh_101,UK,5
hh_102,UK,1
hh_103,UK,4
hh_104,UK,7
hh_105,UK,1
hh_106,UK,1
hh_107,UK,3
hh_108,UK,1
hh_110,UK,2
hh_111,UK,2
hh_112,UK,4
hh_113,UK,4
hh_114,UK,3
hh_115,UK,2
hh_116,UK,4
hh_117,UK,2
hh_118,UK,2
hh_119,UK,1
hh_121,UK,6
hh_122,UK,5
hh_123,UK,2
hh_124,UK,5
hh_125,UK,2
hh_126,UK,2
hh_127,UK,2
hh_128,UK,4
hh_129,UK,1
hh_130,UK,1
hh_132,UK,2
hh_133,UK,3
hh_134,UK,2
hh_135,UK,2
hh_136,UK,2
hh_137,UK,2
hh_138,UK,3
hh_139,UK,2
hh_140,UK,1
hh_141,UK,6
hh_143,UK,2
hh_144,UK,4
hh_145,UK,1
hh_146,UK,3
hh_147,UK,1
hh_148,UK,4
hh_149,UK,6
hh_150,UK,2
hh_151,UK,1
hh_152,UK,3
hh_154,UK,2
hh_155,UK,3
hh_156,UK,2
hh_157,UK,3
hh_158,UK,2
hh_159,UK,4
hh_160,UK,3
hh_161,UK,6
hh_162,UK,4
hh_163,UK,3
hh_165,UK,2
hh_166,UK,4
hh_167,UK,1
hh_168,UK,4
hh_169,UK,1
hh_170,UK,2
hh_171,UK,2
hh_172,UK,7
hh_173,UK,1
hh_174,UK,3
hh_176,UK,4
hh_177,UK,1
hh_178,UK,4
hh_179,UK,2
hh_180,UK,3
hh_181,UK,2
hh_182,UK,4
hh_183,UK,1
hh_184,UK,5
hh_185,UK,2
hh_187,UK,4
hh_188,UK,4
hh_189,UK,4
hh_190,UK,2
hh_191,UK,1
hh_192,UK,4
hh_193,UK,3
hh_194,UK,4
hh_195,UK,1
hh_196,UK,2
hh_198,UK,1
hh_199,UK,3
hh_200,UK,5
hh_201,UK,2
hh_202,UK,3
hh_203,UK,4
hh_204,UK,4
hh_205,UK,2
hh_206,UK,2
hh_207,UK,1
hh_209,UK,4
hh_210,UK,4
hh_211,UK,1
hh_212,UK,4
hh_213,UK,5
hh_214,UK,3
hh_215,UK,2
hh_216,UK,5
hh_217,UK,1
hh_218,UK,2
hh_220,UK,3
hh_221,UK,2
hh_222,UK,2
hh_223,UK,1
hh_224,UK,2
hh_225,UK,1
hh_226,UK,2
hh_227,UK,2
hh_228,UK,3
hh_229,UK,4
hh_231,UK,2
hh_232,UK,1
hh_233,UK,6
hh_234,UK,1
hh_235,UK,1
hh_236,UK,3
hh_237,UK,3
hh_238,UK,2
hh_239,UK,3
hh_240,UK,5
hh_242,UK,2
hh_243,UK,4
hh_244,UK,6
hh_245,UK,3
hh_246,UK,4
hh_247,UK,2
hh_248,UK,1
hh_249,UK,2
hh_250,UK,1
hh_251,UK,5
hh_253,UK,3
hh_254,UK,3
hh_255,UK,4
hh_256,UK,3
hh_257,UK,2
hh_258,UK,5
hh_259,UK,3
hh_260,UK,2
hh_261,UK,4
hh_262,UK,2
hh_264,UK,3
hh_265,UK,6
hh_266,UK,1
hh_267,UK,2
hh_268,UK,1
hh_269,UK,4
hh_270,UK,4
hh_271,UK,2
hh_272,UK,5
hh_273,UK,2
hh_275,UK,3
hh_276,UK,3
hh_277,UK,8+
hh_278,UK,4
hh_279,UK,3
hh_280,UK,3
hh_281,UK,2
hh_282,UK,1
hh_283,UK,2
hh_284,UK,2
hh_286,UK,2
hh_287,UK,2
hh_288,UK,4
hh_289,UK,2
hh_290,UK,2
hh_291,UK,3
hh_292,UK,2
hh_293,UK,3
hh_294,UK,2
hh_295,UK,1
hh_297,UK,3
hh_298,UK,2
hh_299,UK,3
hh_300,UK,2
hh_301,UK,3
hh_302,UK,2
hh_303,UK,1
hh_304,UK,1
hh_305,UK,1
hh_306,UK,1
hh_308,UK,2
hh_309,UK,2
hh_310,UK,3
hh_311,UK,1
hh_312,UK,3
hh_313,UK,2
hh_314,UK,2
hh_315,UK,2
hh_316,UK,2
hh_317,UK,2
hh_319,UK,5
hh_391,UK,2
hh_392,UK,2
hh_393,UK,4
hh_394,UK,3
hh_395,UK,3
hh_396,UK,1
hh_397,UK,3
hh_398,UK,2
hh_399,UK,3
hh_401,UK,6
hh_402,UK,5
hh_403,UK,3
hh_404,UK,2
hh_405,UK,4
hh_406,UK,2
hh_407,UK,1
hh_408,UK,1
hh_409,UK,4
hh_410,UK,2
hh_412,UK,3
hh_413,UK,4
hh_414,UK,3
hh_415,UK,3
hh_416,UK,2
hh_417,UK,4
hh_418,UK,3
hh_419,UK,3
hh_420,UK,3
hh_421,UK,1
hh_423,UK,1
hh_424,UK,2
hh_425,UK,1
hh_426,UK,4
hh_427,UK,4
hh_428,UK,2
hh_429,UK,3
hh_430,UK,2
hh_431,UK,2
hh_432,UK,2
hh_434,UK,2
hh_435,UK,2
hh_436,UK,4
hh_437,UK,2
hh_438,UK,1
hh_439,UK,4
hh_440,UK,4
hh_441,UK,2
hh_442,UK,4
hh_443,UK,1
hh_445,UK,4
hh_446,UK,3
hh_447,UK,3
hh_448,UK,2
hh_449,UK,1
hh_450,UK,6
hh_451,UK,4
hh_452,UK,4
hh_453,UK,3
hh_454,UK,2
hh_456,UK,2
hh_457,UK,2
hh_458,UK,5
hh_459,UK,2
hh_460,UK,2
hh_461,UK,1
hh_462,UK,3
hh_463,UK,2
hh_464,UK,5
hh_465,UK,1
hh_467,UK,NA
hh_468,UK,3
hh_469,UK,3
hh_470,UK,2
hh_471,UK,5
hh_472,UK,2
hh_473,UK,3
hh_474,UK,1
hh_475,UK,1
hh_476,UK,2
hh_478,UK,5
hh_479,UK,5
hh_480,UK,1
hh_481,UK,3
hh_482,UK,2
hh_483,UK,3
hh_484,UK,2
hh_485,UK,5
hh_486,UK,2
hh_487,UK,3
hh_489,UK,5
hh_490,UK,3
hh_491,UK,2
hh_492,UK,2
hh_493,UK,2
hh_494,UK,4
hh_495,UK,1
hh_496,UK,4
hh_497,UK,2
hh_498,UK,4
hh_500,UK,2
hh_501,UK,3
hh_502,UK,2
hh_503,UK,1
hh_504,UK,3
hh_505,UK,4
hh_506,UK,2
hh_507,UK,3
hh_508,UK,1
hh_509,UK,1
hh_511,UK,3
hh_512,UK,3
hh_513,UK,5
hh_514,UK,2
hh_515,UK,1
hh_516,UK,2
hh_517,UK,5
hh_518,UK,4
hh_519,UK,2
hh_520,UK,3
hh_522,UK,3
hh_523,UK,5
hh_524,UK,3
hh_525,UK,2
hh_526,UK,3
hh_527,UK,2
hh_528,UK,4
hh_529,UK,1
hh_530,UK,5
hh_531,UK,4
hh_533,UK,2
hh_534,UK,1
hh_535,UK,1
hh_536,UK,5
hh_537,UK,4
hh_538,UK,1
hh_539,UK,3
hh_540,UK,2
hh_541,UK,4
hh_542,UK,1
hh_544,UK,2
hh_545,UK,3
hh_546,UK,3
hh_547,UK,2
hh_548,UK,4
hh_549,UK,4
hh_550,UK,3
hh_551,UK,2
hh_552,UK,4
hh_553,UK,4
hh_555,UK,4
hh_556,UK,4
hh_557,UK,2
hh_558,UK,1
hh_559,UK,3
hh_560,UK,2
hh_561,UK,1
hh_562,UK,3
hh_563,UK,3
hh_564,UK,4
hh_566,UK,4
hh_567,UK,4
hh_568,UK,3
hh_569,UK,1
hh_570,UK,3
hh_571,UK,5
hh_572,UK,4
hh_573,UK,4
hh_574,UK,3
hh_575,UK,4
hh_577,UK,2
hh_578,UK,3
hh_579,UK,1
hh_580,UK,2
hh_581,UK,3
hh_582,UK,4
hh_583,UK,3
hh_584,UK,6
hh_585,UK,4
hh_586,UK,4
hh_588,UK,2
hh_589,UK,1
hh_590,UK,3
hh_591,UK,2
hh_592,UK,2
hh_593,UK,2
hh_594,UK,1
hh_595,UK,3
hh_596,UK,3
hh_597,UK,6
hh_599,UK,1
hh_600,UK,3
hh_601,UK,5
hh_602,UK,2
hh_603,UK,5
hh_604,UK,4
hh_605,UK,1
hh_606,UK,4
hh_607,UK,3
hh_608,UK,3
hh_610,UK,2
hh_611,UK,1
hh_612,UK,1
hh_613,UK,1
hh_614,UK,3
hh_615,UK,2
hh_616,UK,4
hh_617,UK,5
hh_618,UK,4
hh_619,UK,2
hh_621,UK,2
hh_622,UK,1
hh_623,UK,1
hh_624,UK,2
hh_625,UK,5
hh_626,UK,4
hh_627,UK,2
hh_628,UK,5
hh_629,UK,2
hh_630,UK,2
hh_632,UK,3
hh_633,UK,5
hh_634,UK,4
hh_635,UK,7
hh_636,UK,6
hh_637,UK,3
hh_638,UK,2
hh_639,UK,4
hh_640,UK,1
hh_641,UK,4
hh_643,UK,5
hh_644,UK,2
hh_645,UK,4
hh_646,UK,4
hh_647,UK,3
hh_648,UK,3
hh_649,UK,5
hh_650,UK,3
hh_651,UK,5
hh_652,UK,2
hh_654,UK,4
hh_655,UK,1
hh_656,UK,3
hh_657,UK,2
hh_658,UK,1
hh_659,UK,3
hh_660,UK,2
hh_661,UK,1
hh_662,UK,2
hh_663,UK,2
hh_665,UK,4
hh_666,UK,4
hh_667,UK,2
hh_668,UK,4
hh_669,UK,1
hh_670,UK,4
hh_671,UK,2
hh_672,UK,3
hh_673,UK,1
hh_674,UK,2
hh_676,UK,2
hh_677,UK,3
hh_678,UK,2
hh_679,UK,2
hh_680,UK,3
hh_681,UK,4
hh_682,UK,5
hh_683,UK,2
hh_684,UK,4
hh_685,UK,4
hh_687,UK,3
hh_688,UK,1
hh_689,UK,4
hh_690,UK,3
hh_691,UK,3
hh_692,UK,1
hh_693,UK,4
hh_694,UK,3
hh_695,UK,5
hh_696,UK,2
hh_698,UK,3
hh_699,UK,2
hh_700,UK,1
hh_701,UK,4
hh_702,UK,3
hh_703,UK,1
hh_704,UK,3
hh_705,UK,5
hh_706,UK,2
hh_707,UK,1
hh_709,UK,2
hh_710,UK,5
hh_711,UK,2
hh_712,UK,4
hh_713,UK,1
hh_714,UK,2
hh_715,UK,1
hh_716,UK,5
hh_717,UK,3
hh_718,UK,4
hh_720,UK,3
hh_721,UK,2
hh_722,UK,2
hh_723,UK,3
hh_724,UK,2
hh_725,UK,3
hh_726,UK,3
hh_727,UK,3
hh_728,UK,2
hh_729,UK,1
hh_731,UK,5
hh_732,UK,2
hh_733,UK,3
hh_734,UK,3
hh_735,UK,3
hh_736,UK,1
hh_737,UK,3
hh_738,UK,2
hh_739,UK,2
hh_740,UK,4
hh_742,UK,3
hh_743,UK,2
hh_744,UK,1
hh_745,UK,3
hh_746,UK,2
hh_747,UK,4
hh_748,UK,2
hh_749,UK,1
hh_750,UK,2
hh_751,UK,4
hh_753,UK,2
hh_754,UK,4
hh_755,UK,2
hh_756,UK,5
hh_757,UK,3
hh_758,UK,3
hh_759,UK,4
hh_760,UK,3
hh_761,UK,1
hh_762,UK,2
hh_764,UK,3
hh_765,UK,2
hh_766,UK,1
hh_767,UK,2
hh_768,UK,2
hh_769,UK,2
hh_770,UK,2
hh_771,UK,2
hh_772,UK,2
hh_773,UK,1
hh_775,UK,3
hh_776,UK,1
hh_777,UK,3
hh_778,UK,1
hh_779,UK,3
hh_780,UK,2
hh_781,UK,2
hh_782,UK,1
hh_783,UK,1
hh_784,UK,3
hh_786,UK,2
hh_787,UK,2
hh_788,UK,1
hh_789,UK,1
hh_790,UK,2
hh_791,UK,2
hh_792,UK,1
hh_793,UK,2
hh_794,UK,2
hh_795,UK,2
hh_797,UK,5
hh_798,UK,1
hh_799,UK,2
hh_800,UK,2
hh_801,UK,1
hh_802,UK,2
hh_803,UK,2
hh_804,UK,4
hh_805,UK,1
hh_869,UK,1
hh_870,UK,3
hh_871,UK,2
hh_872,UK,1
hh_873,UK,5
hh_874,UK,4
hh_875,UK,2
hh_876,UK,4
hh_877,UK,2
hh_879,UK,4
hh_880,UK,4
hh_881,UK,1
hh_882,UK,2
hh_883,UK,1
hh_884,UK,2
hh_885,UK,5
hh_886,UK,1
hh_887,UK,3
hh_888,UK,4
hh_890,UK,2
hh_891,UK,2
hh_892,UK,1
hh_893,UK,2
hh_894,UK,5
hh_895,UK,2
hh_896,UK,4
hh_897,UK,3
hh_898,UK,2
hh_899,UK,4
hh_901,UK,3
hh_902,UK,3
hh_903,UK,2
hh_904,UK,2
hh_905,UK,2
hh_906,UK,4
hh_907,UK,3
hh_908,UK,4
hh_909,UK,1
hh_910,UK,4
hh_912,UK,1
hh_913,UK,2
hh_914,UK,4
hh_915,UK,7
hh_916,UK,2
hh_917,UK,2
hh_918,UK,1
hh_919,UK,4
hh_920,UK,5
hh_921,UK,2
hh_923,UK,3
hh_924,UK,4
hh_925,UK,3
hh_926,UK,2
hh_927,UK,2
hh_928,UK,1
hh_929,UK,4
hh_930,UK,3
hh_931,UK,1
hh_932,UK,2
hh_934,UK,4
hh_935,UK,3
hh_936,UK,4
hh_937,UK,1
hh_938,UK,3
hh_939,UK,1
hh_940,UK,4
hh_941,UK,1
hh_942,UK,4
hh_943,UK,2
hh_945,UK,3
hh_946,UK,1
hh_947,UK,5
hh_948,UK,1
hh_949,UK,3
hh_950,UK,2
hh_951,UK,2
hh_952,UK,4
hh_953,UK,4
hh_954,UK,1
hh_956,UK,5
hh_957,UK,3
hh_958,UK,5
hh_959,UK,2
hh_960,UK,3
hh_961,UK,3
hh_962,UK,4
hh_963,UK,3
hh_964,UK,4
hh_965,UK,1
hh_967,UK,2
hh_968,UK,2
hh_969,UK,3
hh_970,UK,3
hh_971,UK,2
hh_972,UK,2
hh_973,UK,3
hh_974,UK,7
hh_975,UK,2
hh_976,UK,3
hh_978,UK,2
hh_979,UK,2
hh_980,UK,2
hh_981,UK,5
hh_982,UK,2
hh_983,UK,4
hh_984,UK,5
hh_985,UK,3
hh_986,UK,4
hh_987,UK,3
hh_989,UK,2
hh_990,UK,3
hh_991,UK,4
hh_992,UK,4
hh_993,UK,2
hh_994,UK,3
hh_995,UK,4
hh_996,UK,3
hh_997,UK,1
hh_998,UK,7
hh_1000,UK,4
hh_1001,UK,4
hh_1002,UK,2
hh_1003,UK,2
hh_1004,UK,2
hh_1005,UK,2
hh_1006,UK,3
hh_1007,UK,7
hh_1008,UK,2
hh_1009,UK,1
hh_1011,UK,3
hh_1012,UK,4
hh_1013,UK,2
hh_1014,UK,1
hh_1015,UK,4
hh_1016,UK,2
hh_1017,UK,3
hh_1018,UK,1
hh_1019,UK,1
hh_1020,UK,6
hh_1022,UK,2
hh_1023,UK,5
hh_1024,UK,2
hh_1025,UK,2
hh_1026,UK,4
hh_1027,UK,5
hh_1028,UK,4
hh_1029,UK,6
hh_1030,UK,4
hh_1031,UK,1
hh_1033,UK,3
hh_1034,UK,7
hh_1035,UK,3
hh_1036,UK,3
hh_1037,UK,4
hh_1038,UK,2
hh_1039,UK,1
hh_1040,UK,2
hh_1041,UK,4
hh_1042,UK,3
hh_1044,UK,2
hh_1045,UK,3
hh_1046,UK,2
hh_1047,UK,2
hh_1048,UK,4
hh_1049,UK,4
hh_1050,UK,2
hh_1051,UK,4
hh_1052,UK,3
hh_1053,UK,1
hh_1055,UK,3
hh_1056,UK,3
hh_1057,UK,3
hh_1058,UK,4
hh_1059,UK,2
hh_1060,UK,2
hh_1061,UK,3
hh_1062,UK,1
hh_1063,UK,3
hh_1064,UK,3
hh_1066,UK,4
hh_1067,UK,1
hh_1068,UK,4
hh_1069,UK,2
hh_1070,UK,1
hh_1071,UK,4
hh_1072,UK,3
hh_1073,UK,3
hh_1074,UK,2
hh_1075,UK,4
hh_1077,UK,1
hh_1078,UK,4
hh_1079,UK,1
hh_1080,UK,2
hh_1081,UK,3
hh_1082,UK,5
hh_1083,UK,6
hh_1084,UK,1
hh_1085,UK,3
hh_1086,UK,2
hh_1088,UK,2
hh_1089,UK,2
hh_1090,UK,4
hh_1091,UK,1
hh_1092,UK,2
hh_1093,UK,2
hh_1094,UK,4
hh_1095,UK,3
hh_1096,UK,6
hh_1097,UK,3
hh_1099,UK,4
hh_1100,UK,3
hh_1101,UK,3
hh_1102,UK,4
hh_1103,UK,2
hh_1104,UK,4
hh_1105,UK,1
hh_1106,UK,4
hh_1107,UK,2
hh_1108,UK,2
hh_1110,UK,4
hh_1111,UK,1
hh_1112,UK,4
hh_1113,UK,2
hh_1114,UK,3
hh_1115,UK,3
hh_1116,UK,1
hh_1117,UK,1
hh_1118,UK,5
hh_1119,UK,1
hh_1121,UK,2
hh_1122,UK,2
hh_1123,UK,1
hh_1124,UK,2
hh_1125,UK,2
hh_1126,UK,4
hh_1127,UK,1
hh_1128,UK,4
hh_1129,UK,4
hh_1130,UK,5
hh_1132,UK,2
hh_1133,UK,2
hh_1134,UK,4
hh_1135,UK,1
hh_1136,UK,2
hh_1137,UK,8+
hh_1138,UK,2
hh_1139,UK,3
hh_1140,UK,2
hh_1141,UK,1
hh_1143,UK,1
hh_1144,UK,6
hh_1145,UK,2
hh_1146,UK,2
hh_1147,UK,2
hh_1148,UK,4
hh_1149,UK,4
hh_1150,UK,4
hh_1151,UK,4
hh_1152,UK,5
hh_1154,UK,4
hh_1155,UK,4
hh_1156,UK,2
hh_1157,UK,3
hh_1158,UK,2
hh_1159,UK,2
hh_1160,UK,2
hh_1161,UK,3
hh_1162,UK,3
hh_1163,UK,1
hh_1165,UK,2
hh_1166,UK,3
hh_1167,UK,4
hh_1168,UK,1
hh_1169,UK,4
hh_1170,UK,3
hh_1171,UK,3
hh_1172,UK,4
hh_1173,UK,1
hh_1174,UK,2
hh_1176,UK,1
hh_1177,UK,5
hh_1178,UK,1
hh_1179,UK,2
hh_1180,UK,4
hh_1181,UK,4
hh_1182,UK,3
hh_1183,UK,5
hh_1184,UK,3
hh_1185,UK,2
hh_1187,UK,1
hh_1188,UK,2
hh_1189,UK,5
hh_1190,UK,4
hh_1191,UK,3
hh_1192,UK,3
hh_1193,UK,4
hh_1194,UK,2
hh_1195,UK,4
hh_1196,UK,4
hh_1198,UK,3
hh_1199,UK,3
hh_1200,UK,2
hh_1201,UK,4
hh_1202,UK,3
hh_1203,UK,4
hh_1204,UK,2
hh_1205,UK,2
hh_1206,UK,3
hh_1207,UK,2
hh_1209,UK,5
hh_1210,UK,4
hh_1211,UK,2
hh_1212,UK,2
hh_1213,UK,1
hh_1214,UK,4
hh_1215,UK,5
hh_1216,UK,3
hh_1217,UK,2
hh_1218,UK,2
hh_1220,UK,2
hh_1221,UK,2
hh_1222,UK,2
hh_1223,UK,3
hh_1224,UK,4
hh_1225,UK,1
hh_1226,UK,2
hh_1227,UK,3
hh_1228,UK,2
hh_1229,UK,1
hh_1231,UK,4
hh_1232,UK,2
hh_1233,UK,2
hh_1234,UK,3
hh_1235,UK,1
hh_1236,UK,3
hh_1237,UK,4
hh_1238,UK,4
hh_1239,UK,4
hh_1240,UK,2
hh_1242,UK,5
hh_1243,UK,3
hh_1244,UK,4
hh_1245,UK,5
hh_1246,UK,2
hh_1247,UK,2
hh_1248,UK,2
hh_1249,UK,1
hh_1250,UK,1
hh_1251,UK,2
hh_1253,UK,2
hh_1254,UK,5
hh_1255,UK,2
hh_1256,UK,1
hh_1257,UK,3
hh_1258,UK,2
hh_1259,UK,1
hh_1260,UK,3
hh_1261,UK,3
hh_1262,UK,2
hh_1264,UK,3
hh_1265,UK,3
hh_1266,UK,4
hh_1267,UK,3
hh_1268,UK,2
hh_1269,UK,2
hh_1270,UK,2
hh_1271,UK,3
hh_1272,UK,2
hh_1273,UK,2
hh_1275,UK,2
hh_1276,UK,4
hh_1277,UK,2
hh_1278,UK,5
hh_1279,UK,3
hh_1280,UK,2
hh_1281,UK,1
hh_1282,UK,2
hh_1283,UK,3
hh_1284,UK,2
hh_1286,UK,2
hh_1287,UK,2
hh_1288,UK,1
hh_1289,UK,3
hh_1290,UK,5
hh_1291,UK,3
hh_1292,UK,1
hh_1293,UK,2
hh_1294,UK,1
hh_1295,UK,2
hh_1297,UK,4
hh_1298,UK,1
hh_1299,UK,2
hh_1300,UK,2
hh_1301,UK,3
hh_1302,UK,4
hh_1303,UK,1
hh_1304,UK,1
hh_1305,UK,2
hh_1306,UK,2
hh_1308,UK,4
hh_1309,UK,3
hh_1310,UK,5
hh_1311,UK,2
hh_1312,UK,1
hh_1313,UK,1
hh_1314,UK,2
hh_1315,UK,4
hh_1316,UK,1
hh_1317,UK,1
hh_1319,UK,2
hh_1320,UK,1
hh_1321,UK,2
hh_1322,UK,2
hh_1323,UK,3
hh_1324,UK,4
hh_1325,UK,2
hh_1326,UK,2
hh_1327,UK,2
hh_1328,UK,3
hh_1330,UK,2
hh_1331,UK,1
hh_1332,UK,3
hh_1333,UK,4
hh_1334,UK,1
hh_1335,UK,4
hh_1336,UK,2
hh_1337,UK,3
hh_1338,UK,1
hh_1339,UK,2
hh_1341,UK,3
hh_1342,UK,3
hh_1343,UK,2
hh_1344,UK,3
hh_1345,UK,1
hh_1346,UK,2
hh_1347,UK,2
hh_1348,UK,1
hh_1349,UK,3
hh_1350,UK,2
hh_1352,UK,2
hh_1353,UK,2
hh_1354,UK,1
hh_1355,UK,1
hh_1356,UK,1
hh_1357,UK,1
hh_1358,UK,3
hh_1359,UK,3
hh_1360,UK,4
hh_1361,UK,2
hh_1363,UK,2
hh_1364,UK,2
hh_1365,UK,1
hh_1366,UK,2
hh_1367,UK,2
hh_1368,UK,3
hh_1369,UK,2
hh_1370,UK,2
hh_1371,UK,1
hh_1372,UK,1
hh_1374,UK,3
hh_1375,UK,3
hh_1376,UK,2
hh_1377,UK,2
hh_1378,UK,1
hh_1379,UK,1
hh_1380,UK,1
hh_1381,UK,1
hh_1382,UK,3
hh_1383,UK,2
hh_1385,UK,3
hh_1386,UK,3
hh_1387,UK,2
hh_1388,UK,2
hh_1389,UK,2
hh_1390,UK,4
hh_1391,UK,1
hh_1392,UK,2
hh_1393,UK,2
hh_1394,UK,2
hh_1396,UK,3
hh_1397,UK,3
hh_1398,UK,3
hh_1399,UK,1
hh_1400,UK,2
hh_1401,UK,1
hh_1402,UK,1
hh_1403,UK,2
hh_1404,UK,2
hh_1405,UK,1
hh_1407,UK,3
hh_1408,UK,1
hh_1409,UK,2
hh_1410,UK,4
hh_1411,UK,1
hh_1412,UK,1
hh_1413,UK,2
hh_1414,UK,2
hh_1415,UK,1
hh_1416,UK,2
hh_1418,UK,3
hh_1419,UK,2
hh_1420,UK,2
hh_1421,UK,3
hh_1422,UK,3
hh_1423,UK,3
hh_1424,UK,2
hh_1475,UK,2
hh_1476,UK,4
hh_1477,UK,3
hh_1478,UK,3
hh_1479,UK,2
hh_1480,UK,1
hh_1481,UK,5
hh_1482,UK,2
hh_1483,UK,1
hh_1485,UK,1
hh_1486,UK,1
hh_1487,UK,1
hh_1488,UK,1
hh_1489,UK,2
hh_1490,UK,2
hh_1491,UK,2
hh_1492,UK,3
hh_1493,UK,3
hh_1494,UK,2
hh_1496,UK,3
hh_1497,UK,4
hh_1498,UK,2
hh_1499,UK,3
hh_1500,UK,4
hh_1501,UK,4
hh_1502,UK,3
hh_1503,UK,2
hh_1504,UK,4
hh_1505,UK,5
hh_1507,UK,2
hh_1508,UK,1
hh_1509,UK,1
hh_1510,UK,2
hh_1511,UK,1
hh_1512,UK,5
hh_1513,UK,2
hh_1514,UK,3
hh_1515,UK,2
hh_1516,UK,1
hh_1518,UK,2
hh_1519,UK,8+
hh_1520,UK,2
hh_1521,UK,4
hh_1522,UK,4
hh_1523,UK,1
hh_1524,UK,3
hh_1525,UK,1
hh_1526,UK,3
hh_1527,UK,4
hh_1529,UK,5
hh_1530,UK,3
hh_1531,UK,2
hh_1532,UK,4
hh_1533,UK,2
hh_1534,UK,8+
hh_1535,UK,2
hh_1536,UK,3
hh_1537,UK,1
hh_1538,UK,4
hh_1540,UK,4
hh_1541,UK,3
hh_1542,UK,4
hh_1543,UK,1
hh_1544,UK,1
hh_1545,UK,7
hh_1546,UK,3
hh_1547,UK,1
hh_1548,UK,4
hh_1549,UK,2
hh_1551,UK,3
hh_1552,UK,3
hh_1553,UK,3
hh_1554,UK,5
hh_1555,UK,3
hh_1556,UK,3
hh_1557,UK,2
hh_1558,UK,3
hh_1559,UK,2
hh_1560,UK,4
hh_1562,UK,2
hh_1563,UK,3
hh_1564,UK,1
hh_1565,UK,5
hh_1566,UK,3
hh_1567,UK,4
hh_1568,UK,4
hh_1569,UK,4
hh_1570,UK,4
hh_1571,UK,2
hh_1573,UK,2
hh_1574,UK,2
hh_1575,UK,4
hh_1576,UK,4
hh_1577,UK,5
hh_1578,UK,3
hh_1579,UK,4
hh_1580,UK,5
hh_1581,UK,4
hh_1582,UK,1
hh_1584,UK,1
hh_1585,UK,4
hh_1586,UK,4
hh_1587,UK,1
hh_1588,UK,3
hh_1589,UK,1
hh_1590,UK,3
hh_1591,UK,3
hh_1592,UK,4
hh_1593,UK,2
hh_1595,UK,4
hh_1596,UK,2
hh_1597,UK,3
hh_1598,UK,2
hh_1599,UK,2
hh_1600,UK,3
hh_1601,UK,1
hh_1602,UK,3
hh_1603,UK,4
hh_1604,UK,4
hh_1606,UK,1
hh_1607,UK,1
hh_1608,UK,1
hh_1609,UK,4
hh_1610,UK,2
hh_1611,UK,4
hh_1612,UK,2
hh_1613,UK,4
hh_1614,UK,2
hh_1615,UK,1
hh_1617,UK,1
hh_1618,UK,1
hh_1619,UK,3
hh_1620,UK,2
hh_1621,UK,3
hh_1622,UK,2
hh_1623,UK,3
hh_1624,UK,1
hh_1625,UK,2
hh_1626,UK,1
hh_1628,UK,1
hh_1629,UK,4
hh_1630,UK,2
hh_1631,UK,2
hh_1632,UK,4
hh_1633,UK,3
hh_1634,UK,5
hh_1635,UK,3
hh_1636,UK,2
hh_1637,UK,3
hh_1639,UK,2
hh_1640,UK,1
hh_1641,UK,1
hh_1642,UK,2
hh_1643,UK,3
hh_1644,UK,3
hh_1645,UK,3
hh_1646,UK,2
hh_1647,UK,3
hh_1648,UK,4
hh_1650,UK,3
hh_1651,UK,4
hh_1652,UK,4
hh_1653,UK,2
hh_1654,UK,3
hh_1655,UK,2
hh_1656,UK,3
hh_1657,UK,2
hh_1658,UK,2
hh_1659,UK,1
hh_1661,UK,2
hh_1662,UK,1
hh_1663,UK,1
hh_1664,UK,5
hh_1665,UK,3
hh_1666,UK,1
hh_1667,UK,3
hh_1668,UK,2
hh_1669,UK,4
hh_1670,UK,2
hh_1672,UK,2
hh_1673,UK,2
hh_1674,UK,4
hh_1675,UK,2
hh_1676,UK,4
hh_1677,UK,1
hh_1678,UK,3
hh_1679,UK,1
hh_1680,UK,3
hh_1681,UK,1
hh_1683,UK,3
hh_1684,UK,3
hh_1685,UK,4
hh_1686,UK,5
hh_1687,UK,3
hh_1688,UK,3
hh_1689,UK,2
hh_1690,UK,1
hh_1691,UK,2
hh_1692,UK,2
hh_1694,UK,5
hh_1695,UK,3
hh_1696,UK,7
hh_1697,UK,4
hh_1698,UK,3
hh_1699,UK,4
hh_1700,UK,2
hh_1701,UK,2
hh_1702,UK,3
hh_1703,UK,4
hh_1705,UK,4
hh_1706,UK,2
hh_1707,UK,2
hh_1708,UK,3
hh_1709,UK,1
hh_1710,UK,3
hh_1711,UK,4
hh_1712,UK,2
hh_1713,UK,2
hh_1714,UK,3
hh_1716,UK,2
hh_1717,UK,5
hh_1718,UK,4
hh_1719,UK,2
hh_1720,UK,5
hh_1721,UK,6
hh_1722,UK,2
hh_1723,UK,4
hh_1724,UK,1
hh_1725,UK,1
hh_1727,UK,1
hh_1728,UK,1
hh_1729,UK,3
hh_1730,UK,3
hh_1731,UK,3
hh_1732,UK,5
hh_1733,UK,1
hh_1734,UK,4
hh_1735,UK,3
hh_1736,UK,3
hh_1738,UK,6
hh_1739,UK,2
hh_1740,UK,1
hh_1741,UK,2
hh_1742,UK,2
hh_1743,UK,2
hh_1744,UK,4
hh_1745,UK,4
hh_1746,UK,3
hh_1747,UK,4
hh_1749,UK,3
hh_1750,UK,2
hh_1751,UK,4
hh_1752,UK,3
hh_1753,UK,5
hh_1754,UK,3
hh_1755,UK,1
hh_1756,UK,2
hh_1757,UK,2
hh_1758,UK,3
hh_1760,UK,2
hh_1761,UK,2
hh_1762,UK,2
hh_1763,UK,4
hh_1764,UK,4
hh_1765,UK,2
hh_1766,UK,4
hh_1767,UK,3
hh_1768,UK,5
hh_1769,UK,1
hh_1771,UK,4
hh_1772,UK,2
hh_1773,UK,1
hh_1774,UK,7
hh_1775,UK,4
hh_1776,UK,2
hh_1777,UK,4
hh_1778,UK,2
hh_1779,UK,1
hh_1780,UK,8+
hh_1782,UK,4
hh_1783,UK,3
hh_1784,UK,2
hh_1785,UK,4
hh_1786,UK,1
hh_1787,UK,2
hh_1788,UK,3
hh_1789,UK,4
hh_1790,UK,4
hh_1791,UK,4
hh_1793,UK,6
hh_1794,UK,3
hh_1795,UK,1
hh_1796,UK,4
hh_1797,UK,2
hh_1798,UK,4
hh_1799,UK,6
hh_1800,UK,2
hh_1801,UK,2
hh_1802,UK,3
hh_1804,UK,4
hh_1805,UK,4
hh_1806,UK,4
hh_1807,UK,2
hh_1808,UK,3
hh_1809,UK,4
hh_1810,UK,2
hh_1811,UK,1
hh_1812,UK,3
hh_1813,UK,3
hh_1815,UK,1
hh_1816,UK,2
hh_1817,UK,3
hh_1818,UK,2
hh_1819,UK,2
hh_1820,UK,3
hh_1821,UK,2
hh_1822,UK,4
hh_1823,UK,3
hh_1824,UK,5
hh_1826,UK,5
hh_1827,UK,4
hh_1828,UK,1
hh_1829,UK,4
hh_1830,UK,2
hh_1831,UK,3
hh_1832,UK,6
hh_1833,UK,4
hh_1834,UK,3
hh_1835,UK,2
hh_1836,UK,2
hh_1837,UK,2
hh_1838,UK,1
hh_1839,UK,1
hh_1840,UK,2
hh_1841,UK,2
hh_1842,UK,2
hh_1843,UK,1
hh_1844,UK,4
hh_1845,UK,1
hh_1846,UK,3
hh_1847,UK,3
hh_1848,UK,3
hh_1849,UK,1
hh_1850,UK,4
hh_1851,UK,2
hh_1852,UK,2
hh_1853,UK,3
hh_1854,UK,8+
hh_1855,UK,1
hh_1856,UK,6
hh_1857,UK,3
hh_1858,UK,1
hh_1859,UK,2
hh_1860,UK,1
hh_1861,UK,2
hh_1862,UK,2
hh_1863,UK,5
hh_1864,UK,2
hh_1865,UK,3
hh_1866,UK,4
hh_1867,UK,3
hh_1868,UK,4
hh_1869,UK,3
hh_1870,UK,2
hh_1871,UK,2
hh_1872,UK,2
hh_1873,UK,1
hh_1874,UK,4
hh_1875,UK,4
hh_1876,UK,3
hh_1877,UK,4
hh_1878,UK,5
hh_1879,UK,1
hh_1880,UK,1
hh_1881,UK,2
hh_1882,UK,1
hh_1883,UK,4
hh_1884,UK,3
hh_1885,UK,2
hh_1886,UK,2
hh_1887,UK,4
hh_1888,UK,2
hh_1889,UK,3
hh_1890,UK,3
hh_1891,UK,1
hh_1892,UK,3
hh_1893,UK,2
hh_1894,UK,2
hh_1895,UK,4
hh_1896,UK,1
hh_1897,UK,2
hh_1898,UK,1
hh_1899,UK,2
hh_1900,UK,1
hh_1901,UK,4
hh_1902,UK,3
hh_1903,UK,2
hh_1904,UK,6
hh_1905,UK,3
hh_1906,UK,6
hh_1907,UK,3
hh_1908,UK,2
hh_1909,UK,1
hh_1910,UK,1
hh_1911,UK,2
hh_1912,UK,2
hh_1913,UK,3
hh_1914,UK,2
hh_1915,UK,2
hh_1916,UK,2
hh_1917,UK,3
hh_1918,UK,2
hh_1919,UK,1
hh_1920,UK,4
hh_1921,UK,1
hh_1922,UK,1
hh_1923,UK,1
hh_1924,UK,6
hh_1925,UK,4
hh_1926,UK,3
hh_1927,UK,1
hh_1928,UK,3
hh_1929,UK,2
hh_1930,UK,2
hh_1931,UK,4
hh_1932,UK,1
hh_1933,UK,2
hh_1934,UK,1
hh_1935,UK,3
hh_1936,UK,2
hh_1937,UK,1
hh_1938,UK,3
hh_1939,UK,1
hh_1940,UK,5
hh_1941,UK,3
hh_1942,UK,1
hh_1943,UK,1
hh_1944,UK,4
hh_1945,UK,2
hh_1946,UK,2
hh_1947,UK,3
hh_1948,UK,1
hh_1949,UK,2
hh_1950,UK,2
hh_1951,UK,2
hh_1952,UK,5
hh_1953,UK,4
hh_1954,UK,1
hh_1955,UK,1
hh_1956,UK,1
hh_1957,UK,3
hh_1958,UK,2
hh_1959,UK,1
hh_1960,UK,7
hh_1961,UK,1
hh_1962,UK,1
hh_1963,UK,2
hh_1964,UK,1
hh_1965,UK,1
hh_1966,UK,2
hh_1967,UK,2
hh_1968,UK,1
hh_1969,UK,3
hh_1970,UK,5
hh_1971,UK,3
hh_1972,UK,4
hh_1973,UK,1
hh_1974,UK,3
hh_1975,UK,2
hh_1976,UK,2
hh_1977,UK,3
hh_1978,UK,3
hh_1979,UK,2
hh_1980,UK,2
hh_1981,UK,3
hh_1982,UK,1
hh_1983,UK,5
hh_1984,UK,2
hh_1985,UK,3
hh_1986,UK,6
hh_1987,UK,3
hh_1988,UK,4
hh_1989,UK,1
hh_1990,UK,4
hh_1991,UK,4
hh_1992,UK,4
hh_1993,UK,3
hh_1994,UK,4
hh_1995,UK,3
hh_1996,UK,4
hh_1997,UK,2
hh_1998,UK,4
hh_1999,UK,4
hh_2000,UK,2
hh_2001,UK,3
hh_2002,UK,4
hh_2003,UK,3
hh_2004,UK,2
hh_2005,UK,3
hh_2006,UK,2
hh_2007,UK,4
hh_2008,UK,3
hh_2009,UK,5
hh_2010,UK,4
hh_2011,UK,3
hh_2012,UK,2
hh_2013,UK,2
hh_2014,UK,7
hh_2015,UK,4
hh_2016,UK,4
hh_2017,UK,3
hh_2018,UK,3
hh_2019,UK,2
hh_2020,UK,2
hh_2021,UK,3
hh_2022,UK,2
hh_2023,UK,4
hh_2024,UK,4
hh_2025,UK,1
hh_2026,UK,1
hh_2027,UK,2
hh_2028,UK,5
hh_2029,UK,2
hh_2030,UK,2
hh_2031,UK,4
hh_2032,UK,3
hh_2033,UK,5
hh_2034,UK,4
hh_2035,UK,3
hh_2036,UK,1
hh_2037,UK,4
hh_2038,UK,2
hh_2039,UK,3
hh_2040,UK,5
hh_2041,UK,4
hh_2042,UK,1
hh_2043,UK,4
hh_2044,UK,5
hh_2045,UK,2
hh_2046,UK,4
hh_2047,UK,4
hh_2048,UK,3
hh_2049,UK,4
hh_2050,UK,1
hh_2051,UK,4
hh_2052,UK,3
hh_2053,UK,6
hh_2054,UK,4
hh_2055,UK,6
hh_2056,UK,4
hh_2057,UK,2
hh_2058,UK,2
hh_2059,UK,3
hh_2060,UK,1
hh_2061,UK,6
hh_2062,UK,4
hh_2063,UK,1
hh_2064,UK,8+
hh_2065,UK,1
hh_2066,UK,2
hh_2067,UK,5
hh_2068,UK,2
hh_2069,UK,3
hh_2070,UK,2
hh_2071,UK,4
hh_2072,UK,1
hh_2073,UK,7
hh_2074,UK,5
hh_2075,UK,1
hh_2076,UK,3
hh_2077,UK,2
hh_2078,UK,4
hh_2079,UK,3
hh_2080,UK,4
hh_2081,UK,1
hh_2082,UK,3
hh_2083,UK,1
hh_2084,UK,1
hh_2085,UK,3
hh_2086,UK,2
hh_2087,UK,3
hh_2088,UK,3
hh_2089,UK,2
hh_2090,UK,2
hh_2091,UK,6
hh_2092,UK,2
hh_2093,UK,2
hh_2094,UK,1
hh_2095,UK,3
hh_2096,UK,2
hh_2097,UK,2
hh_2098,UK,2
hh_2099,UK,4
hh_2100,UK,1
hh_2101,UK,2
hh_2102,UK,4
hh_2103,UK,2
hh_2104,UK,2
hh_2105,UK,5
hh_2106,UK,7
hh_2107,UK,4
hh_2108,UK,1
hh_2109,UK,3
hh_2110,UK,3
hh_2111,UK,2
hh_2112,UK,3
hh_2113,UK,2
hh_2114,UK,2
hh_2115,UK,3
hh_2116,UK,2
hh_2117,UK,4
hh_2118,UK,2
hh_2119,UK,4
hh_2120,UK,4
hh_2121,UK,3
hh_2122,UK,2
hh_2123,UK,5
hh_2124,UK,4
hh_2125,UK,3
hh_2126,UK,3
hh_2127,UK,3
hh_2128,UK,2
hh_2129,UK,5
hh_2130,UK,2
hh_2131,UK,2
hh_2132,UK,4
hh_2133,UK,3
hh_2134,UK,2
hh_2135,UK,5
hh_2136,UK,2
hh_2137,UK,3
hh_2138,UK,2
hh_2139,UK,3
hh_2140,UK,4
hh_2141,UK,7
hh_2142,UK,2
hh_2143,UK,2
hh_2144,UK,2
hh_2145,UK,4
hh_2146,UK,4
hh_2147,UK,4
hh_2148,UK,6
hh_2149,UK,2
hh_2150,UK,4
hh_2151,UK,3
hh_2152,UK,2
hh_2153,UK,2
hh_2154,UK,4
hh_2155,UK,4
hh_2156,UK,4
hh_2157,UK,4
hh_2158,UK,5
hh_2159,UK,4
hh_2160,UK,2
hh_2161,UK,3
hh_2162,UK,2
hh_2163,UK,2
hh_2164,UK,1
hh_2165,UK,1
hh_2166,UK,3
hh_2167,UK,4
hh_2168,UK,3
hh_2169,UK,1
hh_2170,UK,2
hh_2171,UK,3
hh_2172,UK,5
hh_2173,UK,5
hh_2174,UK,2
hh_2175,UK,3
hh_2176,UK,3
hh_2177,UK,3
hh_2178,UK,3
hh_2179,UK,2
hh_2180,UK,4
hh_2181,UK,3
hh_2182,UK,3
hh_2183,UK,4
hh_2184,UK,2
hh_2185,UK,4
hh_2186,UK,2
hh_2187,UK,1
hh_2188,UK,1
hh_2189,UK,2
hh_2190,UK,5
hh_2191,UK,2
hh_2192,UK,4
hh_2193,UK,2
hh_2194,UK,5
hh_2195,UK,2
hh_2196,UK,3
hh_2197,UK,3
hh_2198,UK,3
hh_2199,UK,3
hh_2200,UK,3
hh_2201,UK,2
hh_2202,UK,3
hh_2203,UK,2
hh_2204,UK,3
hh_2205,UK,3
hh_2206,UK,4
hh_2207,UK,2
hh_2208,UK,2
hh_2209,UK,2
hh_2210,UK,5
hh_2211,UK,3
hh_2212,UK,2
hh_2213,UK,4
hh_2214,UK,2
hh_2215,UK,6
hh_2216,UK,2
hh_2217,UK,4
hh_2218,UK,2
hh_2219,UK,1
hh_2220,UK,2
hh_2221,UK,4
hh_2222,UK,2
hh_2223,UK,4
hh_2224,UK,4
hh_2225,UK,1
hh_2226,UK,2
hh_2227,UK,2
hh_2228,UK,4
hh_2229,UK,3
hh_2230,UK,3
hh_2231,UK,5
hh_2232,UK,4
hh_2233,UK,2
hh_2234,UK,3
hh_2235,UK,3
hh_2236,UK,4
hh_2237,UK,4
hh_2238,UK,3
hh_2239,UK,3
hh_2240,UK,2
hh_2241,UK,3
hh_2242,UK,4
hh_2243,UK,1
hh_2244,UK,4
hh_2245,UK,3
hh_2246,UK,4
hh_2247,UK,3
hh_2248,UK,2
hh_2249,UK,1
hh_2250,UK,4
hh_2251,UK,1
hh_2252,UK,1
hh_2253,UK,4
hh_2254,UK,4
hh_2255,UK,1
hh_2256,UK,4
hh_2257,UK,4
hh_2258,UK,6
hh_2259,UK,4
hh_2260,UK,2
hh_2261,UK,4
hh_2262,UK,3
hh_2263,UK,4
hh_2264,UK,1
hh_2265,UK,3
hh_2266,UK,3
hh_2267,UK,2
hh_2268,UK,3
hh_2269,UK,2
hh_2270,UK,2
hh_2271,UK,3
hh_2272,UK,4
hh_2273,UK,2
hh_2274,UK,2
hh_2275,UK,2
hh_2276,UK,2
hh_2277,UK,3
hh_2278,UK,1
hh_2279,UK,2
hh_2280,UK,1
hh_2281,UK,1
hh_2282,UK,5
hh_2283,UK,4
hh_2284,UK,5
hh_2285,UK,2
hh_2286,UK,3
hh_2287,UK,6
hh_2288,UK,2
hh_2289,UK,1
hh_2290,UK,6
hh_2291,UK,1
hh_2292,UK,2
hh_2293,UK,2
hh_2294,UK,3
hh_2295,UK,6
hh_2296,UK,4
hh_2297,UK,2
hh_2298,UK,1
hh_2299,UK,2
hh_2300,UK,5
hh_2301,UK,1
hh_2302,UK,3
hh_2303,UK,2
hh_2304,UK,2
hh_2305,UK,2
hh_2306,UK,2
hh_2307,UK,1
hh_2308,UK,2
hh_2309,UK,2
hh_2310,UK,1
hh_2311,UK,1
hh_2312,UK,2
hh_2313,UK,2
hh_2314,UK,2
hh_2315,UK,1
hh_2316,UK,2
hh_2317,UK,1
hh_2318,UK,2
hh_2319,UK,4
hh_2320,UK,2
hh_2321,UK,2
hh_2322,UK,4
hh_2323,UK,2
hh_2324,UK,3
hh_2325,UK,1
hh_2326,UK,3
hh_2327,UK,1
hh_2328,UK,3
hh_2329,UK,4
hh_2330,UK,1
hh_2331,UK,5
hh_2332,UK,1
hh_2333,UK,2
hh_2334,UK,3
hh_2335,UK,2
hh_2336,UK,1
hh_2337,UK,1
hh_2338,UK,4
hh_2339,UK,2
hh_2340,UK,1
hh_2341,UK,1
hh_2342,UK,2
hh_2343,UK,1
hh_2344,UK,1
hh_2345,UK,2
hh_2346,UK,1
hh_2347,UK,2
hh_2348,UK,1
hh_2349,UK,1
hh_2350,UK,1
hh_2351,UK,4
hh_2352,UK,4
hh_2353,UK,1
hh_2354,UK,2
hh_2355,UK,2
hh_2356,UK,4
hh_2357,UK,2
hh_2358,UK,1
hh_2359,UK,2
hh_2360,UK,4
hh_2361,UK,3
hh_2362,UK,5
hh_2363,UK,2
hh_2364,UK,2
hh_2365,UK,2
hh_2366,UK,2
hh_2367,UK,1
hh_2368,UK,2
hh_2369,UK,2
hh_2370,UK,2
hh_2371,UK,2
hh_2372,UK,4
hh_2373,UK,4
hh_2374,UK,4
hh_2375,UK,3
hh_2376,UK,3
hh_2377,UK,4
hh_2378,UK,3
hh_2379,UK,2
hh_2380,UK,4
hh_2381,UK,3
hh_2382,UK,2
hh_2383,UK,2
hh_2384,UK,1
hh_2385,UK,1
hh_2386,UK,1
hh_2387,UK,5
hh_2388,UK,1
hh_2389,UK,1
hh_2390,UK,3
hh_2391,UK,3
hh_2392,UK,2
hh_2393,UK,3
hh_2394,UK,2
hh_2395,UK,1
hh_2396,UK,3
hh_2397,UK,2
hh_2398,UK,3
hh_2399,UK,2
hh_2400,UK,4
hh_2401,UK,2
hh_2402,UK,4
hh_2403,UK,4
hh_2404,UK,2
hh_2405,UK,2
hh_2406,UK,3
hh_2407,UK,2
hh_2408,UK,4
hh_2409,UK,2
hh_2410,UK,5
hh_2411,UK,2
hh_2412,UK,1
hh_2413,UK,2
hh_2414,UK,1
hh_2415,UK,3
hh_2416,UK,2
hh_2417,UK,2
hh_2418,UK,3
hh_2419,UK,1
hh_2420,UK,1
hh_2421,UK,1
hh_2422,UK,4
hh_2423,UK,2
hh_2424,UK,3
hh_2425,UK,5
hh_2426,UK,1
hh_2427,UK,1
hh_2428,UK,1
hh_2429,UK,2
hh_2430,UK,4
hh_2431,UK,1
hh_2432,UK,4
hh_2433,UK,3
hh_2434,UK,4
hh_2435,UK,6
hh_2436,UK,3
hh_2437,UK,1
hh_2438,UK,3
hh_2439,UK,3
hh_2440,UK,4
hh_2441,UK,4
hh_2442,UK,3
hh_2443,UK,2
hh_2444,UK,3
hh_2445,UK,5
hh_2446,UK,2
hh_2447,UK,3
hh_2448,UK,3
hh_2449,UK,3
hh_2450,UK,3
hh_2451,UK,2
hh_2452,UK,1
hh_2453,UK,3
hh_2454,UK,5
hh_2455,UK,3
hh_2456,UK,2
hh_2457,UK,5
hh_2458,UK,2
hh_2459,UK,2
hh_2460,UK,2
hh_2461,UK,3
hh_2462,UK,2
hh_2463,UK,2
hh_2464,UK,3
hh_2465,UK,2
hh_2466,UK,3
hh_2467,UK,3
hh_2468,UK,6
hh_2469,UK,6
hh_2470,UK,1
hh_2471,UK,1
hh_2472,UK,5
hh_2473,UK,1
hh_2474,UK,4
hh_2475,UK,2
hh_2476,UK,1
hh_2477,UK,4
hh_2478,UK,1
hh_2479,UK,2
hh_2480,UK,3
hh_2481,UK,2
hh_2482,UK,1
hh_2483,UK,2
hh_2484,UK,2
hh_2485,UK,3
hh_2486,UK,2
hh_2487,UK,1
hh_2488,UK,5
hh_2489,UK,3
hh_2490,UK,2
hh_2491,UK,2
hh_2492,UK,3
hh_2493,UK,3
hh_2494,UK,1
hh_2495,UK,3
hh_2496,UK,6
hh_2497,UK,3
hh_2498,UK,5
hh_2499,UK,3
hh_2500,UK,4
hh_2501,UK,4
hh_2502,UK,5
hh_2503,UK,4
hh_2504,UK,3
hh_2505,UK,5
hh_2506,UK,3
hh_2507,UK,3
hh_2508,UK,1
hh_2509,UK,3
hh_2510,UK,3
hh_2511,UK,2
hh_2512,UK,1
hh_2513,UK,1
hh_2514,UK,4
hh_2515,UK,2
hh_2516,UK,2
hh_2517,UK,6
hh_2518,UK,2
hh_2519,UK,4
hh_2520,UK,2
hh_2521,UK,3
hh_2522,UK,2
hh_2523,UK,1
hh_2524,UK,4
hh_2525,UK,1
hh_2526,UK,6
hh_2527,UK,3
hh_2528,UK,5
hh_2529,UK,3
hh_2530,UK,1
hh_2531,UK,3
hh_2532,UK,1
hh_2533,UK,3
hh_2534,UK,2
hh_2535,UK,5
hh_2536,UK,2
hh_2537,UK,2
hh_2538,UK,4
hh_2539,UK,1
hh_2540,UK,3
hh_2541,UK,3
hh_2542,UK,1
hh_2543,UK,2
hh_2544,UK,2
hh_2545,UK,4
hh_2546,UK,4
hh_2547,UK,4
hh_2548,UK,3
hh_2549,UK,3
hh_2550,UK,2
hh_2551,UK,5
hh_2552,UK,1
hh_2553,UK,5
hh_2554,UK,6
hh_2555,UK,3
hh_2556,UK,4
hh_2557,UK,4
hh_2558,UK,1
hh_2559,UK,2
hh_2560,UK,2
hh_2561,UK,4
hh_2562,UK,3
hh_2563,UK,5
hh_2564,UK,4
hh_2565,UK,4
hh_2566,UK,4
hh_2567,UK,2
hh_2568,UK,4
hh_2569,UK,2
hh_2570,UK,2
hh_2571,UK,2
hh_2572,UK,1
hh_2573,UK,2
hh_2574,UK,1
hh_2575,UK,4
hh_2576,UK,4
hh_2577,UK,4
hh_2578,UK,1
hh_2579,UK,2
hh_2580,UK,4
hh_2581,UK,4
hh_2582,UK,5
hh_2583,UK,2
hh_2584,UK,1
hh_2585,UK,3
hh_2586,UK,6
hh_2587,UK,2
hh_2588,UK,4
hh_2589,UK,4
hh_2590,UK,4
hh_2591,UK,2
hh_2592,UK,4
hh_2593,UK,4
hh_2594,UK,5
hh_2595,UK,2
hh_2596,UK,4
hh_2597,UK,5
hh_2598,UK,4
hh_2599,UK,4
hh_2600,UK,3
hh_2601,UK,2
hh_2602,UK,4
hh_2603,UK,2
hh_2604,UK,4
hh_2605,UK,3
hh_2606,UK,1
hh_2607,UK,4
hh_2608,UK,1
hh_2609,UK,2
hh_2610,UK,2
hh_2611,UK,2
hh_2612,UK,4
hh_2613,UK,3
hh_2614,UK,2
hh_2615,UK,1
hh_2616,UK,3
hh_2617,UK,2
hh_2618,UK,2
hh_2619,UK,2
hh_2620,UK,1
hh_2621,UK,2
hh_2622,UK,3
hh_2623,UK,1
hh_2624,UK,1
hh_2625,UK,2
hh_2626,UK,4
hh_2627,UK,3
hh_2628,UK,5
hh_2629,UK,1
hh_2630,UK,2
hh_2631,UK,5
hh_2632,UK,3
hh_2633,UK,2
hh_2634,UK,2
hh_2635,UK,4
hh_2636,UK,3
hh_2637,UK,3
hh_2638,UK,3
hh_2639,UK,4
hh_2640,UK,3
hh_2641,UK,5
hh_2642,UK,7
hh_2643,UK,5
hh_2644,UK,3
hh_2645,UK,2
hh_2646,UK,3
hh_2647,UK,2
hh_2648,UK,3
hh_2649,UK,5
hh_2650,UK,2
hh_2651,UK,5
hh_2652,UK,2
hh_2653,UK,1
hh_2654,UK,4
hh_2655,UK,2
hh_2656,UK,4
hh_2657,UK,4
hh_2658,UK,3
hh_2659,UK,1
hh_2660,UK,4
hh_2661,UK,4
hh_2662,UK,3
hh_2663,UK,3
hh_2664,UK,4
hh_2665,UK,2
hh_2666,UK,3
hh_2667,UK,1
hh_2668,UK,2
hh_2669,UK,5
hh_2670,UK,2
hh_2671,UK,4
hh_2672,UK,2
hh_2673,UK,1
hh_2674,UK,3
hh_2675,UK,3
hh_2676,UK,5
hh_2677,UK,6
hh_2678,UK,3
hh_2679,UK,2
hh_2680,UK,6
hh_2681,UK,4
hh_2682,UK,1
hh_2683,UK,3
hh_2684,UK,3
hh_2685,UK,3
hh_2686,UK,1
hh_2687,UK,5
hh_2688,UK,2
hh_2689,UK,3
hh_2690,UK,2
hh_2691,UK,4
hh_2692,UK,1
hh_2694,UK,4
hh_2695,UK,1
hh_2696,UK,3
hh_2697,UK,2
hh_2698,UK,4
hh_2699,UK,3
hh_2700,UK,1
hh_2701,UK,2
hh_2702,UK,1
hh_2703,UK,1
hh_2704,UK,3
hh_2705,UK,2
hh_2706,UK,2
hh_2707,UK,2
hh_2708,UK,4
hh_2709,UK,3
hh_2710,UK,1
hh_2711,UK,2
hh_2712,UK,2
hh_2713,UK,3
hh_2714,UK,1
hh_2715,UK,2
hh_2716,UK,2
hh_2717,UK,5
hh_2718,UK,4
hh_2719,UK,2
hh_2720,UK,2
hh_2721,UK,3
hh_2722,UK,4
hh_2723,UK,2
hh_2724,UK,4
hh_2725,UK,1
hh_2726,UK,4
hh_2727,UK,2
hh_2728,UK,2
hh_2729,UK,2
hh_2730,UK,1
hh_2731,UK,1
hh_2732,UK,2
hh_2733,UK,1
hh_2734,UK,1
hh_2735,UK,3
hh_2736,UK,3
hh_2737,UK,3
hh_2738,UK,1
hh_2739,UK,2
hh_2740,UK,1
hh_2741,UK,4
hh_2742,UK,3
hh_2743,UK,2
hh_2744,UK,4
hh_2745,UK,2
hh_2746,UK,1
hh_2747,UK,2
hh_2748,UK,2
hh_2749,UK,4
hh_2750,UK,3
hh_2751,UK,3
hh_2752,UK,3
hh_2753,UK,5
hh_2754,UK,4
hh_2755,UK,3
hh_2756,UK,3
hh_2757,UK,5
hh_2758,UK,3
hh_2759,UK,2
hh_2760,UK,3
hh_2761,UK,3
hh_2762,UK,2
hh_2763,UK,4
hh_2764,UK,1
hh_2765,UK,1
hh_2766,UK,2
hh_2767,UK,3
hh_2768,UK,4
hh_2769,UK,1
hh_2770,UK,3
hh_2771,UK,3
hh_2772,UK,3
hh_2773,UK,4
hh_2774,UK,2
hh_2775,UK,3
hh_2776,UK,2
hh_2777,UK,4
hh_2778,UK,4
hh_2779,UK,2
hh_2780,UK,3
hh_2781,UK,6
hh_2782,UK,1
hh_2783,UK,2
hh_2784,UK,2
hh_2785,UK,5
hh_2786,UK,3
hh_2787,UK,1
hh_2788,UK,1
hh_2789,UK,2
hh_2790,UK,4
hh_2791,UK,3
hh_2792,UK,3
hh_2793,UK,3
hh_2794,UK,2
hh_2795,UK,1
hh_2796,UK,4
hh_2797,UK,1
hh_2798,UK,1
hh_2799,UK,3
hh_2800,UK,3
hh_2801,UK,4
hh_2802,UK,4
hh_2803,UK,1
hh_2804,UK,2
hh_2805,UK,5
hh_2806,UK,1
hh_2807,UK,1
hh_2808,UK,2
hh_2809,UK,2
hh_2810,UK,2
hh_2811,UK,5
hh_2812,UK,2
hh_2813,UK,1
hh_2814,UK,1
hh_2815,UK,2
hh_2816,UK,1
hh_2817,UK,2
hh_2818,UK,2
hh_2819,UK,3
hh_2820,UK,1
hh_2821,UK,2
hh_2822,UK,2
hh_2823,UK,5
hh_2824,UK,2
hh_2825,UK,2
hh_2826,UK,3
hh_2827,UK,2
hh_2828,UK,3
hh_2829,UK,4
hh_2830,UK,2
hh_2831,UK,3
hh_2832,UK,2
hh_2833,UK,1
hh_2834,UK,3
hh_2835,UK,6
hh_2836,UK,3
hh_2837,UK,3
hh_2838,UK,2
hh_2839,UK,1
hh_2840,UK,4
hh_2841,UK,3
hh_2842,UK,3
hh_2843,UK,3
hh_2844,UK,2
hh_2845,UK,2
hh_2846,UK,4
hh_2847,UK,2
hh_2848,UK,4
hh_2849,UK,1
hh_2850,UK,3
hh_2851,UK,2
hh_2852,UK,3
hh_2853,UK,3
hh_2854,UK,5
hh_2855,UK,4
hh_2856,UK,1
hh_2857,UK,5
hh_2858,UK,2
hh_2859,UK,4
hh_2860,UK,2
hh_2861,UK,2
hh_2862,UK,2
hh_2863,UK,1
hh_2864,UK,3
hh_2865,UK,3
hh_2866,UK,2
hh_2867,UK,3
hh_2868,UK,4
hh_2869,UK,3
hh_2870,UK,4
hh_2871,UK,8+
hh_2872,UK,1
hh_2873,UK,4
hh_2874,UK,3
hh_2875,UK,2
hh_2876,UK,5
hh_2877,UK,1
hh_2878,UK,3
hh_2879,UK,2
hh_2880,UK,2
hh_2881,UK,5
hh_2882,UK,4
hh_2883,UK,3
hh_2884,UK,1
hh_2885,UK,1
hh_2886,UK,1
hh_2887,UK,2
hh_2888,UK,1
hh_2889,UK,2
hh_2890,UK,4
hh_2891,UK,5
hh_2892,UK,1
hh_2893,UK,4
hh_2894,UK,4
hh_2895,UK,4
hh_2896,UK,2
hh_2897,UK,1
hh_2898,UK,1
hh_2899,UK,4
hh_2900,UK,4
hh_2901,UK,4
hh_2902,UK,3
hh_2903,UK,3
hh_2904,UK,3
hh_2905,UK,5
hh_2906,UK,4
hh_2907,UK,1
hh_2908,UK,3
hh_2909,UK,5
hh_2910,UK,3
hh_2911,UK,2
hh_2912,UK,1
hh_2913,UK,5
hh_2914,UK,2
hh_2915,UK,2
hh_2916,UK,2
hh_2917,UK,4
hh_2918,UK,2
hh_2919,UK,4
hh_2920,UK,2
hh_2921,UK,5
hh_2922,UK,4
hh_2923,UK,4
hh_2924,UK,4
hh_2925,UK,3
hh_2926,UK,2
hh_2927,UK,4
hh_2928,UK,2
hh_2929,UK,1
hh_2930,UK,1
hh_2931,UK,4
hh_2932,UK,6
hh_2933,UK,4
hh_2934,UK,3
hh_2935,UK,2
hh_2936,UK,5
hh_2937,UK,2
hh_2938,UK,2
hh_2939,UK,3
hh_2940,UK,2
hh_2941,UK,2
hh_2942,UK,4
hh_2943,UK,3
hh_2944,UK,4
hh_2945,UK,1
hh_2946,UK,1
hh_2947,UK,1
hh_2948,UK,3
hh_2949,UK,4
hh_2950,UK,4
hh_2951,UK,2
hh_2952,UK,3
hh_2953,UK,2
hh_2954,UK,5
hh_2955,UK,6
hh_2956,UK,2
hh_2957,UK,1
hh_2958,UK,4
hh_2959,UK,3
hh_2960,UK,4
hh_2961,UK,4
hh_2962,UK,5
hh_2963,UK,5
hh_2964,UK,1
hh_2965,UK,5
hh_2966,UK,5
hh_2967,UK,4
hh_2968,UK,3
hh_2969,UK,3
hh_2970,UK,1
hh_2971,UK,5
hh_2972,UK,1
hh_2973,UK,3
hh_2974,UK,4
hh_2975,UK,3
hh_2976,UK,3
hh_2977,UK,1
hh_2978,UK,3
hh_2979,UK,3
hh_2980,UK,3
hh_2981,UK,5
hh_2982,UK,4
hh_2983,UK,1
hh_2984,UK,4
hh_2985,UK,6
hh_2986,UK,3
hh_2987,UK,5
hh_2988,UK,3
hh_2989,UK,1
hh_2990,UK,3
hh_2991,UK,1
hh_2992,UK,3
hh_2993,UK,2
hh_2994,UK,5
hh_2995,UK,3
hh_2996,UK,4
hh_2997,UK,1
hh_2998,UK,3
hh_2999,UK,3
hh_3000,UK,5
hh_3001,UK,4
hh_3002,UK,2
hh_3003,UK,5
hh_3004,UK,5
hh_3005,UK,3
hh_3006,UK,3
hh_3007,UK,5
hh_3008,UK,3
hh_3009,UK,4
hh_3010,UK,1
hh_3011,UK,2
hh_3012,UK,3
hh_3013,UK,3
hh_3014,UK,3
hh_3015,UK,4
hh_3016,UK,5
hh_3017,UK,2
hh_3018,UK,2
hh_3019,UK,6
hh_3020,UK,2
hh_3021,UK,5
hh_3022,UK,3
hh_3023,UK,4
hh_3024,UK,3
hh_3025,UK,6
hh_3026,UK,3
hh_3027,UK,2
hh_3028,UK,6
hh_3029,UK,2
hh_3030,UK,2
hh_3031,UK,1
hh_3032,UK,7
hh_3033,UK,3
hh_3034,UK,1
hh_3035,UK,3
hh_3036,UK,1
hh_3037,UK,2
hh_3038,UK,2
hh_3039,UK,4
hh_3040,UK,2
hh_3041,UK,3
hh_3042,UK,6
hh_3043,UK,3
hh_3044,UK,4
hh_3045,UK,4
hh_3046,UK,3
hh_3047,UK,3
hh_3048,UK,1
hh_3049,UK,5
hh_3050,UK,5
hh_3051,UK,4
hh_3052,UK,5
hh_3053,UK,4
hh_3054,UK,4
hh_3055,UK,2
hh_3056,UK,2
hh_3057,UK,3
hh_3058,UK,4
hh_3059,UK,3
hh_3060,UK,4
hh_3061,UK,2
hh_3062,UK,2
hh_3063,UK,5
hh_3064,UK,5
hh_3065,UK,3
hh_3066,UK,2
hh_3067,UK,2
hh_3068,UK,2
hh_3069,UK,4
hh_3070,UK,4
hh_3071,UK,4
hh_3072,UK,2
hh_3073,UK,3
hh_3074,UK,1
hh_3075,UK,3
hh_3076,UK,4
hh_3077,UK,5
hh_3078,UK,2
hh_3079,UK,4
hh_3080,UK,3
hh_3081,UK,5
hh_3082,UK,1
hh_3083,UK,2
hh_3084,UK,1
hh_3085,UK,4
hh_3086,UK,4
hh_3087,UK,4
hh_3088,UK,5
hh_3089,UK,7
hh_3090,UK,4
hh_3091,UK,3
hh_3092,UK,3
hh_3093,UK,2
hh_3094,UK,2
hh_3095,UK,3
hh_3096,UK,2
hh_3097,UK,3
hh_3098,UK,1
hh_3099,UK,3
hh_3100,UK,2
hh_3101,UK,4
hh_3102,UK,2
hh_3103,UK,5
hh_3104,UK,2
hh_3105,UK,4
hh_3106,UK,5
hh_3107,UK,4
hh_3108,UK,2
hh_3109,UK,4
hh_3110,UK,4
hh_3111,UK,4
hh_3112,UK,1
hh_3113,UK,4
hh_3114,UK,4
hh_3115,UK,2
hh_3116,UK,3
hh_3117,UK,5
hh_3118,UK,3
hh_3119,UK,5
hh_3120,UK,3
hh_3121,UK,2
hh_3122,UK,3
hh_3123,UK,3
hh_3124,UK,5
hh_3125,UK,5
hh_3126,UK,4
hh_3127,UK,3
hh_3128,UK,1
hh_3129,UK,4
hh_3130,UK,5
hh_3131,UK,1
hh_3132,UK,2
hh_3133,UK,1
hh_3134,UK,2
hh_3135,UK,3
hh_3136,UK,4
hh_3137,UK,4
hh_3138,UK,2
hh_3139,UK,2
hh_3140,UK,3
hh_3141,UK,2
hh_3142,UK,4
hh_3143,UK,1
hh_3144,UK,5
hh_3145,UK,5
hh_3146,UK,3
hh_3147,UK,3
hh_3148,UK,1
hh_3149,UK,6
hh_3150,UK,4
hh_3151,UK,4
hh_3152,UK,1
hh_3153,UK,4
hh_3154,UK,2
hh_3155,UK,5
hh_3156,UK,2
hh_3157,UK,3
hh_3158,UK,5
hh_3159,UK,4
hh_3160,UK,3
hh_3161,UK,2
hh_3162,UK,3
hh_3163,UK,5
hh_3164,UK,5
hh_3165,UK,2
hh_3166,UK,2
hh_3167,UK,5
hh_3168,UK,2
hh_3169,UK,4
hh_3170,UK,5
hh_3171,UK,1
hh_3172,UK,4
hh_3173,UK,3
hh_3174,UK,2
hh_3175,UK,3
hh_3176,UK,3
hh_3177,UK,4
hh_3178,UK,1
hh_3179,UK,2
hh_3180,UK,4
hh_3181,UK,2
hh_3182,UK,4
hh_3183,UK,4
hh_3184,UK,4
hh_3185,UK,2
hh_3186,UK,3
hh_3187,UK,4
hh_3188,UK,1
hh_3189,UK,5
hh_3190,UK,3
hh_3191,UK,2
hh_3192,UK,4
hh_3193,UK,2
hh_3194,UK,4
hh_3195,UK,3
hh_3196,UK,4
hh_3197,UK,1
hh_3198,UK,5
hh_3199,UK,4
hh_3200,UK,5
hh_3201,UK,1
hh_3202,UK,3
hh_3203,UK,4
hh_3204,UK,1
hh_3205,UK,5
hh_3206,UK,5
hh_3207,UK,2
hh_3208,UK,4
hh_3209,UK,4
hh_3210,UK,1
hh_3211,UK,5
hh_3212,UK,3
hh_3213,UK,5
hh_3214,UK,3
hh_3215,UK,3
hh_3216,UK,3
hh_3217,UK,1
hh_3218,UK,3
hh_3219,UK,2
hh_3220,UK,4
hh_3221,UK,2
hh_3222,UK,1
hh_3223,UK,3
hh_3224,UK,2
hh_3225,UK,1
hh_3226,UK,1
hh_3227,UK,1
hh_3228,UK,3
hh_3229,UK,4
hh_3230,UK,2
hh_3231,UK,2
hh_3232,UK,2
hh_3233,UK,2
hh_3234,UK,3
hh_3235,UK,2
hh_3236,UK,1
hh_3237,UK,1
hh_3238,UK,2
hh_3239,UK,4
hh_3240,UK,3
hh_3241,UK,5
hh_3242,UK,1
hh_3243,UK,2
hh_3244,UK,2
hh_3245,UK,2
hh_3246,UK,1
hh_3247,UK,2
hh_3248,UK,2
hh_3249,UK,2
hh_3250,UK,2
hh_3251,UK,1
hh_3252,UK,4
hh_3253,UK,3
hh_3254,UK,2
hh_3255,UK,1
hh_3256,UK,2
hh_3257,UK,2
hh_3258,UK,2
hh_3259,UK,2
hh_3260,UK,2
hh_3261,UK,2
hh_3262,UK,2
hh_3263,UK,3
hh_3264,UK,3
hh_3265,UK,2
hh_3266,UK,1
hh_3267,UK,1
hh_3268,UK,3
hh_3269,UK,1
hh_3270,UK,3
hh_3271,UK,3
hh_3272,UK,5
hh_3273,UK,2
hh_3274,UK,2
hh_3275,UK,2
hh_3276,UK,2
hh_3277,UK,3
hh_3278,UK,5
hh_3279,UK,1
hh_3280,UK,3
hh_3281,UK,3
hh_3282,UK,2
hh_3283,UK,2
hh_3284,UK,2
hh_3285,UK,2
hh_3286,UK,2
hh_3287,UK,1
hh_3288,UK,3
hh_3289,UK,3
hh_3290,UK,1
hh_3291,UK,2
hh_3292,UK,4
hh_3293,UK,1
hh_3294,UK,2
hh_3295,UK,3
hh_3296,UK,2
hh_3297,UK,5
hh_3298,UK,1
hh_3299,UK,1
hh_3300,UK,5
hh_3301,UK,1
hh_3302,UK,1
hh_3303,UK,2
hh_3304,UK,2
hh_3305,UK,1
hh_3306,UK,2
hh_3307,UK,6
hh_3308,UK,1
hh_3309,UK,1
hh_3310,UK,2
hh_3311,UK,4
hh_3312,UK,6
hh_3313,UK,1
hh_3314,UK,2
hh_3315,UK,1
hh_3316,UK,1
hh_3317,UK,2
hh_3318,UK,3
hh_3319,UK,2
hh_3320,UK,4
hh_3321,UK,3
hh_3322,UK,4
hh_3323,UK,4
hh_3324,UK,2
hh_3325,UK,3
hh_3326,UK,3
hh_3327,UK,2
hh_3328,UK,2
hh_3329,UK,3
hh_3330,UK,1
hh_3331,UK,2
hh_3332,UK,2
hh_3333,UK,4
hh_3334,UK,3
hh_3335,UK,3
hh_3336,UK,5
hh_3337,UK,2
hh_3338,UK,1
hh_3339,UK,2
hh_3340,UK,2
hh_3341,UK,1
hh_3342,UK,1
hh_3343,UK,1
hh_3344,UK,1
hh_3345,UK,3
hh_3346,UK,2
hh_3347,UK,3
hh_3348,UK,1
hh_3349,UK,2
hh_3350,UK,3
hh_3351,UK,2
hh_3352,UK,2
hh_3353,UK,2
hh_3354,UK,1
hh_3355,UK,2
hh_3356,UK,5
hh_3357,UK,4
hh_3358,UK,2
hh_3359,UK,2
hh_3360,UK,4
hh_3361,UK,2
hh_3362,UK,4
hh_3363,UK,4
hh_3364,UK,1
hh_3365,UK,1
hh_3366,UK,2
hh_3367,UK,1
hh_3368,UK,1
hh_3369,UK,1
hh_3370,UK,2
hh_3371,UK,3
hh_3372,UK,3
hh_3373,UK,2
hh_3374,UK,1
hh_3375,UK,2
hh_3376,UK,4
hh_3377,UK,2
hh_3378,UK,1
hh_3379,UK,3
hh_3380,UK,2
hh_3381,UK,1
hh_3382,UK,3
hh_3383,UK,3
hh_3384,UK,2
hh_3385,UK,2
hh_3386,UK,2
hh_3387,UK,1
hh_3388,UK,1
hh_3389,UK,2
hh_3390,UK,1
hh_3391,UK,2
hh_3392,UK,4
hh_3393,UK,1
hh_3394,UK,1
hh_3395,UK,2
hh_3396,UK,1
hh_3397,UK,3
hh_3398,UK,3
hh_3399,UK,1
hh_3400,UK,5
hh_3401,UK,1
hh_3402,UK,3
hh_3403,UK,3
hh_3404,UK,2
hh_3405,UK,3
hh_3406,UK,2
hh_3407,UK,1
hh_3408,UK,4
hh_3409,UK,2
hh_3410,UK,2
hh_3411,UK,4
hh_3412,UK,4
hh_3413,UK,4
hh_3414,UK,4
hh_3415,UK,1
hh_3416,UK,4
hh_3417,UK,4
hh_3418,UK,3
hh_3419,UK,1
hh_3420,UK,4
hh_3421,UK,3
hh_3422,UK,1
hh_3423,UK,6
hh_3424,UK,1
hh_3425,UK,2
hh_3426,UK,3
hh_3427,UK,3
hh_3428,UK,3
hh_3429,UK,4
hh_3430,UK,1
hh_3431,UK,3
hh_3432,UK,1
hh_3433,UK,2
hh_3434,UK,3
hh_3435,UK,4
hh_3436,UK,4
hh_3437,UK,2
hh_3438,UK,2
hh_3439,UK,5
hh_3440,UK,1
hh_3441,UK,1
hh_3442,UK,2
hh_3443,UK,6
hh_3444,UK,2
hh_3445,UK,2
hh_3446,UK,3
hh_3447,UK,3
hh_3448,UK,4
hh_3449,UK,3
hh_3450,UK,4
hh_3451,UK,1
hh_3452,UK,4
hh_3453,UK,3
hh_3454,UK,2
hh_3455,UK,1
hh_3456,UK,1
hh_3457,UK,3
hh_3458,UK,4
hh_3459,UK,5
hh_3460,UK,5
hh_3461,UK,4
hh_3462,UK,1
hh_3463,UK,3
hh_3464,UK,5
hh_3465,UK,5
hh_3466,UK,2
hh_3467,UK,2
hh_3468,UK,3
hh_3469,UK,3
hh_3470,UK,2
hh_3471,UK,3
hh_3472,UK,4
hh_3473,UK,4
hh_3474,UK,2
hh_3475,UK,3
hh_3476,UK,4
hh_3477,UK,2
hh_3478,UK,3
hh_3479,UK,2
hh_3480,UK,4
hh_3481,UK,1
hh_3482,UK,3
hh_3483,UK,4
hh_3484,UK,5
hh_3485,UK,3
hh_3486,UK,5
hh_3487,UK,4
hh_3488,UK,1
hh_3489,UK,1
hh_3490,UK,1
hh_3491,UK,3
hh_3492,UK,5
hh_3493,UK,2
hh_3494,UK,1
hh_3495,UK,2
hh_3496,UK,4
hh_3497,UK,2
hh_3498,UK,5
hh_3499,UK,2
hh_3500,UK,3
hh_3501,UK,1
hh_3502,UK,4
hh_3503,UK,2
hh_3504,UK,5
hh_3505,UK,4
hh_3506,UK,2
hh_3507,UK,7
hh_3508,UK,1
hh_3509,UK,5
hh_3510,UK,2
hh_3511,UK,2
hh_3512,UK,4
hh_3513,UK,3
hh_3514,UK,3
hh_3515,UK,6
hh_3516,UK,2
hh_3517,UK,4
hh_3518,UK,5
hh_3519,UK,2
hh_3520,UK,2
hh_3521,UK,3
hh_3522,UK,5
hh_3523,UK,3
hh_3524,UK,4
hh_3525,UK,4
hh_3526,UK,5
hh_3527,UK,1
hh_3528,UK,5
hh_3529,UK,4
hh_3530,UK,3
hh_3531,UK,5
hh_3532,UK,5
hh_3533,UK,5
hh_3534,UK,4
hh_3535,UK,4
hh_3536,UK,1
hh_3537,UK,2
hh_3538,UK,7
hh_3539,UK,3
hh_3540,UK,5
hh_3541,UK,4
hh_3542,UK,3
hh_3543,UK,3
hh_3544,UK,4
hh_3545,UK,3
hh_3546,UK,3
hh_3547,UK,4
hh_3548,UK,2
hh_3549,UK,5
hh_3550,UK,1
hh_3551,UK,3
hh_3552,UK,5
hh_3553,UK,3
hh_3554,UK,4
hh_3555,UK,3
hh_3556,UK,3
hh_3557,UK,3
hh_3558,UK,2
hh_3559,UK,2
hh_3560,UK,5
hh_3561,UK,4
hh_3562,UK,3
hh_3563,UK,1
hh_3564,UK,3
hh_3565,UK,1
hh_3566,UK,3
hh_3567,UK,3
hh_3568,UK,5
hh_3569,UK,4
hh_3570,UK,2
hh_3571,UK,2
hh_3572,UK,3
hh_3573,UK,4
hh_3574,UK,2
hh_3575,UK,3
hh_3576,UK,3
hh_3577,UK,3
hh_3578,UK,3
hh_3579,UK,4
hh_3580,UK,1
hh_3581,UK,3
hh_3582,UK,3
hh_3583,UK,4
hh_3584,UK,3
hh_3585,UK,4
hh_3586,UK,4
hh_3587,UK,4
hh_3588,UK,2
hh_3589,UK,1
hh_3590,UK,1
hh_3591,UK,2
hh_3592,UK,6
hh_3593,UK,4
hh_3594,UK,3
hh_3595,UK,8+
hh_3596,UK,3
hh_3597,UK,4
hh_3598,UK,5
hh_3599,UK,3
hh_3600,UK,5
hh_3601,UK,2
hh_3602,UK,2
hh_3603,UK,2
hh_3604,UK,1
hh_3605,UK,3
hh_3606,UK,3
hh_3607,UK,2
hh_3608,UK,3
hh_3609,UK,4
hh_3610,UK,4
hh_3611,UK,3
hh_3612,UK,4
hh_3613,UK,5
hh_3614,UK,2
hh_3615,UK,5
hh_3616,UK,2
hh_3617,UK,5
hh_3618,UK,4
hh_3619,UK,4
hh_3620,UK,2
hh_3621,UK,2
hh_3622,UK,1
hh_3623,UK,6
hh_3624,UK,2
hh_3625,UK,5
hh_3626,UK,3
hh_3627,UK,2
hh_3628,UK,4
hh_3629,UK,1
hh_3630,UK,1
hh_3631,UK,3
hh_3632,UK,2
hh_3633,UK,4
hh_3634,UK,3
hh_3635,UK,4
hh_3636,UK,2
hh_3637,UK,3
hh_3638,UK,2
hh_3639,UK,1
hh_3640,UK,2
hh_3641,UK,2
hh_3642,UK,4
hh_3643,UK,1
hh_3644,UK,3
hh_3645,UK,3
hh_3646,UK,2
hh_3647,UK,2
hh_3648,UK,3
hh_3649,UK,3
hh_3650,UK,1
hh_3651,UK,3
hh_3652,UK,5
hh_3653,UK,4
hh_3654,UK,2
hh_3655,UK,1
hh_3656,UK,4
hh_3657,UK,3
hh_3658,UK,3
hh_3659,UK,2
hh_3660,UK,2
hh_3661,UK,3
hh_3662,UK,4
hh_3663,UK,2
hh_3664,UK,5
hh_3665,UK,2
hh_3666,UK,2
hh_3667,UK,1
hh_3668,UK,4
hh_3669,UK,5
hh_3670,UK,4
hh_3671,UK,3
hh_3672,UK,2
hh_3673,UK,4
hh_3674,UK,1
hh_3675,UK,2
hh_3676,UK,4
hh_3677,UK,1
hh_3678,UK,4
hh_3679,UK,1
hh_3680,UK,2
hh_3681,UK,2
hh_3682,UK,1
hh_3683,UK,2
hh_3684,UK,2
hh_3685,UK,4
hh_3686,UK,4
hh_3687,UK,3
hh_3688,UK,4
hh_3689,UK,3
hh_3690,UK,1
hh_3691,UK,3
hh_3692,UK,1
hh_3693,UK,3
hh_3694,UK,2
hh_3695,UK,1
hh_3696,UK,2
hh_3697,UK,1
hh_3698,UK,2
hh_3699,UK,2
hh_3700,UK,3
hh_3701,UK,2
hh_3702,UK,4
hh_3703,UK,1
hh_3704,UK,2
hh_3705,UK,2
hh_3706,UK,1
hh_3707,UK,3
hh_3708,UK,2
hh_3709,UK,4
hh_3710,UK,4
hh_3711,UK,2
hh_3712,UK,1
hh_3713,UK,3
hh_3714,UK,2
hh_3715,UK,2
hh_3716,UK,2
hh_3717,UK,2
hh_3718,UK,3
hh_3719,UK,4
hh_3720,UK,2
hh_3721,UK,4
hh_3722,UK,2
hh_3723,UK,2
hh_3724,UK,2
hh_3725,UK,1
hh_3726,UK,2
hh_3727,UK,3
hh_3728,UK,2
hh_3729,UK,2
hh_3730,UK,1
hh_3731,UK,1
hh_3732,UK,1
hh_3733,UK,4
hh_3734,UK,3
hh_3735,UK,2
hh_3736,UK,1
hh_3737,UK,2
hh_3738,UK,2
hh_3739,UK,2
hh_3740,UK,4
hh_3741,UK,4
hh_3742,UK,2
hh_3743,UK,2
hh_3744,UK,2
hh_3745,UK,1
hh_3746,UK,4
hh_3747,UK,1
hh_3748,UK,2
hh_3749,UK,2
hh_3750,UK,2
hh_3751,UK,2
hh_3752,UK,3
hh_3753,UK,3
hh_3754,UK,2
hh_3755,UK,4
hh_3756,UK,2
hh_3757,UK,1
hh_3758,UK,3
hh_3759,UK,2
hh_3760,UK,4
hh_3761,UK,1
hh_3762,UK,2
hh_3763,UK,3
hh_3764,UK,2
hh_3765,UK,4
hh_3766,UK,4
hh_3767,UK,1
hh_3768,UK,4
hh_3769,UK,4
hh_3770,UK,2
hh_3771,UK,2
hh_3772,UK,1
hh_3773,UK,2
hh_3774,UK,1
hh_3775,UK,3
hh_3776,UK,3
hh_3777,UK,1
hh_3778,UK,3
hh_3779,UK,1
hh_3780,UK,2
hh_3781,UK,2
hh_3782,UK,6
hh_3783,UK,2
hh_3784,UK,3
hh_3785,UK,2
hh_3786,UK,2
hh_3787,UK,1
hh_3788,UK,1
hh_3789,UK,4
hh_3790,UK,2
hh_3791,UK,1
hh_3792,UK,2
hh_3793,UK,1
hh_3794,UK,4
hh_3795,UK,2
hh_3796,UK,1
hh_3797,UK,2
hh_3798,UK,2
hh_3799,UK,2
hh_3800,UK,1
hh_3801,UK,2
hh_3802,UK,2
hh_3803,UK,2
hh_3804,UK,3
hh_3805,UK,2
hh_3806,UK,4
hh_3807,UK,1
hh_3808,UK,1
hh_3809,UK,1
hh_3810,UK,3
hh_3811,UK,2
hh_3812,UK,4
hh_3813,UK,1
hh_3814,UK,1
hh_3815,UK,2
hh_3816,UK,1
hh_3817,UK,1
hh_3818,UK,2
hh_3819,UK,2
hh_3820,UK,3
hh_3821,UK,2
hh_3822,UK,1
hh_3823,UK,4
hh_3824,UK,1
hh_3825,UK,4
hh_3826,UK,1
hh_3827,UK,3
hh_3828,UK,2
hh_3829,UK,1
hh_3830,UK,2
hh_3831,UK,3
hh_3832,UK,2
hh_3833,UK,4
hh_3834,UK,2
hh_3835,UK,2
hh_3836,UK,4
hh_3837,UK,5
hh_3838,UK,6
hh_3839,UK,3
hh_3840,UK,1
hh_3841,UK,4
hh_3842,UK,4
hh_3843,UK,3
hh_3844,UK,2
hh_3845,UK,1
hh_3846,UK,1
hh_3847,UK,4
hh_3848,UK,4
hh_3849,UK,2
hh_3850,UK,4
hh_3851,UK,8+
hh_3852,UK,2
hh_3853,UK,2
hh_3854,UK,4
hh_3855,UK,4
hh_3856,UK,4
hh_3857,UK,1
hh_3858,UK,2
hh_3859,UK,6
hh_3860,UK,3
hh_3861,UK,7
hh_3862,UK,6
hh_3863,UK,1
hh_3864,UK,5
hh_3865,UK,1
hh_3866,UK,2
hh_3867,UK,3
hh_3868,UK,1
hh_3869,UK,4
hh_3870,UK,5
hh_3871,UK,2
hh_3872,UK,2
hh_3873,UK,3
hh_3874,UK,1
hh_3875,UK,2
hh_3876,UK,2
hh_3877,UK,3
hh_3878,UK,3
hh_3879,UK,3
hh_3880,UK,5
hh_3881,UK,2
hh_3882,UK,3
hh_3883,UK,4
hh_3884,UK,3
hh_3885,UK,4
hh_3886,UK,2
hh_3887,UK,2
hh_3888,UK,2
hh_3889,UK,2
hh_3890,UK,4
hh_3891,UK,2
hh_3892,UK,4
hh_3893,UK,4
hh_3894,UK,2
hh_3895,UK,2
hh_3896,UK,4
hh_3897,UK,2
hh_3898,UK,2
hh_3899,UK,1
hh_3900,UK,2
hh_3901,UK,3
hh_3902,UK,3
hh_3903,UK,5
hh_3904,UK,3
hh_3905,UK,3
hh_3906,UK,1
hh_3907,UK,2
hh_3908,UK,2
hh_3909,UK,2
hh_3910,UK,6
hh_3911,UK,3
hh_3912,UK,1
hh_3913,UK,2
hh_3914,UK,4
hh_3915,UK,3
hh_3916,UK,4
hh_3917,UK,4
hh_3918,UK,4
hh_3919,UK,3
hh_3920,UK,2
hh_3921,UK,7
hh_3922,UK,1
hh_3923,UK,2
hh_3924,UK,3
hh_3925,UK,4
hh_3926,UK,2
hh_3927,UK,4
hh_3928,UK,4
hh_3929,UK,1
hh_3930,UK,3
hh_3931,UK,1
hh_3932,UK,4
hh_3933,UK,4
hh_3934,UK,3
hh_3935,UK,4
hh_3936,UK,4
hh_3937,UK,6
hh_3938,UK,2
hh_3939,UK,2
hh_3940,UK,4
hh_3941,UK,3
hh_3942,UK,5
hh_3943,UK,3
hh_3944,UK,6
hh_3945,UK,2
hh_3946,UK,2
hh_3947,UK,4
hh_3948,UK,2
hh_3949,UK,1
hh_3950,UK,2
hh_3951,UK,3
hh_3952,UK,2
hh_3953,UK,6
hh_3954,UK,4
hh_3955,UK,2
hh_3956,UK,4
hh_3957,UK,5
hh_3958,UK,3
hh_3959,UK,3
hh_3960,UK,2
hh_3961,UK,3
hh_3962,UK,3
hh_3963,UK,2
hh_3964,UK,2
hh_3965,UK,3
hh_3966,UK,3
hh_3967,UK,3
hh_3968,UK,4
hh_3969,UK,3
hh_3970,UK,3
hh_3971,UK,1
hh_3972,UK,2
hh_3973,UK,3
hh_3974,UK,1
hh_3975,UK,4
hh_3976,UK,4
hh_3977,UK,3
hh_3978,UK,4
hh_3979,UK,2
hh_3980,UK,3
hh_3981,UK,4
hh_3982,UK,4
hh_3983,UK,4
hh_3984,UK,2
hh_3985,UK,3
hh_3986,UK,5
hh_3987,UK,4
hh_3988,UK,5
hh_3989,UK,2
hh_3990,UK,2
hh_3991,UK,3
hh_3992,UK,3
hh_3993,UK,1
hh_3994,UK,3
hh_3995,UK,1
hh_3996,UK,3
hh_3997,UK,3
hh_3998,UK,4
hh_3999,UK,2
hh_4000,UK,4
hh_4001,UK,3
hh_4002,UK,1
hh_4003,UK,6
hh_4004,UK,4
hh_4005,UK,5
hh_4006,UK,3
hh_4007,UK,1
hh_4008,UK,4
hh_4009,UK,3
hh_4010,UK,4
hh_4011,UK,1
hh_4012,UK,1
hh_4013,UK,2
hh_4014,UK,4
hh_4015,UK,3
hh_4016,UK,3
hh_4017,UK,1
hh_4018,UK,3
hh_4019,UK,4
hh_4020,UK,1
hh_4021,UK,3
hh_4022,UK,4
hh_4023,UK,2
hh_4024,UK,2
hh_4025,UK,4
hh_4026,UK,2
hh_4027,UK,5
hh_4028,UK,3
hh_4029,UK,4
hh_4030,UK,1
hh_4031,UK,2
hh_4032,UK,4
hh_4033,UK,2
hh_4034,UK,1
hh_4035,UK,4
hh_4036,UK,5
hh_4037,UK,8+
hh_4038,UK,3
hh_4039,UK,3
hh_4040,UK,2
hh_4041,UK,2
hh_4042,UK,3
hh_4043,UK,1
hh_4044,UK,5
hh_4045,UK,3
hh_4046,UK,3
hh_4047,UK,4
hh_4048,UK,6
hh_4049,UK,4
hh_4050,UK,4
hh_4051,UK,2
hh_4052,UK,6
hh_4053,UK,1
hh_4054,UK,4
hh_4055,UK,4
hh_4056,UK,1
hh_4057,UK,2
hh_4058,UK,2
hh_4059,UK,4
hh_4060,UK,3
hh_4061,UK,3
hh_4062,UK,2
hh_4063,UK,4
hh_4064,UK,3
hh_4065,UK,6
hh_4066,UK,1
hh_4067,UK,2
hh_4068,UK,3
hh_4069,UK,2
hh_4070,UK,3
hh_4071,UK,5
hh_4072,UK,5
hh_4073,UK,2
hh_4074,UK,2
hh_4075,UK,2
hh_4076,UK,7
hh_4077,UK,3
hh_4078,UK,4
hh_4079,UK,4
hh_4080,UK,2
hh_4081,UK,1
hh_4082,UK,3
hh_4083,UK,4
hh_4084,UK,2
hh_4085,UK,3
hh_4086,UK,2
hh_4087,UK,3
hh_4088,UK,4
hh_4089,UK,3
hh_4090,UK,1
hh_4091,UK,2
hh_4092,UK,3
hh_4093,UK,1
hh_4094,UK,4
hh_4095,UK,2
hh_4096,UK,3
hh_4097,UK,3
hh_4098,UK,4
hh_4099,UK,2
hh_4100,UK,4
hh_4101,UK,1
hh_4102,UK,2
hh_4103,UK,2
hh_4104,UK,6
hh_4105,UK,2
hh_4106,UK,2
hh_4107,UK,4
hh_4108,UK,3
hh_4109,UK,3
hh_4110,UK,3
hh_4111,UK,1
hh_4112,UK,3
hh_4113,UK,3
hh_4114,UK,2
hh_4115,UK,3
hh_4116,UK,1
hh_4117,UK,2
hh_4118,UK,4
hh_4119,UK,1
hh_4120,UK,1
hh_4121,UK,2
hh_4122,UK,1
hh_4123,UK,3
hh_4124,UK,6
hh_4125,UK,1
hh_4126,UK,2
hh_4127,UK,4
hh_4128,UK,3
hh_4129,UK,3
hh_4130,UK,1
hh_4131,UK,1
hh_4132,UK,2
hh_4133,UK,5
hh_4134,UK,2
hh_4135,UK,5
hh_4136,UK,4
hh_4137,UK,2
hh_4138,UK,3
hh_4139,UK,2
hh_4140,UK,4
hh_4141,UK,1
hh_4142,UK,2
hh_4143,UK,2
hh_4144,UK,4
hh_4145,UK,3
hh_4146,UK,2
hh_4147,UK,1
hh_4148,UK,4
hh_4149,UK,1
hh_4150,UK,3
hh_4151,UK,2
hh_4152,UK,2
hh_4153,UK,2
hh_4154,UK,2
hh_4155,UK,4
hh_4156,UK,4
hh_4157,UK,4
hh_4158,UK,2
hh_4159,UK,2
hh_4160,UK,2
hh_4161,UK,1
hh_4162,UK,3
hh_4163,UK,2
hh_4164,UK,2
hh_4165,UK,2
hh_4166,UK,5
hh_4167,UK,1
hh_4168,UK,1
hh_4169,UK,3
hh_4170,UK,1
hh_4171,UK,2
hh_4172,UK,3
hh_4173,UK,3
hh_4174,UK,3
hh_4175,UK,3
hh_4176,UK,5
hh_4177,UK,2
hh_4178,UK,1
hh_4179,UK,6
hh_4180,UK,1
hh_4181,UK,2
hh_4182,UK,2
hh_4183,UK,2
hh_4184,UK,2
hh_4185,UK,1
hh_4186,UK,1
hh_4187,UK,2
hh_4188,UK,3
hh_4189,UK,4
hh_4190,UK,1
hh_4191,UK,1
hh_4192,UK,2
hh_4193,UK,1
hh_4194,UK,2
hh_4195,UK,2
hh_4196,UK,2
hh_4197,UK,2
hh_4198,UK,3
hh_4199,UK,2
hh_4200,UK,3
hh_4201,UK,2
hh_4202,UK,3
hh_4203,UK,1
hh_4204,UK,2
hh_4205,UK,3
hh_4206,UK,1
hh_4207,UK,2
hh_4208,UK,2
hh_4209,UK,2
hh_4210,UK,1
hh_4211,UK,1
hh_4212,UK,1
hh_4213,UK,1
hh_4214,UK,2
hh_4215,UK,3
hh_4216,UK,2
hh_4217,UK,2
hh_4218,UK,2
hh_4219,UK,2
hh_4220,UK,2
hh_4221,UK,1
hh_4222,UK,2
hh_4223,UK,4
hh_4224,UK,1
hh_4225,UK,1
hh_4226,UK,1
hh_4227,UK,2
hh_4228,UK,2
hh_4229,UK,2
hh_4230,UK,5
hh_4231,UK,2
hh_4232,UK,3
hh_4233,UK,3
hh_4234,UK,4
hh_4235,UK,1
hh_4236,UK,6
hh_4237,UK,3
hh_4238,UK,3
hh_4239,UK,2
hh_4240,UK,2
hh_4241,UK,3
hh_4242,UK,2
hh_4243,UK,3
hh_4244,UK,4
hh_4245,UK,4
hh_4246,UK,4
hh_4247,UK,1
hh_4248,UK,4
hh_4249,UK,1
hh_4250,UK,3
hh_4251,UK,2
hh_4252,UK,2
hh_4253,UK,1
hh_4254,UK,6
hh_4255,UK,8+
hh_4256,UK,3
hh_4257,UK,2
hh_4258,UK,2
hh_4259,UK,3
hh_4260,UK,4
hh_4261,UK,2
hh_4262,UK,5
hh_4263,UK,4
hh_4264,UK,2
hh_4265,UK,3
hh_4266,UK,4
hh_4267,UK,5
hh_4268,UK,4
hh_4269,UK,4
hh_4270,UK,3
hh_4271,UK,3
hh_4272,UK,4
hh_4273,UK,4
hh_4274,UK,4
hh_4275,UK,4
hh_4276,UK,3
hh_4277,UK,2
hh_4278,UK,2
hh_4279,UK,3
hh_4280,UK,2
hh_4281,UK,4
hh_4282,UK,4
hh_4283,UK,6
hh_4284,UK,3
hh_4285,UK,3
hh_4286,UK,2
hh_4287,UK,4
hh_4288,UK,4
hh_4289,UK,1
hh_4290,UK,3
hh_4291,UK,2
hh_4292,UK,4
hh_4293,UK,2
hh_4294,UK,4
hh_4295,UK,3
hh_4296,UK,3
hh_4297,UK,2
hh_4298,UK,3
hh_4299,UK,1
hh_4300,UK,5
hh_4301,UK,4
hh_4302,UK,3
hh_4303,UK,3
hh_4304,UK,7
hh_4305,UK,4
hh_4306,UK,4
hh_4307,UK,3
hh_4308,UK,3
hh_4309,UK,4
hh_4310,UK,4
hh_4311,UK,2
hh_4312,UK,3
hh_4313,UK,3
hh_4314,UK,1
hh_4315,UK,2
hh_4316,UK,4
hh_4317,UK,4
hh_4318,UK,4
hh_4319,UK,4
hh_4320,UK,2
hh_4321,UK,2
hh_4322,UK,3
hh_4323,UK,2
hh_4324,UK,5
hh_4325,UK,4
hh_4326,UK,1
hh_4327,UK,1
hh_4328,UK,3
hh_4329,UK,5
hh_4330,UK,1
hh_4331,UK,2
hh_4332,UK,3
hh_4333,UK,3
hh_4334,UK,4
hh_4335,UK,3
hh_4336,UK,3
hh_4337,UK,4
hh_4338,UK,3
hh_4339,UK,3
hh_4340,UK,3
hh_4341,UK,3
hh_4342,UK,2
hh_4343,UK,1
hh_4344,UK,4
hh_4345,UK,2
hh_4346,UK,3
hh_4347,UK,3
hh_4348,UK,4
hh_4349,UK,5
hh_4350,UK,2
hh_4351,UK,3
hh_4352,UK,2
hh_4353,UK,3
hh_4354,UK,4
hh_4355,UK,3
hh_4356,UK,2
hh_4357,UK,6
hh_4358,UK,5
hh_4359,UK,1
hh_4360,UK,3
hh_4361,UK,2
hh_4362,UK,2
hh_4363,UK,2
hh_4364,UK,1
hh_4365,UK,4
hh_4366,UK,2
hh_4367,UK,5
hh_4368,UK,3
hh_4369,UK,4
hh_4370,UK,3
hh_4371,UK,4
hh_4372,UK,1
hh_4373,UK,4
hh_4374,UK,3
hh_4375,UK,2
hh_4376,UK,2
hh_4377,UK,2
hh_4378,UK,4
hh_4379,UK,5
hh_4380,UK,1
hh_4381,UK,5
hh_4382,UK,4
hh_4383,UK,2
hh_4384,UK,2
hh_4385,UK,2
hh_4386,UK,4
hh_4387,UK,1
hh_4388,UK,3
hh_4389,UK,3
hh_4390,UK,3
hh_4391,UK,3
hh_4392,UK,2
hh_4393,UK,3
hh_4394,UK,1
hh_4395,UK,3
hh_4396,UK,5
hh_4397,UK,2
hh_4398,UK,2
hh_4399,UK,2
hh_4400,UK,2
hh_4401,UK,4
hh_4402,UK,3
hh_4403,UK,3
hh_4404,UK,3
hh_4405,UK,5
hh_4406,UK,4
hh_4407,UK,2
hh_4408,UK,3
hh_4409,UK,3
hh_4410,UK,1
hh_4411,UK,3
hh_4412,UK,5
hh_4413,UK,5
hh_4414,UK,4
hh_4415,UK,3
hh_4416,UK,4
hh_4417,UK,1
hh_4418,UK,1
hh_4419,UK,2
hh_4420,UK,3
hh_4421,UK,2
hh_4422,UK,3
hh_4423,UK,5
hh_4424,UK,6
hh_4425,UK,5
hh_4426,UK,2
hh_4427,UK,3
hh_4428,UK,5
hh_4429,UK,5
hh_4430,UK,4
hh_4431,UK,5
hh_4432,UK,4
hh_4433,UK,5
hh_4434,UK,6
hh_4435,UK,5
hh_4436,UK,3
hh_4437,UK,3
hh_4438,UK,4
hh_4439,UK,1
hh_4440,UK,5
hh_4441,UK,4
hh_4442,UK,3
hh_4443,UK,3
hh_4444,UK,3
hh_4445,UK,4
hh_4446,UK,4
hh_4447,UK,3
hh_4448,UK,5
hh_4449,UK,5
hh_4450,UK,4
hh_4451,UK,4
hh_4452,UK,3
hh_4453,UK,4
hh_4454,UK,4
hh_4455,UK,7
hh_4456,UK,2
hh_4457,UK,3
hh_4458,UK,5
hh_4459,UK,4
hh_4460,UK,3
hh_4461,UK,4
hh_4462,UK,3
hh_4463,UK,4
hh_4464,UK,3
hh_4465,UK,5
hh_4466,UK,3
hh_4467,UK,4
hh_4468,UK,4
hh_4469,UK,2
hh_4470,UK,3
hh_4471,UK,1
hh_4472,UK,6
hh_4473,UK,4
hh_4474,UK,4
hh_4475,UK,3
hh_4476,UK,4
hh_4477,UK,5
hh_4478,UK,5
hh_4479,UK,3
hh_4480,UK,6
hh_4481,UK,4
hh_4482,UK,3
hh_4483,UK,3
hh_4484,UK,3
hh_4485,UK,2
hh_4486,UK,2
hh_4487,UK,5
hh_4488,UK,5
hh_4489,UK,2
hh_4490,UK,3
hh_4491,UK,4
hh_4492,UK,5
hh_4493,UK,2
hh_4494,UK,2
hh_4495,UK,3
hh_4496,UK,4
hh_4497,UK,1
hh_4498,UK,5
hh_4499,UK,3
hh_4500,UK,4
hh_4501,UK,4
hh_4502,UK,4
hh_4503,UK,3
hh_4504,UK,4
hh_4505,UK,4
hh_4506,UK,6
hh_4507,UK,6
hh_4508,UK,3
hh_4509,UK,1
hh_4510,UK,8+
hh_4511,UK,3
hh_4512,UK,5
hh_4513,UK,3
hh_4514,UK,3
hh_4515,UK,6
hh_4516,UK,6
hh_4517,UK,4
hh_4518,UK,3
hh_4519,UK,4
hh_4520,UK,6
hh_4521,UK,2
hh_4522,UK,1
hh_4523,UK,6
hh_4524,UK,6
hh_4525,UK,4
hh_4526,UK,4
hh_4527,UK,5
hh_4528,UK,3
hh_4529,UK,4
hh_4530,UK,5
hh_4531,UK,4
hh_4532,UK,4
hh_4533,UK,4
hh_4534,UK,5
hh_4535,UK,2
hh_4536,UK,5
hh_4537,UK,4
hh_4538,UK,4
hh_4539,UK,3
hh_4540,UK,1
hh_4541,UK,4
hh_4542,UK,3
hh_4543,UK,4
hh_4544,UK,3
hh_4545,UK,4
hh_4546,UK,1
hh_4547,UK,4
hh_4548,UK,8+
hh_4549,UK,2
hh_4550,UK,3
hh_4551,UK,2
hh_4552,UK,2
hh_4553,UK,5
hh_4554,UK,8+
hh_4555,UK,4
hh_4556,UK,3
hh_4557,UK,3
hh_4558,UK,5
hh_4559,UK,1
hh_4560,UK,1
hh_4561,UK,3
hh_4562,UK,4
hh_4563,UK,3
hh_4564,UK,5
hh_4565,UK,5
hh_4566,UK,4
hh_4567,UK,4
hh_4568,UK,2
hh_4569,UK,3
hh_4570,UK,4
hh_4571,UK,3
hh_4572,UK,2
hh_4573,UK,3
hh_4574,UK,2
hh_4575,UK,2
hh_4576,UK,5
hh_4577,UK,2
hh_4578,UK,2
hh_4579,UK,4
hh_4580,UK,1
hh_4581,UK,3
hh_4582,UK,4
hh_4583,UK,3
hh_4584,UK,4
hh_4585,UK,2
hh_4586,UK,3
hh_4587,UK,1
hh_4588,UK,4
hh_4589,UK,1
hh_4590,UK,3
hh_4591,UK,2
hh_4592,UK,4
hh_4593,UK,5
hh_4594,UK,1
hh_4595,UK,4
hh_4596,UK,3
hh_4597,UK,1
hh_4598,UK,3
hh_4599,UK,2
hh_4600,UK,4
hh_4601,UK,2
hh_4602,UK,3
hh_4603,UK,2
hh_4604,UK,2
hh_4605,UK,3
hh_4606,UK,4
hh_4607,UK,2
hh_4608,UK,5
hh_4609,UK,1
hh_4610,UK,2
hh_4611,UK,3
hh_4612,UK,3
hh_4613,UK,3
hh_4614,UK,2
hh_4615,UK,5
hh_4616,UK,2
hh_4617,UK,4
hh_4618,UK,2
hh_4619,UK,1
hh_4620,UK,1
hh_4621,UK,1
hh_4622,UK,6
hh_4623,UK,4
hh_4624,UK,1
hh_4625,UK,2
hh_4626,UK,2
hh_4627,UK,5
hh_4628,UK,1
hh_4629,UK,1
hh_4630,UK,1
hh_4631,UK,3
hh_4632,UK,1
hh_4633,UK,2
hh_4634,UK,1
hh_4635,UK,2
hh_4636,UK,1
hh_4637,UK,1
hh_4638,UK,2
hh_4639,UK,4
hh_4640,UK,3
hh_4641,UK,4
hh_4642,UK,4
hh_4643,UK,2
hh_4644,UK,1
hh_4645,UK,2
hh_4646,UK,2
hh_4647,UK,2
hh_4648,UK,1
hh_4649,UK,1
hh_4650,UK,2
hh_4651,UK,3
hh_4652,UK,3
hh_4653,UK,1
hh_4654,UK,2
hh_4655,UK,1
hh_4656,UK,3
hh_4657,UK,2
hh_4658,UK,2
hh_4659,UK,2
hh_4660,UK,3
hh_4661,UK,3
hh_4662,UK,2
hh_4663,UK,1
hh_4664,UK,2
hh_4665,UK,5
hh_4666,UK,3
hh_4667,UK,2
hh_4668,UK,4
hh_4669,UK,2
hh_4670,UK,3
hh_4672,UK,1
hh_4673,UK,3
hh_4674,UK,1
hh_4675,UK,2
hh_4676,UK,4
hh_4677,UK,3
hh_4678,UK,3
hh_4679,UK,4
hh_4680,UK,3
hh_4681,UK,4
hh_4683,UK,1
hh_4684,UK,5
hh_4685,UK,4
hh_4686,UK,2
hh_4687,UK,7
hh_4688,UK,4
hh_4689,UK,2
hh_4690,UK,4
hh_4691,UK,2
hh_4692,UK,2
hh_4694,UK,1
hh_4695,UK,6
hh_4696,UK,1
hh_4697,UK,1
hh_4698,UK,3
hh_4699,UK,4
hh_4700,UK,1
hh_4701,UK,3
hh_4702,UK,4
hh_4703,UK,3
hh_4705,UK,4
hh_4706,UK,5
hh_4707,UK,1
hh_4708,UK,3
hh_4709,UK,2
hh_4710,UK,2
hh_4711,UK,4
hh_4712,UK,7
hh_4713,UK,4
hh_4714,UK,2
hh_4716,UK,2
hh_4717,UK,2
hh_4718,UK,3
hh_4719,UK,3
hh_4720,UK,4
hh_4721,UK,5
hh_4722,UK,6
hh_4723,UK,1
hh_4724,UK,3
hh_4725,UK,4
hh_4727,UK,4
hh_4728,UK,3
hh_4729,UK,3
hh_4730,UK,3
hh_4731,UK,3
hh_4732,UK,4
hh_4733,UK,2
hh_4734,UK,4
hh_4735,UK,5
hh_4736,UK,1
hh_4738,UK,3
hh_4739,UK,2
hh_4740,UK,4
hh_4741,UK,4
hh_4742,UK,4
hh_4743,UK,2
hh_4744,UK,4
hh_4745,UK,4
hh_4746,UK,2
hh_4747,UK,4
hh_4749,UK,4
hh_4750,UK,1
hh_4751,UK,4
hh_4752,UK,5
hh_4753,UK,3
hh_4754,UK,2
hh_4755,UK,5
hh_4756,UK,4
hh_4757,UK,5
hh_4758,UK,1
hh_4760,UK,2
hh_4761,UK,1
hh_4762,UK,1
hh_4763,UK,4
hh_4764,UK,2
hh_4765,UK,3
hh_4766,UK,4
hh_4767,UK,2
hh_4768,UK,2
hh_4769,UK,2
hh_4771,UK,3
hh_4772,UK,4
hh_4773,UK,4
hh_4775,UK,5
hh_4776,UK,2
hh_4777,UK,3
hh_4778,UK,3
hh_4779,UK,1
hh_4780,UK,3
hh_4782,UK,2
hh_4783,UK,4
hh_4784,UK,6
hh_4785,UK,3
hh_4786,UK,3
hh_4787,UK,4
hh_4788,UK,3
hh_4789,UK,5
hh_4790,UK,4
hh_4791,UK,1
hh_4793,UK,4
hh_4794,UK,2
hh_4795,UK,3
hh_4796,UK,3
hh_4797,UK,6
hh_4798,UK,2
hh_4799,UK,4
hh_4800,UK,5
hh_4801,UK,3
hh_4802,UK,4
hh_4804,UK,4
hh_4805,UK,4
hh_4806,UK,5
hh_4807,UK,1
hh_4808,UK,2
hh_4809,UK,3
hh_4810,UK,2
hh_4811,UK,4
hh_4812,UK,1
hh_4813,UK,6
hh_4815,UK,1
hh_4816,UK,3
hh_4817,UK,2
hh_4818,UK,2
hh_4819,UK,1
hh_4820,UK,2
hh_4821,UK,4
hh_4822,UK,6
hh_4823,UK,3
hh_4824,UK,2
hh_4826,UK,3
hh_4827,UK,2
hh_4828,UK,1
hh_4829,UK,3
hh_4830,UK,4
hh_4831,UK,5
hh_4832,UK,4
hh_4833,UK,2
hh_4834,UK,5
hh_4835,UK,2
hh_4837,UK,3
hh_4838,UK,1
hh_4839,UK,4
hh_4840,UK,3
hh_4841,UK,5
hh_4842,UK,3
hh_4843,UK,1
hh_4844,UK,2
hh_4845,UK,2
hh_4846,UK,2
hh_4848,UK,2
hh_4849,UK,3
hh_4850,UK,5
hh_4851,UK,4
hh_4852,UK,5
hh_4853,UK,4
hh_4854,UK,2
hh_4855,UK,5
hh_4856,UK,2
hh_4857,UK,3
hh_4859,UK,3
hh_4860,UK,4
hh_4861,UK,3
hh_4862,UK,4
hh_4863,UK,1
hh_4864,UK,2
hh_4865,UK,1
hh_4866,UK,4
hh_4867,UK,3
hh_4868,UK,2
hh_4870,UK,4
hh_4871,UK,1
hh_4872,UK,2
hh_4873,UK,3
hh_4874,UK,4
hh_4875,UK,4
hh_4876,UK,3
hh_4877,UK,2
hh_4878,UK,2
hh_4879,UK,3
hh_4881,UK,4
hh_4882,UK,3
hh_4883,UK,2
hh_4884,UK,4
hh_4885,UK,2
hh_4886,UK,3
hh_4887,UK,4
hh_4888,UK,4
hh_4889,UK,4
hh_4890,UK,4
hh_4892,UK,4
hh_4893,UK,5
hh_4894,UK,3
hh_4895,UK,2
hh_4896,UK,4
hh_4897,UK,1
hh_4898,UK,4
hh_4899,UK,3
hh_4900,UK,1
hh_4901,UK,3
hh_4903,UK,2
hh_4904,UK,3
hh_4905,UK,6
hh_4906,UK,1
hh_4907,UK,3
hh_4908,UK,3
hh_4909,UK,5
hh_4910,UK,1
hh_4911,UK,2
hh_4912,UK,2
hh_4914,UK,3
hh_4915,UK,4
hh_4916,UK,4
hh_4917,UK,2
hh_4918,UK,1
hh_4919,UK,2
hh_4920,UK,2
hh_4921,UK,3
hh_4922,UK,2
hh_4923,UK,1
hh_4925,UK,2
hh_4926,UK,4
hh_4927,UK,1
hh_4928,UK,5
hh_4929,UK,3
hh_4930,UK,5
hh_4931,UK,4
hh_4932,UK,5
hh_4933,UK,1
hh_4934,UK,4
hh_4936,UK,2
hh_4937,UK,2
hh_4938,UK,2
hh_4939,UK,1
hh_4940,UK,3
hh_4941,UK,2
hh_4942,UK,2
hh_4943,UK,3
hh_4944,UK,2
hh_4945,UK,1
hh_4947,UK,1
hh_4948,UK,5
hh_4949,UK,3
hh_4950,UK,3
hh_4951,UK,1
hh_4952,UK,1
hh_4953,UK,2
hh_4954,UK,1
hh_4955,UK,1
hh_4956,UK,2
hh_4958,UK,1
hh_4959,UK,1
hh_4960,UK,1
hh_4961,UK,1
hh_4962,UK,2
hh_4963,UK,1
hh_4964,UK,3
hh_4965,UK,2
hh_4966,UK,4
hh_4967,UK,3
hh_4969,UK,2
hh_4970,UK,2
hh_4971,UK,1
hh_4972,UK,2
hh_4973,UK,1
hh_4974,UK,1
hh_4975,UK,1
hh_5048,UK,6
hh_5049,UK,4
hh_5050,UK,2
hh_5051,UK,7
hh_5052,UK,4
hh_5053,UK,4
hh_5054,UK,2
hh_5055,UK,4
hh_5056,UK,4
hh_5058,UK,2
hh_5059,UK,1
hh_5060,UK,5
hh_5061,UK,2
hh_5062,UK,2
hh_5063,UK,4
hh_5064,UK,6
hh_5065,UK,1
hh_5066,UK,4
hh_5067,UK,3
hh_5069,UK,5
hh_5070,UK,3
hh_5071,UK,3
hh_5072,UK,4
hh_5073,UK,4
hh_5074,UK,2
hh_5075,UK,6
hh_5076,UK,5
hh_5077,UK,2
hh_5078,UK,4
hh_5080,UK,4
hh_5081,UK,5
hh_5082,UK,5
hh_5083,UK,2
hh_5084,UK,4
hh_5085,UK,3
hh_5086,UK,2
hh_5087,UK,3
hh_5088,UK,1
hh_5089,UK,6
hh_5091,UK,4
hh_5092,UK,4
hh_5093,UK,4
hh_5094,UK,7
hh_5095,UK,3
hh_5096,UK,2
hh_5097,UK,4
hh_5098,UK,2
hh_5099,UK,4
hh_5100,UK,4
hh_5102,UK,2
hh_5103,UK,2
hh_5104,UK,3
hh_5105,UK,3
hh_5106,UK,3
hh_5107,UK,3
hh_5108,UK,4
hh_5109,UK,1
hh_5110,UK,2
hh_5111,UK,4
hh_5113,UK,6
hh_5114,UK,3
hh_5115,UK,1
hh_5116,UK,1
hh_5117,UK,4
hh_5118,UK,4
hh_5119,UK,4
hh_5120,UK,3
hh_5121,UK,2
hh_5122,UK,3
hh_5124,UK,3
hh_5125,UK,3
hh_5126,UK,3
hh_5127,UK,2
hh_5128,UK,1
hh_5129,UK,2
hh_5130,UK,3
hh_5131,UK,4
hh_5132,UK,3
hh_5133,UK,4
hh_5135,UK,2
hh_5136,UK,2
hh_5137,UK,3
hh_5138,UK,3
hh_5139,UK,3
hh_5140,UK,1
hh_5141,UK,5
hh_5142,UK,4
hh_5143,UK,6
hh_5144,UK,3
hh_5146,UK,4
hh_5147,UK,5
hh_5148,UK,1
hh_5149,UK,2
hh_5150,UK,1
hh_5151,UK,4
hh_5152,UK,3
hh_5153,UK,1
hh_5154,UK,3
hh_5155,UK,6
hh_5157,UK,4
hh_5158,UK,3
hh_5159,UK,4
hh_5160,UK,2
hh_5161,UK,4
hh_5162,UK,4
hh_5163,UK,5
hh_5164,UK,1
hh_5165,UK,4
hh_5166,UK,3
hh_5168,UK,1
hh_5169,UK,4
hh_5170,UK,4
hh_5171,UK,2
hh_5172,UK,6
hh_5173,UK,2
hh_5174,UK,4
hh_5175,UK,5
hh_5176,UK,7
hh_5177,UK,4
hh_5179,UK,4
hh_5180,UK,2
hh_5181,UK,2
hh_5182,UK,3
hh_5183,UK,3
hh_5184,UK,3
hh_5185,UK,4
hh_5186,UK,4
hh_5187,UK,5
hh_5188,UK,2
hh_5190,UK,1
hh_5191,UK,3
hh_5192,UK,4
hh_5193,UK,4
hh_5194,UK,3
hh_5195,UK,5
hh_5196,UK,1
hh_5197,UK,3
hh_5198,UK,5
hh_5199,UK,3
hh_5201,UK,2
hh_5202,UK,2
hh_5203,UK,1
hh_5204,UK,5
hh_5205,UK,3
hh_5206,UK,4
hh_5207,UK,5
hh_5208,UK,1
hh_5209,UK,2
hh_5210,UK,3
hh_5212,UK,3
hh_5213,UK,4
hh_5214,UK,5
hh_5215,UK,6
hh_5216,UK,4
hh_5217,UK,1
hh_5218,UK,3
hh_5219,UK,2
hh_5220,UK,2
hh_5221,UK,7
hh_5223,UK,4
hh_5224,UK,1
hh_5225,UK,4
hh_5226,UK,2
hh_5227,UK,3
hh_5228,UK,1
hh_5229,UK,3
hh_5230,UK,4
hh_5231,UK,3
hh_5232,UK,3
hh_5234,UK,2
hh_5235,UK,1
hh_5236,UK,2
hh_5237,UK,3
hh_5238,UK,3
hh_5239,UK,4
hh_5240,UK,4
hh_5241,UK,2
hh_5242,UK,2
hh_5243,UK,4
hh_5245,UK,2
hh_5246,UK,3
hh_5247,UK,1
hh_5248,UK,2
hh_5249,UK,3
hh_5250,UK,2
hh_5251,UK,2
hh_5252,UK,2
hh_5253,UK,3
hh_5254,UK,4
hh_5256,UK,2
hh_5257,UK,2
hh_5258,UK,4
hh_5259,UK,6
hh_5260,UK,5
hh_5261,UK,1
hh_5262,UK,4
hh_5263,UK,1
hh_5264,UK,3
hh_5265,UK,4
hh_5267,UK,4
hh_5268,UK,3
hh_5269,UK,2
hh_5270,UK,4
hh_5271,UK,2
hh_5272,UK,2
hh_5273,UK,4
hh_5274,UK,5
hh_5275,UK,2
hh_5276,UK,4
hh_5278,UK,3
hh_5279,UK,1
hh_5280,UK,4
hh_5281,UK,3
hh_5282,UK,1
hh_5283,UK,3
hh_5284,UK,3
hh_5285,UK,4
hh_5286,UK,4
hh_5287,UK,1
hh_5289,UK,3
hh_5290,UK,2
hh_5291,UK,5
hh_5292,UK,3
hh_5293,UK,3
hh_5294,UK,2
hh_5295,UK,2
hh_5296,UK,3
hh_5297,UK,3
hh_5298,UK,1
hh_5300,UK,3
hh_5301,UK,2
hh_5302,UK,2
hh_5303,UK,2
hh_5304,UK,2
hh_5305,UK,1
hh_5306,UK,2
hh_5307,UK,1
hh_5308,UK,4
hh_5309,UK,3
hh_5311,UK,2
hh_5312,UK,2
hh_5313,UK,2
hh_5314,UK,3
hh_5315,UK,3
hh_5316,UK,3
hh_5317,UK,4
hh_5318,UK,2
hh_5319,UK,4
hh_5320,UK,1
hh_5322,UK,1
hh_5323,UK,4
hh_5324,UK,2
hh_5325,UK,3
hh_5326,UK,1
hh_5327,UK,2
hh_5328,UK,1
hh_5329,UK,3
hh_5330,UK,1
hh_5331,UK,2
hh_5333,UK,2
hh_5334,UK,2
hh_5335,UK,2
hh_5410,UK,4
hh_5411,UK,4
hh_5412,UK,2
hh_5413,UK,3
hh_5414,UK,4
hh_5415,UK,3
hh_5416,UK,1
hh_5417,UK,2
hh_5418,UK,4
hh_5420,UK,6
hh_5421,UK,4
hh_5422,UK,4
hh_5423,UK,4
hh_5424,UK,2
hh_5425,UK,2
hh_5426,UK,4
hh_5427,UK,1
hh_5428,UK,2
hh_5429,UK,3
hh_5431,UK,3
hh_5432,UK,4
hh_5433,UK,4
hh_5434,UK,4
hh_5435,UK,4
hh_5436,UK,4
hh_5437,UK,1
hh_5438,UK,3
hh_5439,UK,1
hh_5440,UK,1
hh_5442,UK,2
hh_5443,UK,4
hh_5444,UK,2
hh_5445,UK,3
hh_5446,UK,2
hh_5447,UK,2
hh_5448,UK,6
hh_5449,UK,3
hh_5450,UK,4
hh_5451,UK,2
hh_5453,UK,2
hh_5454,UK,4
hh_5455,UK,2
hh_5456,UK,1
hh_5457,UK,3
hh_5458,UK,3
hh_5459,UK,3
hh_5460,UK,3
hh_5461,UK,6
hh_5462,UK,6
hh_5464,UK,2
hh_5465,UK,3
hh_5466,UK,2
hh_5467,UK,5
hh_5468,UK,4
hh_5469,UK,3
hh_5470,UK,4
hh_5471,UK,3
hh_5472,UK,3
hh_5473,UK,1
hh_5475,UK,2
hh_5476,UK,3
hh_5477,UK,4
hh_5478,UK,1
hh_5479,UK,2
hh_5480,UK,3
hh_5481,UK,5
hh_5482,UK,2
hh_5483,UK,5
hh_5484,UK,3
hh_5486,UK,5
hh_5487,UK,3
hh_5488,UK,3
hh_5489,UK,2
hh_5490,UK,2
hh_5491,UK,3
hh_5492,UK,5
hh_5493,UK,2
hh_5494,UK,3
hh_5495,UK,3
hh_5497,UK,3
hh_5498,UK,3
hh_5499,UK,5
hh_5500,UK,1
hh_5501,UK,3
hh_5502,UK,3
hh_5503,UK,4
hh_5504,UK,2
hh_5505,UK,5
hh_5506,UK,3
hh_5508,UK,2
hh_5509,UK,5
hh_5510,UK,5
hh_5511,UK,5
hh_5512,UK,2
hh_5513,UK,2
hh_5514,UK,3
hh_5515,UK,5
hh_5516,UK,3
hh_5517,UK,2
hh_5519,UK,5
hh_5520,UK,3
hh_5521,UK,2
hh_5522,UK,3
hh_5523,UK,2
hh_5524,UK,5
hh_5525,UK,2
hh_5526,UK,3
hh_5527,UK,5
hh_5528,UK,4
hh_5530,UK,2
hh_5531,UK,2
hh_5532,UK,2
hh_5533,UK,3
hh_5534,UK,3
hh_5535,UK,2
hh_5536,UK,4
hh_5537,UK,3
hh_5538,UK,3
hh_5539,UK,4
hh_5541,UK,4
hh_5542,UK,5
hh_5543,UK,5
hh_5544,UK,4
hh_5545,UK,1
hh_5546,UK,3
hh_5547,UK,3
hh_5548,UK,4
hh_5549,UK,2
hh_5550,UK,3
hh_5552,UK,4
hh_5553,UK,7
hh_5554,UK,3
hh_5555,UK,5
hh_5556,UK,2
hh_5557,UK,3
hh_5558,UK,2
hh_5559,UK,4
hh_5560,UK,2
hh_5561,UK,4
hh_5563,UK,4
hh_5564,UK,1
hh_5565,UK,1
hh_5566,UK,2
hh_5567,UK,4
hh_5568,UK,2
hh_5569,UK,2
hh_5570,UK,3
hh_5571,UK,4
hh_5572,UK,3
hh_5574,UK,3
hh_5575,UK,5
hh_5576,UK,1
hh_5577,UK,3
hh_5578,UK,2
hh_5579,UK,3
hh_5580,UK,4
hh_5581,UK,3
hh_5582,UK,3
hh_5583,UK,2
hh_5585,UK,4
hh_5586,UK,4
hh_5587,UK,3
hh_5588,UK,4
hh_5589,UK,4
hh_5590,UK,4
hh_5591,UK,3
hh_5592,UK,2
hh_5593,UK,2
hh_5594,UK,3
hh_5596,UK,1
hh_5597,UK,2
hh_5598,UK,1
hh_5599,UK,3
hh_5600,UK,2
hh_5601,UK,3
hh_5602,UK,3
hh_5603,UK,1
hh_5604,UK,1
hh_5605,UK,5
hh_5607,UK,4
hh_5608,UK,3
hh_5609,UK,3
hh_5610,UK,2
hh_5611,UK,3
hh_5612,UK,2
hh_5613,UK,5
hh_5614,UK,3
hh_5615,UK,5
hh_5616,UK,4
hh_5618,UK,3
hh_5619,UK,1
hh_5620,UK,2
hh_5621,UK,5
hh_5622,UK,2
hh_5623,UK,1
hh_5624,UK,2
hh_5625,UK,2
hh_5626,UK,1
hh_5627,UK,3
hh_5629,UK,2
hh_5630,UK,2
hh_5631,UK,3
hh_5632,UK,2
hh_5633,UK,1
hh_5634,UK,1
hh_5635,UK,2
hh_5636,UK,2
hh_5637,UK,2
hh_5638,UK,5
hh_5640,UK,2
hh_5641,UK,1
hh_5642,UK,1
hh_5643,UK,2
hh_5644,UK,1
hh_5645,UK,1
hh_5646,UK,2
hh_5647,UK,3
hh_5648,UK,2
hh_5649,UK,4
hh_5651,UK,2
hh_5652,UK,2
hh_5653,UK,2
hh_5654,UK,3
hh_5655,UK,1
hh_5656,UK,3
hh_5657,UK,2
hh_5658,UK,3
hh_5659,UK,1
hh_5660,UK,1
hh_5662,UK,3
hh_5663,UK,4
hh_5664,UK,1
hh_5665,UK,4
hh_5666,UK,2
hh_5667,UK,4
hh_5668,UK,1
hh_5669,UK,2
hh_5670,UK,2
hh_5671,UK,3
hh_5673,UK,2
hh_5674,UK,4
hh_5675,UK,1
hh_5676,UK,2
hh_5677,UK,2
hh_5678,UK,4
hh_5679,UK,3
hh_5680,UK,2
hh_5681,UK,2
hh_5682,UK,3
hh_5684,UK,1
hh_5685,UK,3
hh_5686,UK,3
hh_5687,UK,4
hh_5688,UK,5
hh_5689,UK,1
hh_5690,UK,2
hh_5691,UK,1
hh_5692,UK,4
hh_5693,UK,1
hh_5695,UK,3
hh_5696,UK,1
hh_5697,UK,2
hh_5698,UK,5
hh_5699,UK,4
hh_5700,UK,3
hh_5701,UK,3
hh_5702,UK,1
hh_5703,UK,1
hh_5704,UK,1
hh_5706,UK,1
hh_5707,UK,2
hh_5708,UK,2
hh_5709,UK,1
hh_5710,UK,2
hh_5711,UK,1
hh_5712,UK,1
hh_5713,UK,2
hh_5714,UK,1
hh_5715,UK,4
hh_5717,UK,2
hh_5718,UK,2
hh_5719,UK,2
hh_5720,UK,4
hh_5721,UK,1
hh_5722,UK,2
hh_5723,UK,2
hh_5724,UK,1
hh_5725,UK,1
hh_5726,UK,1
hh_5728,UK,1
hh_5729,UK,1
hh_5730,UK,2
hh_5731,UK,2
hh_5732,UK,2
hh_5733,UK,4
hh_5734,UK,4
hh_5735,UK,2
hh_5736,UK,1
hh_5737,UK,2
hh_5739,UK,2
hh_5740,UK,2
hh_5741,UK,1
hh_5742,UK,2
hh_5743,UK,3
hh_5744,UK,1
hh_5745,UK,1
hh_5746,UK,1
hh_5747,UK,2
hh_5748,UK,1
hh_5750,UK,1
hh_5751,UK,2
hh_5752,UK,2
hh_5753,UK,1
hh_5754,UK,1
hh_5755,UK,2
hh_5756,UK,1
hh_5757,UK,1
hh_5758,UK,2
hh_5759,UK,1
hh_5761,UK,2
hh_5830,UK,3
hh_5831,UK,4
hh_5832,UK,1
hh_5833,UK,3
hh_5834,UK,2
hh_5835,UK,5
hh_5836,UK,4
hh_5837,UK,4
hh_5838,UK,4
hh_5840,UK,2
hh_5841,UK,3
hh_5842,UK,4
hh_5843,UK,2
hh_5844,UK,1
hh_5845,UK,3
hh_5846,UK,1
hh_5847,UK,3
hh_5848,UK,4
hh_5849,UK,3
hh_5851,UK,5
hh_5852,UK,3
hh_5853,UK,4
hh_5854,UK,4
hh_5855,UK,2
hh_5856,UK,1
hh_5857,UK,5
hh_5858,UK,2
hh_5859,UK,4
hh_5860,UK,4
hh_5862,UK,2
hh_5863,UK,3
hh_5864,UK,4
hh_5865,UK,4
hh_5866,UK,6
hh_5867,UK,1
hh_5868,UK,3
hh_5869,UK,3
hh_5870,UK,4
hh_5871,UK,5
hh_5873,UK,4
hh_5874,UK,1
hh_5875,UK,4
hh_5876,UK,1
hh_5877,UK,3
hh_5878,UK,3
hh_5879,UK,2
hh_5880,UK,2
hh_5881,UK,3
hh_5882,UK,2
hh_5884,UK,3
hh_5885,UK,3
hh_5886,UK,3
hh_5887,UK,2
hh_5888,UK,4
hh_5889,UK,2
hh_5890,UK,4
hh_5891,UK,2
hh_5892,UK,5
hh_5893,UK,5
hh_5895,UK,3
hh_5896,UK,6
hh_5897,UK,3
hh_5898,UK,1
hh_5899,UK,6
hh_5900,UK,2
hh_5901,UK,2
hh_5902,UK,2
hh_5903,UK,3
hh_5904,UK,5
hh_5906,UK,4
hh_5907,UK,4
hh_5908,UK,4
hh_5909,UK,3
hh_5910,UK,2
hh_5911,UK,3
hh_5912,UK,3
hh_5913,UK,2
hh_5914,UK,3
hh_5915,UK,1
hh_5917,UK,3
hh_5918,UK,2
hh_5919,UK,4
hh_5920,UK,2
hh_5921,UK,1
hh_5922,UK,4
hh_5923,UK,4
hh_5924,UK,3
hh_5925,UK,2
hh_5926,UK,4
hh_5928,UK,5
hh_5929,UK,7
hh_5930,UK,3
hh_5931,UK,5
hh_5932,UK,4
hh_5933,UK,2
hh_5934,UK,2
hh_5935,UK,4
hh_5936,UK,5
hh_5937,UK,6
hh_5939,UK,5
hh_5940,UK,5
hh_5941,UK,4
hh_5942,UK,2
hh_5943,UK,2
hh_5944,UK,1
hh_5945,UK,1
hh_5946,UK,2
hh_5947,UK,3
hh_5948,UK,1
hh_5950,UK,3
hh_5951,UK,4
hh_5952,UK,4
hh_5953,UK,2
hh_5954,UK,4
hh_5955,UK,8+
hh_5956,UK,4
hh_5957,UK,4
hh_5958,UK,4
hh_5959,UK,4
hh_5961,UK,4
hh_5962,UK,4
hh_5963,UK,2
hh_5964,UK,2
hh_5965,UK,2
hh_5966,UK,2
hh_5967,UK,1
hh_5968,UK,4
hh_5969,UK,3
hh_5970,UK,2
hh_5972,UK,4
hh_5973,UK,1
hh_5974,UK,2
hh_5975,UK,3
hh_5976,UK,2
hh_5977,UK,3
hh_5978,UK,2
hh_5979,UK,3
hh_5980,UK,3
hh_5981,UK,3
hh_5983,UK,3
hh_5984,UK,2
hh_5985,UK,3
hh_5986,UK,3
hh_5987,UK,3
hh_5988,UK,1
hh_5989,UK,2
hh_5990,UK,3
hh_5991,UK,2
hh_5992,UK,1
hh_5994,UK,2
hh_5995,UK,4
hh_5996,UK,5
hh_5997,UK,5
hh_5998,UK,2
hh_5999,UK,4
hh_6000,UK,4
hh_6001,UK,4
hh_6002,UK,4
hh_6003,UK,3
hh_6005,UK,4
hh_6006,UK,4
hh_6007,UK,2
hh_6008,UK,2
hh_6009,UK,6
hh_6010,UK,2
hh_6011,UK,6
hh_6012,UK,1
hh_6013,UK,4
hh_6014,UK,3
hh_6016,UK,3
hh_6017,UK,3
hh_6018,UK,5
hh_6019,UK,3
hh_6020,UK,4
hh_6021,UK,3
hh_6022,UK,2
hh_6023,UK,4
hh_6024,UK,3
hh_6025,UK,2
hh_6027,UK,2
hh_6028,UK,1
hh_6029,UK,4
hh_6030,UK,1
hh_6031,UK,1
hh_6032,UK,4
hh_6033,UK,5
hh_6034,UK,4
hh_6035,UK,3
hh_6036,UK,2
hh_6038,UK,3
hh_6039,UK,4
hh_6040,UK,3
hh_6041,UK,4
hh_6042,UK,2
hh_6043,UK,4
hh_6044,UK,1
hh_6045,UK,4
hh_6046,UK,4
hh_6047,UK,1
hh_6049,UK,3
hh_6050,UK,5
hh_6051,UK,3
hh_6052,UK,1
hh_6053,UK,3
hh_6054,UK,4
hh_6055,UK,2
hh_6056,UK,5
hh_6057,UK,3
hh_6058,UK,2
hh_6060,UK,3
hh_6061,UK,2
hh_6062,UK,5
hh_6063,UK,3
hh_6064,UK,3
hh_6065,UK,2
hh_6066,UK,4
hh_6067,UK,5
hh_6068,UK,5
hh_6069,UK,3
hh_6071,UK,6
hh_6072,UK,4
hh_6073,UK,2
hh_6074,UK,4
hh_6075,UK,2
hh_6076,UK,2
hh_6077,UK,4
hh_6078,UK,2
hh_6079,UK,4
hh_6080,UK,3
hh_6082,UK,4
hh_6083,UK,2
hh_6084,UK,2
hh_6085,UK,3
hh_6086,UK,1
hh_6087,UK,5
hh_6088,UK,2
hh_6089,UK,2
hh_6090,UK,1
hh_6091,UK,4
hh_6093,UK,3
hh_6094,UK,2
hh_6095,UK,3
hh_6096,UK,2
hh_6097,UK,2
hh_6098,UK,5
hh_6099,UK,2
hh_6100,UK,2
hh_6101,UK,2
hh_6102,UK,4
hh_6104,UK,2
hh_6105,UK,2
hh_6106,UK,2
hh_6107,UK,4
hh_6108,UK,4
hh_6109,UK,2
hh_6110,UK,4
hh_6111,UK,1
hh_6112,UK,3
hh_6113,UK,2
hh_6115,UK,2
hh_6116,UK,3
hh_6117,UK,2
hh_6118,UK,7
hh_6119,UK,2
hh_6120,UK,1
hh_6121,UK,1
hh_6122,UK,1
hh_6123,UK,3
hh_6124,UK,1
hh_6126,UK,2
hh_6127,UK,3
hh_6128,UK,4
hh_6129,UK,1
hh_6130,UK,2
hh_6131,UK,2
hh_6132,UK,5
hh_6133,UK,3
hh_6134,UK,3
hh_6135,UK,2
hh_6137,UK,4
hh_6138,UK,1
hh_6139,UK,1
hh_6140,UK,2
hh_6141,UK,2
hh_6142,UK,4
hh_6143,UK,3
hh_6144,UK,2
hh_6145,UK,1
hh_6146,UK,3
hh_6148,UK,1
hh_6149,UK,1
hh_6150,UK,2
hh_6151,UK,1
hh_6152,UK,2
hh_6153,UK,2
hh_6154,UK,1
hh_6155,UK,2
hh_6156,UK,2
hh_6157,UK,2
hh_6159,UK,4
hh_6160,UK,2
hh_6161,UK,5
hh_6162,UK,4
hh_6163,UK,2
hh_6164,UK,4
hh_6165,UK,2
hh_6166,UK,1
hh_6167,UK,1
hh_6168,UK,2
hh_6170,UK,2
hh_6194,UK,1
hh_6195,UK,1
hh_6196,UK,2
hh_6197,UK,1
hh_6198,UK,3
hh_6199,UK,1
hh_6200,UK,2
hh_6201,UK,4
hh_6202,UK,2
hh_6203,UK,4
hh_6204,UK,3
hh_6205,UK,2
hh_6206,UK,1
hh_6207,UK,5
hh_6208,UK,6
hh_6209,UK,2
hh_6210,UK,3
hh_6211,UK,2
hh_6212,UK,4
hh_6213,UK,4
hh_6214,UK,2
hh_6215,UK,1
hh_6216,UK,5
hh_6217,UK,3
hh_6218,UK,3
hh_6219,UK,4
hh_6220,UK,4
hh_6221,UK,6
hh_6222,UK,3
hh_6223,UK,4
hh_6224,UK,3
hh_6225,UK,4
hh_6226,UK,4
hh_6227,UK,3
hh_6228,UK,4
hh_6229,UK,3
hh_6230,UK,2
hh_6231,UK,2
hh_6232,UK,2
hh_6233,UK,1
hh_6234,UK,4
hh_6235,UK,3
hh_6236,UK,5
hh_6237,UK,3
hh_6238,UK,4
hh_6239,UK,3
hh_6240,UK,3
hh_6241,UK,1
hh_6242,UK,3
hh_6243,UK,4
hh_6244,UK,2
hh_6245,UK,4
hh_6246,UK,3
hh_6247,UK,2
hh_6248,UK,5
hh_6249,UK,2
hh_6250,UK,3
hh_6251,UK,2
hh_6252,UK,4
hh_6253,UK,2
hh_6254,UK,5
hh_6255,UK,2
hh_6256,UK,3
hh_6257,UK,2
hh_6258,UK,2
hh_6259,UK,4
hh_6260,UK,4
hh_6261,UK,2
hh_6262,UK,4
hh_6263,UK,4
hh_6264,UK,3
hh_6265,UK,2
hh_6266,UK,2
hh_6267,UK,3
hh_6268,UK,1
hh_6269,UK,3
hh_6270,UK,2
hh_6271,UK,6
hh_6272,UK,1
hh_6273,UK,1
hh_6274,UK,2
hh_6275,UK,3
hh_6276,UK,6
hh_6277,UK,4
hh_6278,UK,2
hh_6279,UK,3
hh_6280,UK,2
hh_6281,UK,4
hh_6282,UK,3
hh_6283,UK,4
hh_6284,UK,1
hh_6285,UK,5
hh_6286,UK,3
hh_6287,UK,1
hh_6288,UK,2
hh_6289,UK,1
hh_6290,UK,1
hh_6291,UK,1
hh_6292,UK,3
hh_6293,UK,2
hh_6294,UK,1
hh_6295,UK,3
hh_6296,UK,4
hh_6297,UK,4
hh_6298,UK,3
hh_6299,UK,2
hh_6300,UK,3
hh_6301,UK,3
hh_6302,UK,1
hh_6303,UK,3
hh_6304,UK,3
hh_6305,UK,2
hh_6306,UK,3
hh_6307,UK,3
hh_6308,UK,4
hh_6309,UK,5
hh_6310,UK,4
hh_6311,UK,8+
hh_6312,UK,1
hh_6313,UK,3
hh_6314,UK,4
hh_6315,UK,3
hh_6316,UK,2
hh_6317,UK,1
hh_6318,UK,3
hh_6319,UK,1
hh_6320,UK,5
hh_6321,UK,4
hh_6322,UK,3
hh_6323,UK,2
hh_6324,UK,4
hh_6325,UK,4
hh_6326,UK,4
hh_6327,UK,2
hh_6328,UK,3
hh_6329,UK,3
hh_6330,UK,3
hh_6331,UK,2
hh_6332,UK,2
hh_6333,UK,4
hh_6334,UK,5
hh_6335,UK,2
hh_6336,UK,4
hh_6337,UK,4
hh_6338,UK,1
hh_6339,UK,2
hh_6340,UK,5
hh_6341,UK,6
hh_6342,UK,3
hh_6343,UK,6
hh_6344,UK,2
hh_6345,UK,3
hh_6346,UK,3
hh_6347,UK,3
hh_6348,UK,4
hh_6349,UK,3
hh_6350,UK,2
hh_6351,UK,5
hh_6352,UK,3
hh_6353,UK,4
hh_6354,UK,3
hh_6355,UK,4
hh_6356,UK,3
hh_6357,UK,2
hh_6358,UK,5
hh_6359,UK,2
hh_6360,UK,4
hh_6361,UK,3
hh_6362,UK,4
hh_6363,UK,5
hh_6364,UK,4
hh_6365,UK,3
hh_6366,UK,1
hh_6367,UK,1
hh_6368,UK,2
hh_6369,UK,4
hh_6370,UK,7
hh_6371,UK,3
hh_6372,UK,2
hh_6373,UK,4
hh_6374,UK,4
hh_6375,UK,4
hh_6376,UK,4
hh_6377,UK,4
hh_6378,UK,4
hh_6379,UK,4
hh_6380,UK,6
hh_6381,UK,3
hh_6382,UK,4
hh_6383,UK,3
hh_6384,UK,5
hh_6385,UK,3
hh_6386,UK,3
hh_6387,UK,2
hh_6388,UK,6
hh_6389,UK,4
hh_6390,UK,5
hh_6391,UK,4
hh_6392,UK,3
hh_6393,UK,3
hh_6394,UK,2
hh_6395,UK,5
hh_6396,UK,5
hh_6397,UK,3
hh_6398,UK,4
hh_6399,UK,4
hh_6400,UK,3
hh_6401,UK,4
hh_6402,UK,2
hh_6403,UK,5
hh_6404,UK,2
hh_6405,UK,5
hh_6406,UK,4
hh_6407,UK,2
hh_6408,UK,3
hh_6409,UK,4
hh_6410,UK,2
hh_6411,UK,5
hh_6412,UK,4
hh_6413,UK,4
hh_6414,UK,4
hh_6415,UK,3
hh_6416,UK,4
hh_6417,UK,6
hh_6418,UK,4
hh_6419,UK,4
hh_6420,UK,4
hh_6421,UK,3
hh_6422,UK,3
hh_6423,UK,3
hh_6424,UK,5
hh_6425,UK,3
hh_6426,UK,4
hh_6427,UK,4
hh_6428,UK,1
hh_6429,UK,3
hh_6430,UK,4
hh_6431,UK,2
hh_6432,UK,3
hh_6433,UK,5
hh_6434,UK,4
hh_6435,UK,3
hh_6436,UK,4
hh_6437,UK,5
hh_6438,UK,1
hh_6439,UK,3
hh_6440,UK,3
hh_6441,UK,3
hh_6442,UK,3
hh_6443,UK,2
hh_6444,UK,3
hh_6445,UK,1
hh_6446,UK,3
hh_6447,UK,3
hh_6448,UK,4
hh_6449,UK,1
hh_6450,UK,3
hh_6451,UK,4
hh_6452,UK,2
hh_6453,UK,4
hh_6454,UK,4
hh_6455,UK,6
hh_6456,UK,3
hh_6457,UK,3
hh_6458,UK,1
hh_6459,UK,5
hh_6460,UK,2
hh_6461,UK,2
hh_6462,UK,3
hh_6463,UK,3
hh_6464,UK,4
hh_6465,UK,4
hh_6466,UK,4
hh_6467,UK,3
hh_6468,UK,4
hh_6469,UK,4
hh_6470,UK,2
hh_6471,UK,3
hh_6472,UK,2
hh_6473,UK,2
hh_6474,UK,4
hh_6475,UK,1
hh_6476,UK,4
hh_6477,UK,3
hh_6478,UK,4
hh_6479,UK,1
hh_6480,UK,2
hh_6481,UK,3
hh_6482,UK,4
hh_6483,UK,3
hh_6484,UK,3
hh_6485,UK,3
hh_6486,UK,2
hh_6487,UK,4
hh_6488,UK,3
hh_6489,UK,3
hh_6490,UK,2
hh_6491,UK,4
hh_6492,UK,2
hh_6493,UK,1
hh_6494,UK,4
hh_6495,UK,4
hh_6496,UK,2
hh_6497,UK,2
hh_6498,UK,1
hh_6499,UK,3
hh_6500,UK,2
hh_6501,UK,2
hh_6502,UK,1
hh_6503,UK,3
hh_6504,UK,2
hh_6505,UK,2
hh_6506,UK,5
hh_6507,UK,2
hh_6508,UK,3
hh_6509,UK,4
hh_6510,UK,7
hh_6511,UK,4
hh_6512,UK,4
hh_6513,UK,4
hh_6514,UK,4
hh_6515,UK,4
hh_6516,UK,4
hh_6517,UK,3
hh_6518,UK,4
hh_6519,UK,2
hh_6520,UK,3
hh_6521,UK,4
hh_6522,UK,5
hh_6523,UK,3
hh_6524,UK,5
hh_6525,UK,2
hh_6526,UK,4
hh_6527,UK,4
hh_6528,UK,3
hh_6529,UK,1
hh_6530,UK,3
hh_6531,UK,2
hh_6532,UK,4
hh_6533,UK,3
hh_6534,UK,5
hh_6535,UK,3
hh_6536,UK,3
hh_6537,UK,1
hh_6538,UK,4
hh_6539,UK,3
hh_6540,UK,5
hh_6541,UK,4
hh_6542,UK,4
hh_6543,UK,4
hh_6544,UK,3
hh_6545,UK,3
hh_6546,UK,3
hh_6547,UK,3
hh_6548,UK,3
hh_6549,UK,3
hh_6550,UK,4
hh_6551,UK,2
hh_6552,UK,1
hh_6553,UK,2
hh_6554,UK,2
hh_6555,UK,4
hh_6556,UK,3
hh_6557,UK,4
hh_6558,UK,3
hh_6559,UK,4
hh_6560,UK,3
hh_6561,UK,6
hh_6562,UK,5
hh_6563,UK,2
hh_6564,UK,2
hh_6565,UK,4
hh_6566,UK,2
hh_6567,UK,2
hh_6568,UK,5
hh_6569,UK,3
hh_6570,UK,4
hh_6571,UK,4
hh_6572,UK,2
hh_6573,UK,1
hh_6574,UK,3
hh_6575,UK,6
hh_6576,UK,1
hh_6577,UK,4
hh_6578,UK,6
hh_6579,UK,2
hh_6580,UK,3
hh_6581,UK,2
hh_6582,UK,3
hh_6583,UK,5
hh_6584,UK,1
hh_6585,UK,8+
hh_6586,UK,4
hh_6587,UK,5
hh_6588,UK,1
hh_6589,UK,2
hh_6590,UK,4
hh_6591,UK,4
hh_6592,UK,3
hh_6593,UK,3
hh_6594,UK,3
hh_6595,UK,3
hh_6596,UK,8+
hh_6597,UK,2
hh_6598,UK,4
hh_6599,UK,3
hh_6600,UK,2
hh_6601,UK,7
hh_6602,UK,6
hh_6603,UK,5
hh_6604,UK,2
hh_6605,UK,4
hh_6606,UK,5
hh_6607,UK,1
hh_6608,UK,1
hh_6609,UK,4
hh_6610,UK,6
hh_6611,UK,4
hh_6612,UK,4
hh_6613,UK,5
hh_6614,UK,4
hh_6615,UK,3
hh_6616,UK,3
hh_6617,UK,1
hh_6618,UK,2
hh_6619,UK,4
hh_6620,UK,3
hh_6621,UK,2
hh_6622,UK,2
hh_6623,UK,2
hh_6624,UK,5
hh_6625,UK,7
hh_6626,UK,3
hh_6627,UK,4
hh_6628,UK,4
hh_6629,UK,4
hh_6630,UK,2
hh_6631,UK,3
hh_6632,UK,2
hh_6633,UK,4
hh_6634,UK,4
hh_6635,UK,2
hh_6636,UK,2
hh_6637,UK,2
hh_6638,UK,2
hh_6639,UK,2
hh_6640,UK,2
hh_6641,UK,2
hh_6642,UK,2
hh_6643,UK,2
hh_6644,UK,3
hh_6645,UK,2
hh_6646,UK,2
hh_6647,UK,5
hh_6648,UK,2
hh_6650,UK,3
hh_6651,UK,3
hh_6652,UK,1
hh_6653,UK,2
hh_6654,UK,3
hh_6655,UK,1
hh_6656,UK,4
hh_6657,UK,3
hh_6658,UK,4
hh_6659,UK,7
hh_6660,UK,3
hh_6661,UK,3
hh_6662,UK,1
hh_6663,UK,4
hh_6664,UK,4
hh_6665,UK,2
hh_6666,UK,8+
hh_6667,UK,3
hh_6668,UK,4
hh_6669,UK,5
hh_6670,UK,4
hh_6671,UK,1
hh_6672,UK,2
hh_6673,UK,1
hh_6674,UK,2
hh_6675,UK,3
hh_6676,UK,2
hh_6677,UK,4
hh_6678,UK,3
hh_6679,UK,3
hh_6680,UK,4
hh_6681,UK,2
hh_6682,UK,3
hh_6683,UK,3
hh_6684,UK,4
hh_6685,UK,4
hh_6686,UK,2
hh_6687,UK,2
hh_6688,UK,3
hh_6689,UK,5
hh_6690,UK,3
hh_6691,UK,5
hh_6692,UK,2
hh_6693,UK,3
hh_6694,UK,2
hh_6695,UK,2
hh_6696,UK,4
hh_6697,UK,2
hh_6698,UK,3
hh_6699,UK,4
hh_6700,UK,2
hh_6701,UK,3
hh_6702,UK,1
hh_6703,UK,5
hh_6704,UK,1
hh_6705,UK,5
hh_6706,UK,2
hh_6707,UK,2
hh_6708,UK,5
hh_6709,UK,4
hh_6710,UK,3
hh_6711,UK,2
hh_6712,UK,2
hh_6713,UK,3
hh_6714,UK,3
hh_6715,UK,2
hh_6716,UK,2
hh_6717,UK,3
hh_6718,UK,6
hh_6719,UK,2
hh_6720,UK,4
hh_6721,UK,3
hh_6722,UK,1
hh_6723,UK,4
hh_6724,UK,2
hh_6725,UK,1
hh_6726,UK,8+
hh_6727,UK,7
hh_6728,UK,4
hh_6729,UK,1
hh_6730,UK,3
hh_6731,UK,4
hh_6732,UK,2
hh_6733,UK,2
hh_6734,UK,4
hh_6735,UK,1
hh_6736,UK,1
hh_6737,UK,1
hh_6738,UK,2
hh_6739,UK,3
hh_6740,UK,2
hh_6741,UK,2
hh_6742,UK,2
hh_6743,UK,1
hh_6744,UK,2
hh_6745,UK,6
hh_6746,UK,2
hh_6747,UK,3
hh_6748,UK,2
hh_6749,UK,4
hh_6750,UK,2
hh_6751,UK,1
hh_6752,UK,1
hh_6753,UK,3
hh_6754,UK,4
hh_6755,UK,2
hh_6756,UK,3
hh_6757,UK,1
hh_6758,UK,3
hh_6759,UK,3
hh_6760,UK,4
hh_6761,UK,5
hh_6762,UK,2
hh_6763,UK,2
hh_6764,UK,4
hh_6765,UK,5
hh_6766,UK,3
hh_6767,UK,4
hh_6768,UK,2
hh_6769,UK,4
hh_6770,UK,1
hh_6771,UK,8+
hh_6772,UK,2
hh_6773,UK,2
hh_6774,UK,5
hh_6775,UK,6
hh_6776,UK,4
hh_6777,UK,5
hh_6778,UK,4
hh_6779,UK,1
hh_6780,UK,2
hh_6781,UK,2
hh_6782,UK,3
hh_6783,UK,2
hh_6784,UK,4
hh_6785,UK,5
hh_6786,UK,2
hh_6787,UK,3
hh_6788,UK,1
hh_6789,UK,1
hh_6790,UK,1
hh_6791,UK,2
hh_6792,UK,5
hh_6793,UK,3
hh_6794,UK,2
hh_6795,UK,2
hh_6796,UK,6
hh_6797,UK,1
hh_6798,UK,4
hh_6799,UK,5
hh_6800,UK,3
hh_6801,UK,3
hh_6802,UK,2
hh_6803,UK,2
hh_6804,UK,4
hh_6805,UK,2
hh_6806,UK,4
hh_6807,UK,2
hh_6808,UK,1
hh_6809,UK,1
hh_6810,UK,5
hh_6811,UK,3
hh_6812,UK,1
hh_6813,UK,1
hh_6814,UK,4
hh_6815,UK,3
hh_6816,UK,1
hh_6817,UK,2
hh_6818,UK,4
hh_6819,UK,3
hh_6820,UK,4
hh_6821,UK,3
hh_6822,UK,2
hh_6823,UK,4
hh_6824,UK,3
hh_6825,UK,4
hh_6826,UK,4
hh_6827,UK,3
hh_6828,UK,3
hh_6829,UK,1
hh_6830,UK,2
hh_6831,UK,3
hh_6832,UK,1
hh_6833,UK,1
hh_6834,UK,4
hh_6835,UK,2
hh_6836,UK,2
hh_6837,UK,3
hh_6838,UK,4
hh_6839,UK,6
hh_6840,UK,4
hh_6841,UK,1
hh_6842,UK,5
hh_6843,UK,4
hh_6844,UK,2
hh_6845,UK,3
hh_6846,UK,2
hh_6847,UK,4
hh_6848,UK,4
hh_6849,UK,2
hh_6850,UK,4
hh_6851,UK,3
hh_6852,UK,4
hh_6853,UK,3
hh_6854,UK,4
hh_6855,UK,3
hh_6856,UK,3
hh_6857,UK,6
hh_6858,UK,1
hh_6859,UK,1
hh_6860,UK,5
hh_6861,UK,4
hh_6862,UK,4
hh_6863,UK,4
hh_6864,UK,1
hh_6865,UK,4
hh_6866,UK,4
hh_6867,UK,1
hh_6868,UK,2
hh_6869,UK,1
hh_6870,UK,6
hh_6871,UK,2
hh_6872,UK,5
hh_6873,UK,3
hh_6874,UK,2
hh_6875,UK,2
hh_6876,UK,1
hh_6877,UK,1
hh_6878,UK,3
hh_6879,UK,2
hh_6880,UK,4
hh_6881,UK,2
hh_6882,UK,4
hh_6883,UK,1
hh_6884,UK,4
hh_6885,UK,4
hh_6886,UK,1
hh_6887,UK,1
hh_6888,UK,1
hh_6889,UK,1
hh_6890,UK,4
hh_6891,UK,2
hh_6892,UK,3
hh_6893,UK,4
hh_6894,UK,5
hh_6895,UK,5
hh_6896,UK,2
hh_6897,UK,5
hh_6898,UK,6
hh_6899,UK,2
hh_6900,UK,6
hh_6901,UK,5
hh_6902,UK,2
hh_6903,UK,5
hh_6904,UK,2
hh_6905,UK,3
hh_6906,UK,2
hh_6907,UK,6
hh_6908,UK,5
hh_6909,UK,2
hh_6910,UK,1
hh_6911,UK,4
hh_6912,UK,1
hh_6913,UK,2
hh_6914,UK,4
hh_6915,UK,3
hh_6916,UK,6
hh_6917,UK,1
hh_6918,UK,5
hh_6919,UK,3
hh_6920,UK,2
hh_6921,UK,4
hh_6922,UK,1
hh_6923,UK,3
hh_6924,UK,3
hh_6925,UK,4
hh_6926,UK,2
hh_6927,UK,3
hh_6928,UK,2
hh_6929,UK,2
hh_6930,UK,2
hh_6931,UK,3
hh_6932,UK,4
hh_6933,UK,4
hh_6934,UK,4
hh_6935,UK,3
hh_6936,UK,1
hh_6937,UK,1
hh_6938,UK,4
hh_6939,UK,2
hh_6940,UK,2
hh_6941,UK,1
hh_6942,UK,2
hh_6943,UK,3
hh_6944,UK,2
hh_6945,UK,4
hh_6946,UK,3
hh_6947,UK,2
hh_6948,UK,2
hh_6949,UK,5
hh_6950,UK,3
hh_6951,UK,2
hh_6952,UK,2
hh_6953,UK,3
hh_6954,UK,4
hh_6955,UK,3
hh_6956,UK,4
hh_6957,UK,5
hh_6958,UK,2
hh_6959,UK,4
hh_6960,UK,3
hh_6961,UK,3
hh_6962,UK,3
hh_6963,UK,6
hh_6964,UK,2
hh_6965,UK,2
hh_6966,UK,2
hh_6967,UK,5
hh_6968,UK,1
hh_6969,UK,5
hh_6970,UK,2
hh_6971,UK,3
hh_6972,UK,3
hh_6973,UK,3
hh_6974,UK,3
hh_6975,UK,3
hh_6976,UK,6
hh_6977,UK,2
hh_6978,UK,3
hh_6979,UK,3
hh_6980,UK,2
hh_6981,UK,2
hh_6982,UK,1
hh_6983,UK,4
hh_6984,UK,2
hh_6985,UK,4
hh_6986,UK,1
hh_6987,UK,3
hh_6988,UK,3
hh_6989,UK,2
hh_6990,UK,3
hh_6991,UK,4
hh_6992,UK,2
hh_6993,UK,4
hh_6994,UK,3
hh_6995,UK,4
hh_6996,UK,5
hh_6997,UK,4
hh_6998,UK,3
hh_6999,UK,4
hh_7000,UK,4
hh_7001,UK,4
hh_7002,UK,3
hh_7003,UK,4
hh_7004,UK,4
hh_7005,UK,3
hh_7006,UK,4
hh_7007,UK,3
hh_7008,UK,3
hh_7009,UK,3
hh_7010,UK,2
hh_7011,UK,3
hh_7012,UK,4
hh_7013,UK,1
hh_7014,UK,3
hh_7015,UK,1
hh_7016,UK,3
hh_7017,UK,1
hh_7018,UK,5
hh_7019,UK,4
hh_7020,UK,5
hh_7021,UK,2
hh_7022,UK,4
hh_7023,UK,1
hh_7024,UK,3
hh_7025,UK,4
hh_7026,UK,1
hh_7027,UK,2
hh_7028,UK,3
hh_7029,UK,3
hh_7030,UK,2
hh_7031,UK,2
hh_7032,UK,3
hh_7033,UK,2
hh_7034,UK,3
hh_7035,UK,5
hh_7036,UK,4
hh_7037,UK,3
hh_7038,UK,4
hh_7039,UK,4
hh_7040,UK,4
hh_7041,UK,5
hh_7042,UK,5
hh_7043,UK,3
hh_7044,UK,3
hh_7045,UK,4
hh_7046,UK,3
hh_7047,UK,3
hh_7048,UK,2
hh_7049,UK,3
hh_7050,UK,2
hh_7051,UK,1
hh_7052,UK,1
hh_7053,UK,8+
hh_7054,UK,2
hh_7055,UK,1
hh_7056,UK,2
hh_7057,UK,1
hh_7058,UK,3
hh_7059,UK,3
hh_7060,UK,2
hh_7061,UK,1
hh_7062,UK,1
hh_7063,UK,4
hh_7064,UK,2
hh_7065,UK,5
hh_7066,UK,2
hh_7067,UK,2
hh_7068,UK,2
hh_7069,UK,2
hh_7070,UK,2
hh_7071,UK,3
hh_7072,UK,2
hh_7073,UK,4
hh_7074,UK,2
hh_7075,UK,4
hh_7076,UK,3
hh_7077,UK,1
hh_7078,UK,2
hh_7079,UK,2
hh_7080,UK,4
hh_7081,UK,3
hh_7082,UK,2
hh_7083,UK,2
hh_7084,UK,2
hh_7085,UK,2
hh_7086,UK,2
hh_7087,UK,2
hh_7088,UK,4
hh_7089,UK,3
hh_7090,UK,3
hh_7091,UK,3
hh_7092,UK,4
hh_7093,UK,3
hh_7094,UK,2
hh_7095,UK,5
hh_7096,UK,4
hh_7097,UK,3
hh_7098,UK,3
hh_7099,UK,2
hh_7100,UK,2
hh_7101,UK,2
hh_7102,UK,4
hh_7103,UK,3
hh_7104,UK,2
hh_7105,UK,4
hh_7106,UK,3
hh_7107,UK,3
hh_7108,UK,2
hh_7109,UK,2
hh_7110,UK,4
hh_7111,UK,3
hh_7112,UK,2
hh_7113,UK,2
hh_7114,UK,3
hh_7115,UK,2
hh_7116,UK,2
hh_7117,UK,3
hh_7118,UK,2
hh_7119,UK,3
hh_7120,UK,3
hh_7121,UK,1
hh_7122,UK,5
hh_7123,UK,2
hh_7124,UK,6
hh_7125,UK,2
hh_7126,UK,2
hh_7127,UK,4
hh_7128,UK,2
hh_7129,UK,1
hh_7130,UK,3
hh_7131,UK,4
hh_7132,UK,1
hh_7133,UK,1
hh_7134,UK,2
hh_7135,UK,3
hh_7136,UK,2
hh_7137,UK,1
hh_7138,UK,4
hh_7139,UK,1
hh_7140,UK,1
hh_7141,UK,4
hh_7142,UK,1
hh_7143,UK,1
hh_7144,UK,1
hh_7145,UK,1
hh_7146,UK,4
hh_7147,UK,3
hh_7148,UK,2
hh_7149,UK,4
hh_7150,UK,3
hh_7151,UK,3
hh_7152,UK,4
hh_7153,UK,3
hh_7154,UK,4
hh_7155,UK,6
hh_7156,UK,3
hh_7157,UK,4
hh_7158,UK,4
hh_7159,UK,2
hh_7160,UK,2
hh_7161,UK,5
hh_7162,UK,3
hh_7163,UK,4
hh_7164,UK,1
hh_7165,UK,1
hh_7166,UK,3
hh_7167,UK,1
hh_7168,UK,3
hh_7169,UK,3
hh_7170,UK,4
hh_7171,UK,2
hh_7172,UK,4
hh_7173,UK,5
hh_7174,UK,3
hh_7175,UK,3
hh_7176,UK,4
hh_7177,UK,3
hh_7178,UK,2
hh_7179,UK,3
hh_7180,UK,2
hh_7181,UK,3
hh_7182,UK,3
hh_7183,UK,2
hh_7184,UK,2
hh_7185,UK,4
hh_7186,UK,6
hh_7187,UK,1
hh_7188,UK,2
hh_7189,UK,4
hh_7190,UK,4
hh_7191,UK,3
hh_7192,UK,1
hh_7193,UK,3
hh_7194,UK,1
hh_7195,UK,1
hh_7196,UK,2
hh_7197,UK,4
hh_7198,UK,2
hh_7199,UK,5
hh_7200,UK,4
hh_7201,UK,4
hh_7202,UK,2
hh_7203,UK,3
hh_7204,UK,4
hh_7205,UK,5
hh_7206,UK,1
hh_7207,UK,2
hh_7208,UK,2
hh_7209,UK,4
hh_7210,UK,4
hh_7211,UK,7
hh_7212,UK,4
hh_7213,UK,2
hh_7214,UK,4
hh_7215,UK,4
hh_7216,UK,4
hh_7217,UK,3
hh_7218,UK,3
hh_7219,UK,4
hh_7220,UK,2
hh_7221,UK,1
hh_7222,UK,3
hh_7223,UK,2
hh_7224,UK,2
hh_7225,UK,4
hh_7226,UK,2
hh_7227,UK,2
hh_7228,UK,4
hh_7229,UK,3
hh_7230,UK,2
hh_7231,UK,2
hh_7232,UK,1
hh_7233,UK,4
hh_7234,UK,4
hh_7235,UK,2
hh_7236,UK,2
hh_7237,UK,5
hh_7238,UK,4
hh_7239,UK,5
hh_7240,UK,2
hh_7241,UK,2
hh_7242,UK,4
hh_7243,UK,7
hh_7244,UK,5
hh_7245,UK,4
hh_7246,UK,5
hh_7247,UK,8+
hh_7248,UK,2
hh_7249,UK,2
hh_7250,UK,4
hh_7251,UK,4
hh_7252,UK,3
hh_7253,UK,3
hh_7254,UK,6
hh_7255,UK,4
hh_7256,UK,3
hh_7257,UK,1
hh_7258,UK,2
hh_7259,UK,4
hh_7260,UK,4
hh_7261,UK,4
hh_7262,UK,4
hh_7263,UK,2
hh_7264,UK,2
hh_7265,UK,2
hh_7266,UK,2
hh_7267,UK,4
hh_7268,UK,5
hh_7269,UK,4
hh_7270,UK,3
hh_7271,UK,3
hh_7272,UK,3
hh_7273,UK,4
hh_7274,UK,6
hh_7275,UK,5
hh_7276,UK,1
hh_7277,UK,4
hh_7278,UK,3
hh_7279,UK,3
hh_7280,UK,2
hh_7281,UK,3
hh_7282,UK,4
hh_7283,UK,1
hh_7284,UK,3
hh_7285,UK,4
hh_7286,UK,3
hh_7287,UK,2
hh_7288,UK,5
hh_7289,UK,1
hh_7290,UK,4
hh_7291,UK,1
hh_7292,UK,2
hh_7293,UK,4
hh_7294,UK,4
hh_7295,UK,2
hh_7296,UK,2
hh_7297,UK,3
hh_7298,UK,4
hh_7299,UK,1
hh_7300,UK,1
hh_7301,UK,3
hh_7302,UK,5
hh_7303,UK,5
hh_7304,UK,2
hh_7305,UK,3
hh_7306,UK,1
hh_7307,UK,2
hh_7308,UK,2
hh_7309,UK,3
hh_7310,UK,2
hh_7311,UK,6
hh_7312,UK,2
hh_7313,UK,2
hh_7314,UK,1
hh_7315,UK,1
hh_7316,UK,2
hh_7317,UK,1
hh_7318,UK,1
hh_7319,UK,2
hh_7320,UK,1
hh_7321,UK,4
hh_7322,UK,4
hh_7323,UK,3
hh_7324,UK,4
hh_7325,UK,4
hh_7326,UK,1
hh_7327,UK,2
hh_7328,UK,4
hh_7329,UK,2
hh_7330,UK,2
hh_7331,UK,2
hh_7332,UK,2
hh_7333,UK,5
hh_7334,UK,3
hh_7335,UK,2
hh_7336,UK,2
hh_7337,UK,2
hh_7338,UK,2
hh_20001,UK,2
hh_20002,UK,2
hh_20003,UK,1
hh_20004,UK,1
hh_20005,UK,2
hh_20006,UK,2
hh_20007,UK,2
hh_20008,UK,2
hh_20009,UK,2
hh_20010,UK,2
hh_20011,UK,1
hh_20012,UK,1
hh_20013,UK,4
hh_20014,UK,1
hh_20015,UK,3
hh_20016,UK,1
hh_20017,UK,2
hh_20018,UK,2
hh_20019,UK,2
hh_20020,UK,3
hh_20021,UK,3
hh_20022,UK,4
hh_20023,UK,2
hh_20024,UK,1
hh_20025,UK,1
hh_20026,UK,5
hh_20027,UK,1
hh_20028,UK,2
hh_20029,UK,1
hh_20030,UK,2
hh_20031,UK,1
hh_20032,UK,1
hh_20033,UK,3
hh_20034,UK,2
hh_20035,UK,2
hh_20036,UK,1
hh_20037,UK,1
hh_20038,UK,3
hh_20039,UK,2
hh_20040,UK,1
hh_20041,UK,1
hh_20042,UK,3
hh_20043,UK,1
hh_20044,UK,3
hh_20045,UK,2
hh_20046,UK,1
hh_20047,UK,2
hh_20048,UK,2
hh_20049,UK,3
hh_20050,UK,2
hh_20051,UK,2
hh_20052,UK,1
hh_20053,UK,1
hh_20054,UK,3
hh_20055,UK,1
hh_20056,UK,2
hh_20057,UK,4
hh_20058,UK,1
hh_20059,UK,2
hh_20060,UK,4
hh_20061,UK,1
hh_20062,UK,2
hh_20063,UK,2
hh_20064,UK,1
hh_20065,UK,2
hh_20066,UK,2
hh_20067,UK,2
hh_20068,UK,1
hh_20069,UK,1
hh_20070,UK,5
hh_20071,UK,2
hh_20072,UK,3
hh_20073,UK,1
hh_20074,UK,1
hh_20075,UK,2
hh_20076,UK,1
hh_20077,UK,2
hh_20078,UK,2
hh_20079,UK,2
hh_20080,UK,2
hh_20081,UK,3
hh_20082,UK,2
hh_20083,UK,2
hh_20084,UK,1
hh_20085,UK,2
hh_20086,UK,1
hh_20087,UK,2
hh_20088,UK,2
hh_20089,UK,1
hh_20090,UK,2
hh_20091,UK,2
hh_20092,UK,2
hh_20093,UK,1
hh_20094,UK,1
hh_20095,UK,1
hh_20096,UK,2
hh_20097,UK,2
hh_20098,UK,1
hh_20099,UK,1
hh_20100,UK,1
hh_20101,UK,1
hh_20102,UK,1
hh_20103,UK,1
hh_20104,UK,1
hh_20105,UK,2
hh_20106,UK,4
hh_20107,UK,3
hh_20108,UK,2
hh_20109,UK,2
hh_20110,UK,1
hh_20111,UK,2
hh_20112,UK,3
hh_20113,UK,1
hh_20114,UK,3
hh_20115,UK,2
hh_20116,UK,1
hh_20117,UK,1
hh_20118,UK,2
hh_20119,UK,2
hh_20120,UK,2
hh_20121,UK,2
hh_20122,UK,2
hh_20123,UK,1
hh_20124,UK,2
hh_20125,UK,2
hh_20126,UK,1
hh_20127,UK,2
hh_20128,UK,2
hh_20129,UK,2
hh_20130,UK,2
hh_20131,UK,1
hh_20132,UK,1
hh_20133,UK,2
hh_20134,UK,2
hh_20135,UK,1
hh_20136,UK,3
hh_20137,UK,2
hh_20138,UK,3
hh_20139,UK,2
hh_20140,UK,1
hh_20141,UK,2
hh_20142,UK,1
hh_20143,UK,1
hh_20144,UK,1
hh_20145,UK,1
hh_20146,UK,2
hh_20147,UK,2
hh_20148,UK,2
hh_20149,UK,1
hh_20150,UK,1
hh_20151,UK,3
hh_20152,UK,2
hh_20153,UK,2
hh_20154,UK,1
hh_20155,UK,1
hh_20156,UK,2
hh_20157,UK,2
hh_20158,UK,2
hh_20159,UK,1
hh_20160,UK,3
hh_20161,UK,2
hh_20162,UK,1
hh_20163,UK,1
hh_20164,UK,2
hh_20165,UK,2
hh_20166,UK,4
hh_20167,UK,1
hh_20168,UK,2
hh_20169,UK,2
hh_20170,UK,2
hh_20171,UK,1
hh_20172,UK,3
hh_20173,UK,2
hh_20174,UK,2
hh_20175,UK,2
hh_20176,UK,1
hh_20177,UK,2
hh_20178,UK,2
hh_20179,UK,2
hh_20180,UK,2
hh_20181,UK,2
hh_20182,UK,1
hh_20183,UK,2
hh_20184,UK,2
hh_20185,UK,1
hh_20186,UK,3
hh_20187,UK,1
hh_20188,UK,2
hh_20189,UK,2
hh_20190,UK,2
hh_20191,UK,2
hh_20192,UK,2
hh_20193,UK,1
hh_20194,UK,2
hh_20195,UK,1
hh_20196,UK,1
hh_20197,UK,2
hh_20198,UK,1
hh_20199,UK,1
hh_20200,UK,1
hh_20201,UK,1
hh_20202,UK,2
hh_20203,UK,1
hh_20204,UK,1
hh_20205,UK,2
hh_20206,UK,2
hh_20207,UK,1
hh_20208,UK,2
hh_20209,UK,1
hh_20210,UK,1
hh_20211,UK,2
hh_20212,UK,2
hh_20213,UK,2
hh_20214,UK,1
hh_20215,UK,1
hh_20216,UK,3
hh_20217,UK,2
hh_20218,UK,1
hh_20219,UK,1
hh_20220,UK,1
hh_20221,UK,2
hh_20222,UK,2
hh_20223,UK,3
hh_20224,UK,2
hh_20225,UK,3
hh_20226,UK,1
hh_20227,UK,7
hh_20228,UK,3
hh_20229,UK,2
hh_20230,UK,2
hh_20231,UK,2
hh_20232,UK,2
hh_20233,UK,2
hh_20234,UK,2
hh_20235,UK,2
hh_20236,UK,3
hh_20237,UK,1
hh_20238,UK,2
hh_20239,UK,2
hh_20240,UK,1
hh_20241,UK,3
hh_20242,UK,7
hh_20243,UK,1
hh_20244,UK,1
hh_20245,UK,2
hh_20246,UK,2
hh_20247,UK,2
hh_20248,UK,2
hh_20249,UK,1
hh_20250,UK,1
hh_20251,UK,2
hh_20252,UK,2
hh_20253,UK,2
hh_20254,UK,3
hh_20255,UK,2
hh_20256,UK,2
hh_20257,UK,1
hh_20258,UK,1
hh_20259,UK,2
hh_20260,UK,2
hh_20261,UK,1
hh_20262,UK,2
hh_20263,UK,2
hh_20264,UK,2
hh_20265,UK,3
hh_20266,UK,3
hh_20267,UK,2
hh_20268,UK,1
hh_20269,UK,2
hh_20270,UK,1
hh_20271,UK,2
hh_20272,UK,1
hh_20273,UK,2
hh_20274,UK,2
hh_20275,UK,2
hh_20276,UK,2
hh_20277,UK,1
hh_20278,UK,1
hh_20279,UK,1
hh_20280,UK,2
hh_20281,UK,1
hh_20282,UK,1
hh_20283,UK,1
hh_20284,UK,2
hh_20285,UK,2
hh_20286,UK,2
hh_20287,UK,2
hh_20288,UK,1
hh_20289,UK,1
hh_20290,UK,1
hh_20291,UK,3
hh_20292,UK,3
hh_20293,UK,2
hh_20294,UK,2
hh_20295,UK,2
hh_20296,UK,2
hh_20297,UK,1
hh_20298,UK,2
hh_20299,UK,1
hh_20300,UK,1
hh_20301,UK,1
hh_20302,UK,2
hh_20303,UK,3
hh_20304,UK,2
hh_20305,UK,3
hh_20306,UK,1
hh_20307,UK,1
hh_20308,UK,2
hh_20309,UK,2
hh_20310,UK,3
hh_20311,UK,2
hh_20312,UK,3
hh_20313,UK,2
hh_20314,UK,2
hh_20315,UK,2
hh_20316,UK,2
hh_20317,UK,1
hh_20318,UK,1
hh_20319,UK,1
hh_20320,UK,1
hh_20321,UK,4
hh_20322,UK,2
hh_20323,UK,2
hh_20324,UK,1
hh_20325,UK,2
hh_20326,UK,2
hh_20327,UK,1
hh_20328,UK,1
hh_20329,UK,2
hh_20330,UK,2
hh_20331,UK,2
hh_20332,UK,2
hh_20333,UK,1
hh_20334,UK,2
hh_20335,UK,2
hh_20336,UK,2
hh_20337,UK,2
hh_20338,UK,2
hh_20339,UK,1
hh_20340,UK,1
hh_20341,UK,2
hh_20342,UK,1
hh_20343,UK,1
hh_20344,UK,2
hh_20345,UK,1
hh_20346,UK,1
hh_20347,UK,2
hh_20348,UK,1
hh_20349,UK,2
hh_20350,UK,2
hh_20351,UK,1
hh_20352,UK,2
hh_20353,UK,3
hh_20354,UK,1
hh_20355,UK,2
hh_20356,UK,2
hh_20357,UK,2
hh_20358,UK,3
hh_20359,UK,1
hh_20360,UK,1
hh_20361,UK,2
hh_20362,UK,2
hh_20363,UK,1
hh_20364,UK,2
hh_20365,UK,2
hh_20366,UK,2
hh_20367,UK,1
hh_20368,UK,2
hh_20369,UK,1
hh_20370,UK,2
hh_20371,UK,1
hh_20372,UK,1
hh_20373,UK,1
hh_20374,UK,3
hh_20375,UK,1
hh_20376,UK,3
hh_20377,UK,2
hh_20378,UK,2
hh_20379,UK,2
hh_20380,UK,2
hh_20381,UK,3
hh_20382,UK,2
hh_20383,UK,2
hh_20384,UK,2
hh_20385,UK,3
hh_20386,UK,2
hh_20387,UK,2
hh_20388,UK,1
hh_20389,UK,2
hh_20390,UK,2
hh_20391,UK,1
hh_20392,UK,1
hh_20393,UK,2
hh_20394,UK,2
hh_20395,UK,1
hh_20396,UK,2
hh_20397,UK,1
hh_20398,UK,1
hh_20399,UK,2
hh_20400,UK,3
hh_20401,UK,2
hh_20402,UK,1
hh_20403,UK,2
hh_20404,UK,1
hh_20405,UK,1
hh_20406,UK,1
hh_20407,UK,2
hh_20408,UK,3
hh_20409,UK,2
hh_20410,UK,2
hh_20411,UK,2
hh_20412,UK,2
hh_20413,UK,1
hh_20414,UK,1
hh_20415,UK,2
hh_20416,UK,1
hh_20417,UK,1
hh_20418,UK,2
hh_20419,UK,1
hh_20420,UK,1
hh_20421,UK,2
hh_20422,UK,3
hh_20423,UK,1
hh_20424,UK,1
hh_20425,UK,1
hh_20426,UK,1
hh_20427,UK,1
hh_20428,UK,2
hh_20429,UK,3
hh_20430,UK,2
hh_20431,UK,2
hh_20432,UK,1
hh_20433,UK,1
hh_20434,UK,2
hh_20435,UK,2
hh_20436,UK,2
hh_20437,UK,2
hh_20438,UK,2
hh_20439,UK,2
hh_20440,UK,2
hh_20441,UK,2
hh_20442,UK,2
hh_20443,UK,1
hh_20444,UK,2
hh_20445,UK,1
hh_20446,UK,2
hh_20447,UK,2
hh_20448,UK,2
hh_20449,UK,2
hh_20450,UK,2
hh_20451,UK,2
hh_20452,UK,2
hh_20453,UK,4
hh_20454,UK,2
hh_20455,UK,1
hh_20456,UK,2
hh_20457,UK,2
hh_20458,UK,2
hh_20459,UK,1
hh_20460,UK,3
hh_20461,UK,2
hh_20462,UK,2
hh_20463,UK,2
hh_20464,UK,1
hh_20465,UK,3
hh_20466,UK,2
hh_20467,UK,2
hh_20468,UK,2
hh_20469,UK,2
hh_20470,UK,2
hh_20471,UK,1
hh_20472,UK,3
hh_20473,UK,2
hh_20474,UK,2
hh_20475,UK,1
hh_20476,UK,1
hh_20477,UK,2
hh_20478,UK,2
hh_20479,UK,2
hh_20480,UK,1
hh_20481,UK,3
hh_20482,UK,2
hh_20483,UK,1
hh_20484,UK,2
hh_20485,UK,2
hh_20486,UK,1
hh_20487,UK,2
hh_20488,UK,1
hh_20489,UK,1
hh_20490,UK,2
hh_20491,UK,2
hh_20492,UK,1
hh_20493,UK,2
hh_20494,UK,2
hh_20495,UK,2
hh_20496,UK,2
hh_20497,UK,3
hh_20498,UK,1
hh_20499,UK,4
hh_20500,UK,2
hh_20501,UK,1
hh_20502,UK,2
hh_20503,UK,2
hh_20504,UK,2
hh_20505,UK,3
hh_20506,UK,2
hh_20507,UK,1
hh_20508,UK,2
hh_20509,UK,1
hh_20510,UK,1
hh_20511,UK,2
hh_20512,UK,1
hh_20513,UK,2
hh_20514,UK,2
hh_20515,UK,2
hh_20516,UK,1
hh_20517,UK,1
hh_20518,UK,1
hh_20519,UK,1
hh_20520,UK,1
hh_20521,UK,2
hh_20522,UK,1
hh_20523,UK,2
hh_20524,UK,2
hh_20525,UK,2
hh_20526,UK,1
hh_20527,UK,2
hh_20528,UK,4
hh_20529,UK,2
hh_20530,UK,2
hh_20531,UK,3
hh_20532,UK,1
hh_20533,UK,2
hh_20534,UK,2
hh_20535,UK,1
hh_20536,UK,2
hh_20537,UK,1
hh_20538,UK,1
hh_20539,UK,1
hh_20540,UK,1
hh_20541,UK,1
hh_20542,UK,1
hh_20543,UK,1
hh_20544,UK,1
hh_20545,UK,2
hh_20546,UK,4
hh_20547,UK,2
hh_20548,UK,1
hh_20549,UK,1
hh_15010,UK,4
hh_15021,UK,4
hh_15032,UK,3
hh_15035,UK,4
hh_15036,UK,2
hh_15037,UK,4
hh_15038,UK,3
hh_15039,UK,3
hh_15040,UK,4
hh_15041,UK,4
hh_15042,UK,4
hh_15043,UK,5
hh_15044,UK,2
hh_15045,UK,3
hh_15046,UK,4
hh_15047,UK,4
hh_15048,UK,4
hh_15049,UK,3
hh_15050,UK,3
hh_15051,UK,5
hh_15052,UK,5
hh_15053,UK,3
hh_15054,UK,4
hh_15055,UK,4
hh_15056,UK,3
hh_15057,UK,4
hh_15058,UK,5
hh_15059,UK,3
hh_15060,UK,8+
hh_15061,UK,5
hh_15062,UK,3
hh_15063,UK,4
hh_15064,UK,3
hh_15065,UK,5
hh_15066,UK,5
hh_15067,UK,5
hh_15068,UK,3
hh_15069,UK,5
hh_15070,UK,4
hh_15071,UK,4
hh_15072,UK,4
hh_15691,UK,4
hh_15702,UK,5
hh_15713,UK,5
hh_15724,UK,3
hh_15735,UK,6
hh_15746,UK,4
hh_15756,UK,5
hh_15757,UK,6
hh_15758,UK,4
hh_15759,UK,4
hh_15760,UK,7
hh_15761,UK,4
hh_15762,UK,4
hh_15763,UK,4
hh_15764,UK,4
hh_15765,UK,4
hh_15766,UK,5
hh_15767,UK,3
hh_15768,UK,3
hh_15769,UK,3
hh_15770,UK,6
hh_15771,UK,5
hh_15772,UK,3
hh_15773,UK,5
hh_15774,UK,3
hh_15775,UK,4
hh_16295,UK,5
hh_16296,UK,4
hh_16297,UK,3
hh_16298,UK,2
hh_16299,UK,3
hh_16300,UK,3
hh_16301,UK,4
hh_16302,UK,3
hh_16303,UK,4
hh_16304,UK,3
hh_16305,UK,4
hh_16306,UK,3
hh_16307,UK,2
hh_16308,UK,4
hh_16309,UK,4
hh_16310,UK,4
hh_16311,UK,5
hh_16312,UK,4
hh_16313,UK,3
hh_16314,UK,3
hh_16315,UK,4
hh_16316,UK,3
hh_16317,UK,4
hh_16318,UK,4
hh_16319,UK,4
hh_16320,UK,3
hh_16321,UK,4
hh_16322,UK,3
hh_16323,UK,4
hh_16324,UK,2
hh_16325,UK,3
hh_16326,UK,3
hh_16327,UK,5
hh_16328,UK,5
hh_16329,UK,5
hh_16330,UK,3
hh_16331,UK,6
hh_16332,UK,4
hh_16333,UK,5
hh_16334,UK,5
hh_16335,UK,3
hh_16336,UK,4
hh_16337,UK,5
hh_16338,UK,4
hh_16339,UK,3
hh_16340,UK,4
hh_16341,UK,4
hh_16342,UK,5
hh_16343,UK,2
hh_16344,UK,4
hh_16345,UK,5
hh_16346,UK,4
hh_16347,UK,4
hh_16348,UK,3
hh_16349,UK,4
hh_16350,UK,6
hh_16351,UK,5
hh_16352,UK,3
hh_16353,UK,3
hh_16354,UK,3
hh_16355,UK,3
hh_16356,UK,4
hh_16357,UK,4
hh_16358,UK,3
hh_16359,UK,4
hh_16360,UK,4
hh_16361,UK,4
hh_16362,UK,5
hh_16363,UK,4
hh_16364,UK,5
hh_16365,UK,3
hh_16366,UK,5
hh_16367,UK,5
hh_16368,UK,5
hh_16369,UK,5
hh_16370,UK,4
hh_16371,UK,3
hh_16372,UK,4
hh_16373,UK,4
hh_16374,UK,3
hh_16375,UK,4
hh_16376,UK,4
hh_16377,UK,2
hh_16378,UK,3
hh_16379,UK,3
hh_16380,UK,4
hh_16381,UK,2
hh_16382,UK,3
hh_16383,UK,2
hh_16384,UK,4
hh_16385,UK,4
hh_16386,UK,2
hh_16387,UK,4
hh_16388,UK,3
hh_16389,UK,2
hh_16390,UK,3
hh_16391,UK,3
hh_16392,UK,4
hh_16393,UK,4
hh_16394,UK,5
hh_16395,UK,3
hh_16396,UK,3
hh_16397,UK,3
hh_16398,UK,3
hh_16399,UK,6
hh_16400,UK,2
hh_16401,UK,5
hh_16402,UK,3
hh_16403,UK,2
hh_16404,UK,2
hh_16405,UK,4
hh_16406,UK,4
hh_16407,UK,4
hh_16408,UK,3
hh_16409,UK,4
hh_16410,UK,4
hh_16411,UK,3
hh_16412,UK,6
hh_16413,UK,4
hh_16414,UK,4
hh_16415,UK,4
hh_16416,UK,4
hh_16417,UK,4
hh_16418,UK,4
hh_16419,UK,4
hh_16420,UK,6
hh_16421,UK,4
hh_16422,UK,3
hh_16423,UK,3
hh_16424,UK,3
hh_16425,UK,4
hh_16426,UK,6
hh_16427,UK,7
hh_16428,UK,4
hh_16429,UK,2
hh_16430,UK,5
hh_16431,UK,5
hh_16432,UK,3
hh_16433,UK,4
hh_16434,UK,4
hh_16435,UK,5
hh_16436,UK,5
hh_16437,UK,2
hh_16438,UK,4
hh_16439,UK,5
hh_16440,UK,5
hh_16441,UK,2
hh_16442,UK,5
hh_16443,UK,3
hh_16444,UK,2
hh_16445,UK,4
hh_16446,UK,4
hh_16447,UK,3
hh_16448,UK,5
hh_16449,UK,3
hh_16450,UK,3
hh_16451,UK,3
hh_16452,UK,4
hh_16453,UK,4
hh_16454,UK,4
hh_16455,UK,4
hh_16456,UK,3
hh_16457,UK,5
hh_16458,UK,4
hh_16459,UK,4
hh_16460,UK,5
hh_16461,UK,4
hh_16462,UK,4
hh_16463,UK,4
hh_16464,UK,4
hh_16465,UK,6
hh_16466,UK,4
hh_16467,UK,4
hh_16468,UK,4
hh_16469,UK,4
hh_16470,UK,3
hh_16471,UK,5
hh_16472,UK,2
hh_16473,UK,6
hh_16474,UK,4
hh_16475,UK,6
hh_16476,UK,4
hh_16477,UK,4
hh_16478,UK,4
hh_16479,UK,4
hh_16480,UK,6
hh_16481,UK,3
hh_16482,UK,3
hh_16483,UK,3
hh_16484,UK,5
hh_16485,UK,4
hh_16486,UK,3
hh_16487,UK,4
hh_16488,UK,6
hh_16489,UK,4
hh_16490,UK,3
hh_16491,UK,3
hh_16492,UK,5
hh_16493,UK,3
hh_16494,UK,4
hh_16495,UK,3
hh_16496,UK,4
hh_16497,UK,4
hh_16498,UK,4
hh_16499,UK,5
hh_16500,UK,4
hh_16501,UK,4
hh_16502,UK,5
hh_16503,UK,4
hh_16504,UK,5
hh_16505,UK,5
hh_16506,UK,3
hh_16507,UK,4
hh_16508,UK,3
hh_16509,UK,4
hh_16510,UK,4
hh_16511,UK,4
hh_16512,UK,5
hh_16513,UK,4
hh_16514,UK,4
hh_16515,UK,4
hh_16516,UK,4
hh_16517,UK,3
hh_16518,UK,4
hh_16519,UK,4
hh_16520,UK,5
hh_16521,UK,5
hh_16522,UK,2
hh_16523,UK,5
hh_16524,UK,3
hh_16525,UK,4
hh_16526,UK,3
hh_16527,UK,3
hh_16528,UK,3
hh_16529,UK,4
hh_16530,UK,3
hh_16531,UK,7
hh_16532,UK,5
hh_16533,UK,5
hh_16534,UK,5
hh_16535,UK,4
hh_16536,UK,4
hh_16537,UK,5
hh_16538,UK,4
hh_16539,UK,3
hh_16540,UK,3
hh_16541,UK,5
hh_16542,UK,4
hh_16543,UK,4
hh_16544,UK,3
hh_16545,UK,5
hh_16546,UK,4
hh_16547,UK,4
hh_16548,UK,3
hh_16549,UK,3
hh_16550,UK,4
hh_16551,UK,3
hh_16552,UK,4
hh_16553,UK,4
hh_16554,UK,6
hh_16555,UK,4
hh_16556,UK,4
hh_16557,UK,7
hh_16558,UK,3
hh_16559,UK,4
hh_16560,UK,4
hh_16561,UK,5
hh_16562,UK,3
hh_16563,UK,5
hh_16564,UK,4
hh_16565,UK,3
hh_16566,UK,2
hh_16567,UK,3
hh_16568,UK,2
hh_16569,UK,3
hh_16570,UK,3
hh_16571,UK,3
hh_16572,UK,4
hh_16573,UK,3
hh_16574,UK,4
hh_16575,UK,4
hh_16576,UK,3
hh_16577,UK,5
hh_16578,UK,5
hh_16579,UK,3
hh_16580,UK,2
hh_16581,UK,3
hh_16582,UK,4
hh_16583,UK,4
hh_16584,UK,4
hh_16585,UK,4
hh_16586,UK,5
hh_16587,UK,5
hh_16588,UK,3
hh_16589,UK,3
hh_16590,UK,4
hh_16591,UK,4
hh_16592,UK,3
hh_16593,UK,4
hh_16594,UK,1
hh_16595,UK,4
hh_16596,UK,5
hh_16597,UK,4
hh_16598,UK,4
hh_16599,UK,5
hh_16600,UK,2
hh_16601,UK,3
hh_16602,UK,3
hh_16603,UK,3
hh_16604,UK,3
hh_16605,UK,4
hh_16606,UK,6
hh_16607,UK,3
hh_16608,UK,3
hh_16609,UK,4
hh_16610,UK,3
hh_16611,UK,3
hh_16612,UK,3
hh_16613,UK,2
hh_16614,UK,6
hh_16615,UK,4
hh_16616,UK,5
hh_16617,UK,2
hh_16618,UK,4
hh_16619,UK,3
hh_16620,UK,3
hh_16621,UK,4
hh_16622,UK,2
hh_16623,UK,3
hh_16624,UK,4
hh_16625,UK,3
hh_16626,UK,4
hh_16627,UK,4
hh_16628,UK,5
hh_16629,UK,3
hh_16630,UK,4
hh_16631,UK,5
hh_16632,UK,5
hh_16633,UK,3
hh_15001,UK,3
hh_15002,UK,3
hh_15003,UK,4
hh_15004,UK,4
hh_15005,UK,6
hh_15006,UK,2
hh_15007,UK,4
hh_15008,UK,4
hh_15009,UK,6
hh_15011,UK,2
hh_15012,UK,3
hh_15013,UK,4
hh_15014,UK,4
hh_15015,UK,3
hh_15016,UK,4
hh_15017,UK,4
hh_15018,UK,4
hh_15019,UK,4
hh_15020,UK,3
hh_15022,UK,4
hh_15023,UK,3
hh_15024,UK,3
hh_15025,UK,4
hh_15026,UK,4
hh_15027,UK,5
hh_15028,UK,2
hh_15029,UK,4
hh_15030,UK,4
hh_15031,UK,3
hh_15033,UK,2
hh_15034,UK,5
hh_15073,UK,4
hh_15074,UK,2
hh_15075,UK,4
hh_15076,UK,4
hh_15077,UK,3
hh_15078,UK,4
hh_15079,UK,3
hh_15080,UK,3
hh_15081,UK,4
hh_15082,UK,5
hh_15083,UK,3
hh_15084,UK,4
hh_15085,UK,3
hh_15086,UK,3
hh_15087,UK,4
hh_15088,UK,4
hh_15089,UK,3
hh_15090,UK,4
hh_15091,UK,2
hh_15092,UK,3
hh_15093,UK,2
hh_15094,UK,5
hh_15095,UK,4
hh_15096,UK,3
hh_15097,UK,4
hh_15098,UK,4
hh_15099,UK,5
hh_15100,UK,4
hh_15101,UK,3
hh_15102,UK,4
hh_15103,UK,5
hh_15104,UK,3
hh_15105,UK,4
hh_15106,UK,3
hh_15107,UK,4
hh_15108,UK,5
hh_15109,UK,3
hh_15110,UK,3
hh_15111,UK,4
hh_15112,UK,3
hh_15113,UK,4
hh_15114,UK,2
hh_15115,UK,4
hh_15116,UK,4
hh_15117,UK,3
hh_15118,UK,4
hh_15119,UK,4
hh_15120,UK,5
hh_15121,UK,3
hh_15122,UK,3
hh_15123,UK,3
hh_15124,UK,7
hh_15125,UK,5
hh_15126,UK,7
hh_15127,UK,3
hh_15128,UK,4
hh_15129,UK,4
hh_15130,UK,3
hh_15131,UK,4
hh_15132,UK,4
hh_15133,UK,3
hh_15134,UK,5
hh_15135,UK,4
hh_15136,UK,3
hh_15137,UK,3
hh_15138,UK,2
hh_15139,UK,3
hh_15140,UK,4
hh_15141,UK,5
hh_15142,UK,5
hh_15143,UK,3
hh_15144,UK,3
hh_15145,UK,4
hh_15146,UK,4
hh_15147,UK,4
hh_15148,UK,3
hh_15149,UK,4
hh_15150,UK,3
hh_15151,UK,5
hh_15152,UK,2
hh_15153,UK,4
hh_15154,UK,3
hh_15155,UK,6
hh_15156,UK,3
hh_15157,UK,3
hh_15158,UK,6
hh_15159,UK,4
hh_15160,UK,6
hh_15161,UK,3
hh_15162,UK,3
hh_15163,UK,4
hh_15164,UK,4
hh_15165,UK,6
hh_15166,UK,5
hh_15167,UK,4
hh_15168,UK,5
hh_15169,UK,6
hh_15170,UK,5
hh_15171,UK,4
hh_15172,UK,3
hh_15173,UK,3
hh_15174,UK,5
hh_15175,UK,5
hh_15176,UK,3
hh_15177,UK,5
hh_15178,UK,4
hh_15179,UK,2
hh_15180,UK,5
hh_15181,UK,4
hh_15182,UK,4
hh_15183,UK,2
hh_15184,UK,3
hh_15185,UK,3
hh_15186,UK,3
hh_15187,UK,5
hh_15188,UK,1
hh_15189,UK,4
hh_15190,UK,4
hh_15191,UK,5
hh_15192,UK,4
hh_15193,UK,5
hh_15194,UK,5
hh_15195,UK,4
hh_15196,UK,5
hh_15197,UK,4
hh_15198,UK,3
hh_15199,UK,3
hh_15200,UK,4
hh_15201,UK,5
hh_15202,UK,5
hh_15203,UK,3
hh_15204,UK,4
hh_15205,UK,4
hh_15206,UK,3
hh_15207,UK,4
hh_15208,UK,3
hh_15209,UK,4
hh_15210,UK,4
hh_15211,UK,3
hh_15212,UK,2
hh_15213,UK,3
hh_15214,UK,5
hh_15215,UK,3
hh_15216,UK,4
hh_15217,UK,7
hh_15218,UK,3
hh_15219,UK,5
hh_15220,UK,2
hh_15221,UK,4
hh_15222,UK,4
hh_15223,UK,4
hh_15224,UK,4
hh_15225,UK,2
hh_15226,UK,4
hh_15227,UK,4
hh_15228,UK,4
hh_15229,UK,3
hh_15230,UK,3
hh_15231,UK,3
hh_15232,UK,3
hh_15233,UK,3
hh_15234,UK,3
hh_15235,UK,5
hh_15236,UK,4
hh_15237,UK,7
hh_15238,UK,2
hh_15239,UK,3
hh_15240,UK,5
hh_15241,UK,5
hh_15242,UK,3
hh_15243,UK,4
hh_15244,UK,6
hh_15245,UK,4
hh_15246,UK,3
hh_15247,UK,4
hh_15248,UK,4
hh_15249,UK,5
hh_15250,UK,7
hh_15251,UK,5
hh_15252,UK,5
hh_15253,UK,4
hh_15254,UK,3
hh_15255,UK,5
hh_15256,UK,3
hh_15257,UK,3
hh_15258,UK,6
hh_15259,UK,4
hh_15260,UK,3
hh_15261,UK,3
hh_15262,UK,3
hh_15263,UK,6
hh_15264,UK,3
hh_15265,UK,3
hh_15266,UK,2
hh_15267,UK,5
hh_15268,UK,4
hh_15269,UK,4
hh_15270,UK,3
hh_15271,UK,3
hh_15272,UK,5
hh_15273,UK,4
hh_15274,UK,3
hh_15275,UK,3
hh_15276,UK,2
hh_15277,UK,4
hh_15278,UK,4
hh_15279,UK,5
hh_15280,UK,5
hh_15281,UK,4
hh_15282,UK,5
hh_15283,UK,4
hh_15284,UK,3
hh_15285,UK,4
hh_15286,UK,3
hh_15287,UK,4
hh_15288,UK,2
hh_15289,UK,2
hh_15290,UK,4
hh_15291,UK,5
hh_15292,UK,4
hh_15293,UK,3
hh_15294,UK,3
hh_15295,UK,4
hh_15296,UK,3
hh_15297,UK,6
hh_15298,UK,5
hh_15299,UK,3
hh_15300,UK,6
hh_15301,UK,5
hh_15302,UK,8+
hh_15303,UK,3
hh_15304,UK,4
hh_15305,UK,3
hh_15306,UK,3
hh_15307,UK,2
hh_15308,UK,4
hh_15309,UK,4
hh_15310,UK,2
hh_15311,UK,3
hh_15312,UK,5
hh_15313,UK,4
hh_15314,UK,2
hh_15315,UK,4
hh_15316,UK,4
hh_15317,UK,4
hh_15318,UK,3
hh_15319,UK,3
hh_15320,UK,3
hh_15321,UK,4
hh_15322,UK,4
hh_15323,UK,3
hh_15324,UK,4
hh_15325,UK,5
hh_15326,UK,4
hh_15327,UK,4
hh_15328,UK,5
hh_15329,UK,4
hh_15330,UK,3
hh_15331,UK,3
hh_15332,UK,3
hh_15333,UK,6
hh_15334,UK,4
hh_15335,UK,3
hh_15336,UK,4
hh_15337,UK,4
hh_15338,UK,5
hh_15339,UK,2
hh_15340,UK,3
hh_15341,UK,3
hh_15342,UK,3
hh_15343,UK,5
hh_15344,UK,6
hh_15345,UK,5
hh_15346,UK,4
hh_15347,UK,5
hh_15348,UK,3
hh_15349,UK,3
hh_15350,UK,3
hh_15351,UK,7
hh_15352,UK,5
hh_15353,UK,4
hh_15354,UK,4
hh_15355,UK,5
hh_15356,UK,5
hh_15357,UK,2
hh_15358,UK,4
hh_15359,UK,4
hh_15360,UK,4
hh_15361,UK,4
hh_15362,UK,3
hh_15363,UK,4
hh_15364,UK,3
hh_15365,UK,3
hh_15366,UK,6
hh_15367,UK,2
hh_15368,UK,5
hh_15369,UK,2
hh_15370,UK,4
hh_15371,UK,3
hh_15372,UK,4
hh_15373,UK,4
hh_15374,UK,3
hh_15375,UK,4
hh_15376,UK,5
hh_15377,UK,5
hh_15378,UK,2
hh_15379,UK,5
hh_15380,UK,4
hh_15381,UK,2
hh_15382,UK,3
hh_15383,UK,4
hh_15384,UK,4
hh_15385,UK,5
hh_15386,UK,6
hh_15387,UK,2
hh_15388,UK,3
hh_15389,UK,4
hh_15390,UK,5
hh_15391,UK,4
hh_15392,UK,6
hh_15393,UK,3
hh_15394,UK,4
hh_15395,UK,3
hh_15396,UK,3
hh_15397,UK,3
hh_15398,UK,4
hh_15399,UK,4
hh_15400,UK,4
hh_15401,UK,4
hh_15402,UK,4
hh_15403,UK,4
hh_15404,UK,3
hh_15405,UK,3
hh_15406,UK,4
hh_15407,UK,3
hh_15408,UK,3
hh_15409,UK,4
hh_15410,UK,3
hh_15411,UK,5
hh_15412,UK,3
hh_15413,UK,4
hh_15414,UK,5
hh_15415,UK,4
hh_15416,UK,4
hh_15417,UK,4
hh_15418,UK,4
hh_15419,UK,5
hh_15420,UK,4
hh_15421,UK,4
hh_15422,UK,4
hh_15423,UK,4
hh_15424,UK,4
hh_15425,UK,5
hh_15426,UK,4
hh_15427,UK,4
hh_15428,UK,4
hh_15429,UK,3
hh_15430,UK,4
hh_15431,UK,2
hh_15432,UK,4
hh_15433,UK,3
hh_15434,UK,2
hh_15435,UK,5
hh_15436,UK,4
hh_15437,UK,3
hh_15438,UK,5
hh_15439,UK,3
hh_15440,UK,4
hh_15441,UK,8+
hh_15442,UK,4
hh_15443,UK,3
hh_15444,UK,4
hh_15445,UK,5
hh_15446,UK,4
hh_15447,UK,3
hh_15448,UK,4
hh_15449,UK,3
hh_15450,UK,3
hh_15451,UK,4
hh_15452,UK,4
hh_15453,UK,3
hh_15454,UK,3
hh_15455,UK,3
hh_15456,UK,5
hh_15457,UK,3
hh_15458,UK,3
hh_15459,UK,4
hh_15460,UK,4
hh_15461,UK,3
hh_15462,UK,3
hh_15463,UK,5
hh_15464,UK,4
hh_15465,UK,4
hh_15466,UK,4
hh_15467,UK,3
hh_15468,UK,6
hh_15469,UK,3
hh_15470,UK,3
hh_15471,UK,4
hh_15472,UK,4
hh_15473,UK,4
hh_15474,UK,5
hh_15475,UK,2
hh_15476,UK,3
hh_15477,UK,6
hh_15478,UK,4
hh_15479,UK,4
hh_15480,UK,2
hh_15481,UK,5
hh_15482,UK,4
hh_15483,UK,5
hh_15484,UK,3
hh_15485,UK,4
hh_15486,UK,3
hh_15487,UK,6
hh_15488,UK,6
hh_15489,UK,4
hh_15490,UK,4
hh_15491,UK,6
hh_15492,UK,5
hh_15493,UK,4
hh_15494,UK,4
hh_15495,UK,5
hh_15496,UK,4
hh_15497,UK,4
hh_15498,UK,2
hh_15499,UK,4
hh_15500,UK,3
hh_15501,UK,2
hh_15502,UK,3
hh_15503,UK,3
hh_15504,UK,4
hh_15505,UK,4
hh_15506,UK,3
hh_15507,UK,4
hh_15508,UK,4
hh_15509,UK,5
hh_15510,UK,6
hh_15511,UK,3
hh_15512,UK,4
hh_15513,UK,4
hh_15514,UK,3
hh_15515,UK,4
hh_15516,UK,4
hh_15517,UK,3
hh_15518,UK,4
hh_15519,UK,5
hh_15520,UK,4
hh_15521,UK,2
hh_15522,UK,2
hh_15523,UK,3
hh_15524,UK,3
hh_15525,UK,6
hh_15526,UK,3
hh_15527,UK,4
hh_15528,UK,6
hh_15529,UK,3
hh_15530,UK,3
hh_15531,UK,3
hh_15532,UK,4
hh_15533,UK,4
hh_15534,UK,3
hh_15535,UK,6
hh_15536,UK,3
hh_15537,UK,3
hh_15538,UK,4
hh_15539,UK,4
hh_15540,UK,4
hh_15541,UK,3
hh_15542,UK,4
hh_15543,UK,5
hh_15544,UK,4
hh_15545,UK,3
hh_15546,UK,4
hh_15547,UK,5
hh_15548,UK,4
hh_15549,UK,4
hh_15550,UK,3
hh_15551,UK,4
hh_15552,UK,5
hh_15553,UK,5
hh_15554,UK,4
hh_15555,UK,4
hh_15556,UK,3
hh_15557,UK,3
hh_15558,UK,4
hh_15559,UK,4
hh_15560,UK,3
hh_15561,UK,3
hh_15562,UK,3
hh_15563,UK,4
hh_15564,UK,4
hh_15565,UK,4
hh_15566,UK,3
hh_15567,UK,2
hh_15568,UK,4
hh_15569,UK,3
hh_15570,UK,3
hh_15571,UK,3
hh_15572,UK,3
hh_15573,UK,3
hh_15574,UK,4
hh_15575,UK,5
hh_15576,UK,5
hh_15577,UK,4
hh_15578,UK,3
hh_15579,UK,5
hh_15580,UK,5
hh_15581,UK,4
hh_15582,UK,5
hh_15583,UK,4
hh_15584,UK,2
hh_15585,UK,2
hh_15586,UK,2
hh_15587,UK,3
hh_15588,UK,4
hh_15589,UK,5
hh_15590,UK,2
hh_15591,UK,6
hh_15592,UK,3
hh_15593,UK,5
hh_15594,UK,4
hh_15595,UK,3
hh_15596,UK,5
hh_15597,UK,4
hh_15598,UK,6
hh_15599,UK,3
hh_15600,UK,4
hh_15601,UK,4
hh_15602,UK,3
hh_15603,UK,4
hh_15604,UK,4
hh_15605,UK,6
hh_15606,UK,3
hh_15607,UK,5
hh_15608,UK,4
hh_15609,UK,5
hh_15610,UK,4
hh_15611,UK,4
hh_15612,UK,3
hh_15613,UK,3
hh_15614,UK,4
hh_15615,UK,4
hh_15616,UK,5
hh_15617,UK,4
hh_15618,UK,3
hh_15619,UK,4
hh_15620,UK,3
hh_15621,UK,3
hh_15622,UK,2
hh_15623,UK,3
hh_15624,UK,3
hh_15625,UK,4
hh_15626,UK,5
hh_15627,UK,4
hh_15628,UK,3
hh_15629,UK,2
hh_15630,UK,3
hh_15631,UK,4
hh_15632,UK,3
hh_15633,UK,2
hh_15634,UK,7
hh_15635,UK,4
hh_15636,UK,5
hh_15637,UK,4
hh_15638,UK,3
hh_15639,UK,5
hh_15640,UK,4
hh_15641,UK,4
hh_15642,UK,4
hh_15643,UK,2
hh_15644,UK,5
hh_15645,UK,4
hh_15646,UK,4
hh_15647,UK,4
hh_15648,UK,4
hh_15649,UK,4
hh_15650,UK,3
hh_15651,UK,3
hh_15652,UK,3
hh_15653,UK,2
hh_15654,UK,4
hh_15655,UK,4
hh_15656,UK,5
hh_15657,UK,4
hh_15658,UK,3
hh_15659,UK,4
hh_15660,UK,2
hh_15661,UK,4
hh_15662,UK,2
hh_15663,UK,5
hh_15664,UK,4
hh_15665,UK,3
hh_15666,UK,3
hh_15667,UK,4
hh_15668,UK,4
hh_15669,UK,3
hh_15670,UK,3
hh_15671,UK,5
hh_15672,UK,4
hh_15673,UK,8+
hh_15674,UK,3
hh_15675,UK,4
hh_15676,UK,3
hh_15677,UK,4
hh_15678,UK,4
hh_15679,UK,4
hh_15680,UK,2
hh_15681,UK,4
hh_15682,UK,3
hh_15683,UK,5
hh_15684,UK,4
hh_15685,UK,5
hh_15686,UK,3
hh_15687,UK,7
hh_15688,UK,5
hh_15689,UK,3
hh_15690,UK,3
hh_15692,UK,2
hh_15693,UK,3
hh_15694,UK,6
hh_15695,UK,3
hh_15696,UK,3
hh_15697,UK,4
hh_15698,UK,4
hh_15699,UK,5
hh_15700,UK,2
hh_15701,UK,2
hh_15703,UK,4
hh_15704,UK,4
hh_15705,UK,5
hh_15706,UK,4
hh_15707,UK,4
hh_15708,UK,6
hh_15709,UK,4
hh_15710,UK,3
hh_15711,UK,4
hh_15712,UK,2
hh_15714,UK,4
hh_15715,UK,5
hh_15716,UK,4
hh_15717,UK,5
hh_15718,UK,6
hh_15719,UK,4
hh_15720,UK,5
hh_15721,UK,5
hh_15722,UK,3
hh_15723,UK,3
hh_15725,UK,4
hh_15726,UK,3
hh_15727,UK,3
hh_15728,UK,5
hh_15729,UK,3
hh_15730,UK,4
hh_15731,UK,3
hh_15732,UK,4
hh_15733,UK,3
hh_15734,UK,4
hh_15736,UK,4
hh_15737,UK,4
hh_15738,UK,3
hh_15739,UK,4
hh_15740,UK,3
hh_15741,UK,6
hh_15742,UK,2
hh_15743,UK,4
hh_15744,UK,5
hh_15745,UK,4
hh_15747,UK,4
hh_15748,UK,5
hh_15749,UK,4
hh_15750,UK,3
hh_15751,UK,3
hh_15752,UK,3
hh_15753,UK,3
hh_15754,UK,4
hh_15755,UK,5
hh_15776,UK,5
hh_15777,UK,4
hh_15778,UK,4
hh_15779,UK,6
hh_15780,UK,5
hh_15781,UK,4
hh_15782,UK,2
hh_15783,UK,4
hh_15784,UK,5
hh_15785,UK,3
hh_15786,UK,4
hh_15787,UK,4
hh_15788,UK,3
hh_15789,UK,4
hh_15790,UK,4
hh_15791,UK,4
hh_15792,UK,4
hh_15793,UK,3
hh_15794,UK,4
hh_15795,UK,3
hh_15796,UK,4
hh_15797,UK,4
hh_15798,UK,6
hh_15799,UK,4
hh_15800,UK,4
hh_15801,UK,6
hh_15802,UK,4
hh_15803,UK,3
hh_15804,UK,4
hh_15805,UK,4
hh_15806,UK,3
hh_15807,UK,5
hh_15808,UK,4
hh_15809,UK,4
hh_15810,UK,4
hh_15811,UK,3
hh_15812,UK,4
hh_15813,UK,4
hh_15814,UK,4
hh_15815,UK,6
hh_15816,UK,4
hh_15817,UK,4
hh_15818,UK,3
hh_15819,UK,3
hh_15820,UK,4
hh_15821,UK,3
hh_15822,UK,5
hh_15823,UK,5
hh_15824,UK,5
hh_15825,UK,5
hh_15826,UK,3
hh_15827,UK,4
hh_15828,UK,3
hh_15829,UK,2
hh_15830,UK,4
hh_15831,UK,4
hh_15832,UK,5
hh_15833,UK,2
hh_15834,UK,3
hh_15835,UK,3
hh_15836,UK,4
hh_15837,UK,4
hh_15838,UK,5
hh_15839,UK,6
hh_15840,UK,3
hh_15841,UK,3
hh_15842,UK,5
hh_15843,UK,5
hh_15844,UK,2
hh_15845,UK,5
hh_15846,UK,4
hh_15847,UK,4
hh_15848,UK,6
hh_15849,UK,5
hh_15850,UK,2
hh_15851,UK,5
hh_15852,UK,5
hh_15853,UK,2
hh_15854,UK,5
hh_15855,UK,5
hh_15856,UK,5
hh_15857,UK,4
hh_15858,UK,2
hh_15859,UK,6
hh_15860,UK,3
hh_15861,UK,2
hh_15862,UK,3
hh_15863,UK,4
hh_15864,UK,2
hh_15865,UK,5
hh_15866,UK,4
hh_15867,UK,5
hh_15868,UK,5
hh_15869,UK,4
hh_15870,UK,2
hh_15871,UK,4
hh_15872,UK,3
hh_15873,UK,4
hh_15874,UK,3
hh_15875,UK,3
hh_15876,UK,6
hh_15877,UK,5
hh_15878,UK,2
hh_15879,UK,5
hh_15880,UK,2
hh_15881,UK,4
hh_15882,UK,5
hh_15883,UK,3
hh_15884,UK,5
hh_15885,UK,4
hh_15886,UK,4
hh_15887,UK,4
hh_15888,UK,2
hh_15889,UK,5
hh_15890,UK,3
hh_15891,UK,8+
hh_15892,UK,4
hh_15893,UK,2
hh_15894,UK,6
hh_15895,UK,3
hh_15896,UK,2
hh_15897,UK,4
hh_15898,UK,4
hh_15899,UK,4
hh_15900,UK,4
hh_15901,UK,3
hh_15902,UK,3
hh_15903,UK,3
hh_15904,UK,4
hh_15905,UK,2
hh_15906,UK,6
hh_15907,UK,4
hh_15908,UK,3
hh_15909,UK,5
hh_15910,UK,3
hh_15911,UK,5
hh_15912,UK,4
hh_15913,UK,4
hh_15914,UK,4
hh_15915,UK,3
hh_15916,UK,3
hh_15917,UK,4
hh_15918,UK,5
hh_15919,UK,5
hh_15920,UK,4
hh_15921,UK,6
hh_15922,UK,5
hh_15923,UK,4
hh_15924,UK,4
hh_15925,UK,5
hh_15926,UK,4
hh_15927,UK,4
hh_15928,UK,5
hh_15929,UK,3
hh_15930,UK,3
hh_15931,UK,3
hh_15932,UK,2
hh_15933,UK,3
hh_15934,UK,5
hh_15935,UK,5
hh_15936,UK,4
hh_15937,UK,3
hh_15938,UK,4
hh_15939,UK,7
hh_15940,UK,3
hh_15941,UK,3
hh_15942,UK,5
hh_15943,UK,4
hh_15944,UK,4
hh_15945,UK,2
hh_15946,UK,6
hh_15947,UK,4
hh_15948,UK,6
hh_15949,UK,4
hh_15950,UK,4
hh_15951,UK,4
hh_15952,UK,3
hh_15953,UK,3
hh_15954,UK,3
hh_15955,UK,4
hh_15956,UK,5
hh_15957,UK,5
hh_15958,UK,3
hh_15959,UK,4
hh_15960,UK,4
hh_15961,UK,2
hh_15962,UK,4
hh_15963,UK,6
hh_15964,UK,4
hh_15965,UK,4
hh_15966,UK,4
hh_15967,UK,5
hh_15968,UK,2
hh_15969,UK,5
hh_15970,UK,4
hh_15971,UK,4
hh_15972,UK,3
hh_15973,UK,5
hh_15974,UK,4
hh_15975,UK,4
hh_15976,UK,3
hh_15977,UK,6
hh_15978,UK,3
hh_15979,UK,2
hh_15980,UK,3
hh_15981,UK,6
hh_15982,UK,3
hh_15983,UK,5
hh_15984,UK,3
hh_15985,UK,4
hh_15986,UK,5
hh_15987,UK,5
hh_15988,UK,4
hh_15989,UK,4
hh_15990,UK,4
hh_15991,UK,3
hh_15992,UK,4
hh_15993,UK,2
hh_15994,UK,4
hh_15995,UK,3
hh_15996,UK,3
hh_15997,UK,2
hh_15998,UK,4
hh_15999,UK,3
hh_16000,UK,5
hh_16001,UK,3
hh_16002,UK,4
hh_16003,UK,5
hh_16004,UK,3
hh_16005,UK,4
hh_16006,UK,3
hh_16007,UK,5
hh_16008,UK,4
hh_16009,UK,2
hh_16010,UK,4
hh_16011,UK,4
hh_16012,UK,3
hh_16013,UK,3
hh_16014,UK,5
hh_16015,UK,4
hh_16016,UK,5
hh_16017,UK,4
hh_16018,UK,6
hh_16019,UK,4
hh_16020,UK,5
hh_16021,UK,4
hh_16022,UK,2
hh_16023,UK,4
hh_16024,UK,4
hh_16025,UK,2
hh_16026,UK,4
hh_16027,UK,3
hh_16028,UK,5
hh_16029,UK,2
hh_16030,UK,5
hh_16031,UK,4
hh_16032,UK,4
hh_16033,UK,5
hh_16034,UK,3
hh_16035,UK,3
hh_16036,UK,4
hh_16037,UK,3
hh_16038,UK,2
hh_16039,UK,4
hh_16040,UK,3
hh_16041,UK,4
hh_16042,UK,4
hh_16043,UK,4
hh_16044,UK,5
hh_16045,UK,4
hh_16046,UK,3
hh_16047,UK,4
hh_16048,UK,4
hh_16049,UK,6
hh_16050,UK,2
hh_16051,UK,4
hh_16052,UK,3
hh_16053,UK,3
hh_16054,UK,3
hh_16055,UK,2
hh_16056,UK,4
hh_16057,UK,3
hh_16058,UK,4
hh_16059,UK,4
hh_16060,UK,4
hh_16061,UK,4
hh_16062,UK,5
hh_16063,UK,2
hh_16064,UK,4
hh_16065,UK,3
hh_16066,UK,4
hh_16067,UK,5
hh_16068,UK,5
hh_16069,UK,3
hh_16070,UK,3
hh_16071,UK,3
hh_16072,UK,4
hh_16073,UK,5
hh_16074,UK,4
hh_16075,UK,4
hh_16076,UK,4
hh_16077,UK,5
hh_16078,UK,3
hh_16079,UK,3
hh_16080,UK,3
hh_16081,UK,4
hh_16082,UK,4
hh_16083,UK,4
hh_16084,UK,4
hh_16085,UK,4
hh_16086,UK,4
hh_16087,UK,5
hh_16088,UK,6
hh_16089,UK,3
hh_16090,UK,3
hh_16091,UK,3
hh_16092,UK,5
hh_16093,UK,4
hh_16094,UK,5
hh_16095,UK,4
hh_16096,UK,4
hh_16097,UK,3
hh_16098,UK,4
hh_16099,UK,2
hh_16100,UK,4
hh_16101,UK,3
hh_16102,UK,5
hh_16103,UK,3
hh_16104,UK,5
hh_16105,UK,3
hh_16106,UK,3
hh_16107,UK,5
hh_16108,UK,5
hh_16109,UK,4
hh_16110,UK,4
hh_16111,UK,3
hh_16112,UK,3
hh_16113,UK,5
hh_16114,UK,4
hh_16115,UK,4
hh_16116,UK,4
hh_16117,UK,5
hh_16118,UK,3
hh_16119,UK,2
hh_16120,UK,3
hh_16121,UK,6
hh_16122,UK,3
hh_16123,UK,4
hh_16124,UK,2
hh_16125,UK,4
hh_16126,UK,4
hh_16127,UK,4
hh_16128,UK,4
hh_16129,UK,5
hh_16130,UK,4
hh_16131,UK,4
hh_16132,UK,5
hh_16133,UK,3
hh_16134,UK,4
hh_16135,UK,3
hh_16136,UK,4
hh_16137,UK,4
hh_16138,UK,4
hh_16139,UK,4
hh_16140,UK,2
hh_16141,UK,4
hh_16142,UK,4
hh_16143,UK,1
hh_16144,UK,4
hh_16145,UK,4
hh_16146,UK,4
hh_16147,UK,3
hh_16148,UK,4
hh_16149,UK,7
hh_16150,UK,3
hh_16151,UK,7
hh_16152,UK,5
hh_16153,UK,3
hh_16154,UK,3
hh_16155,UK,4
hh_16156,UK,6
hh_16157,UK,4
hh_16158,UK,4
hh_16159,UK,3
hh_16160,UK,5
hh_16161,UK,2
hh_16162,UK,5
hh_16163,UK,5
hh_16164,UK,4
hh_16165,UK,4
hh_16166,UK,3
hh_16167,UK,4
hh_16168,UK,5
hh_16169,UK,5
hh_16170,UK,4
hh_16171,UK,5
hh_16172,UK,4
hh_16173,UK,6
hh_16174,UK,4
hh_16175,UK,5
hh_16176,UK,2
hh_16177,UK,4
hh_16178,UK,3
hh_16179,UK,4
hh_16180,UK,2
hh_16181,UK,3
hh_16182,UK,4
hh_16183,UK,3
hh_16184,UK,4
hh_16185,UK,4
hh_16186,UK,4
hh_16187,UK,4
hh_16188,UK,4
hh_16189,UK,4
hh_16190,UK,4
hh_16191,UK,3
hh_16192,UK,4
hh_16193,UK,2
hh_16194,UK,4
hh_16195,UK,4
hh_16196,UK,6
hh_16197,UK,2
hh_16198,UK,4
hh_16199,UK,4
hh_16200,UK,5
hh_16201,UK,3
hh_16202,UK,6
hh_16203,UK,3
hh_16204,UK,3
hh_16205,UK,5
hh_16206,UK,5
hh_16207,UK,3
hh_16208,UK,7
hh_16209,UK,4
hh_16210,UK,4
hh_16211,UK,4
hh_16212,UK,5
hh_16213,UK,4
hh_16214,UK,2
hh_16215,UK,4
hh_16216,UK,4
hh_16217,UK,4
hh_16218,UK,4
hh_16219,UK,4
hh_16220,UK,4
hh_16221,UK,4
hh_16222,UK,5
hh_16223,UK,3
hh_16224,UK,5
hh_16225,UK,4
hh_16226,UK,4
hh_16227,UK,3
hh_16228,UK,3
hh_16229,UK,4
hh_16230,UK,4
hh_16231,UK,4
hh_16232,UK,5
hh_16233,UK,4
hh_16234,UK,3
hh_16235,UK,4
hh_16236,UK,4
hh_16237,UK,3
hh_16238,UK,6
hh_16239,UK,5
hh_16240,UK,5
hh_16241,UK,4
hh_16242,UK,5
hh_16243,UK,2
hh_16244,UK,2
hh_16245,UK,4
hh_16246,UK,4
hh_16247,UK,4
hh_16248,UK,4
hh_16249,UK,3
hh_16250,UK,4
hh_16251,UK,5
hh_16252,UK,4
hh_16253,UK,4
hh_16254,UK,4
hh_16255,UK,5
hh_16256,UK,3
hh_16257,UK,4
hh_16258,UK,5
hh_16259,UK,3
hh_16260,UK,4
hh_16261,UK,3
hh_16262,UK,5
hh_16263,UK,6
hh_16264,UK,4
hh_16265,UK,4
hh_16266,UK,4
hh_16267,UK,3
hh_16268,UK,4
hh_16269,UK,2
hh_16270,UK,4
hh_16271,UK,4
hh_16272,UK,3
hh_16273,UK,5
hh_16274,UK,4
hh_16275,UK,6
hh_16276,UK,4
hh_16277,UK,5
hh_16278,UK,4
hh_16279,UK,5
hh_16280,UK,3
hh_16281,UK,4
hh_16282,UK,4
hh_16283,UK,4
hh_16284,UK,3
hh_16285,UK,3
hh_16286,UK,2
hh_16287,UK,3
hh_16288,UK,3
hh_16289,UK,4
hh_16290,UK,4
hh_16291,UK,3
hh_16292,UK,2
hh_16293,UK,4
hh_16294,UK,5
hh_45001,UK,2
hh_45002,UK,4
hh_45003,UK,4
hh_45004,UK,4
hh_45005,UK,4
hh_45006,UK,4
hh_45007,UK,4
hh_45008,UK,4
hh_45009,UK,3
hh_45010,UK,6
hh_45011,UK,4
hh_45012,UK,4
hh_45013,UK,2
hh_45014,UK,3
hh_45015,UK,3
hh_45016,UK,4
hh_45017,UK,3
hh_45018,UK,3
hh_45019,UK,5
hh_45020,UK,4
hh_45021,UK,5
hh_45022,UK,3
hh_45023,UK,3
hh_45024,UK,2
hh_45025,UK,5
hh_45026,UK,4
hh_45027,UK,3
hh_45028,UK,4
hh_45029,UK,4
hh_45030,UK,3
hh_45031,UK,4
hh_45032,UK,3
hh_45033,UK,5
hh_45034,UK,3
hh_45035,UK,4
hh_45036,UK,3
hh_45037,UK,6
hh_45038,UK,4
hh_45039,UK,4
hh_45040,UK,4
hh_45041,UK,5
hh_45042,UK,5
hh_45043,UK,3
hh_45044,UK,5
hh_45045,UK,3
hh_45046,UK,3
hh_45047,UK,2
hh_45048,UK,3
hh_45049,UK,3
hh_45050,UK,3
hh_45051,UK,3
hh_45052,UK,5
hh_45053,UK,4
hh_45054,UK,4
hh_45055,UK,5
hh_45056,UK,3
hh_45057,UK,3
hh_45058,UK,3
hh_45059,UK,4
hh_45060,UK,4
hh_45061,UK,5
hh_45062,UK,4
hh_45063,UK,3
hh_45064,UK,4
hh_45065,UK,4
hh_45066,UK,2
hh_45067,UK,4
hh_45068,UK,3
hh_45069,UK,2
hh_45070,UK,3
hh_45071,UK,3
hh_45072,UK,4
hh_45073,UK,3
hh_45074,UK,4
hh_45075,UK,5
hh_45076,UK,5
hh_45077,UK,4
hh_45078,UK,2
hh_45079,UK,5
hh_45080,UK,2
hh_45081,UK,5
hh_45082,UK,5
hh_45083,UK,5
hh_45084,UK,4
hh_45085,UK,3
hh_45086,UK,2
hh_45087,UK,3
hh_45088,UK,5
hh_45089,UK,4
hh_45090,UK,5
hh_45091,UK,4
hh_45092,UK,5
hh_45093,UK,4
hh_45094,UK,4
hh_45095,UK,4
hh_45096,UK,3
hh_45097,UK,5
hh_45098,UK,3
hh_45099,UK,5
hh_45100,UK,5
hh_45111,UK,4
hh_45122,UK,4
hh_45133,UK,5
hh_45144,UK,5
hh_45155,UK,4
hh_45166,UK,4
hh_45177,UK,4
hh_45188,UK,6
hh_45199,UK,3
hh_45210,UK,2
hh_45221,UK,4
hh_45232,UK,4
hh_45243,UK,3
hh_45254,UK,6
hh_45265,UK,5
hh_45276,UK,3
hh_45287,UK,5
hh_45298,UK,3
hh_45309,UK,5
hh_45320,UK,4
hh_45331,UK,2
hh_45342,UK,2
hh_45353,UK,3
hh_45364,UK,4
hh_45375,UK,4
hh_45386,UK,5
hh_45397,UK,4
hh_45408,UK,4
hh_45419,UK,2
hh_45430,UK,4
hh_45441,UK,5
hh_45452,UK,4
hh_45463,UK,2
hh_45474,UK,4
hh_45485,UK,4
hh_45496,UK,2
hh_45507,UK,4
hh_45518,UK,4
hh_45526,UK,4
hh_45527,UK,4
hh_45528,UK,3
hh_45529,UK,4
hh_45530,UK,5
hh_45531,UK,4
hh_45532,UK,5
hh_45533,UK,6
hh_45534,UK,3
hh_45535,UK,2
hh_45536,UK,5
hh_45537,UK,5
hh_45538,UK,4
hh_45539,UK,3
hh_45540,UK,4
hh_45541,UK,4
hh_45542,UK,3
hh_45543,UK,6
hh_45544,UK,4
hh_45545,UK,2
hh_45546,UK,3
hh_45547,UK,2
hh_45548,UK,4
hh_45549,UK,6
hh_45550,UK,4
hh_45551,UK,4
hh_45552,UK,4
hh_45553,UK,4
hh_45554,UK,4
hh_45555,UK,5
hh_45556,UK,5
hh_45557,UK,4
hh_45558,UK,4
hh_45559,UK,5
hh_45560,UK,5
hh_45561,UK,4
hh_45562,UK,3
hh_45563,UK,2
hh_45564,UK,6
hh_45565,UK,4
hh_45566,UK,5
hh_45567,UK,2
hh_45568,UK,2
hh_45569,UK,3
hh_45570,UK,4
hh_45571,UK,4
hh_45572,UK,5
hh_45573,UK,5
hh_45574,UK,3
hh_45575,UK,3
hh_45576,UK,2
hh_45577,UK,4
hh_45578,UK,NA
hh_45579,UK,3
hh_45580,UK,3
hh_45581,UK,3
hh_45582,UK,3
hh_45583,UK,4
hh_45584,UK,4
hh_45585,UK,3
hh_45586,UK,4
hh_45587,UK,3
hh_45588,UK,5
hh_45589,UK,5
hh_45590,UK,3
hh_45591,UK,3
hh_45592,UK,4
hh_45593,UK,4
hh_45594,UK,4
hh_45595,UK,4
hh_45596,UK,2
hh_45597,UK,3
hh_45598,UK,4
hh_45599,UK,4
hh_45600,UK,3
hh_45601,UK,3
hh_45602,UK,4
hh_45603,UK,5
hh_45604,UK,6
hh_45605,UK,2
hh_45606,UK,6
hh_45607,UK,4
hh_45608,UK,3
hh_45609,UK,3
hh_45610,UK,5
hh_45611,UK,3
hh_45612,UK,4
hh_45613,UK,5
hh_45614,UK,4
hh_45615,UK,5
hh_45616,UK,5
hh_45617,UK,5
hh_45618,UK,3
hh_45619,UK,4
hh_45620,UK,4
hh_45621,UK,2
hh_45622,UK,4
hh_45623,UK,3
hh_45624,UK,4
hh_45625,UK,5
hh_45626,UK,4
hh_45627,UK,5
hh_45628,UK,4
hh_45629,UK,4
hh_45630,UK,3
hh_45631,UK,8+
hh_45632,UK,4
hh_45633,UK,5
hh_45634,UK,5
hh_45635,UK,5
hh_45636,UK,6
hh_45637,UK,6
hh_45638,UK,4
hh_45639,UK,2
hh_45640,UK,3
hh_45641,UK,3
hh_45642,UK,4
hh_45643,UK,4
hh_45644,UK,4
hh_45645,UK,3
hh_45646,UK,2
hh_45647,UK,3
hh_45648,UK,5
hh_45649,UK,4
hh_45650,UK,5
hh_45651,UK,5
hh_45652,UK,4
hh_45653,UK,2
hh_45654,UK,3
hh_45655,UK,3
hh_45656,UK,3
hh_45657,UK,3
hh_45658,UK,4
hh_45659,UK,3
hh_45660,UK,5
hh_45661,UK,4
hh_45662,UK,3
hh_45663,UK,3
hh_45664,UK,2
hh_45665,UK,4
hh_45666,UK,4
hh_45667,UK,3
hh_45668,UK,3
hh_45669,UK,4
hh_45670,UK,5
hh_45671,UK,4
hh_45672,UK,6
hh_45673,UK,4
hh_45674,UK,3
hh_45675,UK,4
hh_45676,UK,3
hh_45677,UK,4
hh_45678,UK,5
hh_45679,UK,5
hh_45680,UK,2
hh_45681,UK,3
hh_45682,UK,4
hh_45683,UK,6
hh_45684,UK,3
hh_45685,UK,3
hh_45686,UK,6
hh_45687,UK,4
hh_45688,UK,5
hh_45689,UK,4
hh_45690,UK,3
hh_45691,UK,2
hh_45692,UK,3
hh_45693,UK,4
hh_45694,UK,2
hh_45695,UK,4
hh_45696,UK,4
hh_45697,UK,5
hh_45698,UK,2
hh_45699,UK,3
hh_45700,UK,4
hh_45701,UK,2
hh_45702,UK,2
hh_45703,UK,3
hh_45704,UK,3
hh_45705,UK,4
hh_45706,UK,2
hh_45707,UK,6
hh_45708,UK,4
hh_45709,UK,4
hh_45710,UK,6
hh_45711,UK,5
hh_45712,UK,4
hh_45713,UK,3
hh_45714,UK,4
hh_45715,UK,6
hh_45716,UK,4
hh_45717,UK,3
hh_45718,UK,4
hh_45719,UK,3
hh_45720,UK,4
hh_45721,UK,2
hh_45722,UK,3
hh_45723,UK,2
hh_45724,UK,4
hh_45725,UK,4
hh_45726,UK,5
hh_45727,UK,5
hh_45728,UK,3
hh_45729,UK,5
hh_45730,UK,3
hh_45731,UK,4
hh_45732,UK,4
hh_45733,UK,4
hh_45734,UK,4
hh_45735,UK,6
hh_45736,UK,3
hh_45737,UK,3
hh_45738,UK,4
hh_45739,UK,6
hh_45740,UK,3
hh_45741,UK,4
hh_45742,UK,3
hh_45743,UK,5
hh_45744,UK,4
hh_45745,UK,5
hh_45746,UK,6
hh_45747,UK,2
hh_45748,UK,4
hh_45749,UK,3
hh_45750,UK,5
hh_45751,UK,4
hh_45752,UK,4
hh_45753,UK,4
hh_45754,UK,3
hh_45755,UK,2
hh_45756,UK,3
hh_45757,UK,3
hh_45758,UK,3
hh_45759,UK,3
hh_45760,UK,4
hh_45761,UK,3
hh_45762,UK,3
hh_45763,UK,3
hh_45764,UK,2
hh_45765,UK,6
hh_45766,UK,5
hh_45767,UK,4
hh_45768,UK,5
hh_45769,UK,6
hh_45770,UK,3
hh_45771,UK,4
hh_45772,UK,5
hh_45773,UK,4
hh_45774,UK,4
hh_45775,UK,4
hh_45776,UK,4
hh_45777,UK,3
hh_45778,UK,6
hh_45779,UK,3
hh_45780,UK,5
hh_45781,UK,4
hh_45782,UK,3
hh_45783,UK,4
hh_45784,UK,5
hh_45785,UK,5
hh_45786,UK,4
hh_45787,UK,3
hh_45788,UK,3
hh_45789,UK,5
hh_45790,UK,5
hh_45791,UK,3
hh_45792,UK,3
hh_45793,UK,4
hh_45794,UK,5
hh_45795,UK,2
hh_45796,UK,4
hh_45797,UK,2
hh_45798,UK,5
hh_45799,UK,3
hh_45800,UK,3
hh_45801,UK,6
hh_45802,UK,2
hh_45803,UK,2
hh_45804,UK,4
hh_45805,UK,3
hh_45806,UK,4
hh_45807,UK,5
hh_45808,UK,4
hh_45809,UK,3
hh_45810,UK,3
hh_45811,UK,3
hh_45812,UK,5
hh_45813,UK,4
hh_45814,UK,3
hh_45815,UK,7
hh_45816,UK,4
hh_45817,UK,4
hh_45818,UK,5
hh_45819,UK,4
hh_45820,UK,3
hh_45821,UK,4
hh_45822,UK,4
hh_45823,UK,5
hh_45824,UK,5
hh_45825,UK,7
hh_45826,UK,4
hh_45827,UK,4
hh_45828,UK,4
hh_45829,UK,3
hh_45830,UK,5
hh_45831,UK,6
hh_45832,UK,3
hh_45833,UK,3
hh_45834,UK,3
hh_45835,UK,4
hh_45836,UK,4
hh_45837,UK,3
hh_45838,UK,4
hh_45839,UK,4
hh_45840,UK,2
hh_45841,UK,4
hh_45842,UK,6
hh_45843,UK,4
hh_45844,UK,4
hh_45845,UK,3
hh_45846,UK,2
hh_45847,UK,3
hh_45848,UK,4
hh_45849,UK,3
hh_45850,UK,3
hh_45851,UK,4
hh_45852,UK,3
hh_45853,UK,4
hh_45854,UK,4
hh_45855,UK,4
hh_45856,UK,3
hh_45857,UK,3
hh_45858,UK,5
hh_45859,UK,4
hh_45860,UK,4
hh_45861,UK,3
hh_45862,UK,3
hh_45863,UK,2
hh_45864,UK,5
hh_45865,UK,4
hh_45866,UK,4
hh_45867,UK,3
hh_45868,UK,7
hh_45869,UK,3
hh_45870,UK,4
hh_45871,UK,4
hh_45872,UK,3
hh_45873,UK,4
hh_45874,UK,3
hh_45875,UK,4
hh_45876,UK,4
hh_45877,UK,5
hh_45878,UK,4
hh_45879,UK,4
hh_45880,UK,4
hh_45881,UK,4
hh_45882,UK,4
hh_45883,UK,3
hh_45884,UK,5
hh_45885,UK,4
hh_45886,UK,4
hh_45887,UK,5
hh_45888,UK,4
hh_45889,UK,6
hh_45890,UK,3
hh_45891,UK,5
hh_45892,UK,5
hh_45893,UK,4
hh_45894,UK,5
hh_45895,UK,4
hh_45896,UK,4
hh_45897,UK,3
hh_45898,UK,4
hh_45899,UK,3
hh_45900,UK,2
hh_45901,UK,3
hh_45902,UK,2
hh_45903,UK,5
hh_45904,UK,4
hh_45905,UK,4
hh_45906,UK,4
hh_45907,UK,5
hh_45908,UK,4
hh_45909,UK,2
hh_45910,UK,4
hh_45911,UK,4
hh_45912,UK,4
hh_45913,UK,3
hh_45914,UK,4
hh_45915,UK,4
hh_45916,UK,4
hh_45917,UK,5
hh_45918,UK,5
hh_45919,UK,4
hh_45920,UK,5
hh_45921,UK,3
hh_45922,UK,4
hh_45923,UK,5
hh_45924,UK,6
hh_45925,UK,5
hh_45926,UK,5
hh_45927,UK,4
hh_45928,UK,5
hh_45929,UK,5
hh_45930,UK,5
hh_45931,UK,2
hh_45932,UK,3
hh_45933,UK,3
hh_45934,UK,2
hh_45935,UK,3
hh_45936,UK,3
hh_45937,UK,6
hh_45938,UK,3
hh_45939,UK,5
hh_45940,UK,4
hh_45941,UK,2
hh_45942,UK,4
hh_45943,UK,3
hh_45944,UK,2
hh_45945,UK,5
hh_45946,UK,4
hh_45947,UK,6
hh_45948,UK,5
hh_45949,UK,4
hh_45950,UK,4
hh_45951,UK,4
hh_45952,UK,4
hh_45953,UK,5
hh_45954,UK,5
hh_45955,UK,4
hh_45956,UK,3
hh_45957,UK,3
hh_45958,UK,4
hh_45959,UK,3
hh_45960,UK,4
hh_45961,UK,4
hh_45962,UK,7
hh_45963,UK,3
hh_45964,UK,5
hh_45965,UK,3
hh_45966,UK,4
hh_45967,UK,6
hh_45968,UK,6
hh_45969,UK,2
hh_45970,UK,3
hh_45971,UK,5
hh_45972,UK,4
hh_45973,UK,4
hh_45974,UK,3
hh_45975,UK,4
hh_45976,UK,3
hh_45977,UK,3
hh_45978,UK,2
hh_45979,UK,5
hh_45980,UK,3
hh_45981,UK,3
hh_45982,UK,4
hh_45983,UK,3
hh_45984,UK,8+
hh_45985,UK,4
hh_45986,UK,3
hh_45987,UK,4
hh_45988,UK,4
hh_45989,UK,4
hh_45990,UK,4
hh_45991,UK,3
hh_45992,UK,4
hh_45993,UK,4
hh_45994,UK,3
hh_45995,UK,3
hh_45996,UK,5
hh_45997,UK,3
hh_45998,UK,4
hh_45999,UK,4
hh_46000,UK,2
hh_46001,UK,3
hh_46002,UK,3
hh_46003,UK,2
hh_46004,UK,5
hh_46005,UK,4
hh_46006,UK,7
hh_46007,UK,4
hh_46008,UK,4
hh_46009,UK,5
hh_46010,UK,6
hh_46011,UK,3
hh_46012,UK,4
hh_46013,UK,3
hh_46014,UK,5
hh_46015,UK,3
hh_46016,UK,3
hh_46017,UK,7
hh_46018,UK,4
hh_46019,UK,4
hh_46020,UK,4
hh_46021,UK,3
hh_46022,UK,3
hh_46023,UK,3
hh_46024,UK,5
hh_46025,UK,4
hh_46026,UK,4
hh_46027,UK,4
hh_46028,UK,3
hh_46029,UK,3
hh_46030,UK,3
hh_46031,UK,5
hh_46032,UK,4
hh_46033,UK,3
hh_46034,UK,2
hh_46035,UK,4
hh_46036,UK,4
hh_46037,UK,4
hh_46038,UK,4
hh_46039,UK,6
hh_46040,UK,4
hh_46041,UK,5
hh_46042,UK,5
hh_46043,UK,3
hh_46044,UK,4
hh_46045,UK,4
hh_46046,UK,2
hh_46047,UK,3
hh_46048,UK,2
hh_46049,UK,5
hh_46050,UK,3
hh_46051,UK,4
hh_46052,UK,4
hh_46053,UK,4
hh_46054,UK,5
hh_46055,UK,3
hh_46056,UK,6
hh_46057,UK,3
hh_46058,UK,3
hh_46059,UK,3
hh_46060,UK,4
hh_46061,UK,3
hh_46062,UK,4
hh_46063,UK,2
hh_46064,UK,6
hh_46065,UK,4
hh_46066,UK,3
hh_46067,UK,2
hh_46068,UK,3
hh_46069,UK,3
hh_46070,UK,4
hh_46071,UK,6
hh_46072,UK,2
hh_46073,UK,4
hh_46074,UK,3
hh_46075,UK,4
hh_46076,UK,3
hh_46077,UK,4
hh_46078,UK,2
hh_46079,UK,4
hh_46080,UK,3
hh_46081,UK,4
hh_46082,UK,3
hh_46083,UK,3
hh_46084,UK,2
hh_46085,UK,5
hh_46086,UK,4
hh_46087,UK,3
hh_46088,UK,4
hh_46089,UK,4
hh_46090,UK,3
hh_46091,UK,3
hh_46092,UK,3
hh_46093,UK,4
hh_46094,UK,3
hh_46095,UK,3
hh_46096,UK,3
hh_46097,UK,4
hh_46098,UK,3
hh_46099,UK,4
hh_46100,UK,5
hh_46101,UK,4
hh_46102,UK,4
hh_46103,UK,3
hh_46104,UK,4
hh_46105,UK,4
hh_46106,UK,4
hh_46107,UK,4
hh_46108,UK,5
hh_46109,UK,5
hh_46110,UK,4
hh_46111,UK,4
hh_46112,UK,5
hh_46113,UK,4
hh_46114,UK,4
hh_46115,UK,4
hh_46116,UK,4
hh_46117,UK,4
hh_46118,UK,3
hh_46119,UK,4
hh_46120,UK,3
hh_46121,UK,2
hh_46122,UK,4
hh_46123,UK,4
hh_46124,UK,3
hh_46125,UK,6
hh_46126,UK,5
hh_46127,UK,4
hh_46128,UK,4
hh_46129,UK,4
hh_46130,UK,5
hh_46131,UK,3
hh_46132,UK,5
hh_46133,UK,6
hh_46134,UK,5
hh_46135,UK,5
hh_46136,UK,5
hh_46137,UK,3
hh_46138,UK,2
hh_46139,UK,4
hh_46140,UK,4
hh_46141,UK,4
hh_46142,UK,5
hh_46143,UK,2
hh_46144,UK,4
hh_46145,UK,5
hh_46146,UK,4
hh_46147,UK,4
hh_46148,UK,3
hh_46149,UK,3
hh_46150,UK,4
hh_46151,UK,5
hh_46152,UK,3
hh_46153,UK,4
hh_46154,UK,5
hh_46155,UK,5
hh_46156,UK,4
hh_46157,UK,4
hh_46158,UK,4
hh_46159,UK,4
hh_46160,UK,5
hh_46161,UK,4
hh_46162,UK,4
hh_46163,UK,4
hh_46164,UK,5
hh_46165,UK,4
hh_46166,UK,5
hh_46167,UK,4
hh_46168,UK,4
hh_46169,UK,3
hh_46170,UK,4
hh_46171,UK,3
hh_46172,UK,4
hh_46173,UK,2
hh_46174,UK,4
hh_46175,UK,3
hh_46176,UK,8+
hh_46177,UK,6
hh_46178,UK,5
hh_46179,UK,3
hh_46180,UK,2
hh_46181,UK,4
hh_46182,UK,6
hh_46183,UK,3
hh_46184,UK,4
hh_46185,UK,4
hh_46186,UK,4
hh_46187,UK,3
hh_46188,UK,3
hh_46189,UK,5
hh_46190,UK,4
hh_46191,UK,4
hh_46192,UK,3
hh_46193,UK,3
hh_46194,UK,8+
hh_46195,UK,5
hh_46196,UK,4
hh_46197,UK,5
hh_46198,UK,2
hh_46199,UK,6
hh_46200,UK,4
hh_46201,UK,4
hh_46202,UK,3
hh_46203,UK,2
hh_46204,UK,5
hh_46205,UK,4
hh_46206,UK,3
hh_46207,UK,3
hh_46208,UK,5
hh_46209,UK,5
hh_46210,UK,4
hh_46211,UK,6
hh_46212,UK,4
hh_46213,UK,4
hh_46214,UK,2
hh_46215,UK,4
hh_46216,UK,4
hh_46217,UK,4
hh_46218,UK,4
hh_46219,UK,3
hh_46220,UK,5
hh_46221,UK,4
hh_46222,UK,4
hh_46223,UK,5
hh_46224,UK,2
hh_46225,UK,4
hh_46226,UK,4
hh_46227,UK,3
hh_46228,UK,3
hh_46229,UK,3
hh_46230,UK,5
hh_46231,UK,5
hh_46232,UK,4
hh_46233,UK,4
hh_46234,UK,5
hh_46235,UK,3
hh_46236,UK,4
hh_46237,UK,8+
hh_46238,UK,5
hh_46239,UK,4
hh_46240,UK,2
hh_46241,UK,4
hh_46242,UK,3
hh_46243,UK,4
hh_46244,UK,5
hh_46245,UK,6
hh_46246,UK,5
hh_46247,UK,5
hh_46248,UK,5
hh_46249,UK,2
hh_46250,UK,4
hh_46251,UK,3
hh_46252,UK,6
hh_46253,UK,3
hh_46254,UK,3
hh_46255,UK,5
hh_46256,UK,5
hh_46257,UK,3
hh_46258,UK,5
hh_46259,UK,5
hh_46260,UK,5
hh_46261,UK,3
hh_46262,UK,2
hh_46263,UK,3
hh_46264,UK,5
hh_46265,UK,3
hh_46266,UK,4
hh_46267,UK,4
hh_46268,UK,4
hh_46269,UK,6
hh_46270,UK,4
hh_46271,UK,3
hh_46272,UK,4
hh_46273,UK,4
hh_46274,UK,5
hh_46275,UK,3
hh_46276,UK,3
hh_46277,UK,4
hh_46278,UK,5
hh_46279,UK,4
hh_46280,UK,4
hh_46281,UK,4
hh_46282,UK,4
hh_46283,UK,4
hh_46284,UK,4
hh_46285,UK,4
hh_46286,UK,5
hh_46287,UK,3
hh_46288,UK,2
hh_46289,UK,3
hh_46290,UK,7
hh_46291,UK,5
hh_46292,UK,3
hh_46293,UK,4
hh_46294,UK,3
hh_46295,UK,5
hh_46296,UK,6
hh_46297,UK,4
hh_46298,UK,4
hh_46299,UK,4
hh_46300,UK,3
hh_46301,UK,6
hh_46302,UK,3
hh_46303,UK,5
hh_46304,UK,4
hh_46305,UK,5
hh_46306,UK,5
hh_46307,UK,4
hh_46308,UK,2
hh_46309,UK,3
hh_46310,UK,4
hh_46311,UK,5
hh_46312,UK,4
hh_46313,UK,4
hh_46314,UK,5
hh_46315,UK,7
hh_46316,UK,4
hh_46317,UK,4
hh_46318,UK,2
hh_46319,UK,4
hh_46320,UK,4
hh_46321,UK,5
hh_46322,UK,4
hh_46323,UK,4
hh_46324,UK,2
hh_46325,UK,4
hh_46326,UK,4
hh_46327,UK,3
hh_46328,UK,5
hh_46329,UK,3
hh_46330,UK,5
hh_46331,UK,5
hh_46332,UK,3
hh_46333,UK,4
hh_46334,UK,2
hh_46335,UK,2
hh_46336,UK,4
hh_46337,UK,4
hh_46338,UK,5
hh_46339,UK,4
hh_46340,UK,2
hh_46341,UK,4
hh_46342,UK,5
hh_46343,UK,4
hh_46344,UK,3
hh_46345,UK,3
hh_46346,UK,4
hh_46347,UK,4
hh_46348,UK,5
hh_46349,UK,4
hh_46350,UK,3
hh_46351,UK,4
hh_46352,UK,4
hh_46353,UK,3
hh_46354,UK,4
hh_46355,UK,3
hh_46356,UK,4
hh_46357,UK,3
hh_46358,UK,5
hh_46359,UK,4
hh_46360,UK,5
hh_46361,UK,4
hh_46362,UK,3
hh_46363,UK,4
hh_46364,UK,4
hh_46365,UK,4
hh_46366,UK,5
hh_46367,UK,3
hh_46368,UK,5
hh_46369,UK,4
hh_46370,UK,4
hh_46371,UK,5
hh_46372,UK,4
hh_46373,UK,5
hh_46374,UK,5
hh_46375,UK,4
hh_46376,UK,4
hh_46377,UK,4
hh_46378,UK,4
hh_46379,UK,5
hh_46380,UK,3
hh_46381,UK,4
hh_46382,UK,4
hh_46383,UK,4
hh_46384,UK,3
hh_46385,UK,4
hh_46386,UK,6
hh_45101,UK,2
hh_45102,UK,3
hh_45103,UK,5
hh_45104,UK,5
hh_45105,UK,2
hh_45106,UK,4
hh_45107,UK,4
hh_45108,UK,4
hh_45109,UK,5
hh_45110,UK,6
hh_45112,UK,4
hh_45113,UK,5
hh_45114,UK,5
hh_45115,UK,4
hh_45116,UK,4
hh_45117,UK,4
hh_45118,UK,4
hh_45119,UK,4
hh_45120,UK,4
hh_45121,UK,4
hh_45123,UK,5
hh_45124,UK,3
hh_45125,UK,5
hh_45126,UK,4
hh_45127,UK,5
hh_45128,UK,4
hh_45129,UK,4
hh_45130,UK,3
hh_45131,UK,3
hh_45132,UK,5
hh_45134,UK,3
hh_45135,UK,5
hh_45136,UK,4
hh_45137,UK,5
hh_45138,UK,4
hh_45139,UK,2
hh_45140,UK,5
hh_45141,UK,2
hh_45142,UK,5
hh_45143,UK,8+
hh_45145,UK,5
hh_45146,UK,4
hh_45147,UK,5
hh_45148,UK,4
hh_45149,UK,4
hh_45150,UK,4
hh_45151,UK,6
hh_45152,UK,3
hh_45153,UK,4
hh_45154,UK,7
hh_45156,UK,3
hh_45157,UK,2
hh_45158,UK,4
hh_45159,UK,5
hh_45160,UK,5
hh_45161,UK,5
hh_45162,UK,3
hh_45163,UK,4
hh_45164,UK,3
hh_45165,UK,4
hh_45167,UK,3
hh_45168,UK,4
hh_45169,UK,5
hh_45170,UK,3
hh_45171,UK,4
hh_45172,UK,4
hh_45173,UK,4
hh_45174,UK,4
hh_45175,UK,4
hh_45176,UK,4
hh_45178,UK,4
hh_45179,UK,4
hh_45180,UK,4
hh_45181,UK,3
hh_45182,UK,4
hh_45183,UK,5
hh_45184,UK,4
hh_45185,UK,5
hh_45186,UK,5
hh_45187,UK,4
hh_45189,UK,5
hh_45190,UK,4
hh_45191,UK,6
hh_45192,UK,2
hh_45193,UK,4
hh_45194,UK,4
hh_45195,UK,3
hh_45196,UK,7
hh_45197,UK,6
hh_45198,UK,4
hh_45200,UK,3
hh_45201,UK,5
hh_45202,UK,5
hh_45203,UK,5
hh_45204,UK,5
hh_45205,UK,2
hh_45206,UK,3
hh_45207,UK,4
hh_45208,UK,4
hh_45209,UK,6
hh_45211,UK,4
hh_45212,UK,4
hh_45213,UK,4
hh_45214,UK,4
hh_45215,UK,4
hh_45216,UK,3
hh_45217,UK,4
hh_45218,UK,3
hh_45219,UK,3
hh_45220,UK,4
hh_45222,UK,4
hh_45223,UK,4
hh_45224,UK,4
hh_45225,UK,6
hh_45226,UK,4
hh_45227,UK,4
hh_45228,UK,5
hh_45229,UK,8+
hh_45230,UK,5
hh_45231,UK,6
hh_45233,UK,6
hh_45234,UK,5
hh_45235,UK,4
hh_45236,UK,4
hh_45237,UK,4
hh_45238,UK,3
hh_45239,UK,4
hh_45240,UK,5
hh_45241,UK,3
hh_45242,UK,5
hh_45244,UK,4
hh_45245,UK,5
hh_45246,UK,6
hh_45247,UK,4
hh_45248,UK,4
hh_45249,UK,4
hh_45250,UK,3
hh_45251,UK,4
hh_45252,UK,7
hh_45253,UK,3
hh_45255,UK,3
hh_45256,UK,4
hh_45257,UK,5
hh_45258,UK,4
hh_45259,UK,4
hh_45260,UK,2
hh_45261,UK,7
hh_45262,UK,5
hh_45263,UK,6
hh_45264,UK,6
hh_45266,UK,4
hh_45267,UK,3
hh_45268,UK,4
hh_45269,UK,5
hh_45270,UK,6
hh_45271,UK,3
hh_45272,UK,3
hh_45273,UK,4
hh_45274,UK,4
hh_45275,UK,4
hh_45277,UK,4
hh_45278,UK,4
hh_45279,UK,4
hh_45280,UK,4
hh_45281,UK,4
hh_45282,UK,3
hh_45283,UK,4
hh_45284,UK,4
hh_45285,UK,3
hh_45286,UK,4
hh_45288,UK,4
hh_45289,UK,2
hh_45290,UK,4
hh_45291,UK,4
hh_45292,UK,4
hh_45293,UK,5
hh_45294,UK,4
hh_45295,UK,5
hh_45296,UK,3
hh_45297,UK,4
hh_45299,UK,4
hh_45300,UK,5
hh_45301,UK,4
hh_45302,UK,3
hh_45303,UK,2
hh_45304,UK,4
hh_45305,UK,4
hh_45306,UK,4
hh_45307,UK,5
hh_45308,UK,2
hh_45310,UK,3
hh_45311,UK,2
hh_45312,UK,3
hh_45313,UK,4
hh_45314,UK,4
hh_45315,UK,6
hh_45316,UK,4
hh_45317,UK,2
hh_45318,UK,3
hh_45319,UK,4
hh_45321,UK,3
hh_45322,UK,5
hh_45323,UK,4
hh_45324,UK,4
hh_45325,UK,5
hh_45326,UK,4
hh_45327,UK,4
hh_45328,UK,5
hh_45329,UK,5
hh_45330,UK,5
hh_45332,UK,1
hh_45333,UK,3
hh_45334,UK,4
hh_45335,UK,4
hh_45336,UK,5
hh_45337,UK,4
hh_45338,UK,4
hh_45339,UK,7
hh_45340,UK,3
hh_45341,UK,4
hh_45343,UK,2
hh_45344,UK,5
hh_45345,UK,4
hh_45346,UK,3
hh_45347,UK,3
hh_45348,UK,4
hh_45349,UK,3
hh_45350,UK,4
hh_45351,UK,4
hh_45352,UK,4
hh_45354,UK,5
hh_45355,UK,4
hh_45356,UK,4
hh_45357,UK,4
hh_45358,UK,4
hh_45359,UK,4
hh_45360,UK,4
hh_45361,UK,4
hh_45362,UK,4
hh_45363,UK,5
hh_45365,UK,4
hh_45366,UK,3
hh_45367,UK,4
hh_45368,UK,5
hh_45369,UK,4
hh_45370,UK,4
hh_45371,UK,4
hh_45372,UK,4
hh_45373,UK,4
hh_45374,UK,7
hh_45376,UK,4
hh_45377,UK,2
hh_45378,UK,4
hh_45379,UK,4
hh_45380,UK,4
hh_45381,UK,4
hh_45382,UK,5
hh_45383,UK,4
hh_45384,UK,2
hh_45385,UK,3
hh_45387,UK,3
hh_45388,UK,3
hh_45389,UK,3
hh_45390,UK,4
hh_45391,UK,4
hh_45392,UK,5
hh_45393,UK,4
hh_45394,UK,4
hh_45395,UK,4
hh_45396,UK,3
hh_45398,UK,2
hh_45399,UK,4
hh_45400,UK,4
hh_45401,UK,3
hh_45402,UK,5
hh_45403,UK,5
hh_45404,UK,4
hh_45405,UK,4
hh_45406,UK,4
hh_45407,UK,4
hh_45409,UK,6
hh_45410,UK,3
hh_45411,UK,3
hh_45412,UK,6
hh_45413,UK,5
hh_45414,UK,5
hh_45415,UK,3
hh_45416,UK,3
hh_45417,UK,3
hh_45418,UK,5
hh_45420,UK,3
hh_45421,UK,4
hh_45422,UK,5
hh_45423,UK,5
hh_45424,UK,5
hh_45425,UK,4
hh_45426,UK,4
hh_45427,UK,5
hh_45428,UK,4
hh_45429,UK,5
hh_45431,UK,4
hh_45432,UK,4
hh_45433,UK,5
hh_45434,UK,2
hh_45435,UK,5
hh_45436,UK,7
hh_45437,UK,4
hh_45438,UK,4
hh_45439,UK,5
hh_45440,UK,5
hh_45442,UK,5
hh_45443,UK,6
hh_45444,UK,4
hh_45445,UK,6
hh_45446,UK,5
hh_45447,UK,3
hh_45448,UK,4
hh_45449,UK,4
hh_45450,UK,4
hh_45451,UK,4
hh_45453,UK,4
hh_45454,UK,5
hh_45455,UK,4
hh_45456,UK,4
hh_45457,UK,4
hh_45458,UK,3
hh_45459,UK,3
hh_45460,UK,4
hh_45461,UK,4
hh_45462,UK,2
hh_45464,UK,3
hh_45465,UK,3
hh_45466,UK,3
hh_45467,UK,3
hh_45468,UK,4
hh_45469,UK,3
hh_45470,UK,5
hh_45471,UK,3
hh_45472,UK,3
hh_45473,UK,6
hh_45475,UK,3
hh_45476,UK,5
hh_45477,UK,4
hh_45478,UK,4
hh_45479,UK,5
hh_45480,UK,4
hh_45481,UK,4
hh_45482,UK,4
hh_45483,UK,5
hh_45484,UK,5
hh_45486,UK,8+
hh_45487,UK,4
hh_45488,UK,4
hh_45489,UK,4
hh_45490,UK,4
hh_45491,UK,7
hh_45492,UK,4
hh_45493,UK,5
hh_45494,UK,3
hh_45495,UK,4
hh_45497,UK,4
hh_45498,UK,4
hh_45499,UK,4
hh_45500,UK,4
hh_45501,UK,3
hh_45502,UK,4
hh_45503,UK,4
hh_45504,UK,4
hh_45505,UK,6
hh_45506,UK,4
hh_45508,UK,3
hh_45509,UK,4
hh_45510,UK,6
hh_45511,UK,4
hh_45512,UK,4
hh_45513,UK,4
hh_45514,UK,4
hh_45515,UK,5
hh_45516,UK,4
hh_45517,UK,3
hh_45519,UK,6
hh_45520,UK,2
hh_45521,UK,4
hh_45522,UK,5
hh_45523,UK,4
hh_45524,UK,5
hh_45525,UK,4
