part_id,country,part_age_group,part_adult_child,part_ethnicity,part_ses,day_week,large_n,add_u18_work,add_18_64_work,add_65_work,add_u18_school,add_18_64_school,add_65_school,add_u18_other,add_18_64_other,add_65_other
10,UK,55-59,Adult,Other,Unknown,weekday,0,0,0,0,0,0,0,0,0,0
21,UK,55-59,Adult,White,Unemployed,weekday,0,0,0,0,0,0,0,0,0,0
32,UK,75+,Adult,White,Retired,weekday,0,0,0,0,0,0,0,0,0,0
43,UK,25-29,Adult,White,2,weekday,0,0,0,0,0,0,0,0,0,0
54,UK,60-64,Adult,Black,2,weekday,0,0,0,0,0,0,0,0,0,0
65,UK,40-44,Adult,White,7,weekday,0,0,0,0,0,0,0,0,0,0
76,UK,50-54,Adult,White,5,weekday,6,0,0,0,0,0,0,2,4,0
87,UK,35-39,Adult,Black,Unemployed,weekday,1,0,0,0,0,0,0,0,1,0
98,UK,70-74,Adult,White,Retired,weekday,2,0,0,0,0,0,0,0,2,0
109,UK,55-59,Adult,White,Retired,weekday,0,0,0,0,0,0,0,0,0,0
120,UK,35-39,Adult,White,6,weekday,0,0,0,0,0,0,0,0,0,0
131,UK,25-29,Adult,Black,2,weekend,4,0,0,0,0,0,0,1,2,1
142,UK,65-69,Adult,White,Retired,weekday,0,0,0,0,0,0,0,0,0,0
153,UK,75+,Adult,White,Retired,weekday,1,0,0,0,0,0,0,0,0,1
164,UK,30-34,Adult,White,3,weekend,2,0,0,0,0,0,0,0,2,0
175,UK,60-64,Adult,White,3,weekday,75,0,0,0,0,0,0,20,40,15
186,UK,50-54,Adult,White,2,weekday,0,0,0,0,0,0,0,0,0,0
197,UK,35-39,Adult,White,7,weekday,0,0,0,0,0,0,0,0,0,0
208,UK,55-59,Adult,Black,6,weekday,0,0,0,0,0,0,0,0,0,0
219,UK,50-54,Adult,White,3,weekday,0,0,0,0,0,0,0,0,0,0
230,UK,40-44,Adult,White,Unemployed,weekday,0,0,0,0,0,0,0,0,0,0
241,UK,55-59,Adult,White,Retired,weekday,0,0,0,0,0,0,0,0,0,0
252,UK,60-64,Adult,White,4,weekday,3,0,0,0,0,0,0,2,1,0
263,UK,25-29,Adult,White,6,weekend,1,0,0,0,0,0,0,0,1,0
274,UK,35-39,Adult,White,1,weekday,0,0,0,0,0,0,0,0,0,0
285,UK,30-34,Adult,White,1,weekday,0,0,0,0,0,0,0,0,0,0
296,UK,30-34,Adult,Black,2,weekday,2,0,0,0,0,0,0,0,2,0
307,UK,55-59,Adult,White,2,weekend,0,0,0,0,0,0,0,0,0,0
318,UK,55-59,Adult,White,3,weekday,16,0,0,0,0,0,0,16,0,0
320,UK,15-19,Adult,White,Unemployed,weekday,38,0,0,0,0,0,0,5,30,3
321,UK,60-64,Adult,White,Unemployed,weekend,0,0,0,0,0,0,0,0,0,0
322,UK,70-74,Adult,White,Retired,weekday,0,0,0,0,0,0,0,0,0,0
323,UK,30-34,Adult,White,2,weekday,2,0,0,0,0,0,0,0,0,2
324,UK,30-34,Adult,Asian,2,weekend,20,0,0,0,0,0,0,0,20,0
325,UK,55-59,Adult,White,Unemployed,weekday,1,0,0,0,0,0,0,0,1,0
326,UK,20-24,Adult,White,1,weekday,2,0,0,0,0,0,0,1,1,0
327,UK,45-49,Adult,White,Unemployed,weekday,0,0,0,0,0,0,0,0,0,0
328,UK,25-29,Adult,White,3,weekday,0,0,0,0,0,0,0,0,0,0
329,UK,30-34,Adult,White,6,weekday,0,0,0,0,0,0,0,0,0,0
330,UK,55-59,Adult,White,2,weekend,0,0,0,0,0,0,0,0,0,0
331,UK,30-34,Adult,White,1,weekday,14,0,0,0,0,0,0,0,12,2
332,UK,35-39,Adult,White,2,weekday,7,0,0,0,0,0,0,2,5,0
333,UK,30-34,Adult,White,1,weekday,0,0,0,0,0,0,0,0,0,0
334,UK,40-44,Adult,White,Unemployed,weekend,0,0,0,0,0,0,0,0,0,0
335,UK,70-74,Adult,Asian,Retired,weekday,0,0,0,0,0,0,0,0,0,0
336,UK,25-29,Adult,White,4,weekday,0,0,0,0,0,0,0,0,0,0
337,UK,45-49,Adult,White,7,weekday,0,0,0,0,0,0,0,0,0,0
338,UK,35-39,Adult,White,3,weekend,0,0,0,0,0,0,0,0,0,0
339,UK,60-64,Adult,White,1,weekday,0,0,0,0,0,0,0,0,0,0
340,UK,65-69,Adult,White,4,weekday,0,0,0,0,0,0,0,0,0,0
341,UK,60-64,Adult,White,Retired,weekend,0,0,0,0,0,0,0,0,0,0
342,UK,50-54,Adult,White,Unemployed,weekday,0,0,0,0,0,0,0,0,0,0
343,UK,40-44,Adult,White,Unemployed,weekday,8,0,0,0,0,0,0,0,3,5
344,UK,30-34,Adult,White,6,weekday,0,0,0,0,0,0,0,0,0,0
345,UK,65-69,Adult,White,Retired,weekday,0,0,0,0,0,0,0,0,0,0
346,UK,30-34,Adult,White,2,weekday,6,0,0,0,0,0,0,2,2,2
347,UK,60-64,Adult,White,Unknown,weekday,0,0,0,0,0,0,0,0,0,0
348,UK,50-54,Adult,Mixed,2,weekday,0,0,0,0,0,0,0,0,0,0
349,UK,40-44,Adult,White,Unemployed,weekday,0,0,0,0,0,0,0,0,0,0
350,UK,75+,Adult,White,Retired,weekday,0,0,0,0,0,0,0,0,0,0
351,UK,30-34,Adult,White,2,weekday,0,0,0,0,0,0,0,0,0,0
352,UK,65-69,Adult,White,Retired,weekday,0,0,0,0,0,0,0,0,0,0
353,UK,50-54,Adult,White,7,weekend,9,0,0,0,0,0,0,2,5,2
354,UK,45-49,Adult,White,7,weekday,0,0,0,0,0,0,0,0,0,0
355,UK,60-64,Adult,White,3,weekday,1,0,0,0,0,0,0,1,0,0
356,UK,30-34,Adult,Asian,Unemployed,weekday,0,0,0,0,0,0,0,0,0,0
357,UK,25-29,Adult,White,Unemployed,weekday,3,0,0,0,0,0,0,1,2,0
358,UK,20-24,Adult,Asian,2,weekday,4,0,0,0,0,0,0,0,3,1
359,UK,65-69,Adult,White,7,weekday,0,0,0,0,0,0,0,0,0,0
360,UK,60-64,Adult,White,Unemployed,weekday,35,0,0,0,0,0,0,0,10,25
361,UK,45-49,Adult,Other,Unemployed,weekday,0,0,0,0,0,0,0,0,0,0
362,UK,40-44,Adult,Asian,1,weekday,9,1,2,0,1,2,0,1,2,0
363,UK,45-49,Adult,White,4,weekday,0,0,0,0,0,0,0,0,0,0
364,UK,45-49,Adult,White,2,weekday,44,0,0,0,0,0,0,4,30,10
365,UK,40-44,Adult,Asian,6,weekday,0,0,0,0,0,0,0,0,0,0
366,UK,20-24,Adult,Asian,3,weekday,0,0,0,0,0,0,0,0,0,0
367,UK,20-24,Adult,White,5,weekday,5,0,0,0,0,0,0,0,5,0
368,UK,30-34,Adult,White,6,weekday,2,0,0,0,0,0,0,0,2,0
369,UK,75+,Adult,White,Retired,weekday,8,0,0,0,0,0,0,1,5,2
370,UK,30-34,Adult,White,2,weekday,1,0,0,0,0,0,0,1,0,0
371,UK,65-69,Adult,White,2,weekday,0,0,0,0,0,0,0,0,0,0
372,UK,60-64,Adult,White,Retired,weekday,0,0,0,0,0,0,0,0,0,0
373,UK,30-34,Adult,Black,1,weekday,50,0,0,0,0,0,0,10,30,10
374,UK,35-39,Adult,White,2,weekday,22,0,0,0,0,0,0,1,20,1
375,UK,70-74,Adult,White,2,weekday,0,0,0,0,0,0,0,0,0,0
376,UK,20-24,Adult,White,1,weekday,2,0,0,0,0,0,0,0,2,0
377,UK,25-29,Adult,White,2,weekend,0,0,0,0,0,0,0,0,0,0
378,UK,60-64,Adult,White,Unemployed,weekday,0,0,0,0,0,0,0,0,0,0
379,UK,45-49,Adult,White,7,weekday,1,0,0,0,0,0,0,0,0,1
380,UK,25-29,Adult,White,7,weekend,0,0,0,0,0,0,0,0,0,0
381,UK,75+,Adult,White,Retired,weekday,2,0,0,0,0,0,0,0,1,1
382,UK,25-29,Adult,White,3,weekday,2,0,0,0,0,0,0,0,2,0
383,UK,45-49,Adult,White,2,weekday,1,0,0,0,0,0,0,1,0,0
384,UK,45-49,Adult,White,6,weekday,30,0,0,0,10,20,0,0,0,0
385,UK,70-74,Adult,White,Retired,weekday,3,0,0,0,0,0,0,0,3,0
386,UK,30-34,Adult,White,5,weekday,0,0,0,0,0,0,0,0,0,0
387,UK,65-69,Adult,White,Retired,weekend,2,0,0,0,0,0,0,0,1,1
388,UK,35-39,Adult,White,Unemployed,weekend,1,0,0,0,0,0,0,1,0,0
389,UK,35-39,Adult,White,2,weekday,1,0,0,0,0,0,0,0,1,0
390,UK,50-54,Adult,White,3,weekend,0,0,0,0,0,0,0,0,0,0
400,UK,40-44,Adult,White,3,weekday,0,0,0,0,0,0,0,0,0,0
411,UK,45-49,Adult,White,2,weekday,0,0,0,0,0,0,0,0,0,0
422,UK,40-44,Adult,White,1,weekday,10,0,0,0,0,0,0,10,0,0
433,UK,45-49,Adult,White,7,weekday,0,0,0,0,0,0,0,0,0,0
444,UK,35-39,Adult,Black,3,weekend,20,0,0,0,0,0,0,20,0,0
455,UK,55-59,Adult,White,1,weekday,0,0,0,0,0,0,0,0,0,0
466,UK,65-69,Adult,White,Retired,weekday,0,0,0,0,0,0,0,0,0,0
477,UK,65-69,Adult,White,Retired,weekday,0,0,0,0,0,0,0,0,0,0
488,UK,30-34,Adult,White,3,weekday,1,0,0,0,0,0,0,1,0,0
499,UK,40-44,Adult,White,4,weekday,0,0,0,0,0,0,0,0,0,0
510,UK,25-29,Adult,White,2,weekday,0,0,0,0,0,0,0,0,0,0
521,UK,25-29,Adult,Black,6,weekday,0,0,0,0,0,0,0,0,0,0
532,UK,45-49,Adult,White,Unemployed,weekday,0,0,0,0,0,0,0,0,0,0
543,UK,45-49,Adult,White,2,weekday,0,0,0,0,0,0,0,0,0,0
554,UK,70-74,Adult,White,Retired,weekday,0,0,0,0,0,0,0,0,0,0
565,UK,50-54,Adult,White,2,weekday,7,0,0,0,0,0,0,1,6,0
576,UK,15-19,Adult,White,1,weekday,0,0,0,0,0,0,0,0,0,0
587,UK,20-24,Adult,White,Unemployed,weekday,0,0,0,0,0,0,0,0,0,0
598,UK,50-54,Adult,White,3,weekday,0,0,0,0,0,0,0,0,0,0
609,UK,60-64,Adult,White,Retired,weekday,0,0,0,0,0,0,0,0,0,0
620,UK,45-49,Adult,White,7,weekend,0,0,0,0,0,0,0,0,0,0
631,UK,55-59,Adult,White,3,weekday,0,0,0,0,0,0,0,0,0,0
642,UK,25-29,Adult,White,1,weekday,0,0,0,0,0,0,0,0,0,0
653,UK,60-64,Adult,White,Unemployed,weekday,0,0,0,0,0,0,0,0,0,0
664,UK,65-69,Adult,White,1,weekend,0,0,0,0,0,0,0,0,0,0
675,UK,35-39,Adult,White,2,weekday,0,0,0,0,0,0,0,0,0,0
686,UK,65-69,Adult,White,Retired,weekday,0,0,0,0,0,0,0,0,0,0
697,UK,45-49,Adult,White,1,weekend,8,0,0,0,0,0,0,3,5,0
708,UK,45-49,Adult,White,Unemployed,weekday,0,0,0,0,0,0,0,0,0,0
719,UK,65-69,Adult,White,Retired,weekday,0,0,0,0,0,0,0,0,0,0
730,UK,55-59,Adult,White,Unemployed,weekday,0,0,0,0,0,0,0,0,0,0
741,UK,65-69,Adult,White,Retired,weekday,0,0,0,0,0,0,0,0,0,0
752,UK,75+,Adult,White,Retired,weekday,0,0,0,0,0,0,0,0,0,0
763,UK,50-54,Adult,White,2,weekday,1,0,0,0,0,0,0,0,1,0
774,UK,60-64,Adult,White,1,weekday,5,0,0,0,0,0,0,1,4,0
785,UK,60-64,Adult,White,Retired,weekday,0,0,0,0,0,0,0,0,0,0
796,UK,45-49,Adult,Black,1,weekday,0,0,0,0,0,0,0,0,0,0
806,UK,75+,Adult,White,Retired,weekday,0,0,0,0,0,0,0,0,0,0
807,UK,75+,Adult,White,Retired,weekday,0,0,0,0,0,0,0,0,0,0
808,UK,50-54,Adult,White,2,weekday,0,0,0,0,0,0,0,0,0,0
809,UK,70-74,Adult,White,Retired,weekday,0,0,0,0,0,0,0,0,0,0
810,UK,55-59,Adult,White,Unemployed,weekday,0,0,0,0,0,0,0,0,0,0
811,UK,65-69,Adult,White,Retired,weekday,0,0,0,0,0,0,0,0,0,0
812,UK,75+,Adult,White,Retired,weekday,0,0,0,0,0,0,0,0,0,0
813,UK,30-34,Adult,Asian,1,weekday,4,0,0,0,0,0,0,2,2,0
814,UK,45-49,Adult,White,Unemployed,weekday,0,0,0,0,0,0,0,0,0,0
815,UK,60-64,Adult,White,Unknown,weekday,0,0,0,0,0,0,0,0,0,0
816,UK,35-39,Adult,White,2,weekday,0,0,0,0,0,0,0,0,0,0
817,UK,40-44,Adult,White,1,weekday,0,0,0,0,0,0,0,0,0,0
818,UK,25-29,Adult,Black,2,weekday,16,0,0,0,0,0,0,6,8,2
819,UK,40-44,Adult,White,2,weekend,0,0,0,0,0,0,0,0,0,0
820,UK,30-34,Adult,White,2,weekday,3,0,0,0,0,0,0,1,2,0
821,UK,65-69,Adult,White,Unemployed,weekday,0,0,0,0,0,0,0,0,0,0
822,UK,35-39,Adult,White,3,weekend,8,0,0,0,0,0,0,2,6,0
823,UK,25-29,Adult,White,6,weekend,0,0,0,0,0,0,0,0,0,0
824,UK,45-49,Adult,White,3,weekday,9,0,0,0,0,0,0,9,0,0
825,UK,50-54,Adult,White,Unemployed,weekday,4,0,0,0,0,0,0,0,4,0
826,UK,30-34,Adult,White,3,weekday,0,0,0,0,0,0,0,0,0,0
827,UK,55-59,Adult,White,Unemployed,weekday,0,0,0,0,0,0,0,0,0,0
828,UK,25-29,Adult,White,1,weekday,12,0,0,0,0,0,0,5,3,4
829,UK,30-34,Adult,White,Unemployed,weekday,0,0,0,0,0,0,0,0,0,0
830,UK,60-64,Adult,White,Unemployed,weekday,0,0,0,0,0,0,0,0,0,0
831,UK,70-74,Adult,White,Retired,weekday,0,0,0,0,0,0,0,0,0,0
832,UK,40-44,Adult,White,4,weekday,18,0,0,0,0,0,0,2,1,15
833,UK,70-74,Adult,White,Retired,weekday,0,0,0,0,0,0,0,0,0,0
834,UK,55-59,Adult,White,Retired,weekday,0,0,0,0,0,0,0,0,0,0
835,UK,35-39,Adult,White,1,weekday,0,0,0,0,0,0,0,0,0,0
836,UK,40-44,Adult,White,3,weekday,1,0,0,0,0,0,0,0,1,0
837,UK,30-34,Adult,White,1,weekday,0,0,0,0,0,0,0,0,0,0
838,UK,35-39,Adult,Mixed,1,weekday,0,0,0,0,0,0,0,0,0,0
839,UK,65-69,Adult,White,Retired,weekday,0,0,0,0,0,0,0,0,0,0
840,UK,65-69,Adult,White,Retired,weekday,0,0,0,0,0,0,0,0,0,0
841,UK,40-44,Adult,White,1,weekday,0,0,0,0,0,0,0,0,0,0
842,UK,75+,Adult,White,Retired,weekday,0,0,0,0,0,0,0,0,0,0
843,UK,60-64,Adult,White,Unemployed,weekend,0,0,0,0,0,0,0,0,0,0
844,UK,15-19,Adult,White,Unknown,weekday,4,0,0,0,0,0,0,2,2,0
845,UK,75+,Adult,White,Retired,weekend,0,0,0,0,0,0,0,0,0,0
846,UK,45-49,Adult,White,2,weekday,0,0,0,0,0,0,0,0,0,0
847,UK,60-64,Adult,White,Retired,weekday,0,0,0,0,0,0,0,0,0,0
848,UK,35-39,Adult,Asian,3,weekday,5,0,0,0,0,0,0,0,5,0
849,UK,20-24,Adult,White,Unemployed,weekday,4,0,0,0,0,0,0,0,2,2
850,UK,60-64,Adult,White,Unemployed,weekend,0,0,0,0,0,0,0,0,0,0
851,UK,15-19,Adult,Black,3,weekend,4,0,0,0,0,0,0,0,4,0
852,UK,55-59,Adult,White,7,weekday,0,0,0,0,0,0,0,0,0,0
853,UK,70-74,Adult,White,Retired,weekday,0,0,0,0,0,0,0,0,0,0
854,UK,35-39,Adult,White,5,weekday,0,0,0,0,0,0,0,0,0,0
855,UK,35-39,Adult,Black,3,weekday,3,0,0,0,0,0,0,0,3,0
856,UK,60-64,Adult,White,Retired,weekday,0,0,0,0,0,0,0,0,0,0
857,UK,45-49,Adult,White,5,weekday,2,0,0,0,2,0,0,0,0,0
858,UK,50-54,Adult,White,Unemployed,weekday,0,0,0,0,0,0,0,0,0,0
859,UK,40-44,Adult,White,2,weekday,0,0,0,0,0,0,0,0,0,0
860,UK,35-39,Adult,White,2,weekday,0,0,0,0,0,0,0,0,0,0
861,UK,70-74,Adult,White,Retired,weekday,0,0,0,0,0,0,0,0,0,0
862,UK,40-44,Adult,White,Unemployed,weekday,0,0,0,0,0,0,0,0,0,0
863,UK,65-69,Adult,White,Retired,weekday,0,0,0,0,0,0,0,0,0,0
864,UK,55-59,Adult,White,1,weekday,0,0,0,0,0,0,0,0,0,0
865,UK,65-69,Adult,White,3,weekday,0,0,0,0,0,0,0,0,0,0
866,UK,55-59,Adult,White,Retired,weekend,0,0,0,0,0,0,0,0,0,0
867,UK,65-69,Adult,White,Retired,weekday,0,0,0,0,0,0,0,0,0,0
868,UK,40-44,Adult,White,Unemployed,weekday,5,0,0,0,0,0,0,0,3,2
878,UK,65-69,Adult,White,Retired,weekday,0,0,0,0,0,0,0,0,0,0
889,UK,65-69,Adult,White,Unknown,weekend,0,0,0,0,0,0,0,0,0,0
900,UK,30-34,Adult,White,2,weekday,1,0,0,0,0,0,0,0,1,0
911,UK,40-44,Adult,White,Unemployed,weekday,0,0,0,0,0,0,0,0,0,0
922,UK,55-59,Adult,White,Retired,weekday,1,0,0,0,0,0,0,0,1,0
933,UK,40-44,Adult,White,1,weekday,4,0,0,0,0,0,0,1,2,1
944,UK,15-19,Adult,Mixed,1,weekday,4,0,0,0,0,0,0,0,3,1
955,UK,65-69,Adult,White,Retired,weekday,0,0,0,0,0,0,0,0,0,0
966,UK,55-59,Adult,White,1,weekday,0,0,0,0,0,0,0,0,0,0
977,UK,60-64,Adult,White,Unemployed,weekday,0,0,0,0,0,0,0,0,0,0
988,UK,70-74,Adult,White,Retired,weekday,0,0,0,0,0,0,0,0,0,0
999,UK,25-29,Adult,Black,3,weekday,0,0,0,0,0,0,0,0,0,0
1010,UK,50-54,Adult,Black,3,weekday,0,0,0,0,0,0,0,0,0,0
1021,UK,40-44,Adult,White,2,weekday,1,0,0,0,0,0,0,1,0,0
1032,UK,30-34,Adult,White,3,weekday,0,0,0,0,0,0,0,0,0,0
1043,UK,55-59,Adult,White,Unknown,weekday,3,0,0,0,0,0,0,0,2,1
1054,UK,30-34,Adult,White,2,weekday,0,0,0,0,0,0,0,0,0,0
1065,UK,70-74,Adult,White,Retired,weekday,0,0,0,0,0,0,0,0,0,0
1076,UK,70-74,Adult,White,Retired,weekday,0,0,0,0,0,0,0,0,0,0
1087,UK,50-54,Adult,White,2,weekday,51,0,0,0,0,0,0,30,20,1
1098,UK,55-59,Adult,White,6,weekday,0,0,0,0,0,0,0,0,0,0
1109,UK,60-64,Adult,White,Retired,weekday,0,0,0,0,0,0,0,0,0,0
1120,UK,65-69,Adult,White,Retired,weekday,4,0,0,0,0,0,0,0,3,1
1131,UK,60-64,Adult,White,2,weekday,0,0,0,0,0,0,0,0,0,0
1142,UK,25-29,Adult,Asian,1,weekday,0,0,0,0,0,0,0,0,0,0
1153,UK,25-29,Adult,White,3,weekday,0,0,0,0,0,0,0,0,0,0
1164,UK,55-59,Adult,White,5,weekday,0,0,0,0,0,0,0,0,0,0
1175,UK,75+,Adult,White,Retired,weekday,1,0,0,0,0,0,0,0,0,1
1186,UK,45-49,Adult,White,2,weekday,0,0,0,0,0,0,0,0,0,0
1197,UK,50-54,Adult,Mixed,1,weekday,0,0,0,0,0,0,0,0,0,0
1208,UK,45-49,Adult,White,Unemployed,weekday,0,0,0,0,0,0,0,0,0,0
1219,UK,30-34,Adult,Black,2,weekday,11,0,0,0,0,0,0,9,2,0
1230,UK,40-44,Adult,White,7,weekday,0,0,0,0,0,0,0,0,0,0
1241,UK,25-29,Adult,White,2,weekday,0,0,0,0,0,0,0,0,0,0
1252,UK,30-34,Adult,Black,2,weekday,0,0,0,0,0,0,0,0,0,0
1263,UK,30-34,Adult,Asian,Unemployed,weekday,9,0,3,0,0,6,0,0,0,0
1274,UK,45-49,Adult,White,1,weekend,0,0,0,0,0,0,0,0,0,0
1285,UK,35-39,Adult,Black,6,weekday,15,0,0,0,0,0,0,10,2,3
1296,UK,30-34,Adult,Black,3,weekend,2,0,0,0,0,0,0,0,1,1
1307,UK,65-69,Adult,White,Unknown,weekday,0,0,0,0,0,0,0,0,0,0
1318,UK,60-64,Adult,White,1,weekday,4,0,0,0,0,0,0,0,3,1
1329,UK,55-59,Adult,White,Unemployed,weekend,0,0,0,0,0,0,0,0,0,0
1340,UK,65-69,Adult,White,Retired,weekday,0,0,0,0,0,0,0,0,0,0
1351,UK,75+,Adult,White,6,weekday,0,0,0,0,0,0,0,0,0,0
1362,UK,45-49,Adult,White,Unemployed,weekday,0,0,0,0,0,0,0,0,0,0
1373,UK,40-44,Adult,White,1,weekday,8,0,0,0,0,0,0,0,8,0
1384,UK,30-34,Adult,Asian,1,weekend,0,0,0,0,0,0,0,0,0,0
1395,UK,60-64,Adult,White,4,weekday,0,0,0,0,0,0,0,0,0,0
1406,UK,50-54,Adult,White,1,weekday,0,0,0,0,0,0,0,0,0,0
1417,UK,65-69,Adult,White,Retired,weekday,0,0,0,0,0,0,0,0,0,0
1425,UK,50-54,Adult,Other,Unemployed,weekday,0,0,0,0,0,0,0,0,0,0
1426,UK,55-59,Adult,White,6,weekday,0,0,0,0,0,0,0,0,0,0
1427,UK,20-24,Adult,White,7,weekday,0,0,0,0,0,0,0,0,0,0
1428,UK,50-54,Adult,White,1,weekday,2,0,1,0,0,0,0,0,1,0
1429,UK,35-39,Adult,White,1,weekday,0,0,0,0,0,0,0,0,0,0
1430,UK,40-44,Adult,White,1,weekday,0,0,0,0,0,0,0,0,0,0
1431,UK,35-39,Adult,White,5,weekday,3,0,0,0,0,0,0,1,2,0
1432,UK,70-74,Adult,White,Retired,weekday,0,0,0,0,0,0,0,0,0,0
1433,UK,65-69,Adult,White,Retired,weekday,0,0,0,0,0,0,0,0,0,0
1434,UK,40-44,Adult,White,1,weekday,60,0,0,0,0,0,0,60,0,0
1435,UK,70-74,Adult,White,Retired,weekday,0,0,0,0,0,0,0,0,0,0
1436,UK,35-39,Adult,Asian,3,weekday,0,0,0,0,0,0,0,0,0,0
1437,UK,50-54,Adult,White,Unemployed,weekend,0,0,0,0,0,0,0,0,0,0
1438,UK,60-64,Adult,White,1,weekday,0,0,0,0,0,0,0,0,0,0
1439,UK,40-44,Adult,White,1,weekday,0,0,0,0,0,0,0,0,0,0
1440,UK,70-74,Adult,White,Retired,weekday,0,0,0,0,0,0,0,0,0,0
1441,UK,50-54,Adult,White,2,weekday,0,0,0,0,0,0,0,0,0,0
1442,UK,50-54,Adult,White,Unemployed,weekday,0,0,0,0,0,0,0,0,0,0
1443,UK,65-69,Adult,White,Retired,weekday,0,0,0,0,0,0,0,0,0,0
1444,UK,55-59,Adult,White,5,weekend,0,0,0,0,0,0,0,0,0,0
1445,UK,35-39,Adult,White,1,weekday,3,0,0,0,0,0,0,0,3,0
1446,UK,65-69,Adult,White,2,weekday,0,0,0,0,0,0,0,0,0,0
1447,UK,55-59,Adult,White,Unemployed,weekday,0,0,0,0,0,0,0,0,0,0
1448,UK,60-64,Adult,White,Unemployed,weekday,0,0,0,0,0,0,0,0,0,0
1449,UK,55-59,Adult,Asian,Unemployed,weekday,0,0,0,0,0,0,0,0,0,0
1450,UK,55-59,Adult,White,2,weekend,0,0,0,0,0,0,0,0,0,0
1451,UK,35-39,Adult,White,1,weekday,5,0,0,0,0,0,0,2,2,1
1452,UK,35-39,Adult,Asian,2,weekend,0,0,0,0,0,0,0,0,0,0
1453,UK,60-64,Adult,White,Unemployed,weekday,0,0,0,0,0,0,0,0,0,0
1454,UK,75+,Adult,White,Retired,weekday,0,0,0,0,0,0,0,0,0,0
1455,UK,70-74,Adult,White,Retired,weekday,0,0,0,0,0,0,0,0,0,0
1456,UK,70-74,Adult,White,Retired,weekday,0,0,0,0,0,0,0,0,0,0
1457,UK,20-24,Adult,Asian,3,weekday,0,0,0,0,0,0,0,0,0,0
1458,UK,40-44,Adult,Black,3,weekend,0,0,0,0,0,0,0,0,0,0
1459,UK,65-69,Adult,White,Retired,weekday,0,0,0,0,0,0,0,0,0,0
1460,UK,35-39,Adult,Black,2,weekday,0,0,0,0,0,0,0,0,0,0
1461,UK,40-44,Adult,White,7,weekend,3,0,0,0,0,0,0,2,1,0
1462,UK,25-29,Adult,Asian,3,weekday,0,0,0,0,0,0,0,0,0,0
1463,UK,60-64,Adult,White,Retired,weekday,0,0,0,0,0,0,0,0,0,0
1464,UK,20-24,Adult,White,7,weekend,1,0,0,0,0,0,0,1,0,0
1465,UK,20-24,Adult,White,Unknown,weekend,20,0,0,0,0,0,0,10,10,0
1466,UK,50-54,Adult,White,3,weekday,0,0,0,0,0,0,0,0,0,0
1467,UK,20-24,Adult,Asian,1,weekend,0,0,0,0,0,0,0,0,0,0
1468,UK,55-59,Adult,White,Unemployed,weekday,0,0,0,0,0,0,0,0,0,0
1469,UK,30-34,Adult,White,7,weekday,3,0,0,0,0,0,0,0,3,0
1470,UK,45-49,Adult,White,Unemployed,weekend,0,0,0,0,0,0,0,0,0,0
1471,UK,35-39,Adult,Black,6,weekday,24,0,0,0,0,0,0,20,4,0
1472,UK,30-34,Adult,White,7,weekend,0,0,0,0,0,0,0,0,0,0
1473,UK,75+,Adult,White,Retired,weekday,0,0,0,0,0,0,0,0,0,0
1474,UK,30-34,Adult,White,5,weekday,4,0,3,1,0,0,0,0,0,0
1484,UK,50-54,Adult,White,Unemployed,weekday,1,0,0,0,0,0,0,0,1,0
1495,UK,50-54,Adult,White,1,weekday,0,0,0,0,0,0,0,0,0,0
1506,UK,35-39,Adult,White,3,weekday,80,0,0,0,0,0,0,10,60,10
1517,UK,50-54,Adult,White,4,weekday,0,0,0,0,0,0,0,0,0,0
1528,UK,35-39,Adult,Prefer not to say,2,weekday,0,0,0,0,0,0,0,0,0,0
1539,UK,30-34,Adult,Mixed,Unknown,weekend,0,0,0,0,0,0,0,0,0,0
1550,UK,45-49,Adult,White,5,weekday,3,0,0,0,0,0,0,2,1,0
1561,UK,30-34,Adult,Asian,7,weekday,2,0,0,0,0,0,0,1,1,0
1572,UK,50-54,Adult,Asian,Unemployed,weekday,0,0,0,0,0,0,0,0,0,0
1583,UK,35-39,Adult,White,1,weekday,0,0,0,0,0,0,0,0,0,0
1594,UK,60-64,Adult,White,2,weekday,0,0,0,0,0,0,0,0,0,0
1605,UK,45-49,Adult,White,1,weekday,5,0,0,0,0,0,0,0,5,0
1616,UK,65-69,Adult,White,Retired,weekend,0,0,0,0,0,0,0,0,0,0
1627,UK,45-49,Adult,White,1,weekday,0,0,0,0,0,0,0,0,0,0
1638,UK,50-54,Adult,White,6,weekday,0,0,0,0,0,0,0,0,0,0
1649,UK,50-54,Adult,White,6,weekend,2,0,0,0,0,0,0,0,2,0
1660,UK,40-44,Adult,Black,1,weekday,7,0,0,0,0,0,0,0,7,0
1671,UK,50-54,Adult,Asian,Unemployed,weekday,0,0,0,0,0,0,0,0,0,0
1682,UK,45-49,Adult,White,3,weekday,6,0,0,0,0,0,0,0,6,0
1693,UK,50-54,Adult,White,6,weekday,0,0,0,0,0,0,0,0,0,0
1704,UK,60-64,Adult,White,Retired,weekday,0,0,0,0,0,0,0,0,0,0
1715,UK,20-24,Adult,White,Student,weekend,0,0,0,0,0,0,0,0,0,0
1726,UK,50-54,Adult,Prefer not to say,3,weekday,0,0,0,0,0,0,0,0,0,0
1737,UK,65-69,Adult,White,7,weekend,0,0,0,0,0,0,0,0,0,0
1748,UK,60-64,Adult,White,2,weekday,5,0,0,0,0,0,0,0,3,2
1759,UK,25-29,Adult,White,1,weekend,3,0,0,0,0,0,0,1,2,0
1770,UK,35-39,Adult,White,1,weekday,1,0,0,0,0,0,0,0,1,0
1781,UK,70-74,Adult,White,Retired,weekday,0,0,0,0,0,0,0,0,0,0
1792,UK,70-74,Adult,White,Retired,weekday,0,0,0,0,0,0,0,0,0,0
1803,UK,45-49,Adult,White,Unknown,weekday,0,0,0,0,0,0,0,0,0,0
1814,UK,60-64,Adult,White,7,weekday,0,0,0,0,0,0,0,0,0,0
1825,UK,75+,Adult,White,Retired,weekday,0,0,0,0,0,0,0,0,0,0
4671,UK,65-69,Adult,White,3,weekday,0,0,0,0,0,0,0,0,0,0
4682,UK,50-54,Adult,White,4,weekend,1,0,0,0,0,0,0,0,1,0
4693,UK,15-19,Adult,White,6,weekday,0,0,0,0,0,0,0,0,0,0
4704,UK,45-49,Adult,White,Unemployed,weekday,7,0,0,0,0,0,0,2,5,0
4715,UK,40-44,Adult,White,2,weekday,0,0,0,0,0,0,0,0,0,0
4726,UK,40-44,Adult,White,Unemployed,weekday,2,0,0,0,0,0,0,0,1,1
4737,UK,30-34,Adult,White,6,weekday,7,0,0,0,0,0,0,0,2,5
4748,UK,20-24,Adult,White,6,weekend,180,0,0,0,0,0,0,30,100,50
4759,UK,25-29,Adult,Black,1,weekday,0,0,0,0,0,0,0,0,0,0
4770,UK,60-64,Adult,White,2,weekend,0,0,0,0,0,0,0,0,0,0
4781,UK,70-74,Adult,White,Retired,weekend,0,0,0,0,0,0,0,0,0,0
4792,UK,35-39,Adult,White,2,weekday,0,0,0,0,0,0,0,0,0,0
4803,UK,55-59,Adult,White,2,weekday,0,0,0,0,0,0,0,0,0,0
4814,UK,25-29,Adult,White,2,weekday,1,0,0,0,0,0,0,0,1,0
4825,UK,60-64,Adult,White,Retired,weekday,0,0,0,0,0,0,0,0,0,0
4836,UK,40-44,Adult,Asian,1,weekday,1,0,0,0,0,0,0,0,1,0
4847,UK,35-39,Adult,White,3,weekend,0,0,0,0,0,0,0,0,0,0
4858,UK,45-49,Adult,White,1,weekend,0,0,0,0,0,0,0,0,0,0
4869,UK,25-29,Adult,White,2,weekday,2,0,0,0,0,0,0,0,2,0
4880,UK,65-69,Adult,White,3,weekday,0,0,0,0,0,0,0,0,0,0
4891,UK,65-69,Adult,White,2,weekday,3,0,0,0,0,0,0,0,3,0
4902,UK,20-24,Adult,White,7,weekday,3,0,0,0,0,0,0,2,1,0
4913,UK,20-24,Adult,White,3,weekday,0,0,0,0,0,0,0,0,0,0
4924,UK,35-39,Adult,White,3,weekday,2,0,1,0,0,0,0,0,1,0
4935,UK,35-39,Adult,Asian,2,weekend,4,0,0,0,0,0,0,2,1,1
4946,UK,45-49,Adult,White,1,weekday,0,0,0,0,0,0,0,0,0,0
4957,UK,25-29,Adult,Black,1,weekday,0,0,0,0,0,0,0,0,0,0
4968,UK,40-44,Adult,White,4,weekend,0,0,0,0,0,0,0,0,0,0
4976,UK,30-34,Adult,White,1,weekday,3,0,0,0,0,0,0,1,2,0
4977,UK,25-29,Adult,White,7,weekday,0,0,0,0,0,0,0,0,0,0
4978,UK,30-34,Adult,White,Unemployed,weekday,0,0,0,0,0,0,0,0,0,0
4979,UK,45-49,Adult,White,2,weekday,2,0,0,0,0,0,0,1,1,0
4980,UK,25-29,Adult,White,4,weekday,2,0,0,0,0,0,0,0,2,0
4981,UK,25-29,Adult,White,7,weekday,0,0,0,0,0,0,0,0,0,0
4982,UK,55-59,Adult,White,Retired,weekday,0,0,0,0,0,0,0,0,0,0
4983,UK,30-34,Adult,White,7,weekday,4,0,0,0,0,0,0,2,2,0
4984,UK,30-34,Adult,White,3,weekday,3,0,0,0,0,0,0,2,1,0
4985,UK,30-34,Adult,Asian,1,weekday,1,0,0,0,0,0,0,0,1,0
4986,UK,60-64,Adult,White,1,weekend,0,0,0,0,0,0,0,0,0,0
4987,UK,40-44,Adult,White,2,weekday,0,0,0,0,0,0,0,0,0,0
4988,UK,30-34,Adult,Asian,3,weekday,2,0,0,0,0,0,0,0,2,0
4989,UK,20-24,Adult,White,3,weekday,1,0,0,0,0,0,0,1,0,0
4990,UK,50-54,Adult,White,1,weekend,0,0,0,0,0,0,0,0,0,0
4991,UK,75+,Adult,White,Retired,weekday,0,0,0,0,0,0,0,0,0,0
4992,UK,60-64,Adult,White,Retired,weekend,0,0,0,0,0,0,0,0,0,0
4993,UK,45-49,Adult,White,6,weekend,0,0,0,0,0,0,0,0,0,0
4994,UK,40-44,Adult,White,6,weekday,9,0,0,0,0,0,0,5,3,1
4995,UK,65-69,Adult,White,Retired,weekday,0,0,0,0,0,0,0,0,0,0
4996,UK,60-64,Adult,White,1,weekend,0,0,0,0,0,0,0,0,0,0
4997,UK,50-54,Adult,White,7,weekday,0,0,0,0,0,0,0,0,0,0
4998,UK,70-74,Adult,White,2,weekday,0,0,0,0,0,0,0,0,0,0
4999,UK,30-34,Adult,White,1,weekday,4,0,0,0,0,0,0,0,4,0
5000,UK,20-24,Adult,Asian,3,weekday,16,0,0,0,0,0,0,1,15,0
5001,UK,60-64,Adult,White,Unemployed,weekend,0,0,0,0,0,0,0,0,0,0
5002,UK,55-59,Adult,White,6,weekday,0,0,0,0,0,0,0,0,0,0
5003,UK,60-64,Adult,White,Unemployed,weekday,0,0,0,0,0,0,0,0,0,0
5004,UK,20-24,Adult,White,2,weekday,0,0,0,0,0,0,0,0,0,0
5005,UK,50-54,Adult,White,2,weekday,0,0,0,0,0,0,0,0,0,0
5006,UK,35-39,Adult,White,3,weekday,24,4,10,0,0,10,0,0,0,0
5007,UK,40-44,Adult,White,3,weekday,5,0,0,0,0,0,0,0,5,0
5008,UK,30-34,Adult,White,1,weekend,0,0,0,0,0,0,0,0,0,0
5009,UK,45-49,Adult,White,Unemployed,weekday,5,0,0,0,0,0,0,0,5,0
5010,UK,45-49,Adult,White,3,weekday,0,0,0,0,0,0,0,0,0,0
5011,UK,65-69,Adult,White,Retired,weekday,0,0,0,0,0,0,0,0,0,0
5012,UK,30-34,Adult,White,Unemployed,weekend,1,0,0,0,0,0,0,1,0,0
5013,UK,40-44,Adult,Black,2,weekend,0,0,0,0,0,0,0,0,0,0
5014,UK,45-49,Adult,White,7,weekday,0,0,0,0,0,0,0,0,0,0
5015,UK,45-49,Adult,White,3,weekday,0,0,0,0,0,0,0,0,0,0
5016,UK,60-64,Adult,White,Retired,weekday,1,0,0,0,0,0,0,0,1,0
5017,UK,45-49,Adult,White,2,weekday,0,0,0,0,0,0,0,0,0,0
5018,UK,60-64,Adult,White,Unknown,weekday,0,0,0,0,0,0,0,0,0,0
5019,UK,25-29,Adult,White,3,weekday,0,0,0,0,0,0,0,0,0,0
5020,UK,20-24,Adult,White,1,weekday,0,0,0,0,0,0,0,0,0,0
5021,UK,35-39,Adult,White,4,weekday,1,0,0,0,0,0,0,0,0,1
5022,UK,30-34,Adult,White,Unemployed,weekday,6,0,0,0,0,0,0,0,4,2
5023,UK,45-49,Adult,White,6,weekday,0,0,0,0,0,0,0,0,0,0
5024,UK,45-49,Adult,White,1,weekday,0,0,0,0,0,0,0,0,0,0
5025,UK,50-54,Adult,Mixed,Unemployed,weekday,0,0,0,0,0,0,0,0,0,0
5026,UK,65-69,Adult,White,Retired,weekday,0,0,0,0,0,0,0,0,0,0
5027,UK,55-59,Adult,White,Unemployed,weekend,0,0,0,0,0,0,0,0,0,0
5028,UK,45-49,Adult,White,Unemployed,weekend,1,0,0,0,0,0,0,0,1,0
5029,UK,50-54,Adult,White,Retired,weekday,0,0,0,0,0,0,0,0,0,0
5030,UK,50-54,Adult,White,3,weekday,0,0,0,0,0,0,0,0,0,0
5031,UK,55-59,Adult,White,2,weekday,0,0,0,0,0,0,0,0,0,0
5032,UK,25-29,Adult,White,2,weekend,0,0,0,0,0,0,0,0,0,0
5033,UK,30-34,Adult,White,2,weekday,0,0,0,0,0,0,0,0,0,0
5034,UK,65-69,Adult,White,3,weekend,0,0,0,0,0,0,0,0,0,0
5035,UK,40-44,Adult,White,3,weekday,2,0,0,0,0,0,0,2,0,0
5036,UK,65-69,Adult,White,Retired,weekday,0,0,0,0,0,0,0,0,0,0
5037,UK,25-29,Adult,Black,3,weekday,0,0,0,0,0,0,0,0,0,0
5038,UK,25-29,Adult,White,Unemployed,weekend,6,0,0,0,0,0,0,1,4,1
5039,UK,60-64,Adult,White,6,weekday,0,0,0,0,0,0,0,0,0,0
5040,UK,60-64,Adult,Asian,5,weekday,0,0,0,0,0,0,0,0,0,0
5041,UK,60-64,Adult,White,Unemployed,weekday,1,0,0,0,0,0,0,0,1,0
5042,UK,60-64,Adult,White,Retired,weekday,0,0,0,0,0,0,0,0,0,0
5043,UK,45-49,Adult,White,5,weekday,31,0,0,0,0,0,0,1,30,0
5044,UK,65-69,Adult,White,3,weekday,0,0,0,0,0,0,0,0,0,0
5045,UK,30-34,Adult,White,Unemployed,weekday,0,0,0,0,0,0,0,0,0,0
5046,UK,60-64,Adult,Mixed,1,weekday,0,0,0,0,0,0,0,0,0,0
5047,UK,65-69,Adult,White,Retired,weekday,2,0,0,0,0,0,0,0,2,0
5057,UK,25-29,Adult,White,2,weekday,0,0,0,0,0,0,0,0,0,0
5068,UK,65-69,Adult,White,3,weekend,0,0,0,0,0,0,0,0,0,0
5079,UK,55-59,Adult,White,Unemployed,weekday,0,0,0,0,0,0,0,0,0,0
5090,UK,55-59,Adult,White,Retired,weekday,0,0,0,0,0,0,0,0,0,0
5101,UK,20-24,Adult,Black,1,weekday,3,0,0,0,0,0,0,2,1,0
5112,UK,45-49,Adult,White,1,weekday,3,0,0,0,0,0,0,2,1,0
5123,UK,60-64,Adult,White,2,weekday,0,0,0,0,0,0,0,0,0,0
5134,UK,70-74,Adult,White,Retired,weekday,0,0,0,0,0,0,0,0,0,0
5145,UK,65-69,Adult,White,Retired,weekday,0,0,0,0,0,0,0,0,0,0
5156,UK,20-24,Adult,Black,Unemployed,weekday,5,0,0,0,0,0,0,1,4,0
5167,UK,65-69,Adult,White,Retired,weekend,0,0,0,0,0,0,0,0,0,0
5178,UK,25-29,Adult,Asian,Unknown,weekday,4,0,0,0,0,0,0,1,3,0
5189,UK,20-24,Adult,White,4,weekday,3,0,0,0,0,0,0,2,1,0
5200,UK,55-59,Adult,White,Retired,weekend,0,0,0,0,0,0,0,0,0,0
5211,UK,30-34,Adult,White,Unemployed,weekday,0,0,0,0,0,0,0,0,0,0
5222,UK,40-44,Adult,White,5,weekday,0,0,0,0,0,0,0,0,0,0
5233,UK,30-34,Adult,White,1,weekday,0,0,0,0,0,0,0,0,0,0
5244,UK,75+,Adult,White,Retired,weekday,0,0,0,0,0,0,0,0,0,0
5255,UK,55-59,Adult,White,1,weekday,3,0,0,0,0,0,0,3,0,0
5266,UK,50-54,Adult,White,2,weekday,0,0,0,0,0,0,0,0,0,0
5277,UK,50-54,Adult,White,1,weekend,7,0,0,0,0,0,0,3,3,1
5288,UK,35-39,Adult,Mixed,2,weekday,30,0,0,0,0,0,0,5,20,5
5299,UK,30-34,Adult,White,6,weekday,0,0,0,0,0,0,0,0,0,0
5310,UK,45-49,Adult,White,3,weekend,0,0,0,0,0,0,0,0,0,0
5321,UK,60-64,Adult,White,4,weekend,0,0,0,0,0,0,0,0,0,0
5332,UK,35-39,Adult,White,7,weekday,0,0,0,0,0,0,0,0,0,0
5336,UK,30-34,Adult,White,7,weekend,1,0,0,0,0,0,0,1,0,0
5337,UK,30-34,Adult,White,6,weekday,0,0,0,0,0,0,0,0,0,0
5338,UK,45-49,Adult,White,3,weekend,1,0,0,0,0,0,0,0,1,0
5339,UK,45-49,Adult,White,Unemployed,weekend,0,0,0,0,0,0,0,0,0,0
5340,UK,40-44,Adult,White,2,weekday,0,0,0,0,0,0,0,0,0,0
5341,UK,60-64,Adult,White,3,weekday,0,0,0,0,0,0,0,0,0,0
5342,UK,35-39,Adult,White,Unemployed,weekday,1,0,0,0,0,0,0,0,0,1
5343,UK,55-59,Adult,White,2,weekday,0,0,0,0,0,0,0,0,0,0
5344,UK,75+,Adult,White,Retired,weekday,0,0,0,0,0,0,0,0,0,0
5345,UK,35-39,Adult,Mixed,Unknown,weekday,0,0,0,0,0,0,0,0,0,0
5346,UK,50-54,Adult,White,2,weekday,5,0,0,0,0,0,0,3,2,0
5347,UK,45-49,Adult,White,2,weekday,1,0,0,0,0,0,0,0,1,0
5348,UK,35-39,Adult,Asian,Unemployed,weekday,3,0,0,0,0,0,0,0,2,1
5349,UK,60-64,Adult,White,Unemployed,weekday,0,0,0,0,0,0,0,0,0,0
5350,UK,45-49,Adult,White,7,weekday,0,0,0,0,0,0,0,0,0,0
5351,UK,40-44,Adult,Asian,3,weekday,3,0,0,0,0,0,0,2,1,0
5352,UK,30-34,Adult,White,3,weekday,0,0,0,0,0,0,0,0,0,0
5353,UK,50-54,Adult,White,6,weekend,10,0,0,0,0,0,0,2,6,2
5354,UK,30-34,Adult,White,3,weekday,14,0,0,0,0,0,0,1,10,3
5355,UK,65-69,Adult,White,Retired,weekday,54,0,0,0,0,0,0,4,25,25
5356,UK,25-29,Adult,Asian,Unemployed,weekday,2,0,0,0,0,0,0,0,2,0
5357,UK,75+,Adult,White,Retired,weekday,0,0,0,0,0,0,0,0,0,0
5358,UK,45-49,Adult,White,4,weekday,0,0,0,0,0,0,0,0,0,0
5359,UK,25-29,Adult,White,3,weekday,0,0,0,0,0,0,0,0,0,0
5360,UK,55-59,Adult,Mixed,2,weekday,0,0,0,0,0,0,0,0,0,0
5361,UK,60-64,Adult,White,Unemployed,weekday,0,0,0,0,0,0,0,0,0,0
5362,UK,50-54,Adult,White,1,weekend,0,0,0,0,0,0,0,0,0,0
5363,UK,40-44,Adult,White,2,weekday,1,0,0,0,0,0,0,1,0,0
5364,UK,40-44,Adult,White,Unemployed,weekday,0,0,0,0,0,0,0,0,0,0
5365,UK,45-49,Adult,White,4,weekday,1,0,0,0,0,0,0,0,1,0
5366,UK,45-49,Adult,White,2,weekday,0,0,0,0,0,0,0,0,0,0
5367,UK,45-49,Adult,White,6,weekday,0,0,0,0,0,0,0,0,0,0
5368,UK,25-29,Adult,White,3,weekday,19,0,0,0,0,0,0,2,10,7
5369,UK,40-44,Adult,Asian,4,weekday,0,0,0,0,0,0,0,0,0,0
5370,UK,30-34,Adult,White,2,weekday,46,0,0,0,0,0,0,20,22,4
5371,UK,40-44,Adult,White,2,weekend,0,0,0,0,0,0,0,0,0,0
5372,UK,60-64,Adult,White,Unknown,weekday,0,0,0,0,0,0,0,0,0,0
5373,UK,60-64,Adult,White,Unemployed,weekday,0,0,0,0,0,0,0,0,0,0
5374,UK,45-49,Adult,White,6,weekday,4,0,0,0,0,0,0,0,4,0
5375,UK,25-29,Adult,White,4,weekday,0,0,0,0,0,0,0,0,0,0
5376,UK,75+,Adult,White,Retired,weekday,9,0,0,0,0,0,0,0,4,5
5377,UK,45-49,Adult,Asian,7,weekday,0,0,0,0,0,0,0,0,0,0
5378,UK,40-44,Adult,White,Unknown,weekday,0,0,0,0,0,0,0,0,0,0
5379,UK,60-64,Adult,White,Unemployed,weekday,0,0,0,0,0,0,0,0,0,0
5380,UK,20-24,Adult,Black,6,weekday,0,0,0,0,0,0,0,0,0,0
5381,UK,25-29,Adult,White,1,weekday,4,0,0,0,0,0,0,1,2,1
5382,UK,40-44,Adult,Asian,6,weekday,13,3,3,1,0,0,0,2,3,1
5383,UK,55-59,Adult,White,Unknown,weekday,0,0,0,0,0,0,0,0,0,0
5384,UK,20-24,Adult,White,1,weekday,0,0,0,0,0,0,0,0,0,0
5385,UK,50-54,Adult,White,3,weekday,2,0,0,0,0,0,0,0,2,0
5386,UK,25-29,Adult,White,1,weekday,0,0,0,0,0,0,0,0,0,0
5387,UK,50-54,Adult,White,3,weekday,0,0,0,0,0,0,0,0,0,0
5388,UK,40-44,Adult,White,3,weekday,9,0,0,0,0,0,0,1,7,1
5389,UK,60-64,Adult,White,Retired,weekday,0,0,0,0,0,0,0,0,0,0
5390,UK,75+,Adult,White,Retired,weekday,0,0,0,0,0,0,0,0,0,0
5391,UK,65-69,Adult,White,Retired,weekday,1,0,0,0,0,0,0,0,0,1
5392,UK,75+,Adult,White,Retired,weekday,0,0,0,0,0,0,0,0,0,0
5393,UK,65-69,Adult,White,Retired,weekday,0,0,0,0,0,0,0,0,0,0
5394,UK,50-54,Adult,White,3,weekday,0,0,0,0,0,0,0,0,0,0
5395,UK,45-49,Adult,White,Retired,weekday,0,0,0,0,0,0,0,0,0,0
5396,UK,70-74,Adult,White,Retired,weekday,0,0,0,0,0,0,0,0,0,0
5398,UK,45-49,Adult,White,2,weekend,0,0,0,0,0,0,0,0,0,0
5399,UK,55-59,Adult,White,Unemployed,weekday,20,0,0,0,0,0,0,5,5,10
5400,UK,25-29,Adult,White,1,weekday,0,0,0,0,0,0,0,0,0,0
5401,UK,60-64,Adult,White,5,weekday,5,0,0,0,0,0,0,0,4,1
5402,UK,30-34,Adult,White,4,weekday,0,0,0,0,0,0,0,0,0,0
5403,UK,30-34,Adult,Black,6,weekday,5,0,0,0,0,0,0,0,4,1
5404,UK,55-59,Adult,White,Unemployed,weekday,0,0,0,0,0,0,0,0,0,0
5405,UK,35-39,Adult,Asian,3,weekday,0,0,0,0,0,0,0,0,0,0
5406,UK,45-49,Adult,Black,Unemployed,weekday,0,0,0,0,0,0,0,0,0,0
5407,UK,35-39,Adult,Asian,Unemployed,weekend,1,0,0,0,0,0,0,0,1,0
5408,UK,60-64,Adult,White,7,weekday,17,0,0,0,0,0,0,17,0,0
5409,UK,65-69,Adult,White,7,weekday,0,0,0,0,0,0,0,0,0,0
5419,UK,30-34,Adult,Black,1,weekday,0,0,0,0,0,0,0,0,0,0
5430,UK,65-69,Adult,White,Retired,weekday,0,0,0,0,0,0,0,0,0,0
5441,UK,30-34,Adult,Black,1,weekday,2,0,0,0,0,0,0,2,0,0
5452,UK,55-59,Adult,White,Retired,weekday,0,0,0,0,0,0,0,0,0,0
5463,UK,40-44,Adult,White,Unemployed,weekday,2,0,0,0,0,0,0,0,2,0
5474,UK,45-49,Adult,White,3,weekday,66,0,40,20,0,0,0,0,3,3
5485,UK,50-54,Adult,White,1,weekday,0,0,0,0,0,0,0,0,0,0
5496,UK,60-64,Adult,White,Unemployed,weekend,0,0,0,0,0,0,0,0,0,0
5507,UK,35-39,Adult,White,5,weekday,0,0,0,0,0,0,0,0,0,0
5518,UK,40-44,Adult,White,3,weekday,4,0,0,0,0,0,0,0,4,0
5529,UK,60-64,Adult,White,Unknown,weekday,0,0,0,0,0,0,0,0,0,0
5540,UK,70-74,Adult,White,2,weekend,0,0,0,0,0,0,0,0,0,0
5551,UK,20-24,Adult,Other,Student,weekday,0,0,0,0,0,0,0,0,0,0
5562,UK,55-59,Adult,White,2,weekday,0,0,0,0,0,0,0,0,0,0
5573,UK,60-64,Adult,White,2,weekday,3,0,0,0,0,0,0,0,3,0
5584,UK,65-69,Adult,White,Retired,weekday,9,0,0,0,0,0,0,0,5,4
5595,UK,50-54,Adult,White,Unemployed,weekday,2,0,0,0,0,0,0,2,0,0
5606,UK,75+,Adult,White,Retired,weekday,0,0,0,0,0,0,0,0,0,0
5617,UK,45-49,Adult,White,7,weekday,0,0,0,0,0,0,0,0,0,0
5628,UK,30-34,Adult,Black,1,weekend,0,0,0,0,0,0,0,0,0,0
5639,UK,65-69,Adult,White,6,weekday,0,0,0,0,0,0,0,0,0,0
5650,UK,20-24,Adult,Asian,2,weekday,3,1,1,0,0,0,0,1,0,0
5661,UK,15-19,Adult,White,7,weekday,2,0,0,0,0,0,0,0,2,0
5672,UK,65-69,Adult,White,Retired,weekday,0,0,0,0,0,0,0,0,0,0
5683,UK,55-59,Adult,White,1,weekend,1,0,0,0,0,0,0,0,0,1
5694,UK,45-49,Adult,White,2,weekday,0,0,0,0,0,0,0,0,0,0
5705,UK,35-39,Adult,White,4,weekday,7,0,0,0,0,0,0,2,5,0
5716,UK,45-49,Adult,White,1,weekend,0,0,0,0,0,0,0,0,0,0
5727,UK,45-49,Adult,White,2,weekday,4,0,0,0,0,0,0,0,4,0
5738,UK,40-44,Adult,White,3,weekday,0,0,0,0,0,0,0,0,0,0
5749,UK,30-34,Adult,Black,2,weekday,0,0,0,0,0,0,0,0,0,0
5760,UK,40-44,Adult,White,2,weekday,0,0,0,0,0,0,0,0,0,0
5762,UK,25-29,Adult,Other,3,weekday,0,0,0,0,0,0,0,0,0,0
5763,UK,20-24,Adult,White,7,weekday,5,0,0,0,0,0,0,0,3,2
5764,UK,20-24,Adult,Other,1,weekday,11,0,0,0,0,0,0,7,2,2
5765,UK,60-64,Adult,White,Retired,weekend,0,0,0,0,0,0,0,0,0,0
5766,UK,75+,Adult,White,Retired,weekday,0,0,0,0,0,0,0,0,0,0
5767,UK,55-59,Adult,White,Unknown,weekday,0,0,0,0,0,0,0,0,0,0
5768,UK,25-29,Adult,Asian,Unemployed,weekday,2,0,0,0,0,0,0,1,1,0
5769,UK,55-59,Adult,White,7,weekday,9,0,0,0,0,0,0,0,5,4
5770,UK,25-29,Adult,Mixed,2,weekday,2,0,0,0,0,0,0,1,1,0
5771,UK,40-44,Adult,Asian,6,weekend,8,0,0,0,0,0,0,3,5,0
5772,UK,25-29,Adult,White,1,weekday,0,0,0,0,0,0,0,0,0,0
5773,UK,40-44,Adult,White,1,weekday,0,0,0,0,0,0,0,0,0,0
5774,UK,35-39,Adult,White,2,weekday,3,0,0,0,0,0,0,0,3,0
5775,UK,60-64,Adult,White,Unemployed,weekday,0,0,0,0,0,0,0,0,0,0
5776,UK,40-44,Adult,Asian,7,weekday,0,0,0,0,0,0,0,0,0,0
5777,UK,70-74,Adult,White,Retired,weekend,0,0,0,0,0,0,0,0,0,0
5778,UK,40-44,Adult,Black,1,weekday,0,0,0,0,0,0,0,0,0,0
5779,UK,40-44,Adult,White,2,weekday,0,0,0,0,0,0,0,0,0,0
5780,UK,65-69,Adult,White,7,weekday,0,0,0,0,0,0,0,0,0,0
5781,UK,50-54,Adult,White,2,weekday,0,0,0,0,0,0,0,0,0,0
5782,UK,45-49,Adult,White,Unemployed,weekday,0,0,0,0,0,0,0,0,0,0
5783,UK,45-49,Adult,Asian,2,weekday,0,0,0,0,0,0,0,0,0,0
5784,UK,45-49,Adult,Black,2,weekday,0,0,0,0,0,0,0,0,0,0
5785,UK,20-24,Adult,Asian,1,weekday,0,0,0,0,0,0,0,0,0,0
5786,UK,20-24,Adult,Black,5,weekend,6,0,0,0,0,0,0,0,6,0
5787,UK,45-49,Adult,White,1,weekday,0,0,0,0,0,0,0,0,0,0
5788,UK,55-59,Adult,White,1,weekday,0,0,0,0,0,0,0,0,0,0
5789,UK,60-64,Adult,White,Retired,weekday,0,0,0,0,0,0,0,0,0,0
5790,UK,40-44,Adult,White,1,weekday,0,0,0,0,0,0,0,0,0,0
5791,UK,40-44,Adult,White,1,weekday,0,0,0,0,0,0,0,0,0,0
5792,UK,55-59,Adult,White,Unknown,weekday,0,0,0,0,0,0,0,0,0,0
5793,UK,70-74,Adult,White,Retired,weekday,0,0,0,0,0,0,0,0,0,0
5794,UK,50-54,Adult,Mixed,3,weekday,150,0,0,0,0,0,0,40,100,10
5795,UK,60-64,Adult,White,Retired,weekday,2,0,0,0,0,0,0,0,1,1
5796,UK,65-69,Adult,White,Retired,weekday,0,0,0,0,0,0,0,0,0,0
5797,UK,65-69,Adult,White,1,weekday,0,0,0,0,0,0,0,0,0,0
5798,UK,40-44,Adult,White,3,weekday,0,0,0,0,0,0,0,0,0,0
5799,UK,50-54,Adult,White,1,weekday,0,0,0,0,0,0,0,0,0,0
5800,UK,70-74,Adult,White,3,weekday,0,0,0,0,0,0,0,0,0,0
5801,UK,55-59,Adult,White,6,weekday,90,0,0,0,0,0,0,10,50,30
5802,UK,50-54,Adult,White,6,weekend,0,0,0,0,0,0,0,0,0,0
5803,UK,50-54,Adult,White,2,weekend,4,0,0,0,0,0,0,0,4,0
5804,UK,45-49,Adult,White,Unemployed,weekday,0,0,0,0,0,0,0,0,0,0
5805,UK,60-64,Adult,White,Unemployed,weekday,0,0,0,0,0,0,0,0,0,0
5806,UK,55-59,Adult,White,Unemployed,weekday,0,0,0,0,0,0,0,0,0,0
5807,UK,75+,Adult,White,Unemployed,weekday,0,0,0,0,0,0,0,0,0,0
5808,UK,50-54,Adult,Black,1,weekday,17,0,0,0,0,0,0,3,10,4
5809,UK,60-64,Adult,White,Unemployed,weekday,1,0,0,0,0,0,0,0,0,1
5810,UK,55-59,Adult,White,Unemployed,weekday,0,0,0,0,0,0,0,0,0,0
5811,UK,55-59,Adult,White,Retired,weekday,2,0,0,0,0,0,0,0,2,0
5812,UK,65-69,Adult,White,Retired,weekday,0,0,0,0,0,0,0,0,0,0
5813,UK,45-49,Adult,White,1,weekday,0,0,0,0,0,0,0,0,0,0
5814,UK,65-69,Adult,White,Retired,weekday,0,0,0,0,0,0,0,0,0,0
5815,UK,65-69,Adult,White,1,weekday,0,0,0,0,0,0,0,0,0,0
5816,UK,45-49,Adult,Black,1,weekday,0,0,0,0,0,0,0,0,0,0
5817,UK,75+,Adult,White,Retired,weekday,0,0,0,0,0,0,0,0,0,0
5818,UK,65-69,Adult,White,Retired,weekday,0,0,0,0,0,0,0,0,0,0
5819,UK,45-49,Adult,White,1,weekday,1,0,0,0,0,0,0,1,0,0
5820,UK,70-74,Adult,White,Retired,weekday,2,0,0,0,0,0,0,0,2,0
5821,UK,65-69,Adult,White,Retired,weekend,0,0,0,0,0,0,0,0,0,0
5822,UK,70-74,Adult,White,Retired,weekday,0,0,0,0,0,0,0,0,0,0
5823,UK,50-54,Adult,White,3,weekday,0,0,0,0,0,0,0,0,0,0
5824,UK,60-64,Adult,White,Retired,weekday,0,0,0,0,0,0,0,0,0,0
5825,UK,50-54,Adult,White,Unemployed,weekday,3,0,0,0,0,0,0,1,1,1
5826,UK,50-54,Adult,White,7,weekday,23,0,0,0,0,0,0,17,6,0
5827,UK,45-49,Adult,White,2,weekday,0,0,0,0,0,0,0,0,0,0
5828,UK,45-49,Adult,White,Unemployed,weekday,1,0,0,0,0,0,0,0,0,1
5829,UK,65-69,Adult,White,Retired,weekday,0,0,0,0,0,0,0,0,0,0
5839,UK,60-64,Adult,White,Retired,weekday,0,0,0,0,0,0,0,0,0,0
5850,UK,55-59,Adult,White,Unemployed,weekend,0,0,0,0,0,0,0,0,0,0
5861,UK,45-49,Adult,White,2,weekday,0,0,0,0,0,0,0,0,0,0
5872,UK,65-69,Adult,White,Retired,weekend,0,0,0,0,0,0,0,0,0,0
5883,UK,70-74,Adult,White,Retired,weekday,0,0,0,0,0,0,0,0,0,0
5894,UK,45-49,Adult,White,3,weekday,0,0,0,0,0,0,0,0,0,0
5905,UK,70-74,Adult,White,Retired,weekday,0,0,0,0,0,0,0,0,0,0
5916,UK,50-54,Adult,White,1,weekend,0,0,0,0,0,0,0,0,0,0
5927,UK,55-59,Adult,White,6,weekday,3,0,0,0,0,0,0,2,1,0
5938,UK,55-59,Adult,White,Retired,weekday,0,0,0,0,0,0,0,0,0,0
5949,UK,60-64,Adult,White,Retired,weekday,0,0,0,0,0,0,0,0,0,0
5960,UK,70-74,Adult,White,Retired,weekend,0,0,0,0,0,0,0,0,0,0
5971,UK,55-59,Adult,White,6,weekday,1,0,0,0,0,0,0,1,0,0
5982,UK,55-59,Adult,White,Unknown,weekday,0,0,0,0,0,0,0,0,0,0
5993,UK,55-59,Adult,White,3,weekend,0,0,0,0,0,0,0,0,0,0
6004,UK,60-64,Adult,White,Retired,weekday,0,0,0,0,0,0,0,0,0,0
6015,UK,20-24,Adult,White,2,weekday,0,0,0,0,0,0,0,0,0,0
6026,UK,60-64,Adult,White,Unemployed,weekend,0,0,0,0,0,0,0,0,0,0
6037,UK,65-69,Adult,White,Retired,weekday,1,0,0,0,0,0,0,0,0,1
6048,UK,65-69,Adult,White,Retired,weekday,0,0,0,0,0,0,0,0,0,0
6059,UK,75+,Adult,White,Retired,weekday,0,0,0,0,0,0,0,0,0,0
6070,UK,55-59,Adult,White,2,weekday,0,0,0,0,0,0,0,0,0,0
6081,UK,60-64,Adult,White,Retired,weekday,0,0,0,0,0,0,0,0,0,0
6092,UK,55-59,Adult,Black,6,weekday,0,0,0,0,0,0,0,0,0,0
6103,UK,55-59,Adult,White,3,weekday,0,0,0,0,0,0,0,0,0,0
6114,UK,55-59,Adult,White,1,weekday,7,0,0,0,0,0,0,0,5,2
6125,UK,35-39,Adult,White,1,weekday,8,0,0,0,0,0,0,2,6,0
6136,UK,60-64,Adult,White,Unemployed,weekday,3,0,0,0,0,0,0,0,3,0
6147,UK,70-74,Adult,White,1,weekday,0,0,0,0,0,0,0,0,0,0
6158,UK,70-74,Adult,White,Retired,weekday,0,0,0,0,0,0,0,0,0,0
6169,UK,60-64,Adult,White,Unknown,weekday,0,0,0,0,0,0,0,0,0,0
6171,UK,75+,Adult,White,Retired,weekday,0,0,0,0,0,0,0,0,0,0
6172,UK,65-69,Adult,White,Unknown,weekend,0,0,0,0,0,0,0,0,0,0
6173,UK,75+,Adult,White,Retired,weekday,0,0,0,0,0,0,0,0,0,0
6174,UK,65-69,Adult,White,Retired,weekend,0,0,0,0,0,0,0,0,0,0
6175,UK,70-74,Adult,White,Retired,weekday,0,0,0,0,0,0,0,0,0,0
6176,UK,55-59,Adult,White,Retired,weekend,0,0,0,0,0,0,0,0,0,0
6177,UK,75+,Adult,White,Retired,weekday,86,0,0,0,0,0,0,1,40,45
6178,UK,75+,Adult,White,Retired,weekday,1,0,0,0,0,0,0,0,0,1
6179,UK,65-69,Adult,White,Retired,weekday,0,0,0,0,0,0,0,0,0,0
6180,UK,75+,Adult,White,Retired,weekday,0,0,0,0,0,0,0,0,0,0
6181,UK,70-74,Adult,White,Retired,weekday,0,0,0,0,0,0,0,0,0,0
6182,UK,70-74,Adult,White,Retired,weekday,0,0,0,0,0,0,0,0,0,0
6183,UK,65-69,Adult,White,Retired,weekend,0,0,0,0,0,0,0,0,0,0
6184,UK,65-69,Adult,White,Retired,weekday,0,0,0,0,0,0,0,0,0,0
6185,UK,75+,Adult,White,Retired,weekday,0,0,0,0,0,0,0,0,0,0
6186,UK,70-74,Adult,White,Retired,weekend,0,0,0,0,0,0,0,0,0,0
6187,UK,65-69,Adult,White,Retired,weekday,0,0,0,0,0,0,0,0,0,0
6188,UK,70-74,Adult,White,7,weekday,1,0,0,0,0,0,0,0,0,1
6189,UK,65-69,Adult,White,Retired,weekday,5,0,0,0,0,0,0,0,5,0
6190,UK,65-69,Adult,White,Retired,weekday,0,0,0,0,0,0,0,0,0,0
6191,UK,70-74,Adult,White,Retired,weekday,0,0,0,0,0,0,0,0,0,0
6192,UK,70-74,Adult,White,Retired,weekday,0,0,0,0,0,0,0,0,0,0
6193,UK,65-69,Adult,White,7,weekday,3,0,0,0,0,0,0,1,2,0
7339,UK,40-44,Adult,White,3,weekday,0,0,0,0,0,0,0,0,0,0
7340,UK,55-59,Adult,White,1,weekday,0,0,0,0,0,0,0,0,0,0
7341,UK,60-64,Adult,White,2,weekday,0,0,0,0,0,0,0,0,0,0
7342,UK,50-54,Adult,White,Unemployed,weekday,0,0,0,0,0,0,0,0,0,0
7343,UK,55-59,Adult,White,1,weekday,1,0,0,0,0,0,0,0,0,1
7344,UK,60-64,Adult,White,Retired,weekday,18,0,0,0,0,0,0,4,10,4
7345,UK,55-59,Adult,White,3,weekday,0,0,0,0,0,0,0,0,0,0
7346,UK,35-39,Adult,White,5,weekday,0,0,0,0,0,0,0,0,0,0
7347,UK,40-44,Adult,Black,6,weekday,4,0,0,0,0,0,0,2,2,0
7348,UK,35-39,Adult,Asian,1,weekday,0,0,0,0,0,0,0,0,0,0
7349,UK,45-49,Adult,White,3,weekday,0,0,0,0,0,0,0,0,0,0
7350,UK,55-59,Adult,White,7,weekday,2,0,0,0,0,0,0,1,1,0
7351,UK,30-34,Adult,White,4,weekday,0,0,0,0,0,0,0,0,0,0
7352,UK,30-34,Adult,Asian,1,weekday,0,0,0,0,0,0,0,0,0,0
7353,UK,40-44,Adult,White,1,weekday,0,0,0,0,0,0,0,0,0,0
7354,UK,35-39,Adult,Asian,Unemployed,weekday,3,0,0,0,0,0,0,0,2,1
7355,UK,20-24,Adult,White,Student,weekday,0,0,0,0,0,0,0,0,0,0
7356,UK,60-64,Adult,White,3,weekday,0,0,0,0,0,0,0,0,0,0
7357,UK,45-49,Adult,White,1,weekday,9,0,0,0,0,0,0,1,3,5
7358,UK,35-39,Adult,Black,6,weekday,0,0,0,0,0,0,0,0,0,0
7359,UK,30-34,Adult,White,2,weekday,0,0,0,0,0,0,0,0,0,0
7360,UK,25-29,Adult,Asian,6,weekday,0,0,0,0,0,0,0,0,0,0
7361,UK,35-39,Adult,White,Unemployed,weekday,0,0,0,0,0,0,0,0,0,0
7362,UK,70-74,Adult,White,Retired,weekday,1,0,0,0,0,0,0,0,0,1
7363,UK,20-24,Adult,Asian,1,weekday,2,0,0,0,0,0,0,0,2,0
7364,UK,60-64,Adult,White,3,weekday,0,0,0,0,0,0,0,0,0,0
7365,UK,65-69,Adult,White,Unknown,weekday,0,0,0,0,0,0,0,0,0,0
7366,UK,55-59,Adult,Asian,Retired,weekday,0,0,0,0,0,0,0,0,0,0
7367,UK,35-39,Adult,White,3,weekday,31,0,0,0,0,0,0,1,20,10
7368,UK,40-44,Adult,White,2,weekday,0,0,0,0,0,0,0,0,0,0
7369,UK,65-69,Adult,White,Retired,weekday,0,0,0,0,0,0,0,0,0,0
7370,UK,55-59,Adult,White,3,weekday,0,0,0,0,0,0,0,0,0,0
7371,UK,40-44,Adult,Mixed,2,weekday,0,0,0,0,0,0,0,0,0,0
7372,UK,30-34,Adult,White,1,weekday,0,0,0,0,0,0,0,0,0,0
7373,UK,35-39,Adult,Black,1,weekday,2,0,0,0,0,0,0,0,2,0
7374,UK,30-34,Adult,White,Unemployed,weekday,1,0,0,0,0,0,0,0,1,0
7375,UK,40-44,Adult,White,2,weekday,0,0,0,0,0,0,0,0,0,0
7376,UK,45-49,Adult,White,2,weekday,0,0,0,0,0,0,0,0,0,0
7377,UK,35-39,Adult,White,6,weekday,0,0,0,0,0,0,0,0,0,0
7378,UK,30-34,Adult,White,Unknown,weekday,10,0,0,0,0,0,0,0,10,0
7379,UK,50-54,Adult,White,Student,weekday,0,0,0,0,0,0,0,0,0,0
7380,UK,55-59,Adult,White,Retired,weekday,0,0,0,0,0,0,0,0,0,0
7381,UK,30-34,Adult,White,3,weekday,4,0,0,0,0,0,0,2,2,0
7382,UK,40-44,Adult,White,3,weekday,4,0,0,0,0,0,0,1,2,1
7383,UK,40-44,Adult,White,3,weekday,0,0,0,0,0,0,0,0,0,0
7384,UK,45-49,Adult,White,1,weekday,3,0,0,0,0,0,0,1,2,0
7385,UK,50-54,Adult,White,3,weekday,4,0,0,0,0,0,0,0,4,0
7386,UK,30-34,Adult,White,2,weekday,3,0,0,0,0,0,0,1,2,0
7387,UK,25-29,Adult,White,2,weekday,0,0,0,0,0,0,0,0,0,0
7388,UK,55-59,Adult,White,1,weekday,0,0,0,0,0,0,0,0,0,0
7389,UK,35-39,Adult,White,2,weekday,40,0,0,0,20,0,0,20,0,0
7390,UK,30-34,Adult,White,Unemployed,weekday,0,0,0,0,0,0,0,0,0,0
7391,UK,65-69,Adult,White,2,weekday,0,0,0,0,0,0,0,0,0,0
7392,UK,45-49,Adult,White,Unknown,weekday,0,0,0,0,0,0,0,0,0,0
7393,UK,35-39,Adult,White,Unemployed,weekday,0,0,0,0,0,0,0,0,0,0
7394,UK,25-29,Adult,Asian,2,weekday,5,0,0,0,0,0,0,0,5,0
7395,UK,65-69,Adult,White,6,weekday,0,0,0,0,0,0,0,0,0,0
7396,UK,70-74,Adult,White,Retired,weekday,0,0,0,0,0,0,0,0,0,0
7397,UK,55-59,Adult,Asian,7,weekday,0,0,0,0,0,0,0,0,0,0
7398,UK,30-34,Adult,Mixed,Unknown,weekday,0,0,0,0,0,0,0,0,0,0
7399,UK,35-39,Adult,White,4,weekday,5,0,0,0,0,0,0,2,2,1
7400,UK,55-59,Adult,White,Unemployed,weekday,0,0,0,0,0,0,0,0,0,0
7401,UK,45-49,Adult,Mixed,6,weekday,1,0,0,0,0,0,0,0,1,0
7402,UK,40-44,Adult,White,6,weekday,1,0,0,0,0,0,0,0,1,0
7403,UK,25-29,Adult,White,1,weekday,0,0,0,0,0,0,0,0,0,0
7404,UK,75+,Adult,White,Retired,weekday,0,0,0,0,0,0,0,0,0,0
7405,UK,25-29,Adult,White,3,weekday,2,0,0,0,0,0,0,0,1,1
7406,UK,25-29,Adult,White,5,weekday,0,0,0,0,0,0,0,0,0,0
7407,UK,30-34,Adult,Asian,3,weekday,2,0,0,0,0,0,0,0,2,0
7408,UK,15-19,Adult,White,4,weekday,0,0,0,0,0,0,0,0,0,0
7409,UK,60-64,Adult,White,Retired,weekday,0,0,0,0,0,0,0,0,0,0
7410,UK,35-39,Adult,Black,Unemployed,weekday,0,0,0,0,0,0,0,0,0,0
7411,UK,30-34,Adult,Black,6,weekday,0,0,0,0,0,0,0,0,0,0
7412,UK,65-69,Adult,White,Retired,weekday,0,0,0,0,0,0,0,0,0,0
7413,UK,25-29,Adult,White,1,weekday,3,0,0,0,0,0,0,1,2,0
7414,UK,45-49,Adult,Asian,1,weekday,0,0,0,0,0,0,0,0,0,0
7415,UK,25-29,Adult,White,2,weekday,8,0,0,0,0,0,0,3,5,0
7416,UK,65-69,Adult,White,Retired,weekday,3,0,0,0,0,0,0,0,1,2
7417,UK,70-74,Adult,White,Retired,weekday,0,0,0,0,0,0,0,0,0,0
7418,UK,25-29,Adult,White,4,weekday,0,0,0,0,0,0,0,0,0,0
7419,UK,65-69,Adult,White,Retired,weekday,0,0,0,0,0,0,0,0,0,0
7420,UK,35-39,Adult,White,Unemployed,weekday,0,0,0,0,0,0,0,0,0,0
7421,UK,15-19,Adult,White,6,weekday,0,0,0,0,0,0,0,0,0,0
7422,UK,25-29,Adult,Asian,2,weekday,14,0,0,0,0,0,0,2,10,2
7423,UK,75+,Adult,White,Retired,weekday,0,0,0,0,0,0,0,0,0,0
7424,UK,35-39,Adult,Asian,Unknown,weekday,2,0,0,0,0,0,0,0,1,1
7425,UK,40-44,Adult,White,2,weekday,0,0,0,0,0,0,0,0,0,0
7426,UK,45-49,Adult,White,Unemployed,weekday,0,0,0,0,0,0,0,0,0,0
7427,UK,65-69,Adult,White,7,weekday,0,0,0,0,0,0,0,0,0,0
7428,UK,60-64,Adult,White,Retired,weekday,0,0,0,0,0,0,0,0,0,0
7429,UK,65-69,Adult,White,3,weekday,5,0,0,0,0,0,0,0,4,1
7430,UK,50-54,Adult,White,1,weekday,0,0,0,0,0,0,0,0,0,0
7431,UK,25-29,Adult,White,2,weekday,3,0,0,0,0,0,0,3,0,0
7432,UK,75+,Adult,White,Retired,weekday,0,0,0,0,0,0,0,0,0,0
7433,UK,70-74,Adult,White,Retired,weekday,41,0,0,0,0,0,0,8,20,13
7434,UK,35-39,Adult,White,Unemployed,weekday,1,0,0,0,0,0,0,0,0,1
7435,UK,30-34,Adult,White,2,weekday,0,0,0,0,0,0,0,0,0,0
7436,UK,35-39,Adult,White,2,weekday,7,0,0,0,0,0,0,2,4,1
7437,UK,70-74,Adult,White,Retired,weekday,0,0,0,0,0,0,0,0,0,0
7438,UK,75+,Adult,White,Retired,weekday,10,0,0,0,0,0,0,0,10,0
7439,UK,40-44,Adult,White,7,weekday,0,0,0,0,0,0,0,0,0,0
7440,UK,45-49,Adult,White,2,weekday,0,0,0,0,0,0,0,0,0,0
7441,UK,40-44,Adult,Black,1,weekday,4,0,0,0,0,0,0,0,4,0
7442,UK,45-49,Adult,Asian,Unemployed,weekday,4,0,0,0,0,0,0,1,3,0
7443,UK,40-44,Adult,White,2,weekday,0,0,0,0,0,0,0,0,0,0
7444,UK,35-39,Adult,White,3,weekday,2,0,0,0,0,0,0,1,1,0
7445,UK,30-34,Adult,White,Unemployed,weekday,5,0,0,0,0,0,0,5,0,0
7446,UK,70-74,Adult,White,Retired,weekday,0,0,0,0,0,0,0,0,0,0
7447,UK,55-59,Adult,White,5,weekday,0,0,0,0,0,0,0,0,0,0
7448,UK,40-44,Adult,Asian,3,weekday,0,0,0,0,0,0,0,0,0,0
7449,UK,20-24,Adult,White,2,weekday,0,0,0,0,0,0,0,0,0,0
7450,UK,20-24,Adult,Mixed,3,weekday,0,0,0,0,0,0,0,0,0,0
7451,UK,45-49,Adult,White,2,weekday,0,0,0,0,0,0,0,0,0,0
7452,UK,45-49,Adult,White,2,weekday,2,0,0,0,0,0,0,2,0,0
7453,UK,70-74,Adult,White,Retired,weekday,0,0,0,0,0,0,0,0,0,0
7454,UK,15-19,Adult,Black,7,weekday,1,0,0,0,0,0,0,0,1,0
7455,UK,60-64,Adult,White,1,weekday,0,0,0,0,0,0,0,0,0,0
7456,UK,25-29,Adult,White,6,weekday,0,0,0,0,0,0,0,0,0,0
7457,UK,25-29,Adult,White,2,weekday,0,0,0,0,0,0,0,0,0,0
7458,UK,35-39,Adult,White,1,weekday,0,0,0,0,0,0,0,0,0,0
7459,UK,45-49,Adult,White,2,weekday,0,0,0,0,0,0,0,0,0,0
7460,UK,50-54,Adult,White,1,weekday,10,0,0,0,0,0,0,0,4,6
7461,UK,60-64,Adult,White,Unemployed,weekday,0,0,0,0,0,0,0,0,0,0
7462,UK,35-39,Adult,White,2,weekday,3,0,0,0,0,0,0,2,1,0
7463,UK,20-24,Adult,Asian,Unknown,weekday,10,0,0,0,0,0,0,0,6,4
7464,UK,30-34,Adult,White,Unemployed,weekday,110,0,0,0,0,0,0,20,50,40
7465,UK,30-34,Adult,White,1,weekday,115,0,0,0,0,0,0,100,15,0
7466,UK,50-54,Adult,Asian,2,weekday,2,0,0,1,0,0,0,0,1,0
7467,UK,45-49,Adult,White,3,weekday,1,0,0,0,0,0,0,0,1,0
7468,UK,55-59,Adult,White,3,weekday,0,0,0,0,0,0,0,0,0,0
7469,UK,40-44,Adult,White,Unemployed,weekday,0,0,0,0,0,0,0,0,0,0
7470,UK,30-34,Adult,Mixed,6,weekday,2,1,0,0,1,0,0,0,0,0
7471,UK,70-74,Adult,White,Retired,weekday,0,0,0,0,0,0,0,0,0,0
7472,UK,60-64,Adult,White,Retired,weekday,0,0,0,0,0,0,0,0,0,0
7473,UK,30-34,Adult,White,3,weekday,0,0,0,0,0,0,0,0,0,0
7474,UK,25-29,Adult,White,1,weekday,0,0,0,0,0,0,0,0,0,0
7475,UK,60-64,Adult,White,Unemployed,weekday,0,0,0,0,0,0,0,0,0,0
7476,UK,65-69,Adult,White,2,weekday,0,0,0,0,0,0,0,0,0,0
7477,UK,45-49,Adult,White,1,weekday,1,0,0,0,0,0,0,1,0,0
7478,UK,40-44,Adult,White,Student,weekday,0,0,0,0,0,0,0,0,0,0
7479,UK,65-69,Adult,White,Retired,weekday,1,0,0,0,0,0,0,0,0,1
7480,UK,20-24,Adult,Other,6,weekday,0,0,0,0,0,0,0,0,0,0
7481,UK,30-34,Adult,Black,6,weekday,0,0,0,0,0,0,0,0,0,0
7482,UK,35-39,Adult,White,2,weekday,0,0,0,0,0,0,0,0,0,0
7483,UK,45-49,Adult,White,2,weekday,3,0,0,0,0,0,0,1,2,0
7484,UK,35-39,Adult,White,6,weekday,0,0,0,0,0,0,0,0,0,0
7485,UK,40-44,Adult,White,4,weekday,0,0,0,0,0,0,0,0,0,0
7486,UK,40-44,Adult,White,1,weekday,0,0,0,0,0,0,0,0,0,0
7487,UK,40-44,Adult,Asian,6,weekday,5,0,0,0,0,0,0,0,3,2
7488,UK,20-24,Adult,Asian,2,weekday,0,0,0,0,0,0,0,0,0,0
7489,UK,35-39,Adult,White,2,weekday,1,0,0,0,0,0,0,1,0,0
7490,UK,55-59,Adult,White,Unemployed,weekday,0,0,0,0,0,0,0,0,0,0
7491,UK,35-39,Adult,White,Unemployed,weekday,4,0,0,0,0,0,0,1,3,0
7492,UK,40-44,Adult,White,4,weekday,0,0,0,0,0,0,0,0,0,0
7493,UK,25-29,Adult,Mixed,5,weekday,0,0,0,0,0,0,0,0,0,0
7494,UK,45-49,Adult,White,7,weekday,1,0,0,0,0,0,0,0,1,0
7495,UK,25-29,Adult,Asian,5,weekday,2,0,0,0,0,0,0,0,2,0
7496,UK,25-29,Adult,White,Unemployed,weekday,0,0,0,0,0,0,0,0,0,0
7497,UK,55-59,Adult,White,Unemployed,weekday,0,0,0,0,0,0,0,0,0,0
7498,UK,40-44,Adult,Asian,4,weekday,2,0,0,0,0,0,0,1,1,0
7499,UK,15-19,Adult,White,6,weekday,41,0,0,0,20,20,1,0,0,0
7500,UK,45-49,Adult,White,7,weekday,0,0,0,0,0,0,0,0,0,0
7501,UK,70-74,Adult,White,Retired,weekday,0,0,0,0,0,0,0,0,0,0
7502,UK,55-59,Adult,White,2,weekday,0,0,0,0,0,0,0,0,0,0
7503,UK,50-54,Adult,White,Retired,weekday,0,0,0,0,0,0,0,0,0,0
7504,UK,40-44,Adult,White,2,weekday,0,0,0,0,0,0,0,0,0,0
7505,UK,20-24,Adult,White,Student,weekday,0,0,0,0,0,0,0,0,0,0
7506,UK,45-49,Adult,White,1,weekday,3,0,0,0,0,0,0,0,3,0
7507,UK,60-64,Adult,White,6,weekday,0,0,0,0,0,0,0,0,0,0
7508,UK,45-49,Adult,White,6,weekday,0,0,0,0,0,0,0,0,0,0
7509,UK,75+,Adult,White,Retired,weekday,0,0,0,0,0,0,0,0,0,0
7510,UK,60-64,Adult,White,Retired,weekday,0,0,0,0,0,0,0,0,0,0
7511,UK,45-49,Adult,White,Unemployed,weekday,1,0,0,0,0,0,0,0,1,0
7512,UK,20-24,Adult,Asian,6,weekday,4,0,0,0,0,0,0,1,2,1
7513,UK,65-69,Adult,White,Retired,weekday,42,0,0,0,0,0,0,0,12,30
7514,UK,70-74,Adult,White,3,weekday,6,0,0,0,0,0,0,5,1,0
7515,UK,60-64,Adult,White,3,weekday,0,0,0,0,0,0,0,0,0,0
7516,UK,55-59,Adult,White,Unemployed,weekday,0,0,0,0,0,0,0,0,0,0
7517,UK,60-64,Adult,White,7,weekday,0,0,0,0,0,0,0,0,0,0
7518,UK,60-64,Adult,White,Retired,weekday,0,0,0,0,0,0,0,0,0,0
7519,UK,55-59,Adult,White,1,weekday,0,0,0,0,0,0,0,0,0,0
7520,UK,75+,Adult,White,Retired,weekday,0,0,0,0,0,0,0,0,0,0
7521,UK,50-54,Adult,White,2,weekday,0,0,0,0,0,0,0,0,0,0
7522,UK,75+,Adult,White,Retired,weekday,0,0,0,0,0,0,0,0,0,0
7523,UK,55-59,Adult,White,Retired,weekday,0,0,0,0,0,0,0,0,0,0
7524,UK,75+,Adult,White,Retired,weekday,1,0,0,0,0,0,0,0,0,1
7525,UK,45-49,Adult,Asian,3,weekday,0,0,0,0,0,0,0,0,0,0
7526,UK,60-64,Adult,White,3,weekday,0,0,0,0,0,0,0,0,0,0
7527,UK,60-64,Adult,White,6,weekday,170,0,0,0,0,0,0,100,40,30
7528,UK,75+,Adult,White,Retired,weekday,1,0,0,0,0,0,0,0,1,0
7529,UK,50-54,Adult,White,Unemployed,weekday,0,0,0,0,0,0,0,0,0,0
7530,UK,70-74,Adult,White,Retired,weekday,0,0,0,0,0,0,0,0,0,0
7531,UK,70-74,Adult,White,Retired,weekday,0,0,0,0,0,0,0,0,0,0
7532,UK,65-69,Adult,White,Retired,weekday,0,0,0,0,0,0,0,0,0,0
7533,UK,70-74,Adult,White,Retired,weekday,2,0,0,0,0,0,0,0,2,0
7534,UK,50-54,Adult,White,2,weekday,0,0,0,0,0,0,0,0,0,0
7535,UK,60-64,Adult,White,4,weekday,2,0,0,0,0,0,0,0,2,0
7536,UK,50-54,Adult,White,Unemployed,weekday,0,0,0,0,0,0,0,0,0,0
7537,UK,70-74,Adult,White,Retired,weekday,0,0,0,0,0,0,0,0,0,0
7538,UK,50-54,Adult,Asian,2,weekday,2,0,0,0,0,0,0,0,2,0
7539,UK,70-74,Adult,White,Retired,weekday,0,0,0,0,0,0,0,0,0,0
7540,UK,45-49,Adult,White,6,weekday,0,0,0,0,0,0,0,0,0,0
7541,UK,75+,Adult,White,Retired,weekday,0,0,0,0,0,0,0,0,0,0
7542,UK,45-49,Adult,White,2,weekday,0,0,0,0,0,0,0,0,0,0
7543,UK,65-69,Adult,White,Retired,weekday,3,0,0,0,0,0,0,3,0,0
7544,UK,50-54,Adult,Asian,2,weekday,0,0,0,0,0,0,0,0,0,0
7545,UK,60-64,Adult,White,6,weekday,0,0,0,0,0,0,0,0,0,0
7546,UK,50-54,Adult,White,2,weekday,0,0,0,0,0,0,0,0,0,0
7547,UK,55-59,Adult,White,Retired,weekday,0,0,0,0,0,0,0,0,0,0
7548,UK,50-54,Adult,White,Unemployed,weekday,0,0,0,0,0,0,0,0,0,0
7549,UK,60-64,Adult,White,Unemployed,weekday,0,0,0,0,0,0,0,0,0,0
7550,UK,50-54,Adult,White,4,weekday,0,0,0,0,0,0,0,0,0,0
7551,UK,45-49,Adult,White,1,weekday,0,0,0,0,0,0,0,0,0,0
7552,UK,50-54,Adult,White,1,weekday,0,0,0,0,0,0,0,0,0,0
7553,UK,55-59,Adult,White,Unemployed,weekday,0,0,0,0,0,0,0,0,0,0
7554,UK,55-59,Adult,White,6,weekday,0,0,0,0,0,0,0,0,0,0
7555,UK,45-49,Adult,White,Unemployed,weekday,0,0,0,0,0,0,0,0,0,0
7556,UK,70-74,Adult,White,Retired,weekday,0,0,0,0,0,0,0,0,0,0
7557,UK,75+,Adult,White,Retired,weekday,0,0,0,0,0,0,0,0,0,0
7558,UK,65-69,Adult,White,Retired,weekday,0,0,0,0,0,0,0,0,0,0
7559,UK,50-54,Adult,White,Unemployed,weekday,0,0,0,0,0,0,0,0,0,0
7560,UK,45-49,Adult,Asian,3,weekday,0,0,0,0,0,0,0,0,0,0
7561,UK,60-64,Adult,White,7,weekday,0,0,0,0,0,0,0,0,0,0
7562,UK,65-69,Adult,White,3,weekday,0,0,0,0,0,0,0,0,0,0
7563,UK,50-54,Adult,White,2,weekday,0,0,0,0,0,0,0,0,0,0
7564,UK,50-54,Adult,White,1,weekday,0,0,0,0,0,0,0,0,0,0
7565,UK,60-64,Adult,White,Retired,weekday,0,0,0,0,0,0,0,0,0,0
7566,UK,55-59,Adult,White,3,weekday,0,0,0,0,0,0,0,0,0,0
7567,UK,65-69,Adult,White,6,weekday,1,0,0,0,0,0,0,0,0,1
7568,UK,50-54,Adult,White,7,weekday,0,0,0,0,0,0,0,0,0,0
7569,UK,65-69,Adult,White,Retired,weekday,0,0,0,0,0,0,0,0,0,0
7570,UK,55-59,Adult,White,2,weekday,0,0,0,0,0,0,0,0,0,0
7571,UK,60-64,Adult,White,Retired,weekday,0,0,0,0,0,0,0,0,0,0
7572,UK,60-64,Adult,White,Retired,weekday,0,0,0,0,0,0,0,0,0,0
7573,UK,55-59,Adult,White,Unemployed,weekday,0,0,0,0,0,0,0,0,0,0
7574,UK,60-64,Adult,White,2,weekday,0,0,0,0,0,0,0,0,0,0
7575,UK,50-54,Adult,White,Unemployed,weekday,0,0,0,0,0,0,0,0,0,0
7576,UK,45-49,Adult,White,2,weekday,0,0,0,0,0,0,0,0,0,0
7577,UK,55-59,Adult,White,Retired,weekday,7,0,0,0,0,0,0,1,4,2
7578,UK,65-69,Adult,White,Retired,weekday,0,0,0,0,0,0,0,0,0,0
7579,UK,70-74,Adult,White,Unknown,weekday,1,0,0,0,0,0,0,0,1,0
7580,UK,75+,Adult,White,Retired,weekday,0,0,0,0,0,0,0,0,0,0
7581,UK,45-49,Adult,White,6,weekday,2,0,0,0,0,0,0,0,1,1
7582,UK,65-69,Adult,White,Retired,weekday,13,0,0,0,0,0,0,0,3,10
7583,UK,60-64,Adult,White,2,weekday,0,0,0,0,0,0,0,0,0,0
7584,UK,50-54,Adult,White,7,weekday,1,0,0,0,0,0,0,0,1,0
7585,UK,70-74,Adult,White,Retired,weekday,0,0,0,0,0,0,0,0,0,0
7586,UK,50-54,Adult,White,5,weekday,0,0,0,0,0,0,0,0,0,0
7587,UK,55-59,Adult,White,3,weekday,0,0,0,0,0,0,0,0,0,0
7588,UK,60-64,Adult,White,7,weekday,0,0,0,0,0,0,0,0,0,0
7589,UK,65-69,Adult,White,Retired,weekday,2,0,0,0,0,0,0,0,2,0
7590,UK,65-69,Adult,White,Retired,weekday,0,0,0,0,0,0,0,0,0,0
7591,UK,60-64,Adult,White,1,weekday,0,0,0,0,0,0,0,0,0,0
7592,UK,60-64,Adult,White,Unemployed,weekday,0,0,0,0,0,0,0,0,0,0
7593,UK,75+,Adult,White,Retired,weekday,0,0,0,0,0,0,0,0,0,0
7594,UK,70-74,Adult,White,Unknown,weekday,10,0,0,0,0,0,0,0,6,4
7595,UK,50-54,Adult,White,Retired,weekday,0,0,0,0,0,0,0,0,0,0
7596,UK,45-49,Adult,White,2,weekday,0,0,0,0,0,0,0,0,0,0
7597,UK,60-64,Adult,White,1,weekday,0,0,0,0,0,0,0,0,0,0
7598,UK,65-69,Adult,White,Retired,weekday,1,0,0,0,0,0,0,0,1,0
7599,UK,55-59,Adult,White,5,weekday,2,0,0,0,0,0,0,0,2,0
7600,UK,65-69,Adult,White,Retired,weekday,3,0,0,0,0,0,0,0,3,0
7601,UK,75+,Adult,White,Retired,weekday,0,0,0,0,0,0,0,0,0,0
7602,UK,55-59,Adult,White,2,weekday,0,0,0,0,0,0,0,0,0,0
7603,UK,65-69,Adult,White,Retired,weekday,0,0,0,0,0,0,0,0,0,0
7604,UK,50-54,Adult,White,1,weekday,4,0,0,0,0,0,0,0,2,2
7605,UK,75+,Adult,White,Retired,weekday,2,0,0,0,0,0,0,0,0,2
7606,UK,50-54,Adult,White,Unemployed,weekday,0,0,0,0,0,0,0,0,0,0
7607,UK,60-64,Adult,White,1,weekday,0,0,0,0,0,0,0,0,0,0
7608,UK,65-69,Adult,White,3,weekday,0,0,0,0,0,0,0,0,0,0
7609,UK,70-74,Adult,White,Retired,weekday,0,0,0,0,0,0,0,0,0,0
7610,UK,65-69,Adult,White,Retired,weekday,0,0,0,0,0,0,0,0,0,0
7611,UK,65-69,Adult,White,Retired,weekday,5,0,0,0,0,0,0,2,2,1
7612,UK,70-74,Adult,White,Retired,weekday,0,0,0,0,0,0,0,0,0,0
7613,UK,70-74,Adult,White,Retired,weekday,0,0,0,0,0,0,0,0,0,0
7614,UK,45-49,Adult,White,2,weekday,0,0,0,0,0,0,0,0,0,0
7615,UK,45-49,Adult,White,3,weekday,1,0,0,0,0,0,0,0,1,0
7616,UK,55-59,Adult,White,Unemployed,weekday,0,0,0,0,0,0,0,0,0,0
7617,UK,50-54,Adult,White,3,weekday,9,0,0,0,0,0,0,0,9,0
7618,UK,50-54,Adult,Asian,1,weekend,55,0,0,0,0,0,0,5,30,20
7619,UK,75+,Adult,White,Retired,weekday,20,0,0,20,0,0,0,0,0,0
7620,UK,30-34,Adult,White,1,weekday,1,0,0,0,0,0,0,0,1,0
7621,UK,50-54,Adult,White,Unemployed,weekday,2,0,0,0,0,0,0,1,1,0
7622,UK,25-29,Adult,White,2,weekday,0,0,0,0,0,0,0,0,0,0
7623,UK,40-44,Adult,White,2,weekday,1,0,0,0,0,0,0,0,0,1
7624,UK,40-44,Adult,White,6,weekday,0,0,0,0,0,0,0,0,0,0
7625,UK,30-34,Adult,White,2,weekday,0,0,0,0,0,0,0,0,0,0
7626,UK,20-24,Adult,White,2,weekday,5,0,0,0,0,0,0,1,4,0
7627,UK,60-64,Adult,White,Retired,weekday,0,0,0,0,0,0,0,0,0,0
7628,UK,25-29,Adult,White,2,weekend,0,0,0,0,0,0,0,0,0,0
7629,UK,45-49,Adult,White,2,weekday,0,0,0,0,0,0,0,0,0,0
7630,UK,45-49,Adult,White,7,weekday,0,0,0,0,0,0,0,0,0,0
7631,UK,60-64,Adult,White,Unemployed,weekday,1,0,0,0,0,0,0,0,1,0
7632,UK,20-24,Adult,Asian,6,weekday,0,0,0,0,0,0,0,0,0,0
7633,UK,20-24,Adult,White,1,weekday,0,0,0,0,0,0,0,0,0,0
7634,UK,50-54,Adult,White,2,weekday,0,0,0,0,0,0,0,0,0,0
7635,UK,60-64,Adult,White,2,weekday,1,0,0,0,0,0,0,0,1,0
7636,UK,30-34,Adult,White,Unemployed,weekday,0,0,0,0,0,0,0,0,0,0
7637,UK,25-29,Adult,White,2,weekday,0,0,0,0,0,0,0,0,0,0
7638,UK,40-44,Adult,White,2,weekday,4,0,0,0,0,0,0,0,4,0
7639,UK,20-24,Adult,Black,Unemployed,weekday,36,0,0,0,0,0,0,12,12,12
7640,UK,30-34,Adult,White,2,weekday,0,0,0,0,0,0,0,0,0,0
7641,UK,75+,Adult,White,Retired,weekday,0,0,0,0,0,0,0,0,0,0
7642,UK,30-34,Adult,White,2,weekday,20,0,0,0,0,0,0,0,20,0
7643,UK,30-34,Adult,Black,1,weekend,0,0,0,0,0,0,0,0,0,0
7644,UK,25-29,Adult,White,6,weekend,1,0,0,0,0,0,0,0,1,0
7645,UK,45-49,Adult,White,2,weekday,0,0,0,0,0,0,0,0,0,0
7646,UK,30-34,Adult,White,1,weekday,0,0,0,0,0,0,0,0,0,0
7647,UK,20-24,Adult,White,Unemployed,weekday,0,0,0,0,0,0,0,0,0,0
7648,UK,60-64,Adult,White,3,weekday,0,0,0,0,0,0,0,0,0,0
7649,UK,40-44,Adult,White,Unemployed,weekday,4,0,0,0,0,0,0,3,1,0
7650,UK,75+,Adult,White,Retired,weekday,2,0,0,0,0,0,0,0,1,1
7651,UK,25-29,Adult,White,2,weekday,0,0,0,0,0,0,0,0,0,0
7652,UK,30-34,Adult,White,3,weekday,0,0,0,0,0,0,0,0,0,0
7653,UK,65-69,Adult,White,Retired,weekday,0,0,0,0,0,0,0,0,0,0
7654,UK,55-59,Adult,White,Unknown,weekday,0,0,0,0,0,0,0,0,0,0
7655,UK,20-24,Adult,White,Unemployed,weekday,0,0,0,0,0,0,0,0,0,0
7656,UK,50-54,Adult,White,2,weekday,24,0,0,0,0,0,0,24,0,0
7657,UK,40-44,Adult,Asian,Unemployed,weekday,0,0,0,0,0,0,0,0,0,0
7658,UK,35-39,Adult,White,1,weekday,4,0,0,0,0,0,0,2,2,0
7659,UK,40-44,Adult,White,2,weekday,2,0,0,0,0,0,0,0,2,0
7660,UK,55-59,Adult,White,Unemployed,weekday,0,0,0,0,0,0,0,0,0,0
7661,UK,55-59,Adult,White,Unemployed,weekday,0,0,0,0,0,0,0,0,0,0
7662,UK,30-34,Adult,Mixed,3,weekday,33,0,0,0,0,0,0,30,3,0
7663,UK,40-44,Adult,White,2,weekday,0,0,0,0,0,0,0,0,0,0
7664,UK,40-44,Adult,Asian,6,weekday,0,0,0,0,0,0,0,0,0,0
7665,UK,30-34,Adult,White,4,weekday,0,0,0,0,0,0,0,0,0,0
7666,UK,70-74,Adult,White,Retired,weekday,2,0,0,0,0,0,0,0,0,2
7667,UK,30-34,Adult,White,Unemployed,weekday,5,0,0,0,0,0,0,4,1,0
7668,UK,25-29,Adult,Black,2,weekend,0,0,0,0,0,0,0,0,0,0
7669,UK,55-59,Adult,White,7,weekday,2,0,0,0,0,0,0,0,1,1
7670,UK,60-64,Adult,White,2,weekday,0,0,0,0,0,0,0,0,0,0
7671,UK,30-34,Adult,White,3,weekday,0,0,0,0,0,0,0,0,0,0
7672,UK,25-29,Adult,Asian,2,weekday,0,0,0,0,0,0,0,0,0,0
7673,UK,65-69,Adult,White,Retired,weekday,6,0,0,0,0,0,0,0,4,2
7674,UK,30-34,Adult,White,3,weekday,0,0,0,0,0,0,0,0,0,0
7675,UK,55-59,Adult,White,1,weekend,0,0,0,0,0,0,0,0,0,0
7676,UK,50-54,Adult,White,2,weekday,3,0,0,0,0,0,0,0,2,1
7677,UK,25-29,Adult,White,6,weekday,3,0,0,0,0,0,0,0,3,0
7678,UK,30-34,Adult,White,6,weekday,0,0,0,0,0,0,0,0,0,0
7679,UK,30-34,Adult,White,Unemployed,weekday,0,0,0,0,0,0,0,0,0,0
7680,UK,40-44,Adult,White,3,weekday,0,0,0,0,0,0,0,0,0,0
7681,UK,65-69,Adult,White,Retired,weekday,3,0,0,0,0,0,0,0,2,1
7682,UK,30-34,Adult,White,4,weekday,3,0,0,0,0,0,0,3,0,0
7683,UK,55-59,Adult,White,Unemployed,weekday,0,0,0,0,0,0,0,0,0,0
7684,UK,50-54,Adult,White,1,weekend,0,0,0,0,0,0,0,0,0,0
7685,UK,40-44,Adult,White,Unemployed,weekday,0,0,0,0,0,0,0,0,0,0
7686,UK,45-49,Adult,White,3,weekday,36,0,0,0,0,0,0,13,20,3
7687,UK,40-44,Adult,White,1,weekday,0,0,0,0,0,0,0,0,0,0
7688,UK,30-34,Adult,White,1,weekend,0,0,0,0,0,0,0,0,0,0
7689,UK,75+,Adult,White,Retired,weekday,0,0,0,0,0,0,0,0,0,0
7690,UK,25-29,Adult,Black,1,weekday,0,0,0,0,0,0,0,0,0,0
7691,UK,70-74,Adult,White,Retired,weekday,0,0,0,0,0,0,0,0,0,0
7692,UK,75+,Adult,White,Retired,weekday,0,0,0,0,0,0,0,0,0,0
7693,UK,60-64,Adult,White,Unemployed,weekday,0,0,0,0,0,0,0,0,0,0
7694,UK,25-29,Adult,White,1,weekday,3,0,0,0,0,0,0,2,1,0
7695,UK,35-39,Adult,Asian,1,weekday,5,0,0,0,0,0,0,2,3,0
7696,UK,60-64,Adult,White,Retired,weekday,3,0,0,0,0,0,0,0,2,1
7697,UK,50-54,Adult,Asian,4,weekday,1,0,0,0,0,0,0,0,1,0
7698,UK,15-19,Adult,White,Student,weekday,0,0,0,0,0,0,0,0,0,0
7699,UK,45-49,Adult,White,7,weekday,5,0,0,0,0,0,0,1,4,0
7700,UK,50-54,Adult,White,Unknown,weekday,0,0,0,0,0,0,0,0,0,0
7701,UK,30-34,Adult,White,3,weekday,3,0,0,0,0,0,0,0,3,0
7702,UK,60-64,Adult,White,Retired,weekday,0,0,0,0,0,0,0,0,0,0
7703,UK,75+,Adult,White,Retired,weekday,0,0,0,0,0,0,0,0,0,0
7704,UK,40-44,Adult,White,2,weekday,0,0,0,0,0,0,0,0,0,0
7705,UK,35-39,Adult,Asian,1,weekday,4,0,0,0,0,0,0,2,2,0
7706,UK,55-59,Adult,Black,1,weekday,0,0,0,0,0,0,0,0,0,0
7707,UK,65-69,Adult,White,2,weekday,0,0,0,0,0,0,0,0,0,0
7708,UK,30-34,Adult,White,2,weekday,0,0,0,0,0,0,0,0,0,0
7709,UK,40-44,Adult,White,Unemployed,weekday,0,0,0,0,0,0,0,0,0,0
7710,UK,20-24,Adult,White,Unemployed,weekday,0,0,0,0,0,0,0,0,0,0
7711,UK,45-49,Adult,White,7,weekday,0,0,0,0,0,0,0,0,0,0
7712,UK,20-24,Adult,Mixed,4,weekday,16,0,0,0,0,0,0,4,8,4
7713,UK,30-34,Adult,White,2,weekday,0,0,0,0,0,0,0,0,0,0
7714,UK,50-54,Adult,White,1,weekday,4,0,0,0,0,0,0,3,1,0
7715,UK,35-39,Adult,White,2,weekday,0,0,0,0,0,0,0,0,0,0
7716,UK,55-59,Adult,White,2,weekday,0,0,0,0,0,0,0,0,0,0
7717,UK,45-49,Adult,Asian,3,weekday,4,0,1,0,0,0,0,1,1,1
7718,UK,25-29,Adult,White,7,weekday,0,0,0,0,0,0,0,0,0,0
7719,UK,25-29,Adult,White,Unknown,weekday,0,0,0,0,0,0,0,0,0,0
7720,UK,45-49,Adult,Asian,6,weekday,0,0,0,0,0,0,0,0,0,0
7721,UK,35-39,Adult,White,4,weekday,4,0,0,0,0,0,0,3,1,0
7722,UK,75+,Adult,White,Retired,weekday,0,0,0,0,0,0,0,0,0,0
7723,UK,55-59,Adult,White,7,weekday,0,0,0,0,0,0,0,0,0,0
7724,UK,30-34,Adult,White,1,weekday,2,0,0,0,0,0,0,2,0,0
7725,UK,40-44,Adult,White,2,weekday,0,0,0,0,0,0,0,0,0,0
7726,UK,35-39,Adult,White,Unemployed,weekday,0,0,0,0,0,0,0,0,0,0
7727,UK,40-44,Adult,White,Unemployed,weekday,0,0,0,0,0,0,0,0,0,0
7728,UK,45-49,Adult,White,1,weekday,100,0,0,0,0,0,0,30,60,10
7729,UK,20-24,Adult,Asian,1,weekday,0,0,0,0,0,0,0,0,0,0
7730,UK,15-19,Adult,White,Student,weekday,5,0,1,0,0,0,0,1,3,0
7731,UK,40-44,Adult,White,2,weekday,3,0,0,0,0,0,0,1,2,0
7732,UK,70-74,Adult,White,Retired,weekday,72,0,0,0,0,0,0,60,10,2
7733,UK,50-54,Adult,White,Unemployed,weekday,0,0,0,0,0,0,0,0,0,0
7734,UK,40-44,Adult,White,2,weekday,1,0,0,0,0,0,0,0,1,0
7735,UK,50-54,Adult,White,1,weekday,6,2,2,0,0,0,0,1,1,0
7736,UK,75+,Adult,White,Retired,weekend,0,0,0,0,0,0,0,0,0,0
7737,UK,40-44,Adult,Asian,1,weekday,4,0,0,0,0,0,0,1,3,0
7738,UK,60-64,Adult,White,Unemployed,weekday,0,0,0,0,0,0,0,0,0,0
7739,UK,55-59,Adult,White,3,weekday,0,0,0,0,0,0,0,0,0,0
7740,UK,40-44,Adult,White,7,weekday,0,0,0,0,0,0,0,0,0,0
7741,UK,40-44,Adult,White,Unemployed,weekday,2,0,0,0,0,0,0,0,2,0
7742,UK,60-64,Adult,White,4,weekday,0,0,0,0,0,0,0,0,0,0
7743,UK,40-44,Adult,Asian,Unemployed,weekday,1,0,0,0,0,0,0,0,1,0
7744,UK,40-44,Adult,White,2,weekday,1,0,0,0,0,0,0,0,1,0
7745,UK,70-74,Adult,White,Retired,weekday,0,0,0,0,0,0,0,0,0,0
7746,UK,25-29,Adult,Black,2,weekday,0,0,0,0,0,0,0,0,0,0
7747,UK,20-24,Adult,Mixed,3,weekday,0,0,0,0,0,0,0,0,0,0
7748,UK,30-34,Adult,White,1,weekday,2,0,0,0,0,0,0,1,1,0
7749,UK,55-59,Adult,White,2,weekend,10,0,0,0,0,0,0,2,8,0
7750,UK,35-39,Adult,White,1,weekday,2,0,0,0,0,0,0,0,2,0
7751,UK,25-29,Adult,White,Unemployed,weekday,0,0,0,0,0,0,0,0,0,0
7752,UK,55-59,Adult,White,3,weekday,0,0,0,0,0,0,0,0,0,0
7753,UK,40-44,Adult,White,2,weekday,0,0,0,0,0,0,0,0,0,0
7754,UK,30-34,Adult,White,2,weekday,0,0,0,0,0,0,0,0,0,0
7755,UK,65-69,Adult,White,Retired,weekday,1,0,0,0,0,0,0,0,1,0
7756,UK,65-69,Adult,White,Retired,weekday,0,0,0,0,0,0,0,0,0,0
7757,UK,65-69,Adult,White,Retired,weekday,0,0,0,0,0,0,0,0,0,0
7758,UK,30-34,Adult,White,6,weekday,0,0,0,0,0,0,0,0,0,0
7759,UK,55-59,Adult,White,Unemployed,weekday,0,0,0,0,0,0,0,0,0,0
7760,UK,35-39,Adult,White,3,weekend,0,0,0,0,0,0,0,0,0,0
7761,UK,55-59,Adult,Black,Unemployed,weekday,2,0,0,0,0,0,0,0,2,0
7762,UK,35-39,Adult,White,3,weekday,4,0,0,0,0,0,0,2,2,0
7763,UK,60-64,Adult,White,1,weekday,0,0,0,0,0,0,0,0,0,0
7764,UK,45-49,Adult,Black,1,weekday,0,0,0,0,0,0,0,0,0,0
7765,UK,35-39,Adult,White,3,weekday,0,0,0,0,0,0,0,0,0,0
7766,UK,50-54,Adult,Asian,6,weekday,2,0,0,0,0,0,0,0,1,1
7767,UK,35-39,Adult,White,6,weekday,1,0,0,0,0,0,0,1,0,0
7768,UK,35-39,Adult,Black,1,weekend,0,0,0,0,0,0,0,0,0,0
7769,UK,55-59,Adult,White,2,weekday,0,0,0,0,0,0,0,0,0,0
7770,UK,60-64,Adult,Asian,1,weekday,1,0,0,0,0,0,0,0,0,1
7771,UK,40-44,Adult,White,2,weekday,0,0,0,0,0,0,0,0,0,0
7772,UK,60-64,Adult,White,1,weekday,0,0,0,0,0,0,0,0,0,0
7773,UK,15-19,Adult,White,Unknown,weekday,24,0,0,0,0,0,0,0,19,5
7774,UK,70-74,Adult,White,Retired,weekday,0,0,0,0,0,0,0,0,0,0
7775,UK,65-69,Adult,White,2,weekday,0,0,0,0,0,0,0,0,0,0
7776,UK,45-49,Adult,White,6,weekday,5,0,0,0,0,0,0,0,5,0
7777,UK,40-44,Adult,White,7,weekday,0,0,0,0,0,0,0,0,0,0
7778,UK,30-34,Adult,White,5,weekday,0,0,0,0,0,0,0,0,0,0
7779,UK,35-39,Adult,Black,1,weekday,4,0,0,0,0,0,0,0,4,0
7780,UK,45-49,Adult,White,4,weekday,0,0,0,0,0,0,0,0,0,0
7781,UK,45-49,Adult,White,5,weekday,0,0,0,0,0,0,0,0,0,0
7782,UK,55-59,Adult,White,Retired,weekday,0,0,0,0,0,0,0,0,0,0
7783,UK,20-24,Adult,White,4,weekday,0,0,0,0,0,0,0,0,0,0
7784,UK,50-54,Adult,White,1,weekday,0,0,0,0,0,0,0,0,0,0
7785,UK,35-39,Adult,White,7,weekday,3,0,0,0,0,0,0,2,1,0
7786,UK,60-64,Adult,Asian,1,weekday,0,0,0,0,0,0,0,0,0,0
7787,UK,70-74,Adult,White,2,weekday,0,0,0,0,0,0,0,0,0,0
7788,UK,30-34,Adult,White,3,weekday,0,0,0,0,0,0,0,0,0,0
7789,UK,50-54,Adult,Black,3,weekday,0,0,0,0,0,0,0,0,0,0
7790,UK,40-44,Adult,White,7,weekday,1,0,0,0,0,0,0,1,0,0
7791,UK,50-54,Adult,White,Unemployed,weekend,0,0,0,0,0,0,0,0,0,0
7792,UK,70-74,Adult,White,Retired,weekday,0,0,0,0,0,0,0,0,0,0
7793,UK,55-59,Adult,White,3,weekday,0,0,0,0,0,0,0,0,0,0
7794,UK,25-29,Adult,White,3,weekday,1,0,0,0,0,0,0,0,0,1
7795,UK,25-29,Adult,White,5,weekday,160,10,45,20,0,0,0,10,55,20
7796,UK,55-59,Adult,White,1,weekday,0,0,0,0,0,0,0,0,0,0
7797,UK,30-34,Adult,White,1,weekday,0,0,0,0,0,0,0,0,0,0
7798,UK,40-44,Adult,White,2,weekday,2,0,0,0,0,0,0,1,1,0
7799,UK,20-24,Adult,White,Student,weekday,0,0,0,0,0,0,0,0,0,0
7800,UK,60-64,Adult,White,3,weekday,0,0,0,0,0,0,0,0,0,0
7801,UK,20-24,Adult,White,Unknown,weekday,13,0,0,0,0,0,0,3,7,3
7802,UK,65-69,Adult,White,Retired,weekday,0,0,0,0,0,0,0,0,0,0
7803,UK,70-74,Adult,White,Retired,weekday,0,0,0,0,0,0,0,0,0,0
7804,UK,40-44,Adult,White,1,weekday,0,0,0,0,0,0,0,0,0,0
7805,UK,55-59,Adult,White,Unemployed,weekday,0,0,0,0,0,0,0,0,0,0
7806,UK,65-69,Adult,White,1,weekday,0,0,0,0,0,0,0,0,0,0
7807,UK,75+,Adult,White,Retired,weekday,0,0,0,0,0,0,0,0,0,0
7808,UK,40-44,Adult,White,2,weekday,6,0,0,0,0,0,0,3,3,0
7809,UK,55-59,Adult,White,6,weekend,0,0,0,0,0,0,0,0,0,0
7810,UK,45-49,Adult,White,6,weekday,3,0,0,0,0,0,0,0,3,0
7811,UK,65-69,Adult,White,Retired,weekday,0,0,0,0,0,0,0,0,0,0
7812,UK,65-69,Adult,White,1,weekday,1,0,0,0,0,0,0,0,0,1
7813,UK,65-69,Adult,White,Retired,weekday,0,0,0,0,0,0,0,0,0,0
7814,UK,45-49,Adult,White,5,weekday,0,0,0,0,0,0,0,0,0,0
7815,UK,60-64,Adult,White,2,weekday,0,0,0,0,0,0,0,0,0,0
7816,UK,60-64,Adult,White,Unemployed,weekday,0,0,0,0,0,0,0,0,0,0
7817,UK,50-54,Adult,White,1,weekday,0,0,0,0,0,0,0,0,0,0
7818,UK,55-59,Adult,White,6,weekday,59,0,0,0,0,0,0,0,59,0
7819,UK,60-64,Adult,White,Retired,weekday,0,0,0,0,0,0,0,0,0,0
7820,UK,45-49,Adult,White,2,weekday,0,0,0,0,0,0,0,0,0,0
7821,UK,50-54,Adult,White,2,weekday,0,0,0,0,0,0,0,0,0,0
7822,UK,45-49,Adult,White,3,weekday,0,0,0,0,0,0,0,0,0,0
7823,UK,45-49,Adult,White,1,weekday,7,0,0,0,0,0,0,3,2,2
7824,UK,45-49,Adult,White,1,weekday,0,0,0,0,0,0,0,0,0,0
7825,UK,45-49,Adult,Other,Unemployed,weekday,0,0,0,0,0,0,0,0,0,0
7826,UK,60-64,Adult,White,Retired,weekday,0,0,0,0,0,0,0,0,0,0
7827,UK,55-59,Adult,White,Unknown,weekday,25,0,0,0,0,0,0,0,25,0
7828,UK,65-69,Adult,White,2,weekend,0,0,0,0,0,0,0,0,0,0
7829,UK,70-74,Adult,White,Retired,weekday,0,0,0,0,0,0,0,0,0,0
7830,UK,60-64,Adult,Black,2,weekday,0,0,0,0,0,0,0,0,0,0
7831,UK,55-59,Adult,Asian,Unemployed,weekday,0,0,0,0,0,0,0,0,0,0
7832,UK,45-49,Adult,White,1,weekday,0,0,0,0,0,0,0,0,0,0
7833,UK,45-49,Adult,White,2,weekday,3,0,0,0,0,0,0,1,2,0
7834,UK,60-64,Adult,White,Retired,weekday,12,0,0,0,0,0,0,0,12,0
7835,UK,55-59,Adult,White,6,weekday,0,0,0,0,0,0,0,0,0,0
7836,UK,45-49,Adult,White,3,weekday,0,0,0,0,0,0,0,0,0,0
7837,UK,50-54,Adult,White,3,weekday,0,0,0,0,0,0,0,0,0,0
7838,UK,55-59,Adult,White,2,weekday,0,0,0,0,0,0,0,0,0,0
7839,UK,45-49,Adult,Mixed,1,weekday,2,0,0,0,0,0,0,0,2,0
7840,UK,60-64,Adult,White,Retired,weekday,0,0,0,0,0,0,0,0,0,0
7841,UK,65-69,Adult,White,2,weekday,0,0,0,0,0,0,0,0,0,0
7842,UK,45-49,Adult,White,2,weekday,3,3,0,0,0,0,0,0,0,0
7843,UK,50-54,Adult,White,2,weekend,4,0,0,0,0,0,0,0,2,2
7844,UK,60-64,Adult,Asian,5,weekday,0,0,0,0,0,0,0,0,0,0
7845,UK,60-64,Adult,White,Unemployed,weekday,1,0,0,0,0,0,0,0,1,0
7846,UK,60-64,Adult,White,3,weekday,0,0,0,0,0,0,0,0,0,0
7847,UK,60-64,Adult,White,Unemployed,weekday,0,0,0,0,0,0,0,0,0,0
7848,UK,65-69,Adult,White,Retired,weekday,0,0,0,0,0,0,0,0,0,0
7849,UK,40-44,Adult,White,1,weekday,0,0,0,0,0,0,0,0,0,0
7850,UK,55-59,Adult,White,6,weekday,0,0,0,0,0,0,0,0,0,0
7851,UK,55-59,Adult,White,2,weekend,1,0,0,0,0,0,0,0,1,0
7852,UK,30-34,Adult,White,4,weekday,0,0,0,0,0,0,0,0,0,0
7853,UK,30-34,Adult,Black,Unknown,weekday,10,0,0,0,0,0,0,0,10,0
7854,UK,35-39,Adult,White,2,weekday,0,0,0,0,0,0,0,0,0,0
7855,UK,40-44,Adult,White,5,weekend,0,0,0,0,0,0,0,0,0,0
7856,UK,35-39,Adult,White,6,weekday,0,0,0,0,0,0,0,0,0,0
7857,UK,35-39,Adult,White,6,weekday,14,2,3,2,2,3,2,0,0,0
7858,UK,40-44,Adult,White,2,weekend,0,0,0,0,0,0,0,0,0,0
7859,UK,35-39,Adult,White,3,weekday,0,0,0,0,0,0,0,0,0,0
7860,UK,50-54,Adult,White,1,weekday,0,0,0,0,0,0,0,0,0,0
7861,UK,40-44,Adult,White,1,weekday,0,0,0,0,0,0,0,0,0,0
7862,UK,20-24,Adult,Black,3,weekday,7,0,0,0,0,0,0,0,7,0
7863,UK,55-59,Adult,White,6,weekday,0,0,0,0,0,0,0,0,0,0
7864,UK,45-49,Adult,Asian,7,weekday,0,0,0,0,0,0,0,0,0,0
7865,UK,20-24,Adult,Asian,2,weekday,0,0,0,0,0,0,0,0,0,0
7866,UK,45-49,Adult,White,6,weekday,0,0,0,0,0,0,0,0,0,0
7867,UK,50-54,Adult,White,Unemployed,weekend,0,0,0,0,0,0,0,0,0,0
7868,UK,70-74,Adult,White,Retired,weekend,0,0,0,0,0,0,0,0,0,0
7869,UK,45-49,Adult,Asian,1,weekday,4,0,0,0,0,0,0,3,1,0
7870,UK,50-54,Adult,Asian,1,weekday,7,0,0,0,0,0,0,0,3,4
7871,UK,55-59,Adult,White,1,weekend,0,0,0,0,0,0,0,0,0,0
7872,UK,70-74,Adult,White,Retired,weekday,0,0,0,0,0,0,0,0,0,0
7873,UK,30-34,Adult,White,3,weekend,0,0,0,0,0,0,0,0,0,0
7874,UK,55-59,Adult,White,2,weekend,0,0,0,0,0,0,0,0,0,0
7875,UK,35-39,Adult,Asian,3,weekday,5,0,0,0,0,0,0,1,1,3
7876,UK,60-64,Adult,White,2,weekend,0,0,0,0,0,0,0,0,0,0
7877,UK,25-29,Adult,White,1,weekday,2,0,0,0,0,0,0,0,0,2
7878,UK,75+,Adult,White,Retired,weekday,0,0,0,0,0,0,0,0,0,0
7879,UK,65-69,Adult,White,1,weekend,0,0,0,0,0,0,0,0,0,0
7880,UK,35-39,Adult,White,1,weekend,0,0,0,0,0,0,0,0,0,0
7881,UK,35-39,Adult,Mixed,1,weekday,0,0,0,0,0,0,0,0,0,0
7882,UK,30-34,Adult,White,2,weekend,0,0,0,0,0,0,0,0,0,0
7883,UK,55-59,Adult,White,Unknown,weekday,0,0,0,0,0,0,0,0,0,0
7884,UK,75+,Adult,White,Retired,weekday,0,0,0,0,0,0,0,0,0,0
7885,UK,60-64,Adult,White,7,weekend,0,0,0,0,0,0,0,0,0,0
7886,UK,35-39,Adult,White,3,weekday,6,0,0,0,0,0,0,2,4,0
7887,UK,25-29,Adult,White,3,weekday,0,0,0,0,0,0,0,0,0,0
7888,UK,45-49,Adult,White,Unemployed,weekend,0,0,0,0,0,0,0,0,0,0
7889,UK,60-64,Adult,White,Retired,weekend,0,0,0,0,0,0,0,0,0,0
7890,UK,35-39,Adult,White,2,weekday,0,0,0,0,0,0,0,0,0,0
7891,UK,45-49,Adult,White,4,weekday,4,0,0,0,0,0,0,3,1,0
7892,UK,20-24,Adult,White,6,weekday,0,0,0,0,0,0,0,0,0,0
7893,UK,40-44,Adult,Asian,3,weekend,0,0,0,0,0,0,0,0,0,0
7894,UK,65-69,Adult,White,Retired,weekday,1,0,0,0,0,0,0,0,1,0
7895,UK,35-39,Adult,White,Unemployed,weekday,0,0,0,0,0,0,0,0,0,0
7896,UK,30-34,Adult,Black,1,weekday,35,0,0,0,0,0,0,10,20,5
7897,UK,40-44,Adult,White,3,weekday,0,0,0,0,0,0,0,0,0,0
7898,UK,20-24,Adult,Mixed,2,weekday,2,0,0,0,0,0,0,0,2,0
7899,UK,55-59,Adult,White,1,weekday,0,0,0,0,0,0,0,0,0,0
7900,UK,15-19,Adult,Asian,Student,weekday,0,0,0,0,0,0,0,0,0,0
7901,UK,35-39,Adult,White,Unemployed,weekday,0,0,0,0,0,0,0,0,0,0
7902,UK,50-54,Adult,Asian,1,weekday,12,2,3,1,0,0,0,2,3,1
7903,UK,40-44,Adult,White,1,weekday,0,0,0,0,0,0,0,0,0,0
7904,UK,60-64,Adult,White,Retired,weekday,0,0,0,0,0,0,0,0,0,0
7905,UK,55-59,Adult,White,Unknown,weekday,0,0,0,0,0,0,0,0,0,0
7906,UK,30-34,Adult,White,1,weekday,12,0,0,0,0,0,0,2,1,9
7907,UK,60-64,Adult,White,2,weekday,0,0,0,0,0,0,0,0,0,0
7908,UK,50-54,Adult,White,1,weekday,0,0,0,0,0,0,0,0,0,0
7909,UK,45-49,Adult,White,1,weekday,9,0,0,0,0,0,0,1,5,3
7910,UK,40-44,Adult,Asian,3,weekday,4,0,0,0,0,0,0,2,2,0
7911,UK,60-64,Adult,White,Unemployed,weekend,0,0,0,0,0,0,0,0,0,0
7912,UK,20-24,Adult,Other,Unknown,weekend,0,0,0,0,0,0,0,0,0,0
7913,UK,35-39,Adult,White,Unemployed,weekday,0,0,0,0,0,0,0,0,0,0
7914,UK,50-54,Adult,White,3,weekday,21,0,0,0,0,0,0,1,20,0
7915,UK,45-49,Adult,White,4,weekday,0,0,0,0,0,0,0,0,0,0
7916,UK,50-54,Adult,White,2,weekend,0,0,0,0,0,0,0,0,0,0
7917,UK,60-64,Adult,White,3,weekend,0,0,0,0,0,0,0,0,0,0
7918,UK,35-39,Adult,Black,3,weekday,0,0,0,0,0,0,0,0,0,0
7919,UK,20-24,Adult,White,1,weekday,2,0,0,0,0,0,0,0,2,0
7920,UK,55-59,Adult,White,Retired,weekend,0,0,0,0,0,0,0,0,0,0
7921,UK,35-39,Adult,White,3,weekday,3,0,0,0,0,0,0,0,3,0
7922,UK,30-34,Adult,Black,6,weekday,0,0,0,0,0,0,0,0,0,0
7923,UK,70-74,Adult,White,Retired,weekday,0,0,0,0,0,0,0,0,0,0
7924,UK,25-29,Adult,White,1,weekday,0,0,0,0,0,0,0,0,0,0
7925,UK,50-54,Adult,White,3,weekday,7,0,0,0,0,0,0,3,3,1
7926,UK,35-39,Adult,White,4,weekday,0,0,0,0,0,0,0,0,0,0
7927,UK,40-44,Adult,Black,4,weekday,2,0,1,0,0,0,0,0,1,0
7928,UK,45-49,Adult,Asian,1,weekend,0,0,0,0,0,0,0,0,0,0
7929,UK,30-34,Adult,White,3,weekday,0,0,0,0,0,0,0,0,0,0
7930,UK,25-29,Adult,White,6,weekday,0,0,0,0,0,0,0,0,0,0
7931,UK,35-39,Adult,White,2,weekday,10,0,0,0,0,0,0,0,10,0
7932,UK,65-69,Adult,Asian,Retired,weekday,1,0,0,0,0,0,0,0,0,1
7933,UK,35-39,Adult,Black,6,weekday,10,0,0,0,0,0,0,3,5,2
7934,UK,55-59,Adult,White,1,weekday,0,0,0,0,0,0,0,0,0,0
7935,UK,20-24,Adult,White,2,weekday,0,0,0,0,0,0,0,0,0,0
7936,UK,50-54,Adult,White,7,weekday,0,0,0,0,0,0,0,0,0,0
7937,UK,60-64,Adult,White,5,weekend,0,0,0,0,0,0,0,0,0,0
7938,UK,25-29,Adult,Mixed,2,weekday,0,0,0,0,0,0,0,0,0,0
7939,UK,70-74,Adult,White,Retired,weekday,0,0,0,0,0,0,0,0,0,0
7940,UK,20-24,Adult,White,7,weekend,0,0,0,0,0,0,0,0,0,0
7941,UK,25-29,Adult,White,6,weekday,0,0,0,0,0,0,0,0,0,0
7942,UK,60-64,Adult,White,3,weekend,0,0,0,0,0,0,0,0,0,0
7943,UK,50-54,Adult,White,2,weekday,12,0,0,0,0,0,0,4,6,2
7944,UK,70-74,Adult,White,Unknown,weekend,0,0,0,0,0,0,0,0,0,0
7945,UK,20-24,Adult,White,1,weekday,0,0,0,0,0,0,0,0,0,0
7946,UK,15-19,Adult,White,7,weekday,0,0,0,0,0,0,0,0,0,0
7947,UK,50-54,Adult,White,6,weekday,5,0,0,0,0,0,0,0,5,0
7948,UK,20-24,Adult,Asian,1,weekend,67,0,0,0,0,0,0,7,50,10
7949,UK,25-29,Adult,White,6,weekday,3,0,0,0,0,0,0,0,3,0
7950,UK,40-44,Adult,White,1,weekend,0,0,0,0,0,0,0,0,0,0
7951,UK,30-34,Adult,White,Unemployed,weekday,0,0,0,0,0,0,0,0,0,0
7952,UK,50-54,Adult,Black,2,weekday,2,0,0,0,0,1,0,0,1,0
7953,UK,50-54,Adult,White,Unemployed,weekday,0,0,0,0,0,0,0,0,0,0
7954,UK,50-54,Adult,White,6,weekday,2,0,0,0,0,0,0,2,0,0
7955,UK,35-39,Adult,White,Unemployed,weekend,0,0,0,0,0,0,0,0,0,0
7956,UK,65-69,Adult,White,7,weekend,0,0,0,0,0,0,0,0,0,0
7957,UK,35-39,Adult,White,1,weekend,0,0,0,0,0,0,0,0,0,0
7958,UK,70-74,Adult,White,Retired,weekday,0,0,0,0,0,0,0,0,0,0
7959,UK,35-39,Adult,White,1,weekday,0,0,0,0,0,0,0,0,0,0
7960,UK,45-49,Adult,White,Unknown,weekend,0,0,0,0,0,0,0,0,0,0
7961,UK,45-49,Adult,White,1,weekend,0,0,0,0,0,0,0,0,0,0
7962,UK,55-59,Adult,White,Unemployed,weekday,0,0,0,0,0,0,0,0,0,0
7963,UK,20-24,Adult,White,1,weekday,0,0,0,0,0,0,0,0,0,0
7964,UK,30-34,Adult,White,3,weekend,0,0,0,0,0,0,0,0,0,0
7965,UK,60-64,Adult,White,3,weekday,0,0,0,0,0,0,0,0,0,0
7966,UK,20-24,Adult,Black,2,weekday,0,0,0,0,0,0,0,0,0,0
7967,UK,60-64,Adult,White,1,weekend,0,0,0,0,0,0,0,0,0,0
7968,UK,55-59,Adult,White,Unemployed,weekend,0,0,0,0,0,0,0,0,0,0
7969,UK,40-44,Adult,Asian,2,weekend,0,0,0,0,0,0,0,0,0,0
7970,UK,25-29,Adult,White,4,weekday,3,0,0,0,0,0,0,1,2,0
7971,UK,55-59,Adult,White,2,weekday,0,0,0,0,0,0,0,0,0,0
7972,UK,35-39,Adult,White,1,weekend,5,0,0,0,0,0,0,2,3,0
7973,UK,35-39,Adult,Other,1,weekday,3,0,0,0,0,0,0,0,2,1
7974,UK,55-59,Adult,White,2,weekday,0,0,0,0,0,0,0,0,0,0
7975,UK,25-29,Adult,Asian,Unemployed,weekday,13,0,0,0,0,0,0,4,6,3
7976,UK,55-59,Adult,White,2,weekday,0,0,0,0,0,0,0,0,0,0
7977,UK,35-39,Adult,White,3,weekend,0,0,0,0,0,0,0,0,0,0
7978,UK,25-29,Adult,White,6,weekday,0,0,0,0,0,0,0,0,0,0
7979,UK,30-34,Adult,Black,1,weekday,1,1,0,0,0,0,0,0,0,0
7980,UK,55-59,Adult,White,6,weekend,0,0,0,0,0,0,0,0,0,0
7981,UK,25-29,Adult,Black,2,weekend,1,0,0,0,0,0,0,0,1,0
7982,UK,30-34,Adult,Asian,6,weekend,3,0,0,0,0,0,0,1,2,0
7983,UK,25-29,Adult,White,1,weekday,0,0,0,0,0,0,0,0,0,0
7984,UK,40-44,Adult,White,3,weekend,0,0,0,0,0,0,0,0,0,0
7985,UK,55-59,Adult,White,1,weekend,2,0,0,0,0,0,0,0,1,1
7986,UK,35-39,Adult,White,1,weekday,0,0,0,0,0,0,0,0,0,0
7987,UK,65-69,Adult,White,1,weekend,0,0,0,0,0,0,0,0,0,0
7988,UK,60-64,Adult,White,Unemployed,weekend,0,0,0,0,0,0,0,0,0,0
7989,UK,45-49,Adult,White,1,weekday,0,0,0,0,0,0,0,0,0,0
7990,UK,40-44,Adult,Asian,1,weekday,0,0,0,0,0,0,0,0,0,0
7991,UK,60-64,Adult,White,Unknown,weekday,0,0,0,0,0,0,0,0,0,0
7992,UK,50-54,Adult,White,1,weekend,0,0,0,0,0,0,0,0,0,0
7993,UK,25-29,Adult,White,2,weekday,0,0,0,0,0,0,0,0,0,0
7994,UK,35-39,Adult,White,6,weekday,0,0,0,0,0,0,0,0,0,0
7995,UK,35-39,Adult,White,1,weekday,4,0,0,0,0,0,0,2,2,0
7996,UK,55-59,Adult,Asian,2,weekday,3,0,0,0,0,0,0,2,1,0
7997,UK,70-74,Adult,White,Retired,weekday,0,0,0,0,0,0,0,0,0,0
7998,UK,55-59,Adult,White,2,weekend,0,0,0,0,0,0,0,0,0,0
7999,UK,55-59,Adult,White,5,weekday,0,0,0,0,0,0,0,0,0,0
8000,UK,25-29,Adult,White,3,weekend,0,0,0,0,0,0,0,0,0,0
8001,UK,20-24,Adult,White,1,weekday,0,0,0,0,0,0,0,0,0,0
8002,UK,30-34,Adult,Black,2,weekday,3,0,0,0,0,0,0,2,1,0
8004,UK,55-59,Adult,White,Unknown,weekend,0,0,0,0,0,0,0,0,0,0
8005,UK,30-34,Adult,White,3,weekday,0,0,0,0,0,0,0,0,0,0
8006,UK,65-69,Adult,White,Retired,weekend,0,0,0,0,0,0,0,0,0,0
8007,UK,35-39,Adult,Asian,1,weekday,2,0,0,0,0,0,0,0,2,0
8008,UK,65-69,Adult,White,3,weekend,0,0,0,0,0,0,0,0,0,0
8009,UK,25-29,Adult,White,1,weekday,1,0,0,0,0,0,0,1,0,0
8010,UK,55-59,Adult,White,Unemployed,weekend,0,0,0,0,0,0,0,0,0,0
8011,UK,50-54,Adult,White,7,weekday,0,0,0,0,0,0,0,0,0,0
8012,UK,60-64,Adult,White,1,weekday,0,0,0,0,0,0,0,0,0,0
8013,UK,60-64,Adult,White,6,weekday,0,0,0,0,0,0,0,0,0,0
8014,UK,45-49,Adult,White,1,weekend,0,0,0,0,0,0,0,0,0,0
8015,UK,35-39,Adult,White,1,weekday,3,0,0,0,0,0,0,2,1,0
8016,UK,40-44,Adult,Asian,6,weekday,6,0,0,0,0,0,0,0,6,0
8017,UK,60-64,Adult,White,6,weekend,0,0,0,0,0,0,0,0,0,0
8018,UK,40-44,Adult,White,3,weekday,0,0,0,0,0,0,0,0,0,0
8019,UK,55-59,Adult,White,Unemployed,weekend,0,0,0,0,0,0,0,0,0,0
8020,UK,60-64,Adult,White,Unemployed,weekend,0,0,0,0,0,0,0,0,0,0
8021,UK,60-64,Adult,White,1,weekday,0,0,0,0,0,0,0,0,0,0
8022,UK,20-24,Adult,White,Unemployed,weekend,4,0,0,0,0,0,0,0,4,0
8023,UK,60-64,Adult,White,Unemployed,weekday,0,0,0,0,0,0,0,0,0,0
8024,UK,60-64,Adult,White,Unknown,weekend,0,0,0,0,0,0,0,0,0,0
8025,UK,40-44,Adult,White,Unemployed,weekday,0,0,0,0,0,0,0,0,0,0
8026,UK,20-24,Adult,Asian,1,weekday,0,0,0,0,0,0,0,0,0,0
8027,UK,30-34,Adult,White,1,weekday,0,0,0,0,0,0,0,0,0,0
8028,UK,35-39,Adult,White,6,weekday,3,0,0,0,0,0,0,0,3,0
8029,UK,35-39,Adult,Mixed,2,weekend,0,0,0,0,0,0,0,0,0,0
8030,UK,30-34,Adult,Asian,1,weekend,0,0,0,0,0,0,0,0,0,0
8031,UK,65-69,Adult,White,Retired,weekend,0,0,0,0,0,0,0,0,0,0
8032,UK,65-69,Adult,White,Retired,weekday,0,0,0,0,0,0,0,0,0,0
8033,UK,20-24,Adult,White,3,weekend,0,0,0,0,0,0,0,0,0,0
8034,UK,35-39,Adult,Black,Unemployed,weekday,0,0,0,0,0,0,0,0,0,0
8035,UK,35-39,Adult,White,2,weekend,6,0,0,0,0,0,0,0,6,0
8036,UK,25-29,Adult,White,2,weekday,0,0,0,0,0,0,0,0,0,0
8037,UK,35-39,Adult,Black,1,weekday,0,0,0,0,0,0,0,0,0,0
8038,UK,40-44,Adult,White,2,weekday,0,0,0,0,0,0,0,0,0,0
8039,UK,65-69,Adult,White,Retired,weekday,42,0,0,0,0,0,0,0,42,0
8040,UK,25-29,Adult,Asian,1,weekday,0,0,0,0,0,0,0,0,0,0
8041,UK,75+,Adult,White,Retired,weekday,0,0,0,0,0,0,0,0,0,0
8042,UK,50-54,Adult,White,6,weekday,5,0,0,0,0,0,0,0,5,0
8043,UK,20-24,Adult,White,2,weekday,0,0,0,0,0,0,0,0,0,0
8044,UK,40-44,Adult,White,7,weekday,2,0,0,0,0,0,0,2,0,0
8045,UK,50-54,Adult,White,3,weekday,2,0,0,0,0,0,0,0,1,1
8046,UK,65-69,Adult,White,Retired,weekend,0,0,0,0,0,0,0,0,0,0
8047,UK,30-34,Adult,Other,1,weekday,22,0,0,0,0,0,0,2,20,0
8048,UK,55-59,Adult,White,1,weekday,0,0,0,0,0,0,0,0,0,0
8049,UK,35-39,Adult,White,2,weekend,0,0,0,0,0,0,0,0,0,0
8050,UK,65-69,Adult,White,Retired,weekend,0,0,0,0,0,0,0,0,0,0
8051,UK,40-44,Adult,Asian,3,weekday,4,0,0,0,0,0,0,0,3,1
8052,UK,35-39,Adult,White,1,weekday,2,0,0,0,0,0,0,0,2,0
8053,UK,30-34,Adult,Asian,2,weekday,0,0,0,0,0,0,0,0,0,0
8054,UK,50-54,Adult,White,Unemployed,weekend,0,0,0,0,0,0,0,0,0,0
8055,UK,20-24,Adult,White,1,weekday,0,0,0,0,0,0,0,0,0,0
8056,UK,45-49,Adult,White,Unemployed,weekday,0,0,0,0,0,0,0,0,0,0
8057,UK,55-59,Adult,White,3,weekday,0,0,0,0,0,0,0,0,0,0
8058,UK,65-69,Adult,White,7,weekend,0,0,0,0,0,0,0,0,0,0
8059,UK,30-34,Adult,White,Unemployed,weekend,0,0,0,0,0,0,0,0,0,0
8060,UK,45-49,Adult,White,7,weekend,0,0,0,0,0,0,0,0,0,0
8061,UK,35-39,Adult,White,4,weekend,0,0,0,0,0,0,0,0,0,0
8062,UK,55-59,Adult,White,1,weekday,0,0,0,0,0,0,0,0,0,0
8063,UK,55-59,Adult,White,2,weekday,0,0,0,0,0,0,0,0,0,0
8064,UK,65-69,Adult,White,6,weekday,0,0,0,0,0,0,0,0,0,0
8065,UK,30-34,Adult,Asian,1,weekday,0,0,0,0,0,0,0,0,0,0
8066,UK,35-39,Adult,Asian,1,weekend,2,0,0,0,0,0,0,1,1,0
8067,UK,65-69,Adult,White,Retired,weekday,0,0,0,0,0,0,0,0,0,0
8068,UK,30-34,Adult,Black,1,weekday,3,0,0,0,0,0,0,1,2,0
8069,UK,40-44,Adult,White,Unemployed,weekday,3,0,0,0,0,0,0,1,0,2
8070,UK,60-64,Adult,White,3,weekend,0,0,0,0,0,0,0,0,0,0
8071,UK,65-69,Adult,White,Retired,weekend,0,0,0,0,0,0,0,0,0,0
8072,UK,40-44,Adult,White,6,weekend,0,0,0,0,0,0,0,0,0,0
8073,UK,25-29,Adult,White,Unknown,weekday,0,0,0,0,0,0,0,0,0,0
8074,UK,65-69,Adult,White,Retired,weekday,0,0,0,0,0,0,0,0,0,0
8075,UK,55-59,Adult,White,Retired,weekday,0,0,0,0,0,0,0,0,0,0
8076,UK,20-24,Adult,White,Student,weekday,0,0,0,0,0,0,0,0,0,0
8077,UK,20-24,Adult,White,Student,weekday,0,0,0,0,0,0,0,0,0,0
8078,UK,45-49,Adult,Asian,Student,weekday,21,0,0,0,0,0,0,0,20,1
8079,UK,45-49,Adult,White,7,weekend,3,0,0,0,0,0,0,0,3,0
8080,UK,60-64,Adult,White,Retired,weekday,0,0,0,0,0,0,0,0,0,0
8081,UK,45-49,Adult,Black,1,weekday,0,0,0,0,0,0,0,0,0,0
8082,UK,35-39,Adult,White,3,weekend,0,0,0,0,0,0,0,0,0,0
8083,UK,30-34,Adult,White,3,weekday,1,0,0,0,0,0,0,0,1,0
8084,UK,75+,Adult,Asian,Retired,weekday,0,0,0,0,0,0,0,0,0,0
8085,UK,50-54,Adult,White,2,weekday,0,0,0,0,0,0,0,0,0,0
8086,UK,40-44,Adult,White,5,weekday,0,0,0,0,0,0,0,0,0,0
8087,UK,20-24,Adult,White,2,weekday,5,0,0,0,0,0,0,0,5,0
8088,UK,40-44,Adult,Black,1,weekday,7,0,0,0,0,0,0,2,5,0
8089,UK,35-39,Adult,White,3,weekday,0,0,0,0,0,0,0,0,0,0
8090,UK,55-59,Adult,White,6,weekday,0,0,0,0,0,0,0,0,0,0
8091,UK,75+,Adult,White,Retired,weekend,0,0,0,0,0,0,0,0,0,0
8092,UK,35-39,Adult,Asian,6,weekend,7,0,0,0,0,0,0,1,4,2
8093,UK,65-69,Adult,White,7,weekday,0,0,0,0,0,0,0,0,0,0
8094,UK,35-39,Adult,Black,1,weekend,0,0,0,0,0,0,0,0,0,0
8095,UK,50-54,Adult,White,6,weekday,0,0,0,0,0,0,0,0,0,0
8096,UK,40-44,Adult,White,5,weekday,3,0,0,0,0,0,0,1,2,0
8097,UK,75+,Adult,White,Retired,weekday,0,0,0,0,0,0,0,0,0,0
8098,UK,45-49,Adult,White,3,weekday,0,0,0,0,0,0,0,0,0,0
8099,UK,40-44,Adult,Asian,2,weekday,0,0,0,0,0,0,0,0,0,0
8100,UK,35-39,Adult,White,Unemployed,weekday,18,0,0,0,0,0,0,0,10,8
8101,UK,20-24,Adult,White,3,weekday,0,0,0,0,0,0,0,0,0,0
8102,UK,55-59,Adult,White,3,weekend,0,0,0,0,0,0,0,0,0,0
8103,UK,40-44,Adult,White,3,weekend,0,0,0,0,0,0,0,0,0,0
8104,UK,60-64,Adult,White,1,weekday,1,0,0,0,0,0,0,0,0,1
8105,UK,50-54,Adult,Asian,6,weekday,0,0,0,0,0,0,0,0,0,0
8106,UK,70-74,Adult,White,Retired,weekend,1,0,0,0,0,0,0,0,0,1
8107,UK,65-69,Adult,White,3,weekend,0,0,0,0,0,0,0,0,0,0
8108,UK,20-24,Adult,White,6,weekday,0,0,0,0,0,0,0,0,0,0
8109,UK,60-64,Adult,Prefer not to say,Unemployed,weekend,0,0,0,0,0,0,0,0,0,0
8110,UK,45-49,Adult,White,3,weekday,0,0,0,0,0,0,0,0,0,0
8111,UK,55-59,Adult,White,Retired,weekday,0,0,0,0,0,0,0,0,0,0
8112,UK,55-59,Adult,White,1,weekday,0,0,0,0,0,0,0,0,0,0
8113,UK,60-64,Adult,White,Unemployed,weekend,0,0,0,0,0,0,0,0,0,0
8114,UK,20-24,Adult,White,Unemployed,weekday,0,0,0,0,0,0,0,0,0,0
8115,UK,75+,Adult,White,Retired,weekend,0,0,0,0,0,0,0,0,0,0
8116,UK,20-24,Adult,Black,Student,weekday,0,0,0,0,0,0,0,0,0,0
8117,UK,45-49,Adult,White,3,weekend,0,0,0,0,0,0,0,0,0,0
8118,UK,45-49,Adult,White,Unemployed,weekday,0,0,0,0,0,0,0,0,0,0
8119,UK,20-24,Adult,Asian,6,weekday,2,0,0,0,0,0,0,0,2,0
8120,UK,60-64,Adult,White,Unemployed,weekday,0,0,0,0,0,0,0,0,0,0
8121,UK,50-54,Adult,White,4,weekday,0,0,0,0,0,0,0,0,0,0
8122,UK,55-59,Adult,White,4,weekday,0,0,0,0,0,0,0,0,0,0
8123,UK,45-49,Adult,White,Unemployed,weekday,1,0,0,0,0,0,0,0,1,0
8124,UK,50-54,Adult,White,1,weekday,0,0,0,0,0,0,0,0,0,0
8125,UK,70-74,Adult,White,Retired,weekend,0,0,0,0,0,0,0,0,0,0
8126,UK,20-24,Adult,Asian,Student,weekday,57,0,0,0,0,0,0,1,55,1
8127,UK,70-74,Adult,White,Retired,weekday,0,0,0,0,0,0,0,0,0,0
8128,UK,75+,Adult,White,Retired,weekday,3,0,0,0,0,0,0,0,3,0
8129,UK,70-74,Adult,White,Retired,weekend,4,0,0,0,0,0,0,1,3,0
8130,UK,60-64,Adult,White,7,weekday,1,0,0,0,0,0,0,0,1,0
8131,UK,50-54,Adult,White,2,weekday,2,0,0,0,0,0,0,0,2,0
8132,UK,70-74,Adult,White,Retired,weekend,0,0,0,0,0,0,0,0,0,0
8133,UK,60-64,Adult,White,Unemployed,weekday,0,0,0,0,0,0,0,0,0,0
8134,UK,60-64,Adult,White,Retired,weekday,0,0,0,0,0,0,0,0,0,0
8135,UK,50-54,Adult,White,Unemployed,weekend,0,0,0,0,0,0,0,0,0,0
8136,UK,45-49,Adult,White,3,weekend,0,0,0,0,0,0,0,0,0,0
8137,UK,60-64,Adult,White,4,weekend,0,0,0,0,0,0,0,0,0,0
8138,UK,55-59,Adult,White,2,weekday,0,0,0,0,0,0,0,0,0,0
8139,UK,75+,Adult,White,2,weekend,0,0,0,0,0,0,0,0,0,0
8140,UK,55-59,Adult,White,6,weekday,3,0,0,0,0,0,0,1,1,1
8141,UK,50-54,Adult,White,2,weekday,0,0,0,0,0,0,0,0,0,0
8142,UK,75+,Adult,White,Retired,weekend,0,0,0,0,0,0,0,0,0,0
8143,UK,45-49,Adult,White,3,weekday,12,0,0,0,0,0,0,4,5,3
8144,UK,65-69,Adult,White,Retired,weekend,0,0,0,0,0,0,0,0,0,0
8145,UK,55-59,Adult,White,Retired,weekday,0,0,0,0,0,0,0,0,0,0
8146,UK,60-64,Adult,White,Retired,weekday,0,0,0,0,0,0,0,0,0,0
8147,UK,50-54,Adult,White,2,weekday,0,0,0,0,0,0,0,0,0,0
8148,UK,65-69,Adult,White,Retired,weekend,0,0,0,0,0,0,0,0,0,0
8149,UK,60-64,Adult,White,Unknown,weekday,0,0,0,0,0,0,0,0,0,0
8150,UK,65-69,Adult,White,Retired,weekday,0,0,0,0,0,0,0,0,0,0
8151,UK,45-49,Adult,White,3,weekend,0,0,0,0,0,0,0,0,0,0
8152,UK,60-64,Adult,White,3,weekend,0,0,0,0,0,0,0,0,0,0
8153,UK,45-49,Adult,Asian,1,weekday,0,0,0,0,0,0,0,0,0,0
8154,UK,60-64,Adult,White,2,weekend,25,0,0,0,0,0,0,0,20,5
8155,UK,75+,Adult,White,Retired,weekend,0,0,0,0,0,0,0,0,0,0
8156,UK,60-64,Adult,White,3,weekend,0,0,0,0,0,0,0,0,0,0
8157,UK,70-74,Adult,White,Retired,weekend,0,0,0,0,0,0,0,0,0,0
8158,UK,50-54,Adult,White,2,weekend,0,0,0,0,0,0,0,0,0,0
8159,UK,55-59,Adult,White,7,weekday,0,0,0,0,0,0,0,0,0,0
8160,UK,60-64,Adult,White,3,weekday,0,0,0,0,0,0,0,0,0,0
8161,UK,60-64,Adult,White,3,weekday,0,0,0,0,0,0,0,0,0,0
8162,UK,70-74,Adult,White,Unknown,weekend,0,0,0,0,0,0,0,0,0,0
8163,UK,70-74,Adult,White,Retired,weekend,0,0,0,0,0,0,0,0,0,0
8164,UK,65-69,Adult,White,Retired,weekend,0,0,0,0,0,0,0,0,0,0
8165,UK,70-74,Adult,White,Retired,weekend,0,0,0,0,0,0,0,0,0,0
8166,UK,60-64,Adult,White,1,weekday,0,0,0,0,0,0,0,0,0,0
8167,UK,55-59,Adult,White,2,weekday,0,0,0,0,0,0,0,0,0,0
8168,UK,70-74,Adult,White,Retired,weekend,0,0,0,0,0,0,0,0,0,0
8169,UK,65-69,Adult,White,Retired,weekday,0,0,0,0,0,0,0,0,0,0
8170,UK,45-49,Adult,White,Unknown,weekday,2,0,0,0,0,0,0,2,0,0
8171,UK,55-59,Adult,White,6,weekend,20,0,0,0,0,0,0,20,0,0
8172,UK,50-54,Adult,White,2,weekday,5,0,0,0,0,0,0,5,0,0
8173,UK,50-54,Adult,White,Unemployed,weekday,0,0,0,0,0,0,0,0,0,0
8174,UK,60-64,Adult,White,5,weekday,0,0,0,0,0,0,0,0,0,0
8175,UK,60-64,Adult,White,Retired,weekday,0,0,0,0,0,0,0,0,0,0
8176,UK,60-64,Adult,White,Retired,weekday,2,0,0,0,0,0,0,2,0,0
8177,UK,50-54,Adult,White,1,weekend,1,0,0,0,0,0,0,0,1,0
8178,UK,75+,Adult,White,Retired,weekday,0,0,0,0,0,0,0,0,0,0
8179,UK,70-74,Adult,White,Retired,weekday,0,0,0,0,0,0,0,0,0,0
8180,UK,70-74,Adult,White,Retired,weekday,2,0,0,0,0,0,0,0,1,1
8181,UK,45-49,Adult,White,3,weekend,0,0,0,0,0,0,0,0,0,0
8182,UK,50-54,Adult,White,2,weekday,0,0,0,0,0,0,0,0,0,0
8183,UK,45-49,Adult,White,Unknown,weekday,0,0,0,0,0,0,0,0,0,0
8184,UK,50-54,Adult,White,2,weekend,1,0,0,0,0,0,0,0,0,1
8185,UK,50-54,Adult,White,3,weekday,2,0,0,0,0,0,0,1,1,0
8186,UK,50-54,Adult,White,Retired,weekday,45,0,0,0,0,0,0,10,15,20
8187,UK,50-54,Adult,White,2,weekend,0,0,0,0,0,0,0,0,0,0
8188,UK,45-49,Adult,White,7,weekday,0,0,0,0,0,0,0,0,0,0
8189,UK,45-49,Adult,White,1,weekday,210,0,0,0,0,0,0,50,100,60
8190,UK,45-49,Adult,White,2,weekday,0,0,0,0,0,0,0,0,0,0
8191,UK,45-49,Adult,White,6,weekday,0,0,0,0,0,0,0,0,0,0
8192,UK,45-49,Adult,Asian,1,weekday,0,0,0,0,0,0,0,0,0,0
8193,UK,50-54,Adult,White,Unemployed,weekday,6,0,0,0,0,0,0,1,5,0
8194,UK,70-74,Adult,White,Retired,weekday,42,0,0,0,0,0,0,10,20,12
8195,UK,75+,Adult,White,Retired,weekday,0,0,0,0,0,0,0,0,0,0
8196,UK,70-74,Adult,White,Retired,weekday,4,0,0,0,0,0,0,0,2,2
8197,UK,70-74,Adult,White,Retired,weekday,0,0,0,0,0,0,0,0,0,0
8198,UK,20-24,Adult,White,1,weekday,7,0,0,0,0,0,0,2,4,1
8199,UK,70-74,Adult,White,Retired,weekend,0,0,0,0,0,0,0,0,0,0
8200,UK,70-74,Adult,White,7,weekday,0,0,0,0,0,0,0,0,0,0
8201,UK,65-69,Adult,White,Retired,weekday,0,0,0,0,0,0,0,0,0,0
8202,UK,70-74,Adult,White,Retired,weekend,0,0,0,0,0,0,0,0,0,0
8203,UK,65-69,Adult,White,7,weekday,0,0,0,0,0,0,0,0,0,0
8204,UK,75+,Adult,White,2,weekday,0,0,0,0,0,0,0,0,0,0
8205,UK,65-69,Adult,White,2,weekday,0,0,0,0,0,0,0,0,0,0
8206,UK,65-69,Adult,White,Retired,weekday,0,0,0,0,0,0,0,0,0,0
8207,UK,45-49,Adult,White,1,weekday,0,0,0,0,0,0,0,0,0,0
8208,UK,20-24,Adult,White,Student,weekend,0,0,0,0,0,0,0,0,0,0
8209,UK,60-64,Adult,White,6,weekend,4,0,0,0,0,0,0,0,2,2
8210,UK,30-34,Adult,White,2,weekend,0,0,0,0,0,0,0,0,0,0
8211,UK,45-49,Adult,White,1,weekday,0,0,0,0,0,0,0,0,0,0
8212,UK,40-44,Adult,White,3,weekend,0,0,0,0,0,0,0,0,0,0
8213,UK,35-39,Adult,White,1,weekday,0,0,0,0,0,0,0,0,0,0
8214,UK,35-39,Adult,White,1,weekend,0,0,0,0,0,0,0,0,0,0
8215,UK,35-39,Adult,White,1,weekend,0,0,0,0,0,0,0,0,0,0
8216,UK,65-69,Adult,White,Retired,weekday,0,0,0,0,0,0,0,0,0,0
8217,UK,30-34,Adult,White,2,weekend,0,0,0,0,0,0,0,0,0,0
8218,UK,50-54,Adult,White,2,weekday,0,0,0,0,0,0,0,0,0,0
8219,UK,40-44,Adult,White,1,weekday,0,0,0,0,0,0,0,0,0,0
8220,UK,25-29,Adult,White,Unemployed,weekend,0,0,0,0,0,0,0,0,0,0
8221,UK,30-34,Adult,White,6,weekday,0,0,0,0,0,0,0,0,0,0
8222,UK,60-64,Adult,White,Unemployed,weekend,0,0,0,0,0,0,0,0,0,0
8223,UK,35-39,Adult,White,Unemployed,weekend,0,0,0,0,0,0,0,0,0,0
8224,UK,65-69,Adult,White,Retired,weekday,0,0,0,0,0,0,0,0,0,0
8225,UK,50-54,Adult,White,Unemployed,weekday,10,0,0,0,0,0,0,0,10,0
8226,UK,55-59,Adult,White,1,weekend,0,0,0,0,0,0,0,0,0,0
8227,UK,40-44,Adult,White,2,weekday,0,0,0,0,0,0,0,0,0,0
8228,UK,30-34,Adult,Black,3,weekday,3,0,0,0,0,0,0,0,3,0
8229,UK,30-34,Adult,Black,3,weekday,2,0,0,0,0,0,0,2,0,0
8230,UK,35-39,Adult,White,Unemployed,weekend,4,0,0,0,0,0,0,4,0,0
8231,UK,60-64,Adult,White,7,weekend,1,0,0,0,0,0,0,0,0,1
8232,UK,70-74,Adult,White,Retired,weekend,0,0,0,0,0,0,0,0,0,0
8233,UK,30-34,Adult,White,6,weekday,0,0,0,0,0,0,0,0,0,0
8234,UK,25-29,Adult,White,1,weekday,4,0,0,0,0,0,0,2,2,0
8235,UK,65-69,Adult,Mixed,Retired,weekday,11,0,1,1,0,0,0,5,3,1
8236,UK,35-39,Adult,White,3,weekend,3,0,0,0,0,0,0,1,2,0
8237,UK,55-59,Adult,White,3,weekend,0,0,0,0,0,0,0,0,0,0
8238,UK,45-49,Adult,White,Unemployed,weekend,0,0,0,0,0,0,0,0,0,0
8239,UK,35-39,Adult,White,3,weekday,0,0,0,0,0,0,0,0,0,0
8240,UK,65-69,Adult,White,Retired,weekend,0,0,0,0,0,0,0,0,0,0
8241,UK,20-24,Adult,White,2,weekend,0,0,0,0,0,0,0,0,0,0
8242,UK,35-39,Adult,White,3,weekend,0,0,0,0,0,0,0,0,0,0
8243,UK,50-54,Adult,White,Retired,weekday,0,0,0,0,0,0,0,0,0,0
8244,UK,45-49,Adult,White,Unemployed,weekday,0,0,0,0,0,0,0,0,0,0
8245,UK,55-59,Adult,White,1,weekday,0,0,0,0,0,0,0,0,0,0
8246,UK,40-44,Adult,White,3,weekday,2,0,0,0,0,0,0,1,1,0
8247,UK,50-54,Adult,White,3,weekend,0,0,0,0,0,0,0,0,0,0
8248,UK,35-39,Adult,White,Unemployed,weekday,0,0,0,0,0,0,0,0,0,0
8249,UK,65-69,Adult,White,4,weekday,0,0,0,0,0,0,0,0,0,0
8250,UK,35-39,Adult,White,2,weekday,1,0,0,0,0,0,0,1,0,0
8251,UK,30-34,Adult,White,1,weekday,2,0,0,0,0,0,0,0,2,0
8252,UK,30-34,Adult,Black,2,weekday,3,0,0,0,0,0,0,1,2,0
8253,UK,40-44,Adult,Mixed,4,weekday,8,0,1,3,0,0,0,0,1,3
8254,UK,25-29,Adult,Black,2,weekend,0,0,0,0,0,0,0,0,0,0
8255,UK,25-29,Adult,Black,1,weekday,0,0,0,0,0,0,0,0,0,0
8256,UK,25-29,Adult,Mixed,1,weekday,0,0,0,0,0,0,0,0,0,0
8257,UK,30-34,Adult,White,1,weekday,0,0,0,0,0,0,0,0,0,0
8258,UK,40-44,Adult,White,7,weekday,0,0,0,0,0,0,0,0,0,0
8259,UK,70-74,Adult,White,Retired,weekend,0,0,0,0,0,0,0,0,0,0
8260,UK,55-59,Adult,White,2,weekday,0,0,0,0,0,0,0,0,0,0
8261,UK,45-49,Adult,White,1,weekend,0,0,0,0,0,0,0,0,0,0
8262,UK,20-24,Adult,Black,Student,weekday,0,0,0,0,0,0,0,0,0,0
8263,UK,45-49,Adult,White,7,weekday,0,0,0,0,0,0,0,0,0,0
8264,UK,35-39,Adult,Asian,3,weekday,0,0,0,0,0,0,0,0,0,0
8265,UK,40-44,Adult,White,1,weekday,0,0,0,0,0,0,0,0,0,0
8266,UK,40-44,Adult,White,2,weekend,0,0,0,0,0,0,0,0,0,0
8267,UK,65-69,Adult,White,Retired,weekday,3,0,0,0,0,0,0,1,1,1
8268,UK,35-39,Adult,Asian,3,weekend,0,0,0,0,0,0,0,0,0,0
8269,UK,40-44,Adult,White,1,weekend,0,0,0,0,0,0,0,0,0,0
8270,UK,40-44,Adult,White,3,weekday,2,0,0,0,0,0,0,1,1,0
8271,UK,55-59,Adult,White,6,weekend,0,0,0,0,0,0,0,0,0,0
8272,UK,55-59,Adult,White,1,weekend,0,0,0,0,0,0,0,0,0,0
8273,UK,55-59,Adult,White,4,weekday,20,0,0,0,0,0,0,0,10,10
8274,UK,35-39,Adult,White,6,weekend,0,0,0,0,0,0,0,0,0,0
8275,UK,20-24,Adult,Black,3,weekday,0,0,0,0,0,0,0,0,0,0
8276,UK,60-64,Adult,White,4,weekday,0,0,0,0,0,0,0,0,0,0
8277,UK,45-49,Adult,White,2,weekend,7,0,0,0,0,0,0,0,7,0
8278,UK,50-54,Adult,White,1,weekend,2,0,0,0,0,0,0,0,2,0
8279,UK,30-34,Adult,White,1,weekday,0,0,0,0,0,0,0,0,0,0
8280,UK,25-29,Adult,White,Unemployed,weekend,5,0,0,0,0,0,0,0,3,2
8281,UK,25-29,Adult,White,1,weekday,8,0,0,0,0,0,0,2,6,0
8282,UK,40-44,Adult,White,2,weekday,0,0,0,0,0,0,0,0,0,0
8283,UK,35-39,Adult,White,1,weekend,0,0,0,0,0,0,0,0,0,0
8284,UK,45-49,Adult,White,2,weekend,2,0,0,0,0,0,0,0,0,2
8285,UK,35-39,Adult,White,1,weekend,20,0,0,0,0,0,0,12,8,0
8286,UK,55-59,Adult,White,2,weekday,0,0,0,0,0,0,0,0,0,0
8287,UK,20-24,Adult,Black,1,weekday,3,0,0,0,0,0,0,0,2,1
8288,UK,25-29,Adult,Black,3,weekday,0,0,0,0,0,0,0,0,0,0
8289,UK,35-39,Adult,White,3,weekend,0,0,0,0,0,0,0,0,0,0
8290,UK,35-39,Adult,White,1,weekday,1,0,0,0,0,0,0,0,1,0
8291,UK,30-34,Adult,White,1,weekday,1,0,0,0,0,0,0,0,1,0
8292,UK,35-39,Adult,White,Unemployed,weekend,0,0,0,0,0,0,0,0,0,0
8293,UK,20-24,Adult,White,3,weekday,0,0,0,0,0,0,0,0,0,0
8294,UK,45-49,Adult,White,Unemployed,weekday,0,0,0,0,0,0,0,0,0,0
8295,UK,45-49,Adult,White,3,weekday,0,0,0,0,0,0,0,0,0,0
8296,UK,50-54,Adult,White,1,weekend,4,0,0,0,0,0,0,0,4,0
8297,UK,50-54,Adult,White,2,weekday,0,0,0,0,0,0,0,0,0,0
8298,UK,45-49,Adult,White,1,weekday,2,0,0,0,0,0,0,1,1,0
8299,UK,30-34,Adult,Black,2,weekday,0,0,0,0,0,0,0,0,0,0
8300,UK,65-69,Adult,White,Retired,weekend,0,0,0,0,0,0,0,0,0,0
8301,UK,20-24,Adult,White,Unemployed,weekend,116,0,0,0,0,0,0,6,100,10
8302,UK,50-54,Adult,Asian,1,weekday,0,0,0,0,0,0,0,0,0,0
8303,UK,40-44,Adult,Asian,1,weekend,0,0,0,0,0,0,0,0,0,0
8304,UK,40-44,Adult,Asian,Unemployed,weekday,0,0,0,0,0,0,0,0,0,0
8305,UK,35-39,Adult,White,3,weekday,0,0,0,0,0,0,0,0,0,0
8306,UK,30-34,Adult,White,1,weekday,0,0,0,0,0,0,0,0,0,0
8307,UK,30-34,Adult,White,1,weekday,6,0,0,0,0,0,0,3,2,1
8308,UK,35-39,Adult,Black,1,weekday,0,0,0,0,0,0,0,0,0,0
8309,UK,40-44,Adult,White,1,weekend,15,0,0,0,0,0,0,0,15,0
8310,UK,60-64,Adult,White,2,weekday,0,0,0,0,0,0,0,0,0,0
8311,UK,30-34,Adult,White,7,weekday,0,0,0,0,0,0,0,0,0,0
8312,UK,70-74,Adult,White,1,weekday,0,0,0,0,0,0,0,0,0,0
8313,UK,30-34,Adult,White,Unknown,weekday,5,0,0,0,0,0,0,3,2,0
8314,UK,45-49,Adult,White,1,weekday,0,0,0,0,0,0,0,0,0,0
8315,UK,25-29,Adult,Black,2,weekday,1,0,0,0,0,0,0,0,1,0
8316,UK,25-29,Adult,Asian,2,weekend,17,0,0,0,0,0,0,0,10,7
8317,UK,25-29,Adult,White,Unknown,weekday,0,0,0,0,0,0,0,0,0,0
8318,UK,50-54,Adult,White,2,weekday,0,0,0,0,0,0,0,0,0,0
8319,UK,20-24,Adult,White,3,weekday,325,50,100,100,0,0,0,0,60,15
8320,UK,50-54,Adult,White,Unemployed,weekday,0,0,0,0,0,0,0,0,0,0
8321,UK,35-39,Adult,White,7,weekend,0,0,0,0,0,0,0,0,0,0
8322,UK,75+,Adult,White,Unknown,weekend,0,0,0,0,0,0,0,0,0,0
8323,UK,25-29,Adult,White,3,weekend,3,0,0,0,0,0,0,0,3,0
8324,UK,55-59,Adult,White,Unemployed,weekday,0,0,0,0,0,0,0,0,0,0
8325,UK,30-34,Adult,Asian,6,weekday,5,0,0,0,0,0,0,0,5,0
8326,UK,75+,Adult,White,1,weekend,0,0,0,0,0,0,0,0,0,0
8327,UK,40-44,Adult,White,1,weekend,3,0,0,0,0,0,0,1,1,1
8328,UK,40-44,Adult,White,4,weekend,0,0,0,0,0,0,0,0,0,0
8329,UK,30-34,Adult,White,1,weekday,7,0,0,0,0,0,0,2,5,0
8330,UK,25-29,Adult,White,1,weekday,0,0,0,0,0,0,0,0,0,0
8331,UK,50-54,Adult,White,1,weekday,0,0,0,0,0,0,0,0,0,0
8332,UK,60-64,Adult,White,Unemployed,weekend,0,0,0,0,0,0,0,0,0,0
8333,UK,35-39,Adult,White,2,weekday,5,0,0,0,0,0,0,0,5,0
8334,UK,35-39,Adult,White,2,weekday,0,0,0,0,0,0,0,0,0,0
8335,UK,60-64,Adult,Black,2,weekend,0,0,0,0,0,0,0,0,0,0
8336,UK,60-64,Adult,White,4,weekday,32,0,16,0,0,0,0,0,16,0
8337,UK,45-49,Adult,White,3,weekday,0,0,0,0,0,0,0,0,0,0
8338,UK,45-49,Adult,White,2,weekday,0,0,0,0,0,0,0,0,0,0
8339,UK,35-39,Adult,Asian,3,weekend,5,0,0,0,0,0,0,0,5,0
8340,UK,50-54,Adult,White,2,weekday,0,0,0,0,0,0,0,0,0,0
8341,UK,35-39,Adult,White,Unemployed,weekday,0,0,0,0,0,0,0,0,0,0
8342,UK,40-44,Adult,White,4,weekday,0,0,0,0,0,0,0,0,0,0
8343,UK,20-24,Adult,White,1,weekday,0,0,0,0,0,0,0,0,0,0
8344,UK,45-49,Adult,White,2,weekend,0,0,0,0,0,0,0,0,0,0
8345,UK,65-69,Adult,White,Retired,weekend,0,0,0,0,0,0,0,0,0,0
8346,UK,20-24,Adult,Other,2,weekday,0,0,0,0,0,0,0,0,0,0
8347,UK,60-64,Adult,White,7,weekday,0,0,0,0,0,0,0,0,0,0
8348,UK,20-24,Adult,White,6,weekday,0,0,0,0,0,0,0,0,0,0
8349,UK,30-34,Adult,White,2,weekend,0,0,0,0,0,0,0,0,0,0
8350,UK,35-39,Adult,White,1,weekday,0,0,0,0,0,0,0,0,0,0
8351,UK,30-34,Adult,White,Unknown,weekday,2,0,0,0,0,0,0,0,2,0
8352,UK,35-39,Adult,White,2,weekend,7,0,0,0,0,0,0,1,5,1
8353,UK,35-39,Adult,White,2,weekday,0,0,0,0,0,0,0,0,0,0
8354,UK,20-24,Adult,Asian,3,weekday,0,0,0,0,0,0,0,0,0,0
8355,UK,60-64,Adult,White,Unemployed,weekday,0,0,0,0,0,0,0,0,0,0
8356,UK,40-44,Adult,White,2,weekend,2,0,0,0,0,0,0,0,1,1
8357,UK,25-29,Adult,Mixed,1,weekday,0,0,0,0,0,0,0,0,0,0
8358,UK,55-59,Adult,White,Unknown,weekend,0,0,0,0,0,0,0,0,0,0
8359,UK,55-59,Adult,White,Retired,weekend,0,0,0,0,0,0,0,0,0,0
8360,UK,30-34,Adult,White,2,weekend,0,0,0,0,0,0,0,0,0,0
8361,UK,60-64,Adult,White,Retired,weekend,0,0,0,0,0,0,0,0,0,0
8362,UK,60-64,Adult,White,3,weekday,0,0,0,0,0,0,0,0,0,0
8363,UK,60-64,Adult,White,5,weekday,1,0,0,0,0,0,0,0,1,0
8364,UK,45-49,Adult,Asian,1,weekend,0,0,0,0,0,0,0,0,0,0
8365,UK,40-44,Adult,White,Unemployed,weekend,3,0,0,0,0,0,0,2,1,0
8366,UK,40-44,Adult,White,Unemployed,weekday,0,0,0,0,0,0,0,0,0,0
8367,UK,25-29,Adult,Asian,Student,weekday,4,0,0,0,0,0,0,1,2,1
8368,UK,70-74,Adult,White,Retired,weekday,0,0,0,0,0,0,0,0,0,0
8369,UK,35-39,Adult,White,1,weekday,0,0,0,0,0,0,0,0,0,0
8370,UK,30-34,Adult,Black,2,weekday,6,0,0,0,0,0,0,0,5,1
8371,UK,60-64,Adult,White,1,weekend,0,0,0,0,0,0,0,0,0,0
8372,UK,55-59,Adult,White,Retired,weekend,0,0,0,0,0,0,0,0,0,0
8373,UK,40-44,Adult,White,Unemployed,weekend,0,0,0,0,0,0,0,0,0,0
8374,UK,70-74,Adult,White,Retired,weekday,1,0,0,0,0,0,0,0,1,0
8375,UK,25-29,Adult,Black,3,weekday,0,0,0,0,0,0,0,0,0,0
8376,UK,15-19,Adult,White,7,weekday,3,0,0,0,0,0,0,3,0,0
8377,UK,50-54,Adult,Black,2,weekend,0,0,0,0,0,0,0,0,0,0
8378,UK,35-39,Adult,White,1,weekend,0,0,0,0,0,0,0,0,0,0
8379,UK,35-39,Adult,White,7,weekend,0,0,0,0,0,0,0,0,0,0
8380,UK,75+,Adult,White,Retired,weekday,0,0,0,0,0,0,0,0,0,0
8381,UK,40-44,Adult,White,Unemployed,weekend,0,0,0,0,0,0,0,0,0,0
8382,UK,35-39,Adult,White,1,weekday,3,0,0,0,0,0,0,2,1,0
8383,UK,30-34,Adult,White,2,weekday,7,0,0,0,0,0,0,0,6,1
8384,UK,25-29,Adult,White,6,weekday,0,0,0,0,0,0,0,0,0,0
8385,UK,60-64,Adult,White,3,weekend,1,0,0,0,0,0,0,0,1,0
8386,UK,35-39,Adult,Asian,2,weekday,8,0,0,0,0,0,0,4,4,0
8387,UK,65-69,Adult,White,1,weekday,0,0,0,0,0,0,0,0,0,0
8388,UK,35-39,Adult,White,3,weekday,1,0,0,0,0,0,0,1,0,0
8389,UK,35-39,Adult,White,3,weekday,0,0,0,0,0,0,0,0,0,0
8390,UK,70-74,Adult,White,2,weekend,0,0,0,0,0,0,0,0,0,0
8391,UK,40-44,Adult,White,2,weekend,0,0,0,0,0,0,0,0,0,0
8392,UK,25-29,Adult,Black,6,weekday,2,0,0,0,0,0,0,0,2,0
8393,UK,50-54,Adult,White,2,weekday,0,0,0,0,0,0,0,0,0,0
8394,UK,35-39,Adult,White,1,weekday,11,0,0,0,0,0,0,5,6,0
8395,UK,40-44,Adult,White,1,weekend,0,0,0,0,0,0,0,0,0,0
8396,UK,40-44,Adult,White,Unemployed,weekday,0,0,0,0,0,0,0,0,0,0
8397,UK,20-24,Adult,Black,4,weekday,0,0,0,0,0,0,0,0,0,0
8398,UK,65-69,Adult,White,Unemployed,weekend,0,0,0,0,0,0,0,0,0,0
8399,UK,45-49,Adult,White,1,weekend,0,0,0,0,0,0,0,0,0,0
8400,UK,35-39,Adult,White,2,weekday,0,0,0,0,0,0,0,0,0,0
8401,UK,45-49,Adult,White,2,weekday,0,0,0,0,0,0,0,0,0,0
8402,UK,30-34,Adult,White,Unemployed,weekday,0,0,0,0,0,0,0,0,0,0
8403,UK,35-39,Adult,White,1,weekday,0,0,0,0,0,0,0,0,0,0
8404,UK,60-64,Adult,White,Retired,weekday,0,0,0,0,0,0,0,0,0,0
8405,UK,35-39,Adult,White,1,weekday,3,0,0,0,0,0,0,1,2,0
8406,UK,30-34,Adult,White,1,weekday,0,0,0,0,0,0,0,0,0,0
8407,UK,30-34,Adult,White,2,weekday,3,0,0,0,0,0,0,1,1,1
8408,UK,25-29,Adult,White,2,weekday,0,0,0,0,0,0,0,0,0,0
8409,UK,60-64,Adult,White,4,weekday,0,0,0,0,0,0,0,0,0,0
8410,UK,25-29,Adult,White,2,weekday,0,0,0,0,0,0,0,0,0,0
8411,UK,50-54,Adult,White,3,weekday,0,0,0,0,0,0,0,0,0,0
8412,UK,65-69,Adult,White,3,weekend,0,0,0,0,0,0,0,0,0,0
8413,UK,40-44,Adult,White,3,weekend,0,0,0,0,0,0,0,0,0,0
8414,UK,40-44,Adult,Asian,2,weekend,0,0,0,0,0,0,0,0,0,0
8415,UK,35-39,Adult,White,4,weekday,0,0,0,0,0,0,0,0,0,0
8416,UK,45-49,Adult,White,2,weekday,4,0,0,0,0,0,0,1,3,0
8417,UK,40-44,Adult,White,Unemployed,weekday,0,0,0,0,0,0,0,0,0,0
8418,UK,25-29,Adult,Asian,2,weekday,0,0,0,0,0,0,0,0,0,0
8419,UK,45-49,Adult,White,3,weekday,0,0,0,0,0,0,0,0,0,0
8420,UK,30-34,Adult,Mixed,1,weekday,0,0,0,0,0,0,0,0,0,0
8421,UK,40-44,Adult,White,Unknown,weekday,0,0,0,0,0,0,0,0,0,0
8422,UK,70-74,Adult,White,Retired,weekend,0,0,0,0,0,0,0,0,0,0
8423,UK,55-59,Adult,White,Retired,weekend,0,0,0,0,0,0,0,0,0,0
8424,UK,45-49,Adult,White,1,weekend,0,0,0,0,0,0,0,0,0,0
8425,UK,35-39,Adult,White,3,weekday,0,0,0,0,0,0,0,0,0,0
8426,UK,50-54,Adult,White,Unemployed,weekday,0,0,0,0,0,0,0,0,0,0
8427,UK,40-44,Adult,Asian,2,weekday,9,0,0,0,0,0,0,1,7,1
8428,UK,60-64,Adult,White,Retired,weekday,0,0,0,0,0,0,0,0,0,0
8429,UK,30-34,Adult,White,3,weekday,3,0,0,0,0,0,0,2,1,0
8430,UK,35-39,Adult,White,4,weekend,0,0,0,0,0,0,0,0,0,0
8431,UK,20-24,Adult,White,2,weekend,0,0,0,0,0,0,0,0,0,0
8432,UK,65-69,Adult,White,Retired,weekday,0,0,0,0,0,0,0,0,0,0
8433,UK,35-39,Adult,White,3,weekday,0,0,0,0,0,0,0,0,0,0
8434,UK,35-39,Adult,White,1,weekday,0,0,0,0,0,0,0,0,0,0
8435,UK,25-29,Adult,White,3,weekday,1,0,0,0,0,0,0,0,1,0
8436,UK,35-39,Adult,White,1,weekday,2,0,0,0,0,0,0,0,2,0
8437,UK,25-29,Adult,Asian,1,weekday,2,0,0,0,0,0,0,2,0,0
8438,UK,30-34,Adult,White,1,weekday,0,0,0,0,0,0,0,0,0,0
8439,UK,55-59,Adult,White,3,weekday,0,0,0,0,0,0,0,0,0,0
8440,UK,55-59,Adult,White,3,weekend,0,0,0,0,0,0,0,0,0,0
8441,UK,45-49,Adult,Asian,3,weekend,0,0,0,0,0,0,0,0,0,0
8442,UK,30-34,Adult,Black,1,weekday,15,0,0,0,0,0,0,5,5,5
8443,UK,45-49,Adult,Asian,Unknown,weekday,0,0,0,0,0,0,0,0,0,0
8444,UK,45-49,Adult,White,2,weekend,1,0,0,0,0,0,0,0,1,0
8445,UK,75+,Adult,White,Retired,weekend,0,0,0,0,0,0,0,0,0,0
8446,UK,35-39,Adult,White,3,weekday,0,0,0,0,0,0,0,0,0,0
8447,UK,40-44,Adult,White,1,weekend,0,0,0,0,0,0,0,0,0,0
8448,UK,35-39,Adult,Asian,3,weekday,3,0,0,0,0,0,0,2,1,0
8449,UK,20-24,Adult,White,2,weekday,0,0,0,0,0,0,0,0,0,0
8450,UK,45-49,Adult,White,2,weekend,4,0,0,0,0,0,0,3,1,0
8451,UK,55-59,Adult,White,Retired,weekday,0,0,0,0,0,0,0,0,0,0
8452,UK,60-64,Adult,White,2,weekend,0,0,0,0,0,0,0,0,0,0
8453,UK,65-69,Adult,White,Unknown,weekday,0,0,0,0,0,0,0,0,0,0
8454,UK,40-44,Adult,Prefer not to say,Unemployed,weekday,0,0,0,0,0,0,0,0,0,0
8455,UK,50-54,Adult,White,2,weekday,0,0,0,0,0,0,0,0,0,0
8456,UK,70-74,Adult,White,Retired,weekday,0,0,0,0,0,0,0,0,0,0
8457,UK,60-64,Adult,White,Unemployed,weekend,0,0,0,0,0,0,0,0,0,0
8458,UK,50-54,Adult,White,2,weekday,0,0,0,0,0,0,0,0,0,0
8459,UK,30-34,Adult,Mixed,2,weekday,0,0,0,0,0,0,0,0,0,0
8460,UK,45-49,Adult,White,2,weekend,3,0,0,0,0,0,0,0,3,0
8461,UK,35-39,Adult,Black,2,weekday,0,0,0,0,0,0,0,0,0,0
8462,UK,55-59,Adult,White,Unknown,weekday,0,0,0,0,0,0,0,0,0,0
8463,UK,50-54,Adult,White,Unemployed,weekday,0,0,0,0,0,0,0,0,0,0
8464,UK,20-24,Adult,White,3,weekday,1,0,0,0,0,0,0,0,0,1
8465,UK,55-59,Adult,White,2,weekday,0,0,0,0,0,0,0,0,0,0
8466,UK,40-44,Adult,White,5,weekday,13,0,0,0,0,0,0,3,5,5
8467,UK,50-54,Adult,White,7,weekday,120,0,0,0,0,0,0,100,20,0
8468,UK,45-49,Adult,White,4,weekend,0,0,0,0,0,0,0,0,0,0
8469,UK,25-29,Adult,Black,2,weekend,0,0,0,0,0,0,0,0,0,0
8470,UK,50-54,Adult,Mixed,2,weekend,3,0,0,0,0,0,0,0,3,0
8471,UK,55-59,Adult,White,2,weekday,3,0,0,0,0,0,0,0,3,0
8472,UK,15-19,Adult,White,3,weekday,5,0,0,0,0,0,0,2,0,3
8473,UK,55-59,Adult,White,2,weekend,0,0,0,0,0,0,0,0,0,0
8474,UK,45-49,Adult,White,3,weekday,6,0,0,0,0,0,0,6,0,0
8475,UK,50-54,Adult,White,6,weekday,0,0,0,0,0,0,0,0,0,0
8476,UK,60-64,Adult,White,5,weekend,0,0,0,0,0,0,0,0,0,0
8477,UK,50-54,Adult,White,1,weekday,4,0,0,0,0,0,0,0,4,0
8478,UK,50-54,Adult,White,3,weekday,35,0,0,0,0,0,0,0,20,15
8479,UK,45-49,Adult,White,2,weekend,0,0,0,0,0,0,0,0,0,0
8480,UK,60-64,Adult,White,7,weekend,0,0,0,0,0,0,0,0,0,0
8481,UK,55-59,Adult,White,Unknown,weekday,0,0,0,0,0,0,0,0,0,0
8482,UK,45-49,Adult,White,Unemployed,weekday,1,0,0,0,0,0,0,0,1,0
8483,UK,35-39,Adult,White,Unemployed,weekday,0,0,0,0,0,0,0,0,0,0
8484,UK,60-64,Adult,White,2,weekday,0,0,0,0,0,0,0,0,0,0
8485,UK,30-34,Adult,White,2,weekday,50,0,0,0,50,0,0,0,0,0
8486,UK,50-54,Adult,White,7,weekday,0,0,0,0,0,0,0,0,0,0
8487,UK,25-29,Adult,White,2,weekday,40,0,0,0,0,0,0,40,0,0
8488,UK,15-19,Adult,White,Student,weekend,5,0,0,0,0,0,0,0,5,0
8489,UK,55-59,Adult,White,7,weekday,0,0,0,0,0,0,0,0,0,0
8490,UK,40-44,Adult,White,2,weekday,0,0,0,0,0,0,0,0,0,0
8491,UK,35-39,Adult,Black,2,weekday,0,0,0,0,0,0,0,0,0,0
8492,UK,35-39,Adult,White,Unemployed,weekend,0,0,0,0,0,0,0,0,0,0
8493,UK,60-64,Adult,Other,Retired,weekday,0,0,0,0,0,0,0,0,0,0
8494,UK,55-59,Adult,White,1,weekday,0,0,0,0,0,0,0,0,0,0
8495,UK,55-59,Adult,White,Retired,weekday,0,0,0,0,0,0,0,0,0,0
8496,UK,45-49,Adult,White,6,weekend,3,0,0,0,0,0,0,0,2,1
8497,UK,55-59,Adult,White,Unemployed,weekday,0,0,0,0,0,0,0,0,0,0
8498,UK,25-29,Adult,White,2,weekday,0,0,0,0,0,0,0,0,0,0
8499,UK,30-34,Adult,White,1,weekday,22,0,0,0,0,0,0,7,15,0
8500,UK,50-54,Adult,White,1,weekday,0,0,0,0,0,0,0,0,0,0
8501,UK,45-49,Adult,White,1,weekend,0,0,0,0,0,0,0,0,0,0
8502,UK,20-24,Adult,White,4,weekday,1,0,0,0,0,0,0,0,1,0
8503,UK,50-54,Adult,White,2,weekday,1,0,0,0,0,0,0,0,1,0
8504,UK,60-64,Adult,White,Unknown,weekday,0,0,0,0,0,0,0,0,0,0
8505,UK,60-64,Adult,Mixed,2,weekday,5,0,0,0,0,0,0,0,5,0
8506,UK,20-24,Adult,White,3,weekend,0,0,0,0,0,0,0,0,0,0
8507,UK,65-69,Adult,White,3,weekday,0,0,0,0,0,0,0,0,0,0
8508,UK,50-54,Adult,White,2,weekday,7,0,0,0,0,0,0,0,5,2
8509,UK,60-64,Adult,White,1,weekend,0,0,0,0,0,0,0,0,0,0
8510,UK,20-24,Adult,White,6,weekday,4,0,0,0,0,0,0,0,4,0
8511,UK,60-64,Adult,White,Retired,weekend,0,0,0,0,0,0,0,0,0,0
8512,UK,75+,Adult,White,Retired,weekday,0,0,0,0,0,0,0,0,0,0
8513,UK,65-69,Adult,White,Unemployed,weekend,0,0,0,0,0,0,0,0,0,0
8514,UK,20-24,Adult,Black,1,weekend,7,0,0,0,0,0,0,1,6,0
8515,UK,45-49,Adult,White,2,weekday,45,0,0,0,0,0,0,30,10,5
8516,UK,60-64,Adult,Black,3,weekday,61,0,0,0,0,0,0,0,61,0
8517,UK,50-54,Adult,White,1,weekend,0,0,0,0,0,0,0,0,0,0
8518,UK,60-64,Adult,White,Retired,weekend,0,0,0,0,0,0,0,0,0,0
8519,UK,20-24,Adult,White,2,weekday,0,0,0,0,0,0,0,0,0,0
8520,UK,50-54,Adult,White,Unemployed,weekend,2,0,0,0,0,0,0,0,0,2
8521,UK,60-64,Adult,White,3,weekday,24,8,0,0,8,0,0,8,0,0
8522,UK,50-54,Adult,White,6,weekend,0,0,0,0,0,0,0,0,0,0
8523,UK,65-69,Adult,White,Retired,weekday,0,0,0,0,0,0,0,0,0,0
8524,UK,65-69,Adult,White,Unemployed,weekday,0,0,0,0,0,0,0,0,0,0
8525,UK,75+,Adult,White,Retired,weekday,0,0,0,0,0,0,0,0,0,0
8526,UK,45-49,Adult,White,Unemployed,weekday,4,0,0,0,0,0,0,0,3,1
8527,UK,20-24,Adult,White,1,weekday,1,0,0,0,0,0,0,0,1,0
8528,UK,20-24,Adult,White,3,weekend,180,0,0,0,0,0,0,30,100,50
8529,UK,50-54,Adult,White,3,weekday,0,0,0,0,0,0,0,0,0,0
8530,UK,65-69,Adult,White,Retired,weekend,0,0,0,0,0,0,0,0,0,0
8531,UK,65-69,Adult,White,Retired,weekend,0,0,0,0,0,0,0,0,0,0
8532,UK,60-64,Adult,White,2,weekday,1,0,0,0,0,0,0,0,0,1
8533,UK,20-24,Adult,White,2,weekday,0,0,0,0,0,0,0,0,0,0
8534,UK,45-49,Adult,White,Unemployed,weekend,0,0,0,0,0,0,0,0,0,0
8535,UK,20-24,Adult,White,7,weekday,5,0,0,0,0,0,0,3,2,0
8536,UK,50-54,Adult,White,Unemployed,weekend,0,0,0,0,0,0,0,0,0,0
8537,UK,25-29,Adult,White,5,weekend,0,0,0,0,0,0,0,0,0,0
8538,UK,60-64,Adult,Mixed,Unemployed,weekday,0,0,0,0,0,0,0,0,0,0
8539,UK,55-59,Adult,White,4,weekday,0,0,0,0,0,0,0,0,0,0
8540,UK,60-64,Adult,White,Retired,weekday,0,0,0,0,0,0,0,0,0,0
8541,UK,50-54,Adult,White,2,weekend,0,0,0,0,0,0,0,0,0,0
8542,UK,20-24,Adult,White,2,weekday,0,0,0,0,0,0,0,0,0,0
8543,UK,75+,Adult,White,Retired,weekend,0,0,0,0,0,0,0,0,0,0
8544,UK,55-59,Adult,White,Retired,weekend,1,0,0,0,0,0,0,0,1,0
8545,UK,60-64,Adult,White,2,weekend,0,0,0,0,0,0,0,0,0,0
8546,UK,60-64,Adult,White,2,weekend,1,0,0,0,0,0,0,0,0,1
8547,UK,60-64,Adult,White,Unknown,weekend,0,0,0,0,0,0,0,0,0,0
8548,UK,65-69,Adult,White,Retired,weekday,11,0,0,0,0,0,0,0,11,0
8549,UK,55-59,Adult,White,Unemployed,weekend,0,0,0,0,0,0,0,0,0,0
8550,UK,55-59,Adult,White,3,weekday,0,0,0,0,0,0,0,0,0,0
8551,UK,55-59,Adult,Asian,Unknown,weekday,0,0,0,0,0,0,0,0,0,0
8552,UK,65-69,Adult,White,Retired,weekday,110,0,0,0,0,0,0,0,50,60
8553,UK,60-64,Adult,White,2,weekend,0,0,0,0,0,0,0,0,0,0
8554,UK,70-74,Adult,White,Retired,weekend,0,0,0,0,0,0,0,0,0,0
8555,UK,60-64,Adult,White,2,weekday,0,0,0,0,0,0,0,0,0,0
8556,UK,70-74,Adult,White,Retired,weekday,3,0,0,0,0,0,0,1,1,1
8557,UK,65-69,Adult,White,Retired,weekend,0,0,0,0,0,0,0,0,0,0
8558,UK,70-74,Adult,White,Retired,weekend,0,0,0,0,0,0,0,0,0,0
8559,UK,65-69,Adult,White,Retired,weekday,0,0,0,0,0,0,0,0,0,0
8560,UK,70-74,Adult,White,Retired,weekday,0,0,0,0,0,0,0,0,0,0
8561,UK,65-69,Adult,White,6,weekday,0,0,0,0,0,0,0,0,0,0
8562,UK,75+,Adult,White,Retired,weekday,0,0,0,0,0,0,0,0,0,0
8563,UK,65-69,Adult,White,1,weekday,0,0,0,0,0,0,0,0,0,0
8564,UK,65-69,Adult,White,Retired,weekend,1,0,0,0,0,0,0,0,0,1
8565,UK,75+,Adult,White,Retired,weekday,1,0,0,0,0,0,0,0,0,1
8566,UK,70-74,Adult,White,Retired,weekday,0,0,0,0,0,0,0,0,0,0
8567,UK,65-69,Adult,White,Retired,weekday,0,0,0,0,0,0,0,0,0,0
8568,UK,65-69,Adult,White,Retired,weekend,0,0,0,0,0,0,0,0,0,0
8569,UK,65-69,Adult,White,1,weekday,0,0,0,0,0,0,0,0,0,0
8570,UK,75+,Adult,White,7,weekday,0,0,0,0,0,0,0,0,0,0
8571,UK,75+,Adult,White,Retired,weekday,0,0,0,0,0,0,0,0,0,0
8572,UK,65-69,Adult,White,2,weekend,0,0,0,0,0,0,0,0,0,0
8573,UK,35-39,Adult,White,4,weekday,0,0,0,0,0,0,0,0,0,0
8574,UK,40-44,Adult,White,Unemployed,weekday,0,0,0,0,0,0,0,0,0,0
8575,UK,60-64,Adult,White,Unemployed,weekday,0,0,0,0,0,0,0,0,0,0
8576,UK,60-64,Adult,White,Retired,weekday,1,0,0,0,0,0,0,0,0,1
8577,UK,35-39,Adult,White,3,weekday,0,0,0,0,0,0,0,0,0,0
8578,UK,60-64,Adult,White,6,weekday,0,0,0,0,0,0,0,0,0,0
8579,UK,45-49,Adult,White,4,weekday,4,0,0,0,0,0,0,0,4,0
8580,UK,50-54,Adult,Black,2,weekday,0,0,0,0,0,0,0,0,0,0
8581,UK,55-59,Adult,White,1,weekday,0,0,0,0,0,0,0,0,0,0
8582,UK,60-64,Adult,White,Unemployed,weekday,0,0,0,0,0,0,0,0,0,0
8583,UK,50-54,Adult,White,2,weekday,0,0,0,0,0,0,0,0,0,0
8584,UK,20-24,Adult,White,1,weekday,0,0,0,0,0,0,0,0,0,0
8585,UK,30-34,Adult,Asian,Unemployed,weekday,0,0,0,0,0,0,0,0,0,0
8586,UK,25-29,Adult,Mixed,2,weekday,2,0,0,0,0,0,0,1,1,0
8587,UK,40-44,Adult,White,5,weekday,12,0,0,0,0,0,0,12,0,0
8588,UK,25-29,Adult,White,2,weekday,0,0,0,0,0,0,0,0,0,0
8589,UK,25-29,Adult,Black,1,weekday,0,0,0,0,0,0,0,0,0,0
8590,UK,35-39,Adult,White,3,weekday,0,0,0,0,0,0,0,0,0,0
8591,UK,25-29,Adult,Black,1,weekday,0,0,0,0,0,0,0,0,0,0
8592,UK,30-34,Adult,Asian,2,weekday,0,0,0,0,0,0,0,0,0,0
8593,UK,55-59,Adult,White,1,weekday,0,0,0,0,0,0,0,0,0,0
8594,UK,25-29,Adult,White,Unemployed,weekday,2,0,0,0,0,0,0,0,2,0
8595,UK,50-54,Adult,White,Unemployed,weekday,0,0,0,0,0,0,0,0,0,0
8596,UK,60-64,Adult,White,6,weekday,10,0,0,0,0,0,0,0,10,0
8597,UK,60-64,Adult,White,Retired,weekday,0,0,0,0,0,0,0,0,0,0
8598,UK,25-29,Adult,White,6,weekday,0,0,0,0,0,0,0,0,0,0
8599,UK,55-59,Adult,White,Retired,weekday,1,0,0,0,0,0,0,0,1,0
8600,UK,25-29,Adult,White,1,weekday,0,0,0,0,0,0,0,0,0,0
8601,UK,20-24,Adult,White,7,weekday,2,0,0,0,0,0,0,0,2,0
8602,UK,50-54,Adult,White,3,weekday,3,0,0,0,0,0,0,1,1,1
8603,UK,50-54,Adult,Mixed,4,weekday,0,0,0,0,0,0,0,0,0,0
8604,UK,30-34,Adult,White,3,weekday,0,0,0,0,0,0,0,0,0,0
8605,UK,35-39,Adult,White,7,weekday,0,0,0,0,0,0,0,0,0,0
8606,UK,60-64,Adult,White,7,weekday,0,0,0,0,0,0,0,0,0,0
8607,UK,40-44,Adult,White,1,weekday,0,0,0,0,0,0,0,0,0,0
8608,UK,30-34,Adult,Mixed,7,weekday,0,0,0,0,0,0,0,0,0,0
8609,UK,30-34,Adult,Asian,1,weekday,0,0,0,0,0,0,0,0,0,0
8610,UK,65-69,Adult,White,2,weekday,48,0,0,24,0,0,0,0,0,24
8611,UK,15-19,Adult,White,6,weekday,8,0,0,0,0,0,0,5,3,0
8612,UK,55-59,Adult,White,Retired,weekday,0,0,0,0,0,0,0,0,0,0
8613,UK,40-44,Adult,White,Unemployed,weekday,0,0,0,0,0,0,0,0,0,0
8614,UK,40-44,Adult,White,Unknown,weekday,0,0,0,0,0,0,0,0,0,0
8615,UK,45-49,Adult,White,7,weekday,3,0,0,0,0,0,0,0,3,0
8616,UK,70-74,Adult,White,Retired,weekday,0,0,0,0,0,0,0,0,0,0
8617,UK,30-34,Adult,White,Unknown,weekday,0,0,0,0,0,0,0,0,0,0
8618,UK,60-64,Adult,White,5,weekday,0,0,0,0,0,0,0,0,0,0
8619,UK,40-44,Adult,Asian,1,weekday,4,0,0,0,0,0,0,2,2,0
8620,UK,40-44,Adult,White,1,weekday,1,0,0,0,0,0,0,1,0,0
8621,UK,55-59,Adult,White,3,weekday,0,0,0,0,0,0,0,0,0,0
8622,UK,55-59,Adult,White,1,weekend,0,0,0,0,0,0,0,0,0,0
8623,UK,25-29,Adult,Black,1,weekday,3,0,0,0,0,0,0,1,2,0
8624,UK,35-39,Adult,White,1,weekday,6,0,0,0,0,0,0,4,2,0
8625,UK,50-54,Adult,White,7,weekday,0,0,0,0,0,0,0,0,0,0
8626,UK,25-29,Adult,Asian,3,weekday,0,0,0,0,0,0,0,0,0,0
8627,UK,50-54,Adult,Black,2,weekday,0,0,0,0,0,0,0,0,0,0
8628,UK,75+,Adult,Black,Retired,weekday,8,0,0,0,0,0,0,1,3,4
8629,UK,30-34,Adult,White,7,weekday,12,0,0,0,0,0,0,2,10,0
8630,UK,45-49,Adult,White,4,weekday,0,0,0,0,0,0,0,0,0,0
8631,UK,40-44,Adult,Asian,4,weekday,0,0,0,0,0,0,0,0,0,0
8632,UK,75+,Adult,White,Retired,weekday,1,0,0,0,0,0,0,0,1,0
8633,UK,50-54,Adult,White,2,weekday,0,0,0,0,0,0,0,0,0,0
8634,UK,25-29,Adult,White,2,weekend,0,0,0,0,0,0,0,0,0,0
8635,UK,30-34,Adult,White,1,weekday,0,0,0,0,0,0,0,0,0,0
8636,UK,40-44,Adult,White,3,weekday,0,0,0,0,0,0,0,0,0,0
8637,UK,25-29,Adult,Black,3,weekday,6,0,0,0,0,0,0,2,4,0
8638,UK,30-34,Adult,White,1,weekday,5,0,0,0,0,0,0,2,3,0
8639,UK,50-54,Adult,White,1,weekday,0,0,0,0,0,0,0,0,0,0
8640,UK,20-24,Adult,Other,2,weekday,0,0,0,0,0,0,0,0,0,0
8641,UK,40-44,Adult,Black,1,weekday,0,0,0,0,0,0,0,0,0,0
8642,UK,40-44,Adult,White,1,weekday,0,0,0,0,0,0,0,0,0,0
8643,UK,30-34,Adult,White,1,weekday,0,0,0,0,0,0,0,0,0,0
8644,UK,40-44,Adult,White,2,weekday,0,0,0,0,0,0,0,0,0,0
8645,UK,25-29,Adult,White,Unemployed,weekday,0,0,0,0,0,0,0,0,0,0
8646,UK,50-54,Adult,White,Unemployed,weekday,0,0,0,0,0,0,0,0,0,0
8647,UK,30-34,Adult,Black,2,weekday,0,0,0,0,0,0,0,0,0,0
8648,UK,65-69,Adult,White,Retired,weekday,1,0,0,0,0,0,0,0,1,0
8649,UK,55-59,Adult,White,3,weekend,3,0,0,0,0,0,0,0,3,0
8650,UK,55-59,Adult,White,7,weekday,1,0,0,0,0,0,0,0,1,0
8651,UK,50-54,Adult,Asian,1,weekday,0,0,0,0,0,0,0,0,0,0
8652,UK,35-39,Adult,White,Unemployed,weekday,0,0,0,0,0,0,0,0,0,0
8653,UK,65-69,Adult,White,Retired,weekday,0,0,0,0,0,0,0,0,0,0
8654,UK,55-59,Adult,White,2,weekday,0,0,0,0,0,0,0,0,0,0
8655,UK,35-39,Adult,Black,1,weekday,37,5,10,8,0,0,0,3,6,5
8656,UK,25-29,Adult,White,1,weekday,0,0,0,0,0,0,0,0,0,0
8657,UK,65-69,Adult,White,Retired,weekday,0,0,0,0,0,0,0,0,0,0
8658,UK,35-39,Adult,Asian,Student,weekday,0,0,0,0,0,0,0,0,0,0
8659,UK,25-29,Adult,White,2,weekday,0,0,0,0,0,0,0,0,0,0
8660,UK,25-29,Adult,White,Unemployed,weekend,0,0,0,0,0,0,0,0,0,0
8661,UK,55-59,Adult,White,2,weekday,5,0,0,0,0,0,0,5,0,0
8662,UK,55-59,Adult,Black,6,weekday,0,0,0,0,0,0,0,0,0,0
8663,UK,20-24,Adult,Asian,3,weekday,0,0,0,0,0,0,0,0,0,0
8664,UK,35-39,Adult,Asian,Unemployed,weekday,1,0,0,0,0,0,0,1,0,0
8665,UK,35-39,Adult,White,2,weekday,2,0,0,0,0,0,0,1,1,0
8666,UK,25-29,Adult,Asian,5,weekday,4,0,0,0,0,0,0,0,4,0
8667,UK,60-64,Adult,White,7,weekday,0,0,0,0,0,0,0,0,0,0
8668,UK,55-59,Adult,White,4,weekday,0,0,0,0,0,0,0,0,0,0
8669,UK,40-44,Adult,Black,Unemployed,weekday,0,0,0,0,0,0,0,0,0,0
8670,UK,30-34,Adult,Black,3,weekday,0,0,0,0,0,0,0,0,0,0
8671,UK,15-19,Adult,Asian,Student,weekday,36,0,0,0,0,20,0,0,16,0
8672,UK,30-34,Adult,White,Unemployed,weekday,0,0,0,0,0,0,0,0,0,0
8673,UK,35-39,Adult,White,6,weekday,0,0,0,0,0,0,0,0,0,0
8674,UK,40-44,Adult,Asian,3,weekday,0,0,0,0,0,0,0,0,0,0
8675,UK,50-54,Adult,White,Unemployed,weekday,0,0,0,0,0,0,0,0,0,0
8676,UK,30-34,Adult,Black,2,weekday,0,0,0,0,0,0,0,0,0,0
8677,UK,55-59,Adult,White,7,weekday,25,0,0,0,0,0,0,0,20,5
8678,UK,30-34,Adult,White,2,weekday,0,0,0,0,0,0,0,0,0,0
8679,UK,40-44,Adult,White,Unemployed,weekday,0,0,0,0,0,0,0,0,0,0
8680,UK,65-69,Adult,White,Retired,weekend,0,0,0,0,0,0,0,0,0,0
8681,UK,25-29,Adult,White,7,weekday,0,0,0,0,0,0,0,0,0,0
8682,UK,40-44,Adult,White,6,weekday,0,0,0,0,0,0,0,0,0,0
8683,UK,35-39,Adult,White,2,weekday,0,0,0,0,0,0,0,0,0,0
8684,UK,40-44,Adult,White,6,weekday,0,0,0,0,0,0,0,0,0,0
8685,UK,35-39,Adult,White,1,weekday,0,0,0,0,0,0,0,0,0,0
8686,UK,20-24,Adult,Asian,2,weekday,4,0,0,0,0,0,0,1,3,0
8687,UK,30-34,Adult,White,Unknown,weekday,0,0,0,0,0,0,0,0,0,0
8688,UK,35-39,Adult,Asian,Unemployed,weekday,2,0,0,0,0,0,0,1,1,0
8689,UK,20-24,Adult,White,7,weekday,0,0,0,0,0,0,0,0,0,0
8690,UK,25-29,Adult,White,1,weekday,0,0,0,0,0,0,0,0,0,0
8691,UK,25-29,Adult,White,2,weekday,0,0,0,0,0,0,0,0,0,0
8692,UK,35-39,Adult,White,3,weekday,0,0,0,0,0,0,0,0,0,0
8693,UK,30-34,Adult,White,1,weekday,3,0,0,0,0,0,0,0,3,0
8694,UK,30-34,Adult,Asian,2,weekday,0,0,0,0,0,0,0,0,0,0
8695,UK,40-44,Adult,White,7,weekday,0,0,0,0,0,0,0,0,0,0
8696,UK,35-39,Adult,White,3,weekend,0,0,0,0,0,0,0,0,0,0
8697,UK,30-34,Adult,White,1,weekday,0,0,0,0,0,0,0,0,0,0
8698,UK,35-39,Adult,White,Unemployed,weekday,4,0,0,0,0,0,0,3,1,0
8699,UK,20-24,Adult,Asian,2,weekday,0,0,0,0,0,0,0,0,0,0
8700,UK,45-49,Adult,White,Unemployed,weekday,0,0,0,0,0,0,0,0,0,0
8701,UK,20-24,Adult,White,3,weekday,0,0,0,0,0,0,0,0,0,0
8702,UK,25-29,Adult,White,3,weekday,0,0,0,0,0,0,0,0,0,0
8703,UK,20-24,Adult,Asian,4,weekday,0,0,0,0,0,0,0,0,0,0
8704,UK,20-24,Adult,White,2,weekend,6,0,0,0,0,0,0,1,3,2
8705,UK,45-49,Adult,White,1,weekday,1,0,0,0,0,0,0,0,1,0
8706,UK,25-29,Adult,White,2,weekday,0,0,0,0,0,0,0,0,0,0
8707,UK,50-54,Adult,White,1,weekday,0,0,0,0,0,0,0,0,0,0
8708,UK,35-39,Adult,White,Unemployed,weekday,0,0,0,0,0,0,0,0,0,0
8709,UK,15-19,Adult,White,Student,weekday,0,0,0,0,0,0,0,0,0,0
8710,UK,20-24,Adult,Asian,Student,weekday,0,0,0,0,0,0,0,0,0,0
8711,UK,60-64,Adult,Other,1,weekday,0,0,0,0,0,0,0,0,0,0
8712,UK,25-29,Adult,Mixed,3,weekend,3,0,0,0,0,0,0,2,1,0
8713,UK,25-29,Adult,White,4,weekday,0,0,0,0,0,0,0,0,0,0
8714,UK,55-59,Adult,Asian,3,weekday,0,0,0,0,0,0,0,0,0,0
8715,UK,25-29,Adult,White,4,weekday,0,0,0,0,0,0,0,0,0,0
8716,UK,40-44,Adult,White,Unemployed,weekday,0,0,0,0,0,0,0,0,0,0
8717,UK,40-44,Adult,White,3,weekday,0,0,0,0,0,0,0,0,0,0
8718,UK,20-24,Adult,White,Unknown,weekday,0,0,0,0,0,0,0,0,0,0
8719,UK,25-29,Adult,White,3,weekday,0,0,0,0,0,0,0,0,0,0
8720,UK,25-29,Adult,Asian,1,weekday,0,0,0,0,0,0,0,0,0,0
8721,UK,30-34,Adult,White,6,weekday,0,0,0,0,0,0,0,0,0,0
8722,UK,20-24,Adult,Asian,3,weekday,0,0,0,0,0,0,0,0,0,0
8723,UK,45-49,Adult,White,3,weekday,16,0,0,0,0,0,0,4,11,1
8724,UK,25-29,Adult,Mixed,1,weekday,3,0,0,0,0,0,0,1,1,1
8725,UK,55-59,Adult,White,Unemployed,weekday,1,0,0,0,0,0,0,0,1,0
8726,UK,40-44,Adult,White,Unknown,weekday,2,0,0,0,0,0,0,0,2,0
8727,UK,65-69,Adult,White,Unemployed,weekday,0,0,0,0,0,0,0,0,0,0
8728,UK,20-24,Adult,Black,6,weekday,0,0,0,0,0,0,0,0,0,0
8729,UK,30-34,Adult,White,2,weekday,8,0,0,0,0,0,0,0,8,0
8730,UK,40-44,Adult,White,1,weekday,3,0,0,0,0,0,0,1,2,0
8731,UK,30-34,Adult,Black,6,weekday,0,0,0,0,0,0,0,0,0,0
8732,UK,30-34,Adult,White,Unemployed,weekday,0,0,0,0,0,0,0,0,0,0
8733,UK,40-44,Adult,White,1,weekday,6,0,0,0,0,0,0,0,6,0
8734,UK,45-49,Adult,White,2,weekday,0,0,0,0,0,0,0,0,0,0
8735,UK,25-29,Adult,White,1,weekday,0,0,0,0,0,0,0,0,0,0
8736,UK,15-19,Adult,Black,6,weekday,5,0,0,0,0,0,0,0,5,0
8737,UK,15-19,Adult,Black,7,weekday,0,0,0,0,0,0,0,0,0,0
8738,UK,30-34,Adult,Black,5,weekday,0,0,0,0,0,0,0,0,0,0
8739,UK,50-54,Adult,White,1,weekday,0,0,0,0,0,0,0,0,0,0
8740,UK,30-34,Adult,Black,1,weekday,0,0,0,0,0,0,0,0,0,0
8741,UK,30-34,Adult,White,4,weekday,0,0,0,0,0,0,0,0,0,0
8742,UK,70-74,Adult,White,Retired,weekday,0,0,0,0,0,0,0,0,0,0
8743,UK,40-44,Adult,White,1,weekend,0,0,0,0,0,0,0,0,0,0
8744,UK,70-74,Adult,White,Retired,weekday,0,0,0,0,0,0,0,0,0,0
8745,UK,25-29,Adult,White,3,weekday,0,0,0,0,0,0,0,0,0,0
8746,UK,25-29,Adult,White,4,weekday,3,0,0,0,0,0,0,2,1,0
8747,UK,65-69,Adult,White,Retired,weekday,1,0,0,0,0,0,0,0,0,1
8748,UK,40-44,Adult,White,2,weekday,0,0,0,0,0,0,0,0,0,0
8749,UK,20-24,Adult,White,Unemployed,weekday,1,0,0,0,0,0,0,0,1,0
8750,UK,50-54,Adult,White,Retired,weekend,0,0,0,0,0,0,0,0,0,0
8751,UK,30-34,Adult,White,Unemployed,weekday,0,0,0,0,0,0,0,0,0,0
8752,UK,35-39,Adult,White,3,weekday,1,0,0,0,0,0,0,0,1,0
8753,UK,30-34,Adult,Mixed,3,weekday,0,0,0,0,0,0,0,0,0,0
8754,UK,25-29,Adult,White,1,weekday,0,0,0,0,0,0,0,0,0,0
8755,UK,25-29,Adult,White,2,weekday,0,0,0,0,0,0,0,0,0,0
8756,UK,25-29,Adult,White,3,weekday,20,0,0,0,0,0,0,0,20,0
8757,UK,35-39,Adult,White,Unemployed,weekday,0,0,0,0,0,0,0,0,0,0
8758,UK,60-64,Adult,White,Retired,weekend,0,0,0,0,0,0,0,0,0,0
8759,UK,25-29,Adult,White,1,weekday,12,0,0,0,0,0,0,0,12,0
8760,UK,55-59,Adult,White,5,weekday,0,0,0,0,0,0,0,0,0,0
8761,UK,25-29,Adult,Black,1,weekday,0,0,0,0,0,0,0,0,0,0
8762,UK,30-34,Adult,Black,Unemployed,weekday,3,0,0,0,0,0,0,0,2,1
8763,UK,50-54,Adult,Asian,6,weekday,1,0,0,0,0,0,0,0,1,0
8764,UK,40-44,Adult,White,2,weekday,2,0,2,0,0,0,0,0,0,0
8765,UK,55-59,Adult,White,Unemployed,weekday,0,0,0,0,0,0,0,0,0,0
8766,UK,25-29,Adult,Mixed,2,weekday,0,0,0,0,0,0,0,0,0,0
8767,UK,35-39,Adult,White,Unemployed,weekday,0,0,0,0,0,0,0,0,0,0
8768,UK,65-69,Adult,White,Retired,weekday,0,0,0,0,0,0,0,0,0,0
8769,UK,20-24,Adult,White,1,weekday,2,0,0,0,0,0,0,0,2,0
8770,UK,35-39,Adult,White,1,weekday,0,0,0,0,0,0,0,0,0,0
8771,UK,45-49,Adult,White,2,weekend,1,0,0,0,0,0,0,1,0,0
8772,UK,35-39,Adult,White,6,weekday,2,0,0,0,0,0,0,2,0,0
8773,UK,55-59,Adult,White,Unemployed,weekday,0,0,0,0,0,0,0,0,0,0
8774,UK,35-39,Adult,White,3,weekday,15,0,0,0,0,0,0,0,10,5
8775,UK,60-64,Adult,White,Retired,weekday,0,0,0,0,0,0,0,0,0,0
8776,UK,60-64,Adult,White,2,weekday,2,0,0,0,0,0,0,0,2,0
8777,UK,50-54,Adult,White,Unemployed,weekday,0,0,0,0,0,0,0,0,0,0
8778,UK,65-69,Adult,White,Retired,weekday,0,0,0,0,0,0,0,0,0,0
8779,UK,35-39,Adult,White,2,weekday,0,0,0,0,0,0,0,0,0,0
8780,UK,40-44,Adult,Mixed,Unemployed,weekday,0,0,0,0,0,0,0,0,0,0
8781,UK,50-54,Adult,White,1,weekday,0,0,0,0,0,0,0,0,0,0
8782,UK,15-19,Adult,White,3,weekday,3,0,0,0,0,0,0,1,2,0
8783,UK,50-54,Adult,White,2,weekday,0,0,0,0,0,0,0,0,0,0
8784,UK,50-54,Adult,White,Unemployed,weekday,0,0,0,0,0,0,0,0,0,0
8785,UK,50-54,Adult,White,6,weekday,0,0,0,0,0,0,0,0,0,0
8786,UK,45-49,Adult,White,2,weekday,5,0,0,0,0,0,0,0,3,2
8787,UK,45-49,Adult,White,1,weekend,2,0,0,0,0,0,0,1,1,0
8788,UK,30-34,Adult,Other,1,weekday,30,0,0,0,0,0,0,0,30,0
8789,UK,50-54,Adult,White,2,weekday,0,0,0,0,0,0,0,0,0,0
8790,UK,50-54,Adult,White,Unemployed,weekday,0,0,0,0,0,0,0,0,0,0
8791,UK,50-54,Adult,White,2,weekday,1,0,0,0,0,0,0,1,0,0
8792,UK,65-69,Adult,White,Retired,weekday,0,0,0,0,0,0,0,0,0,0
8793,UK,60-64,Adult,White,1,weekday,0,0,0,0,0,0,0,0,0,0
8794,UK,60-64,Adult,White,Retired,weekday,0,0,0,0,0,0,0,0,0,0
8795,UK,50-54,Adult,Asian,1,weekday,0,0,0,0,0,0,0,0,0,0
8796,UK,20-24,Adult,White,3,weekday,12,0,0,0,0,0,0,0,12,0
8797,UK,20-24,Adult,White,2,weekday,0,0,0,0,0,0,0,0,0,0
8798,UK,70-74,Adult,White,1,weekday,0,0,0,0,0,0,0,0,0,0
8799,UK,40-44,Adult,White,7,weekday,1,0,0,0,0,0,0,0,1,0
8800,UK,45-49,Adult,White,2,weekday,0,0,0,0,0,0,0,0,0,0
8801,UK,65-69,Adult,White,Retired,weekday,0,0,0,0,0,0,0,0,0,0
8802,UK,50-54,Adult,White,2,weekday,0,0,0,0,0,0,0,0,0,0
8803,UK,20-24,Adult,White,6,weekday,0,0,0,0,0,0,0,0,0,0
8804,UK,20-24,Adult,White,4,weekend,1,0,0,0,0,0,0,0,1,0
8805,UK,45-49,Adult,Black,2,weekday,0,0,0,0,0,0,0,0,0,0
8806,UK,45-49,Adult,White,6,weekday,0,0,0,0,0,0,0,0,0,0
8807,UK,65-69,Adult,White,2,weekday,0,0,0,0,0,0,0,0,0,0
8808,UK,25-29,Adult,Asian,6,weekday,5,0,0,0,0,0,0,0,5,0
8809,UK,20-24,Adult,Black,2,weekday,2,0,0,0,0,0,0,1,1,0
8810,UK,25-29,Adult,White,3,weekend,0,0,0,0,0,0,0,0,0,0
8811,UK,50-54,Adult,White,2,weekday,0,0,0,0,0,0,0,0,0,0
8812,UK,50-54,Adult,White,Unknown,weekday,1,0,0,0,0,0,0,0,1,0
8813,UK,20-24,Adult,White,6,weekend,2,0,0,0,0,2,0,0,0,0
8814,UK,55-59,Adult,White,1,weekday,0,0,0,0,0,0,0,0,0,0
8815,UK,75+,Adult,White,Retired,weekday,10,0,0,0,0,0,0,10,0,0
8816,UK,75+,Adult,White,Unknown,weekday,0,0,0,0,0,0,0,0,0,0
8817,UK,25-29,Adult,Asian,2,weekday,0,0,0,0,0,0,0,0,0,0
8818,UK,40-44,Adult,White,2,weekday,0,0,0,0,0,0,0,0,0,0
8819,UK,55-59,Adult,White,Unemployed,weekday,0,0,0,0,0,0,0,0,0,0
8820,UK,45-49,Adult,White,Unemployed,weekday,1,0,0,0,0,0,0,0,1,0
8821,UK,70-74,Adult,White,Retired,weekend,0,0,0,0,0,0,0,0,0,0
8822,UK,45-49,Adult,White,Unemployed,weekday,2,0,0,0,0,0,0,0,1,1
8823,UK,50-54,Adult,White,2,weekday,0,0,0,0,0,0,0,0,0,0
8824,UK,60-64,Adult,White,2,weekday,0,0,0,0,0,0,0,0,0,0
8825,UK,45-49,Adult,White,4,weekday,2,0,0,0,0,0,0,2,0,0
8826,UK,65-69,Adult,White,Retired,weekday,0,0,0,0,0,0,0,0,0,0
8827,UK,20-24,Adult,Mixed,6,weekday,0,0,0,0,0,0,0,0,0,0
8828,UK,20-24,Adult,Black,1,weekday,11,0,0,0,0,0,0,4,7,0
8829,UK,60-64,Adult,White,4,weekday,0,0,0,0,0,0,0,0,0,0
8830,UK,55-59,Adult,Asian,3,weekday,0,0,0,0,0,0,0,0,0,0
8831,UK,45-49,Adult,White,1,weekday,0,0,0,0,0,0,0,0,0,0
8832,UK,75+,Adult,White,Retired,weekday,0,0,0,0,0,0,0,0,0,0
8833,UK,65-69,Adult,White,Unknown,weekday,0,0,0,0,0,0,0,0,0,0
8834,UK,45-49,Adult,White,1,weekday,0,0,0,0,0,0,0,0,0,0
8835,UK,55-59,Adult,White,Retired,weekday,0,0,0,0,0,0,0,0,0,0
8836,UK,40-44,Adult,White,3,weekday,0,0,0,0,0,0,0,0,0,0
8837,UK,60-64,Adult,White,Unknown,weekday,0,0,0,0,0,0,0,0,0,0
8838,UK,55-59,Adult,White,7,weekday,10,0,0,0,0,0,0,1,2,7
8839,UK,65-69,Adult,White,Retired,weekday,0,0,0,0,0,0,0,0,0,0
8840,UK,35-39,Adult,Mixed,1,weekday,9,0,0,0,0,0,0,4,5,0
8841,UK,20-24,Adult,Asian,7,weekday,0,0,0,0,0,0,0,0,0,0
8842,UK,60-64,Adult,White,Retired,weekday,1,0,0,0,0,0,0,0,1,0
8843,UK,45-49,Adult,White,5,weekday,0,0,0,0,0,0,0,0,0,0
8844,UK,50-54,Adult,White,4,weekday,0,0,0,0,0,0,0,0,0,0
8845,UK,60-64,Adult,White,Unemployed,weekday,0,0,0,0,0,0,0,0,0,0
8846,UK,60-64,Adult,White,2,weekday,0,0,0,0,0,0,0,0,0,0
8847,UK,60-64,Adult,White,3,weekday,15,0,0,0,0,0,0,0,12,3
8848,UK,45-49,Adult,White,1,weekday,0,0,0,0,0,0,0,0,0,0
8849,UK,65-69,Adult,White,4,weekday,20,0,0,0,0,0,0,5,10,5
8850,UK,45-49,Adult,White,Unknown,weekday,0,0,0,0,0,0,0,0,0,0
8851,UK,45-49,Adult,White,Unemployed,weekday,0,0,0,0,0,0,0,0,0,0
8852,UK,55-59,Adult,White,2,weekday,0,0,0,0,0,0,0,0,0,0
8853,UK,50-54,Adult,White,3,weekday,0,0,0,0,0,0,0,0,0,0
8854,UK,45-49,Adult,White,2,weekday,0,0,0,0,0,0,0,0,0,0
8855,UK,45-49,Adult,White,1,weekday,3,0,0,0,0,0,0,2,1,0
8856,UK,65-69,Adult,White,Retired,weekday,1,0,0,0,0,0,0,0,1,0
8857,UK,50-54,Adult,White,4,weekday,0,0,0,0,0,0,0,0,0,0
8858,UK,45-49,Adult,White,1,weekday,0,0,0,0,0,0,0,0,0,0
8859,UK,45-49,Adult,White,Unemployed,weekend,0,0,0,0,0,0,0,0,0,0
8860,UK,45-49,Adult,White,2,weekday,0,0,0,0,0,0,0,0,0,0
8861,UK,50-54,Adult,Black,7,weekday,0,0,0,0,0,0,0,0,0,0
8862,UK,45-49,Adult,White,2,weekday,0,0,0,0,0,0,0,0,0,0
8863,UK,55-59,Adult,White,2,weekend,0,0,0,0,0,0,0,0,0,0
8864,UK,50-54,Adult,White,Unemployed,weekday,10,0,0,0,0,0,0,0,8,2
8865,UK,50-54,Adult,White,7,weekday,0,0,0,0,0,0,0,0,0,0
8866,UK,50-54,Adult,White,2,weekday,0,0,0,0,0,0,0,0,0,0
8867,UK,70-74,Adult,White,Retired,weekday,3,0,0,0,0,0,0,1,1,1
8868,UK,60-64,Adult,White,2,weekday,0,0,0,0,0,0,0,0,0,0
8869,UK,60-64,Adult,White,6,weekday,0,0,0,0,0,0,0,0,0,0
8870,UK,70-74,Adult,White,Retired,weekday,20,0,0,0,0,0,0,2,15,3
8871,UK,75+,Adult,White,Retired,weekday,0,0,0,0,0,0,0,0,0,0
8872,UK,50-54,Adult,White,2,weekday,0,0,0,0,0,0,0,0,0,0
8873,UK,55-59,Adult,White,7,weekday,0,0,0,0,0,0,0,0,0,0
8874,UK,70-74,Adult,White,Retired,weekday,0,0,0,0,0,0,0,0,0,0
8875,UK,55-59,Adult,White,Retired,weekday,1,0,0,0,0,0,0,1,0,0
8876,UK,60-64,Adult,White,Retired,weekday,0,0,0,0,0,0,0,0,0,0
8877,UK,75+,Adult,White,Retired,weekday,0,0,0,0,0,0,0,0,0,0
8878,UK,70-74,Adult,White,Retired,weekday,0,0,0,0,0,0,0,0,0,0
8879,UK,60-64,Adult,White,Retired,weekday,0,0,0,0,0,0,0,0,0,0
8880,UK,65-69,Adult,White,Retired,weekday,2,0,0,0,0,0,0,0,0,2
8881,UK,60-64,Adult,White,Retired,weekday,0,0,0,0,0,0,0,0,0,0
8882,UK,70-74,Adult,White,2,weekday,2,0,0,0,0,0,0,0,2,0
8883,UK,65-69,Adult,White,Retired,weekday,0,0,0,0,0,0,0,0,0,0
8884,UK,65-69,Adult,White,Retired,weekend,0,0,0,0,0,0,0,0,0,0
8885,UK,65-69,Adult,White,Retired,weekday,4,0,0,0,0,0,0,0,4,0
8886,UK,65-69,Adult,White,Retired,weekday,0,0,0,0,0,0,0,0,0,0
8887,UK,70-74,Adult,White,Retired,weekday,0,0,0,0,0,0,0,0,0,0
8888,UK,75+,Adult,White,Retired,weekday,11,0,0,0,0,0,0,0,1,10
8889,UK,70-74,Adult,White,Retired,weekday,0,0,0,0,0,0,0,0,0,0
8890,UK,65-69,Adult,White,Unemployed,weekday,0,0,0,0,0,0,0,0,0,0
8891,UK,65-69,Adult,White,Retired,weekday,0,0,0,0,0,0,0,0,0,0
8892,UK,70-74,Adult,White,3,weekday,0,0,0,0,0,0,0,0,0,0
8893,UK,65-69,Adult,White,Retired,weekday,0,0,0,0,0,0,0,0,0,0
8894,UK,70-74,Adult,White,Retired,weekday,0,0,0,0,0,0,0,0,0,0
8895,UK,70-74,Adult,White,Retired,weekend,1,0,0,0,0,0,0,1,0,0
8896,UK,70-74,Adult,Asian,Retired,weekday,0,0,0,0,0,0,0,0,0,0
8897,UK,75+,Adult,White,Retired,weekday,1,0,0,0,0,0,0,0,1,0
8898,UK,65-69,Adult,White,Retired,weekday,2,0,0,0,0,0,0,0,2,0
8899,UK,75+,Adult,White,Retired,weekday,0,0,0,0,0,0,0,0,0,0
8900,UK,65-69,Adult,White,3,weekday,0,0,0,0,0,0,0,0,0,0
8901,UK,65-69,Adult,White,Retired,weekday,0,0,0,0,0,0,0,0,0,0
8902,UK,70-74,Adult,White,Retired,weekday,0,0,0,0,0,0,0,0,0,0
8903,UK,65-69,Adult,White,Retired,weekday,0,0,0,0,0,0,0,0,0,0
8904,UK,65-69,Adult,White,Retired,weekday,0,0,0,0,0,0,0,0,0,0
8905,UK,75+,Adult,White,Retired,weekday,0,0,0,0,0,0,0,0,0,0
8906,UK,60-64,Adult,White,3,weekday,0,0,0,0,0,0,0,0,0,0
8907,UK,40-44,Adult,White,3,weekend,1,0,0,0,0,0,0,1,0,0
8908,UK,60-64,Adult,White,2,weekday,0,0,0,0,0,0,0,0,0,0
8909,UK,35-39,Adult,White,Unemployed,weekday,0,0,0,0,0,0,0,0,0,0
8910,UK,60-64,Adult,White,3,weekday,0,0,0,0,0,0,0,0,0,0
8911,UK,60-64,Adult,White,7,weekday,3,0,0,0,0,0,0,1,1,1
8912,UK,30-34,Adult,White,1,weekday,0,0,0,0,0,0,0,0,0,0
8913,UK,75+,Adult,White,Retired,weekday,0,0,0,0,0,0,0,0,0,0
8914,UK,40-44,Adult,White,1,weekday,13,0,0,0,0,0,0,2,10,1
8915,UK,35-39,Adult,Asian,2,weekday,0,0,0,0,0,0,0,0,0,0
8916,UK,50-54,Adult,White,1,weekend,0,0,0,0,0,0,0,0,0,0
8917,UK,65-69,Adult,White,Retired,weekday,0,0,0,0,0,0,0,0,0,0
8918,UK,70-74,Adult,White,Retired,weekday,0,0,0,0,0,0,0,0,0,0
8919,UK,30-34,Adult,White,3,weekday,0,0,0,0,0,0,0,0,0,0
8920,UK,40-44,Adult,White,7,weekend,25,0,0,0,0,0,0,0,25,0
8921,UK,30-34,Adult,White,3,weekday,0,0,0,0,0,0,0,0,0,0
8922,UK,70-74,Adult,White,2,weekend,42,0,0,0,0,0,0,12,20,10
8923,UK,25-29,Adult,White,2,weekday,1,0,0,0,0,0,0,0,1,0
8924,UK,75+,Adult,White,Retired,weekday,10,0,0,0,0,0,0,0,0,10
8925,UK,35-39,Adult,Asian,1,weekday,2,0,0,0,0,0,0,1,1,0
8926,UK,30-34,Adult,Asian,3,weekend,1,0,0,0,0,0,0,0,1,0
8927,UK,25-29,Adult,White,3,weekend,0,0,0,0,0,0,0,0,0,0
8928,UK,40-44,Adult,White,2,weekday,106,0,0,0,0,0,0,1,100,5
8929,UK,60-64,Adult,White,4,weekday,50,0,0,0,0,0,0,20,20,10
8930,UK,50-54,Adult,White,2,weekday,0,0,0,0,0,0,0,0,0,0
8931,UK,35-39,Adult,White,2,weekday,0,0,0,0,0,0,0,0,0,0
8932,UK,45-49,Adult,Asian,3,weekend,0,0,0,0,0,0,0,0,0,0
8933,UK,35-39,Adult,Asian,2,weekday,0,0,0,0,0,0,0,0,0,0
8934,UK,60-64,Adult,White,Retired,weekend,0,0,0,0,0,0,0,0,0,0
8935,UK,50-54,Adult,White,Unemployed,weekday,0,0,0,0,0,0,0,0,0,0
8936,UK,60-64,Adult,White,Unknown,weekend,0,0,0,0,0,0,0,0,0,0
8937,UK,40-44,Adult,White,6,weekday,0,0,0,0,0,0,0,0,0,0
8938,UK,20-24,Adult,White,2,weekend,0,0,0,0,0,0,0,0,0,0
8939,UK,40-44,Adult,White,1,weekday,0,0,0,0,0,0,0,0,0,0
8940,UK,65-69,Adult,White,Unknown,weekend,0,0,0,0,0,0,0,0,0,0
8941,UK,35-39,Adult,Black,6,weekday,75,0,0,0,0,0,0,0,0,75
8942,UK,40-44,Adult,White,5,weekday,0,0,0,0,0,0,0,0,0,0
8943,UK,35-39,Adult,White,3,weekday,0,0,0,0,0,0,0,0,0,0
8944,UK,40-44,Adult,White,4,weekday,6,0,0,0,0,0,0,2,2,2
8945,UK,50-54,Adult,White,Unemployed,weekend,0,0,0,0,0,0,0,0,0,0
8946,UK,30-34,Adult,Black,1,weekday,0,0,0,0,0,0,0,0,0,0
8947,UK,35-39,Adult,White,2,weekend,0,0,0,0,0,0,0,0,0,0
8948,UK,30-34,Adult,White,1,weekday,3,0,0,0,0,0,0,1,1,1
8949,UK,50-54,Adult,White,2,weekday,0,0,0,0,0,0,0,0,0,0
8950,UK,25-29,Adult,White,3,weekday,1,0,0,0,0,0,0,0,1,0
8951,UK,50-54,Adult,Asian,6,weekday,7,0,0,0,0,0,0,1,5,1
8952,UK,60-64,Adult,Mixed,Retired,weekend,0,0,0,0,0,0,0,0,0,0
8953,UK,20-24,Adult,White,3,weekday,10,0,0,0,0,0,0,0,10,0
8954,UK,25-29,Adult,White,3,weekday,10,0,0,0,0,0,0,0,10,0
8955,UK,35-39,Adult,Asian,3,weekday,0,0,0,0,0,0,0,0,0,0
8956,UK,30-34,Adult,Black,1,weekday,0,0,0,0,0,0,0,0,0,0
8957,UK,25-29,Adult,Black,Unknown,weekday,0,0,0,0,0,0,0,0,0,0
8958,UK,20-24,Adult,White,Student,weekend,0,0,0,0,0,0,0,0,0,0
8959,UK,35-39,Adult,White,2,weekend,0,0,0,0,0,0,0,0,0,0
8960,UK,65-69,Adult,White,1,weekday,0,0,0,0,0,0,0,0,0,0
8961,UK,20-24,Adult,White,Unemployed,weekend,0,0,0,0,0,0,0,0,0,0
8962,UK,30-34,Adult,White,Unemployed,weekend,0,0,0,0,0,0,0,0,0,0
8963,UK,40-44,Adult,White,1,weekend,4,0,0,0,0,0,0,2,2,0
8964,UK,30-34,Adult,White,7,weekday,2,0,0,0,0,0,0,0,2,0
8965,UK,65-69,Adult,Asian,Retired,weekday,0,0,0,0,0,0,0,0,0,0
8966,UK,30-34,Adult,White,3,weekday,0,0,0,0,0,0,0,0,0,0
8967,UK,35-39,Adult,White,3,weekday,4,0,0,0,0,0,0,2,2,0
8968,UK,35-39,Adult,White,4,weekday,0,0,0,0,0,0,0,0,0,0
8969,UK,40-44,Adult,Asian,3,weekend,0,0,0,0,0,0,0,0,0,0
8970,UK,25-29,Adult,White,5,weekday,0,0,0,0,0,0,0,0,0,0
8971,UK,35-39,Adult,Black,7,weekend,0,0,0,0,0,0,0,0,0,0
8972,UK,35-39,Adult,White,Unknown,weekday,0,0,0,0,0,0,0,0,0,0
8973,UK,35-39,Adult,Black,1,weekday,10,0,0,0,5,0,0,5,0,0
8974,UK,65-69,Adult,White,2,weekday,0,0,0,0,0,0,0,0,0,0
8975,UK,25-29,Adult,Mixed,6,weekday,2,0,0,0,0,0,0,0,2,0
8976,UK,40-44,Adult,White,1,weekday,2,0,0,0,0,0,0,0,2,0
8977,UK,35-39,Adult,Mixed,4,weekday,1,0,0,0,0,0,0,1,0,0
8978,UK,25-29,Adult,White,4,weekday,0,0,0,0,0,0,0,0,0,0
8979,UK,40-44,Adult,Black,1,weekday,6,0,0,0,0,0,0,2,4,0
8980,UK,30-34,Adult,White,1,weekend,0,0,0,0,0,0,0,0,0,0
8981,UK,50-54,Adult,White,3,weekday,2,0,0,0,0,0,0,1,1,0
8982,UK,40-44,Adult,White,2,weekday,0,0,0,0,0,0,0,0,0,0
8983,UK,50-54,Adult,White,3,weekday,0,0,0,0,0,0,0,0,0,0
8984,UK,35-39,Adult,White,2,weekend,0,0,0,0,0,0,0,0,0,0
8985,UK,35-39,Adult,White,2,weekday,0,0,0,0,0,0,0,0,0,0
8986,UK,30-34,Adult,White,Unemployed,weekday,0,0,0,0,0,0,0,0,0,0
8987,UK,40-44,Adult,White,2,weekday,0,0,0,0,0,0,0,0,0,0
8988,UK,45-49,Adult,White,2,weekend,0,0,0,0,0,0,0,0,0,0
8989,UK,20-24,Adult,Asian,3,weekday,0,0,0,0,0,0,0,0,0,0
8990,UK,25-29,Adult,White,Unemployed,weekend,0,0,0,0,0,0,0,0,0,0
8991,UK,65-69,Adult,White,Retired,weekend,0,0,0,0,0,0,0,0,0,0
8992,UK,40-44,Adult,White,2,weekday,0,0,0,0,0,0,0,0,0,0
8993,UK,35-39,Adult,White,7,weekend,0,0,0,0,0,0,0,0,0,0
8994,UK,20-24,Adult,Black,4,weekday,0,0,0,0,0,0,0,0,0,0
8995,UK,35-39,Adult,White,2,weekday,0,0,0,0,0,0,0,0,0,0
8996,UK,30-34,Adult,White,2,weekday,0,0,0,0,0,0,0,0,0,0
8997,UK,35-39,Adult,Mixed,2,weekday,0,0,0,0,0,0,0,0,0,0
8998,UK,30-34,Adult,Black,1,weekend,5,0,0,0,0,0,0,0,3,2
8999,UK,35-39,Adult,Asian,Unknown,weekday,44,0,40,0,0,0,0,0,4,0
9000,UK,20-24,Adult,White,1,weekday,1,0,0,0,0,0,0,0,1,0
9001,UK,20-24,Adult,Asian,4,weekday,3,0,0,0,0,0,0,0,3,0
9002,UK,25-29,Adult,White,3,weekday,0,0,0,0,0,0,0,0,0,0
9003,UK,35-39,Adult,White,Unemployed,weekday,1,0,0,0,0,0,0,0,1,0
9004,UK,50-54,Adult,White,2,weekday,8,0,0,0,0,0,0,0,3,5
9005,UK,65-69,Adult,White,2,weekend,0,0,0,0,0,0,0,0,0,0
9006,UK,35-39,Adult,White,Unemployed,weekday,2,0,0,0,0,0,0,1,1,0
9007,UK,40-44,Adult,White,1,weekday,0,0,0,0,0,0,0,0,0,0
9008,UK,35-39,Adult,White,4,weekday,2,0,0,0,0,0,0,0,2,0
9009,UK,30-34,Adult,White,2,weekend,0,0,0,0,0,0,0,0,0,0
9010,UK,35-39,Adult,White,2,weekday,0,0,0,0,0,0,0,0,0,0
9011,UK,40-44,Adult,Other,2,weekday,0,0,0,0,0,0,0,0,0,0
9012,UK,25-29,Adult,White,2,weekend,0,0,0,0,0,0,0,0,0,0
9013,UK,45-49,Adult,White,Unemployed,weekday,0,0,0,0,0,0,0,0,0,0
9014,UK,30-34,Adult,White,3,weekday,3,0,0,0,0,0,0,0,2,1
9015,UK,70-74,Adult,White,Retired,weekday,0,0,0,0,0,0,0,0,0,0
9016,UK,25-29,Adult,White,2,weekday,0,0,0,0,0,0,0,0,0,0
9017,UK,30-34,Adult,White,1,weekday,0,0,0,0,0,0,0,0,0,0
9018,UK,45-49,Adult,White,3,weekend,0,0,0,0,0,0,0,0,0,0
9019,UK,15-19,Adult,White,Student,weekday,2,0,0,0,0,0,0,0,2,0
9020,UK,35-39,Adult,White,6,weekend,0,0,0,0,0,0,0,0,0,0
9021,UK,55-59,Adult,White,1,weekend,0,0,0,0,0,0,0,0,0,0
9022,UK,25-29,Adult,White,Unemployed,weekday,6,0,0,0,0,0,0,2,3,1
9023,UK,30-34,Adult,White,2,weekday,0,0,0,0,0,0,0,0,0,0
9024,UK,50-54,Adult,White,Retired,weekday,0,0,0,0,0,0,0,0,0,0
9025,UK,65-69,Adult,White,Retired,weekend,0,0,0,0,0,0,0,0,0,0
9026,UK,45-49,Adult,White,1,weekend,0,0,0,0,0,0,0,0,0,0
9027,UK,60-64,Adult,White,2,weekend,0,0,0,0,0,0,0,0,0,0
9028,UK,30-34,Adult,White,Unemployed,weekend,0,0,0,0,0,0,0,0,0,0
9029,UK,60-64,Adult,White,6,weekday,0,0,0,0,0,0,0,0,0,0
9030,UK,70-74,Adult,White,Retired,weekday,0,0,0,0,0,0,0,0,0,0
9031,UK,65-69,Adult,White,Retired,weekend,0,0,0,0,0,0,0,0,0,0
9032,UK,20-24,Adult,White,7,weekend,0,0,0,0,0,0,0,0,0,0
9033,UK,60-64,Adult,White,Retired,weekend,3,0,0,0,0,0,0,1,1,1
9034,UK,50-54,Adult,White,6,weekday,2,0,0,0,0,0,0,0,0,2
9035,UK,20-24,Adult,White,1,weekend,3,0,0,0,0,0,0,2,1,0
9036,UK,25-29,Adult,White,2,weekday,0,0,0,0,0,0,0,0,0,0
9037,UK,30-34,Adult,White,Unemployed,weekday,0,0,0,0,0,0,0,0,0,0
9038,UK,20-24,Adult,White,5,weekday,2,0,0,0,0,0,0,0,2,0
9039,UK,60-64,Adult,White,Unemployed,weekday,0,0,0,0,0,0,0,0,0,0
9040,UK,35-39,Adult,White,Unknown,weekday,0,0,0,0,0,0,0,0,0,0
9041,UK,30-34,Adult,White,2,weekday,0,0,0,0,0,0,0,0,0,0
9042,UK,25-29,Adult,Black,1,weekday,0,0,0,0,0,0,0,0,0,0
9043,UK,50-54,Adult,White,7,weekday,0,0,0,0,0,0,0,0,0,0
9044,UK,25-29,Adult,White,1,weekday,6,0,0,0,0,0,0,2,4,0
9045,UK,55-59,Adult,White,3,weekday,0,0,0,0,0,0,0,0,0,0
9046,UK,40-44,Adult,White,2,weekday,0,0,0,0,0,0,0,0,0,0
9047,UK,35-39,Adult,White,Unemployed,weekend,0,0,0,0,0,0,0,0,0,0
9048,UK,35-39,Adult,White,3,weekday,0,0,0,0,0,0,0,0,0,0
9049,UK,25-29,Adult,Black,2,weekday,10,0,0,0,0,0,0,3,5,2
9050,UK,25-29,Adult,Asian,3,weekday,1,0,0,0,0,0,0,0,1,0
9051,UK,25-29,Adult,White,2,weekday,5,0,0,0,0,0,0,0,5,0
9052,UK,40-44,Adult,Mixed,2,weekday,0,0,0,0,0,0,0,0,0,0
9053,UK,35-39,Adult,White,Unemployed,weekday,0,0,0,0,0,0,0,0,0,0
9054,UK,45-49,Adult,White,2,weekday,0,0,0,0,0,0,0,0,0,0
9055,UK,35-39,Adult,White,1,weekday,0,0,0,0,0,0,0,0,0,0
9056,UK,15-19,Adult,Black,3,weekday,0,0,0,0,0,0,0,0,0,0
9057,UK,55-59,Adult,White,2,weekday,0,0,0,0,0,0,0,0,0,0
9058,UK,50-54,Adult,White,Unemployed,weekend,0,0,0,0,0,0,0,0,0,0
9059,UK,15-19,Adult,Mixed,3,weekday,228,12,18,70,6,16,0,16,20,70
9060,UK,30-34,Adult,Asian,3,weekday,0,0,0,0,0,0,0,0,0,0
9061,UK,35-39,Adult,White,1,weekend,0,0,0,0,0,0,0,0,0,0
9062,UK,50-54,Adult,White,Unemployed,weekend,0,0,0,0,0,0,0,0,0,0
9063,UK,55-59,Adult,White,3,weekday,5,0,0,0,0,0,0,2,3,0
9064,UK,15-19,Adult,Asian,Unemployed,weekday,0,0,0,0,0,0,0,0,0,0
9065,UK,30-34,Adult,White,5,weekday,0,0,0,0,0,0,0,0,0,0
9066,UK,30-34,Adult,White,3,weekday,0,0,0,0,0,0,0,0,0,0
9067,UK,30-34,Adult,Black,Unemployed,weekend,7,0,0,0,0,0,0,0,7,0
9068,UK,20-24,Adult,White,Unemployed,weekday,0,0,0,0,0,0,0,0,0,0
9069,UK,25-29,Adult,Black,7,weekend,0,0,0,0,0,0,0,0,0,0
9070,UK,50-54,Adult,White,Unemployed,weekday,0,0,0,0,0,0,0,0,0,0
9071,UK,40-44,Adult,White,1,weekend,0,0,0,0,0,0,0,0,0,0
9072,UK,40-44,Adult,White,3,weekday,0,0,0,0,0,0,0,0,0,0
9073,UK,60-64,Adult,White,Retired,weekend,10,0,0,0,0,0,0,0,8,2
9074,UK,20-24,Adult,White,Unknown,weekend,0,0,0,0,0,0,0,0,0,0
9075,UK,50-54,Adult,White,Unemployed,weekend,12,0,0,0,0,0,0,0,10,2
9076,UK,65-69,Adult,White,Unknown,weekday,0,0,0,0,0,0,0,0,0,0
9077,UK,45-49,Adult,White,Unemployed,weekday,0,0,0,0,0,0,0,0,0,0
9078,UK,40-44,Adult,White,4,weekend,3,0,0,0,0,0,0,0,3,0
9079,UK,45-49,Adult,White,Unemployed,weekday,0,0,0,0,0,0,0,0,0,0
9080,UK,25-29,Adult,Black,Unemployed,weekday,1,0,0,0,0,0,0,0,1,0
9081,UK,25-29,Adult,White,2,weekend,0,0,0,0,0,0,0,0,0,0
9082,UK,30-34,Adult,Black,6,weekday,0,0,0,0,0,0,0,0,0,0
9083,UK,60-64,Adult,White,1,weekend,0,0,0,0,0,0,0,0,0,0
9084,UK,30-34,Adult,White,Unemployed,weekend,0,0,0,0,0,0,0,0,0,0
9085,UK,45-49,Adult,White,7,weekend,0,0,0,0,0,0,0,0,0,0
9086,UK,25-29,Adult,White,3,weekend,0,0,0,0,0,0,0,0,0,0
9087,UK,20-24,Adult,Black,2,weekday,2,0,0,0,0,0,0,0,2,0
9088,UK,35-39,Adult,Other,Unemployed,weekday,0,0,0,0,0,0,0,0,0,0
9089,UK,35-39,Adult,White,2,weekday,15,0,0,0,0,0,0,2,4,9
9090,UK,35-39,Adult,White,Unemployed,weekday,0,0,0,0,0,0,0,0,0,0
9091,UK,55-59,Adult,White,7,weekday,3,0,0,0,0,0,0,3,0,0
9092,UK,40-44,Adult,White,2,weekend,0,0,0,0,0,0,0,0,0,0
9093,UK,55-59,Adult,Asian,3,weekend,0,0,0,0,0,0,0,0,0,0
9094,UK,60-64,Adult,White,2,weekday,0,0,0,0,0,0,0,0,0,0
9095,UK,60-64,Adult,White,1,weekend,1,0,0,0,0,0,0,0,1,0
9096,UK,35-39,Adult,White,Unknown,weekend,0,0,0,0,0,0,0,0,0,0
9097,UK,30-34,Adult,White,2,weekend,9,0,0,0,0,0,0,0,6,3
9098,UK,30-34,Adult,Black,3,weekday,0,0,0,0,0,0,0,0,0,0
9099,UK,20-24,Adult,White,Student,weekend,0,0,0,0,0,0,0,0,0,0
9100,UK,50-54,Adult,White,Unemployed,weekday,1,0,0,0,0,0,0,0,1,0
9101,UK,15-19,Adult,White,7,weekday,2,0,0,0,0,0,0,2,0,0
9102,UK,50-54,Adult,White,Unemployed,weekday,0,0,0,0,0,0,0,0,0,0
9103,UK,65-69,Adult,White,Retired,weekday,2,0,0,0,0,0,0,0,1,1
9104,UK,35-39,Adult,White,Unemployed,weekend,0,0,0,0,0,0,0,0,0,0
9105,UK,45-49,Adult,Asian,4,weekend,5,0,0,0,0,0,0,1,4,0
9106,UK,40-44,Adult,White,Unemployed,weekday,0,0,0,0,0,0,0,0,0,0
9107,UK,45-49,Adult,White,1,weekday,0,0,0,0,0,0,0,0,0,0
9108,UK,45-49,Adult,White,7,weekday,10,4,4,0,0,2,0,0,0,0
9109,UK,60-64,Adult,White,7,weekday,0,0,0,0,0,0,0,0,0,0
9110,UK,45-49,Adult,White,2,weekend,1,0,0,0,0,0,0,0,1,0
9111,UK,60-64,Adult,White,Retired,weekend,0,0,0,0,0,0,0,0,0,0
9112,UK,45-49,Adult,White,3,weekday,2,0,0,0,0,0,0,1,1,0
9113,UK,25-29,Adult,White,6,weekend,0,0,0,0,0,0,0,0,0,0
9114,UK,60-64,Adult,White,Retired,weekend,0,0,0,0,0,0,0,0,0,0
9115,UK,40-44,Adult,White,2,weekend,0,0,0,0,0,0,0,0,0,0
9116,UK,35-39,Adult,White,Unknown,weekday,0,0,0,0,0,0,0,0,0,0
9117,UK,50-54,Adult,White,1,weekday,0,0,0,0,0,0,0,0,0,0
9118,UK,50-54,Adult,White,2,weekday,0,0,0,0,0,0,0,0,0,0
9119,UK,15-19,Adult,Mixed,2,weekday,0,0,0,0,0,0,0,0,0,0
9120,UK,60-64,Adult,White,Unemployed,weekday,0,0,0,0,0,0,0,0,0,0
9121,UK,65-69,Adult,White,Retired,weekend,0,0,0,0,0,0,0,0,0,0
9122,UK,55-59,Adult,White,5,weekend,0,0,0,0,0,0,0,0,0,0
9123,UK,15-19,Adult,White,Student,weekday,4,0,0,0,0,0,0,3,1,0
9124,UK,55-59,Adult,White,2,weekend,0,0,0,0,0,0,0,0,0,0
9125,UK,45-49,Adult,White,1,weekday,0,0,0,0,0,0,0,0,0,0
9126,UK,20-24,Adult,Asian,3,weekday,10,0,0,0,0,0,0,0,10,0
9127,UK,45-49,Adult,White,3,weekend,0,0,0,0,0,0,0,0,0,0
9128,UK,50-54,Adult,White,2,weekday,4,0,0,0,0,0,0,0,4,0
9129,UK,55-59,Adult,White,6,weekend,0,0,0,0,0,0,0,0,0,0
9130,UK,20-24,Adult,Asian,6,weekend,0,0,0,0,0,0,0,0,0,0
9131,UK,15-19,Adult,Asian,Student,weekday,6,0,0,0,0,2,0,0,4,0
9132,UK,65-69,Adult,White,Retired,weekend,0,0,0,0,0,0,0,0,0,0
9133,UK,20-24,Adult,White,3,weekday,0,0,0,0,0,0,0,0,0,0
9134,UK,60-64,Adult,White,Retired,weekday,0,0,0,0,0,0,0,0,0,0
9135,UK,45-49,Adult,White,Unemployed,weekday,45,0,0,0,0,0,0,10,20,15
9136,UK,20-24,Adult,Other,1,weekday,2,0,0,0,0,0,0,1,1,0
9137,UK,45-49,Adult,White,Unemployed,weekday,2,0,0,0,0,0,0,0,2,0
9138,UK,55-59,Adult,White,Unknown,weekday,0,0,0,0,0,0,0,0,0,0
9139,UK,50-54,Adult,White,1,weekend,0,0,0,0,0,0,0,0,0,0
9140,UK,45-49,Adult,White,2,weekend,2,0,2,0,0,0,0,0,0,0
9141,UK,45-49,Adult,White,5,weekend,1,0,0,0,0,0,0,1,0,0
9142,UK,20-24,Adult,White,Student,weekday,8,0,0,0,0,0,0,0,8,0
9143,UK,55-59,Adult,White,1,weekday,0,0,0,0,0,0,0,0,0,0
9144,UK,70-74,Adult,White,2,weekend,0,0,0,0,0,0,0,0,0,0
9145,UK,20-24,Adult,Black,3,weekday,10,0,0,0,0,0,0,3,5,2
9146,UK,50-54,Adult,White,1,weekday,0,0,0,0,0,0,0,0,0,0
9147,UK,50-54,Adult,White,7,weekday,27,0,0,0,0,0,0,0,25,2
9148,UK,20-24,Adult,White,Unemployed,weekday,4,0,0,0,0,0,0,1,3,0
9149,UK,50-54,Adult,White,7,weekend,0,0,0,0,0,0,0,0,0,0
9150,UK,15-19,Adult,White,6,weekend,0,0,0,0,0,0,0,0,0,0
9151,UK,50-54,Adult,White,1,weekend,0,0,0,0,0,0,0,0,0,0
9152,UK,20-24,Adult,Asian,3,weekend,1,0,0,0,0,0,0,0,0,1
9153,UK,50-54,Adult,White,2,weekday,0,0,0,0,0,0,0,0,0,0
9154,UK,20-24,Adult,Mixed,1,weekday,0,0,0,0,0,0,0,0,0,0
9155,UK,45-49,Adult,White,2,weekday,0,0,0,0,0,0,0,0,0,0
9156,UK,45-49,Adult,White,Unemployed,weekday,2,0,0,0,0,0,0,2,0,0
9157,UK,55-59,Adult,White,1,weekday,8,0,0,0,0,0,0,0,8,0
9158,UK,45-49,Adult,Asian,5,weekday,0,0,0,0,0,0,0,0,0,0
9159,UK,70-74,Adult,White,Retired,weekend,2,0,0,0,0,0,0,2,0,0
9160,UK,70-74,Adult,White,Retired,weekday,0,0,0,0,0,0,0,0,0,0
9161,UK,65-69,Adult,White,Retired,weekend,0,0,0,0,0,0,0,0,0,0
9162,UK,50-54,Adult,White,Unemployed,weekday,0,0,0,0,0,0,0,0,0,0
9163,UK,45-49,Adult,White,6,weekend,0,0,0,0,0,0,0,0,0,0
9164,UK,45-49,Adult,White,7,weekend,5,0,0,0,0,0,0,2,3,0
9165,UK,60-64,Adult,White,Retired,weekend,0,0,0,0,0,0,0,0,0,0
9166,UK,50-54,Adult,White,2,weekday,0,0,0,0,0,0,0,0,0,0
9167,UK,50-54,Adult,White,6,weekday,0,0,0,0,0,0,0,0,0,0
9168,UK,65-69,Adult,White,Retired,weekday,1,0,0,0,0,0,0,0,0,1
9169,UK,50-54,Adult,White,1,weekday,0,0,0,0,0,0,0,0,0,0
9170,UK,55-59,Adult,White,7,weekday,2,0,0,0,0,0,0,0,2,0
9171,UK,50-54,Adult,Asian,Unemployed,weekend,0,0,0,0,0,0,0,0,0,0
9172,UK,50-54,Adult,White,1,weekday,2,0,0,0,0,0,0,1,1,0
9173,UK,55-59,Adult,White,1,weekend,0,0,0,0,0,0,0,0,0,0
9174,UK,65-69,Adult,White,Retired,weekday,68,8,40,20,0,0,0,0,0,0
9175,UK,45-49,Adult,White,2,weekday,0,0,0,0,0,0,0,0,0,0
9176,UK,45-49,Adult,White,Unemployed,weekend,0,0,0,0,0,0,0,0,0,0
9177,UK,45-49,Adult,White,3,weekday,0,0,0,0,0,0,0,0,0,0
9178,UK,55-59,Adult,White,6,weekday,3,0,0,0,0,0,0,0,2,1
9179,UK,70-74,Adult,White,Retired,weekend,4,0,0,0,0,0,0,0,1,3
9180,UK,45-49,Adult,White,2,weekend,0,0,0,0,0,0,0,0,0,0
9181,UK,50-54,Adult,Black,2,weekend,4,0,2,0,0,0,0,0,2,0
9182,UK,40-44,Adult,White,2,weekday,111,0,0,0,0,0,0,100,11,0
9183,UK,65-69,Adult,White,3,weekday,0,0,0,0,0,0,0,0,0,0
9184,UK,60-64,Adult,White,1,weekend,2,0,0,0,0,0,0,2,0,0
9185,UK,55-59,Adult,Black,2,weekday,0,0,0,0,0,0,0,0,0,0
9186,UK,45-49,Adult,Black,1,weekday,1,0,0,0,0,0,0,0,1,0
9187,UK,55-59,Adult,White,4,weekend,0,0,0,0,0,0,0,0,0,0
9188,UK,45-49,Adult,White,1,weekday,0,0,0,0,0,0,0,0,0,0
9189,UK,45-49,Adult,White,3,weekday,0,0,0,0,0,0,0,0,0,0
9190,UK,60-64,Adult,White,Retired,weekend,0,0,0,0,0,0,0,0,0,0
9191,UK,55-59,Adult,White,1,weekend,0,0,0,0,0,0,0,0,0,0
9192,UK,50-54,Adult,White,4,weekend,0,0,0,0,0,0,0,0,0,0
9193,UK,60-64,Adult,White,3,weekday,30,0,0,0,0,0,0,30,0,0
9194,UK,50-54,Adult,White,Unemployed,weekend,0,0,0,0,0,0,0,0,0,0
9195,UK,60-64,Adult,White,Unemployed,weekend,7,0,0,0,0,0,0,0,6,1
9196,UK,60-64,Adult,White,Retired,weekend,1,0,0,0,0,0,0,0,1,0
9197,UK,55-59,Adult,White,7,weekend,0,0,0,0,0,0,0,0,0,0
9198,UK,75+,Adult,White,Retired,weekday,0,0,0,0,0,0,0,0,0,0
9199,UK,70-74,Adult,White,1,weekday,0,0,0,0,0,0,0,0,0,0
9200,UK,65-69,Adult,White,Retired,weekend,0,0,0,0,0,0,0,0,0,0
9201,UK,65-69,Adult,White,Retired,weekend,0,0,0,0,0,0,0,0,0,0
9202,UK,75+,Adult,White,Retired,weekday,1,0,0,0,0,0,0,0,1,0
9203,UK,65-69,Adult,White,Retired,weekday,2,0,0,0,0,0,0,0,2,0
9204,UK,70-74,Adult,White,4,weekend,0,0,0,0,0,0,0,0,0,0
9205,UK,65-69,Adult,White,Retired,weekday,0,0,0,0,0,0,0,0,0,0
9206,UK,75+,Adult,White,Retired,weekend,0,0,0,0,0,0,0,0,0,0
9207,UK,65-69,Adult,White,Unemployed,weekday,0,0,0,0,0,0,0,0,0,0
9208,UK,60-64,Adult,White,7,weekend,6,0,0,0,0,0,0,0,6,0
9209,UK,35-39,Adult,White,1,weekday,3,0,0,0,0,0,0,1,2,0
9210,UK,35-39,Adult,White,Unemployed,weekday,0,0,0,0,0,0,0,0,0,0
9211,UK,45-49,Adult,White,3,weekend,0,0,0,0,0,0,0,0,0,0
9212,UK,30-34,Adult,White,1,weekday,3,0,0,0,0,0,0,1,2,0
9213,UK,40-44,Adult,Asian,Unemployed,weekday,3,0,0,0,0,0,0,1,2,0
9214,UK,35-39,Adult,Black,1,weekday,0,0,0,0,0,0,0,0,0,0
9215,UK,40-44,Adult,Mixed,7,weekday,0,0,0,0,0,0,0,0,0,0
9216,UK,25-29,Adult,Black,1,weekday,0,0,0,0,0,0,0,0,0,0
9217,UK,60-64,Adult,White,Unemployed,weekday,0,0,0,0,0,0,0,0,0,0
9218,UK,55-59,Adult,White,Retired,weekend,0,0,0,0,0,0,0,0,0,0
9219,UK,65-69,Adult,White,Retired,weekend,1,0,0,0,0,0,0,0,0,1
9220,UK,35-39,Adult,White,5,weekday,2,0,0,0,0,0,0,0,2,0
9221,UK,75+,Adult,White,Retired,weekend,2,0,0,0,0,0,0,0,2,0
9222,UK,45-49,Adult,White,2,weekday,0,0,0,0,0,0,0,0,0,0
9223,UK,60-64,Adult,White,2,weekday,3,0,0,0,0,0,0,0,3,0
9224,UK,70-74,Adult,White,Retired,weekend,5,0,0,0,0,0,0,0,3,2
9225,UK,55-59,Adult,White,Unknown,weekday,0,0,0,0,0,0,0,0,0,0
9226,UK,55-59,Adult,White,4,weekday,0,0,0,0,0,0,0,0,0,0
9227,UK,60-64,Adult,White,1,weekday,0,0,0,0,0,0,0,0,0,0
9228,UK,65-69,Adult,White,2,weekend,0,0,0,0,0,0,0,0,0,0
9229,UK,60-64,Adult,White,1,weekend,0,0,0,0,0,0,0,0,0,0
9230,UK,50-54,Adult,White,Unemployed,weekday,0,0,0,0,0,0,0,0,0,0
9231,UK,60-64,Adult,White,6,weekday,0,0,0,0,0,0,0,0,0,0
9232,UK,35-39,Adult,White,5,weekday,0,0,0,0,0,0,0,0,0,0
9233,UK,40-44,Adult,White,Unknown,weekday,0,0,0,0,0,0,0,0,0,0
9234,UK,40-44,Adult,White,1,weekday,0,0,0,0,0,0,0,0,0,0
9235,UK,20-24,Adult,Asian,1,weekday,4,0,0,0,0,0,0,1,3,0
9236,UK,25-29,Adult,Asian,1,weekday,0,0,0,0,0,0,0,0,0,0
9237,UK,65-69,Adult,White,Retired,weekend,0,0,0,0,0,0,0,0,0,0
9238,UK,50-54,Adult,White,Unemployed,weekday,0,0,0,0,0,0,0,0,0,0
9239,UK,45-49,Adult,White,2,weekend,0,0,0,0,0,0,0,0,0,0
9240,UK,40-44,Adult,Black,2,weekday,0,0,0,0,0,0,0,0,0,0
9241,UK,30-34,Adult,Black,2,weekend,0,0,0,0,0,0,0,0,0,0
9242,UK,30-34,Adult,Black,6,weekday,2,0,0,0,0,0,0,0,2,0
9243,UK,40-44,Adult,White,Unemployed,weekday,0,0,0,0,0,0,0,0,0,0
9244,UK,35-39,Adult,White,Unemployed,weekday,0,0,0,0,0,0,0,0,0,0
9245,UK,55-59,Adult,White,3,weekend,0,0,0,0,0,0,0,0,0,0
9246,UK,40-44,Adult,White,6,weekend,1,0,0,0,0,0,0,0,1,0
9247,UK,60-64,Adult,White,Unemployed,weekday,1,0,0,0,0,0,0,0,1,0
9248,UK,35-39,Adult,White,2,weekday,0,0,0,0,0,0,0,0,0,0
9249,UK,60-64,Adult,White,Unemployed,weekday,0,0,0,0,0,0,0,0,0,0
9250,UK,15-19,Adult,Black,6,weekend,2,0,0,0,0,0,0,2,0,0
9251,UK,25-29,Adult,White,1,weekend,4,0,0,0,0,0,0,1,3,0
9252,UK,75+,Adult,White,Unknown,weekend,0,0,0,0,0,0,0,0,0,0
9253,UK,35-39,Adult,White,3,weekday,1,0,0,0,0,0,0,1,0,0
9254,UK,70-74,Adult,White,2,weekend,0,0,0,0,0,0,0,0,0,0
9255,UK,25-29,Adult,White,5,weekday,4,0,0,0,0,0,0,0,4,0
9256,UK,25-29,Adult,Asian,3,weekday,0,0,0,0,0,0,0,0,0,0
9257,UK,75+,Adult,White,Retired,weekday,0,0,0,0,0,0,0,0,0,0
9258,UK,35-39,Adult,White,1,weekday,6,0,0,0,0,0,0,0,5,1
9259,UK,20-24,Adult,Black,4,weekday,0,0,0,0,0,0,0,0,0,0
9260,UK,60-64,Adult,White,6,weekday,0,0,0,0,0,0,0,0,0,0
9261,UK,30-34,Adult,Black,7,weekend,10,0,0,0,0,0,0,3,5,2
9262,UK,50-54,Adult,White,7,weekday,0,0,0,0,0,0,0,0,0,0
9263,UK,65-69,Adult,White,4,weekday,0,0,0,0,0,0,0,0,0,0
9264,UK,25-29,Adult,White,1,weekday,0,0,0,0,0,0,0,0,0,0
9265,UK,60-64,Adult,White,7,weekday,2,0,0,0,0,0,0,2,0,0
9266,UK,35-39,Adult,White,2,weekend,3,0,0,0,0,0,0,1,2,0
9267,UK,45-49,Adult,White,2,weekend,0,0,0,0,0,0,0,0,0,0
9268,UK,40-44,Adult,White,4,weekday,0,0,0,0,0,0,0,0,0,0
9269,UK,50-54,Adult,White,6,weekday,0,0,0,0,0,0,0,0,0,0
9270,UK,30-34,Adult,White,5,weekday,0,0,0,0,0,0,0,0,0,0
9271,UK,65-69,Adult,White,Retired,weekday,0,0,0,0,0,0,0,0,0,0
9272,UK,20-24,Adult,White,6,weekday,1,0,0,0,0,0,0,1,0,0
9273,UK,25-29,Adult,White,1,weekday,7,0,0,0,0,0,0,2,4,1
9274,UK,45-49,Adult,White,Unemployed,weekend,0,0,0,0,0,0,0,0,0,0
9275,UK,55-59,Adult,White,3,weekend,0,0,0,0,0,0,0,0,0,0
9276,UK,65-69,Adult,White,Retired,weekend,0,0,0,0,0,0,0,0,0,0
9277,UK,45-49,Adult,White,2,weekday,0,0,0,0,0,0,0,0,0,0
9278,UK,70-74,Adult,White,Retired,weekday,0,0,0,0,0,0,0,0,0,0
9279,UK,30-34,Adult,Asian,Unemployed,weekday,0,0,0,0,0,0,0,0,0,0
9280,UK,60-64,Adult,White,Retired,weekday,200,0,100,0,0,0,0,0,100,0
9281,UK,35-39,Adult,White,6,weekend,0,0,0,0,0,0,0,0,0,0
9282,UK,30-34,Adult,Black,2,weekday,0,0,0,0,0,0,0,0,0,0
9283,UK,50-54,Adult,Mixed,Unknown,weekend,0,0,0,0,0,0,0,0,0,0
9284,UK,50-54,Adult,White,Unemployed,weekday,0,0,0,0,0,0,0,0,0,0
9285,UK,65-69,Adult,White,Retired,weekend,7,0,0,0,0,0,0,0,5,2
9286,UK,35-39,Adult,White,4,weekday,0,0,0,0,0,0,0,0,0,0
9287,UK,35-39,Adult,White,1,weekend,16,0,0,0,0,0,0,5,7,4
9288,UK,40-44,Adult,White,2,weekend,3,0,0,0,0,0,0,2,1,0
9289,UK,65-69,Adult,White,Retired,weekday,0,0,0,0,0,0,0,0,0,0
9290,UK,35-39,Adult,White,2,weekday,0,0,0,0,0,0,0,0,0,0
9291,UK,20-24,Adult,White,2,weekend,0,0,0,0,0,0,0,0,0,0
9292,UK,60-64,Adult,White,2,weekend,0,0,0,0,0,0,0,0,0,0
9293,UK,60-64,Adult,White,Retired,weekday,0,0,0,0,0,0,0,0,0,0
9294,UK,55-59,Adult,White,Unemployed,weekend,0,0,0,0,0,0,0,0,0,0
9295,UK,45-49,Adult,White,1,weekday,0,0,0,0,0,0,0,0,0,0
9296,UK,30-34,Adult,White,1,weekday,4,0,0,0,0,0,0,0,4,0
9297,UK,45-49,Adult,White,6,weekend,1,0,0,0,0,0,0,0,1,0
9298,UK,70-74,Adult,White,Retired,weekend,0,0,0,0,0,0,0,0,0,0
9299,UK,30-34,Adult,White,1,weekday,0,0,0,0,0,0,0,0,0,0
9300,UK,20-24,Adult,White,3,weekday,0,0,0,0,0,0,0,0,0,0
9301,UK,30-34,Adult,White,3,weekday,0,0,0,0,0,0,0,0,0,0
9302,UK,30-34,Adult,Asian,5,weekday,5,0,0,0,0,0,0,1,2,2
9303,UK,25-29,Adult,White,2,weekday,1,0,0,0,0,0,0,0,1,0
9304,UK,65-69,Adult,White,Retired,weekend,0,0,0,0,0,0,0,0,0,0
9305,UK,30-34,Adult,White,3,weekday,7,0,0,0,0,0,0,2,5,0
9306,UK,50-54,Adult,White,3,weekday,27,0,0,0,20,7,0,0,0,0
9307,UK,35-39,Adult,White,2,weekday,0,0,0,0,0,0,0,0,0,0
9308,UK,30-34,Adult,White,1,weekday,0,0,0,0,0,0,0,0,0,0
9309,UK,15-19,Adult,Black,6,weekday,15,0,0,0,0,0,0,5,10,0
9310,UK,70-74,Adult,White,Retired,weekday,3,0,0,0,0,0,0,0,2,1
9311,UK,30-34,Adult,White,4,weekday,0,0,0,0,0,0,0,0,0,0
9312,UK,70-74,Adult,White,Retired,weekday,0,0,0,0,0,0,0,0,0,0
9313,UK,40-44,Adult,White,7,weekday,0,0,0,0,0,0,0,0,0,0
9314,UK,35-39,Adult,Asian,2,weekday,0,0,0,0,0,0,0,0,0,0
9315,UK,30-34,Adult,Black,1,weekend,36,0,0,0,0,0,0,4,30,2
9316,UK,50-54,Adult,White,6,weekday,2,0,0,0,0,0,0,2,0,0
9317,UK,35-39,Adult,White,2,weekday,0,0,0,0,0,0,0,0,0,0
9318,UK,45-49,Adult,White,3,weekday,0,0,0,0,0,0,0,0,0,0
9319,UK,70-74,Adult,White,Retired,weekend,0,0,0,0,0,0,0,0,0,0
9320,UK,30-34,Adult,White,6,weekend,4,0,0,0,0,0,0,1,1,2
9321,UK,60-64,Adult,White,Retired,weekend,0,0,0,0,0,0,0,0,0,0
9322,UK,60-64,Adult,White,3,weekday,0,0,0,0,0,0,0,0,0,0
9323,UK,20-24,Adult,White,3,weekend,0,0,0,0,0,0,0,0,0,0
9324,UK,45-49,Adult,White,1,weekday,0,0,0,0,0,0,0,0,0,0
9325,UK,60-64,Adult,White,Retired,weekday,0,0,0,0,0,0,0,0,0,0
9326,UK,30-34,Adult,White,6,weekday,0,0,0,0,0,0,0,0,0,0
9327,UK,40-44,Adult,White,2,weekend,0,0,0,0,0,0,0,0,0,0
9328,UK,20-24,Adult,White,6,weekday,0,0,0,0,0,0,0,0,0,0
9329,UK,60-64,Adult,Mixed,Retired,weekend,0,0,0,0,0,0,0,0,0,0
9330,UK,30-34,Adult,Asian,6,weekday,4,0,0,0,0,0,0,2,2,0
9331,UK,30-34,Adult,Mixed,Unknown,weekday,0,0,0,0,0,0,0,0,0,0
9332,UK,35-39,Adult,Asian,2,weekday,2,0,0,0,0,1,0,0,0,1
9333,UK,30-34,Adult,Asian,1,weekday,0,0,0,0,0,0,0,0,0,0
9334,UK,75+,Adult,White,Retired,weekday,0,0,0,0,0,0,0,0,0,0
9335,UK,45-49,Adult,White,6,weekday,0,0,0,0,0,0,0,0,0,0
9336,UK,40-44,Adult,White,6,weekday,3,0,0,0,0,0,0,2,1,0
9337,UK,65-69,Adult,White,Retired,weekday,0,0,0,0,0,0,0,0,0,0
9338,UK,45-49,Adult,White,1,weekday,0,0,0,0,0,0,0,0,0,0
9339,UK,45-49,Adult,White,2,weekend,0,0,0,0,0,0,0,0,0,0
9340,UK,55-59,Adult,White,1,weekday,0,0,0,0,0,0,0,0,0,0
9341,UK,55-59,Adult,White,2,weekday,0,0,0,0,0,0,0,0,0,0
9342,UK,30-34,Adult,Black,1,weekday,0,0,0,0,0,0,0,0,0,0
9343,UK,25-29,Adult,White,3,weekday,0,0,0,0,0,0,0,0,0,0
9344,UK,25-29,Adult,White,2,weekend,0,0,0,0,0,0,0,0,0,0
9345,UK,60-64,Adult,White,Retired,weekday,0,0,0,0,0,0,0,0,0,0
9346,UK,40-44,Adult,White,2,weekend,0,0,0,0,0,0,0,0,0,0
9347,UK,60-64,Adult,White,7,weekday,0,0,0,0,0,0,0,0,0,0
9348,UK,55-59,Adult,White,Retired,weekday,0,0,0,0,0,0,0,0,0,0
9349,UK,30-34,Adult,White,2,weekday,0,0,0,0,0,0,0,0,0,0
9350,UK,30-34,Adult,Asian,Unemployed,weekday,0,0,0,0,0,0,0,0,0,0
9351,UK,35-39,Adult,White,Unemployed,weekday,0,0,0,0,0,0,0,0,0,0
9352,UK,30-34,Adult,Black,1,weekday,0,0,0,0,0,0,0,0,0,0
9353,UK,65-69,Adult,White,Retired,weekend,2,0,0,0,0,0,0,0,2,0
9354,UK,75+,Adult,White,Retired,weekend,0,0,0,0,0,0,0,0,0,0
9355,UK,25-29,Adult,Asian,3,weekday,6,0,0,0,0,0,0,0,0,6
9356,UK,25-29,Adult,Asian,3,weekday,2,0,0,0,0,0,0,0,2,0
9357,UK,35-39,Adult,White,5,weekend,8,0,0,0,0,0,0,0,6,2
9358,UK,40-44,Adult,White,2,weekend,0,0,0,0,0,0,0,0,0,0
9359,UK,30-34,Adult,Black,Unemployed,weekday,1,0,0,0,0,0,0,0,1,0
9360,UK,45-49,Adult,White,Unemployed,weekday,0,0,0,0,0,0,0,0,0,0
9361,UK,50-54,Adult,White,1,weekend,4,0,0,0,0,0,0,2,2,0
9362,UK,25-29,Adult,White,5,weekday,0,0,0,0,0,0,0,0,0,0
9363,UK,60-64,Adult,White,Retired,weekend,12,0,0,0,0,0,0,0,10,2
9364,UK,50-54,Adult,White,1,weekday,2,0,0,0,0,0,0,0,2,0
9365,UK,55-59,Adult,White,5,weekday,2,0,0,0,0,0,0,0,2,0
9366,UK,15-19,Adult,White,3,weekday,0,0,0,0,0,0,0,0,0,0
9367,UK,65-69,Adult,White,Retired,weekend,0,0,0,0,0,0,0,0,0,0
9368,UK,35-39,Adult,White,1,weekday,3,0,0,0,0,0,0,1,2,0
9369,UK,55-59,Adult,White,Retired,weekend,0,0,0,0,0,0,0,0,0,0
9370,UK,65-69,Adult,White,Retired,weekend,0,0,0,0,0,0,0,0,0,0
9371,UK,40-44,Adult,White,Unemployed,weekday,0,0,0,0,0,0,0,0,0,0
9372,UK,35-39,Adult,White,4,weekend,0,0,0,0,0,0,0,0,0,0
9373,UK,20-24,Adult,White,Unemployed,weekend,0,0,0,0,0,0,0,0,0,0
9374,UK,50-54,Adult,White,Retired,weekend,0,0,0,0,0,0,0,0,0,0
9375,UK,40-44,Adult,White,3,weekend,0,0,0,0,0,0,0,0,0,0
9376,UK,70-74,Adult,White,Retired,weekend,0,0,0,0,0,0,0,0,0,0
9377,UK,55-59,Adult,White,Unemployed,weekend,0,0,0,0,0,0,0,0,0,0
9378,UK,35-39,Adult,White,2,weekday,0,0,0,0,0,0,0,0,0,0
9379,UK,20-24,Adult,White,5,weekday,30,0,0,0,0,0,0,0,10,20
9380,UK,35-39,Adult,White,3,weekday,1,0,0,0,0,0,0,1,0,0
9381,UK,45-49,Adult,White,1,weekend,0,0,0,0,0,0,0,0,0,0
9382,UK,55-59,Adult,White,1,weekend,0,0,0,0,0,0,0,0,0,0
9383,UK,40-44,Adult,White,2,weekday,0,0,0,0,0,0,0,0,0,0
9384,UK,30-34,Adult,White,3,weekend,0,0,0,0,0,0,0,0,0,0
9385,UK,50-54,Adult,White,1,weekend,0,0,0,0,0,0,0,0,0,0
9386,UK,20-24,Adult,White,3,weekday,22,0,0,0,0,0,0,0,10,12
9387,UK,60-64,Adult,White,2,weekend,0,0,0,0,0,0,0,0,0,0
9388,UK,50-54,Adult,White,4,weekday,1,0,0,0,0,0,0,0,1,0
9389,UK,30-34,Adult,White,2,weekday,4,0,0,0,0,0,0,2,2,0
9390,UK,70-74,Adult,White,Retired,weekday,0,0,0,0,0,0,0,0,0,0
9391,UK,25-29,Adult,White,3,weekend,0,0,0,0,0,0,0,0,0,0
9392,UK,40-44,Adult,White,1,weekday,4,0,0,0,0,0,0,0,2,2
9393,UK,40-44,Adult,White,7,weekday,0,0,0,0,0,0,0,0,0,0
9394,UK,45-49,Adult,Asian,Unemployed,weekday,0,0,0,0,0,0,0,0,0,0
9395,UK,25-29,Adult,White,3,weekend,0,0,0,0,0,0,0,0,0,0
9396,UK,55-59,Adult,White,4,weekday,0,0,0,0,0,0,0,0,0,0
9397,UK,65-69,Adult,White,7,weekend,1,0,0,0,0,0,0,0,0,1
9398,UK,30-34,Adult,White,1,weekend,0,0,0,0,0,0,0,0,0,0
9399,UK,40-44,Adult,White,3,weekend,0,0,0,0,0,0,0,0,0,0
9400,UK,25-29,Adult,White,1,weekday,0,0,0,0,0,0,0,0,0,0
9401,UK,50-54,Adult,White,7,weekday,0,0,0,0,0,0,0,0,0,0
9402,UK,40-44,Adult,White,1,weekday,0,0,0,0,0,0,0,0,0,0
9403,UK,20-24,Adult,Mixed,7,weekday,0,0,0,0,0,0,0,0,0,0
9404,UK,25-29,Adult,White,7,weekday,4,0,0,0,0,0,0,0,4,0
9405,UK,30-34,Adult,White,3,weekday,3,0,0,0,0,0,0,1,1,1
9406,UK,50-54,Adult,White,7,weekday,27,0,0,0,0,0,0,2,25,0
9407,UK,35-39,Adult,Black,6,weekday,1,0,0,0,0,0,0,0,1,0
9408,UK,25-29,Adult,Asian,6,weekday,0,0,0,0,0,0,0,0,0,0
9409,UK,55-59,Adult,White,1,weekend,0,0,0,0,0,0,0,0,0,0
9410,UK,55-59,Adult,White,1,weekday,2,0,0,0,0,0,0,0,2,0
9411,UK,55-59,Adult,White,1,weekday,0,0,0,0,0,0,0,0,0,0
9412,UK,60-64,Adult,White,2,weekday,0,0,0,0,0,0,0,0,0,0
9413,UK,40-44,Adult,White,3,weekday,0,0,0,0,0,0,0,0,0,0
9414,UK,60-64,Adult,White,Retired,weekday,0,0,0,0,0,0,0,0,0,0
9415,UK,65-69,Adult,White,2,weekday,0,0,0,0,0,0,0,0,0,0
9416,UK,35-39,Adult,White,Unemployed,weekday,0,0,0,0,0,0,0,0,0,0
9417,UK,40-44,Adult,Asian,1,weekend,0,0,0,0,0,0,0,0,0,0
9418,UK,40-44,Adult,Asian,Unemployed,weekday,5,0,0,0,0,0,0,3,2,0
9419,UK,25-29,Adult,Black,2,weekday,4,0,0,0,0,0,0,1,3,0
9420,UK,35-39,Adult,White,1,weekend,0,0,0,0,0,0,0,0,0,0
9421,UK,55-59,Adult,White,4,weekend,1,0,0,0,0,0,0,0,1,0
9422,UK,40-44,Adult,White,2,weekday,5,0,0,0,0,0,0,0,5,0
9423,UK,65-69,Adult,White,3,weekend,0,0,0,0,0,0,0,0,0,0
9424,UK,55-59,Adult,White,1,weekend,0,0,0,0,0,0,0,0,0,0
9425,UK,55-59,Adult,White,3,weekend,20,0,0,0,0,0,0,0,10,10
9426,UK,25-29,Adult,Mixed,3,weekday,0,0,0,0,0,0,0,0,0,0
9427,UK,60-64,Adult,White,Unknown,weekday,0,0,0,0,0,0,0,0,0,0
9428,UK,35-39,Adult,White,1,weekday,0,0,0,0,0,0,0,0,0,0
9429,UK,50-54,Adult,White,1,weekend,0,0,0,0,0,0,0,0,0,0
9430,UK,25-29,Adult,Black,6,weekday,0,0,0,0,0,0,0,0,0,0
9431,UK,35-39,Adult,White,1,weekend,0,0,0,0,0,0,0,0,0,0
9432,UK,60-64,Adult,Black,2,weekday,0,0,0,0,0,0,0,0,0,0
9433,UK,50-54,Adult,White,4,weekend,1,0,0,0,0,0,0,0,1,0
9434,UK,30-34,Adult,White,Unemployed,weekday,0,0,0,0,0,0,0,0,0,0
9435,UK,25-29,Adult,White,Unemployed,weekday,0,0,0,0,0,0,0,0,0,0
9436,UK,65-69,Adult,White,7,weekday,0,0,0,0,0,0,0,0,0,0
9437,UK,55-59,Adult,White,Unemployed,weekday,3,0,0,0,0,0,0,2,1,0
9438,UK,35-39,Adult,White,1,weekday,0,0,0,0,0,0,0,0,0,0
9439,UK,55-59,Adult,White,7,weekend,0,0,0,0,0,0,0,0,0,0
9440,UK,75+,Adult,White,Retired,weekday,0,0,0,0,0,0,0,0,0,0
9441,UK,75+,Adult,White,Retired,weekend,0,0,0,0,0,0,0,0,0,0
9442,UK,60-64,Adult,White,6,weekday,0,0,0,0,0,0,0,0,0,0
9443,UK,25-29,Adult,Asian,2,weekday,1,0,0,0,0,0,0,0,1,0
9444,UK,60-64,Adult,White,Retired,weekend,0,0,0,0,0,0,0,0,0,0
9445,UK,25-29,Adult,White,2,weekend,0,0,0,0,0,0,0,0,0,0
9446,UK,55-59,Adult,White,1,weekend,0,0,0,0,0,0,0,0,0,0
9447,UK,55-59,Adult,Black,3,weekday,0,0,0,0,0,0,0,0,0,0
9448,UK,40-44,Adult,Asian,4,weekday,31,0,0,0,0,0,0,2,25,4
9449,UK,55-59,Adult,White,Retired,weekday,0,0,0,0,0,0,0,0,0,0
9450,UK,35-39,Adult,White,4,weekday,0,0,0,0,0,0,0,0,0,0
9451,UK,60-64,Adult,White,Retired,weekend,0,0,0,0,0,0,0,0,0,0
9452,UK,25-29,Adult,Asian,5,weekend,0,0,0,0,0,0,0,0,0,0
9453,UK,50-54,Adult,White,3,weekend,0,0,0,0,0,0,0,0,0,0
9454,UK,30-34,Adult,White,Unemployed,weekend,0,0,0,0,0,0,0,0,0,0
9455,UK,50-54,Adult,White,3,weekday,0,0,0,0,0,0,0,0,0,0
9456,UK,25-29,Adult,White,1,weekend,0,0,0,0,0,0,0,0,0,0
9457,UK,55-59,Adult,Asian,5,weekday,2,0,0,0,0,0,0,1,1,0
9458,UK,25-29,Adult,White,2,weekday,0,0,0,0,0,0,0,0,0,0
9459,UK,50-54,Adult,White,2,weekend,0,0,0,0,0,0,0,0,0,0
9460,UK,40-44,Adult,White,7,weekend,0,0,0,0,0,0,0,0,0,0
9461,UK,55-59,Adult,White,Retired,weekday,0,0,0,0,0,0,0,0,0,0
9462,UK,20-24,Adult,Asian,2,weekday,0,0,0,0,0,0,0,0,0,0
9463,UK,70-74,Adult,White,4,weekend,0,0,0,0,0,0,0,0,0,0
9464,UK,60-64,Adult,White,Unknown,weekend,1,0,0,0,0,0,0,0,1,0
9465,UK,30-34,Adult,White,2,weekday,0,0,0,0,0,0,0,0,0,0
9466,UK,50-54,Adult,White,7,weekend,15,0,0,0,0,0,0,10,5,0
9467,UK,40-44,Adult,White,3,weekday,3,0,0,0,0,0,0,0,0,3
9468,UK,30-34,Adult,White,1,weekend,0,0,0,0,0,0,0,0,0,0
9469,UK,35-39,Adult,White,6,weekend,0,0,0,0,0,0,0,0,0,0
9470,UK,60-64,Adult,White,2,weekday,0,0,0,0,0,0,0,0,0,0
9471,UK,60-64,Adult,White,Unknown,weekday,1,0,0,0,0,0,0,0,0,1
9472,UK,30-34,Adult,White,2,weekend,7,0,0,0,0,0,0,4,2,1
9473,UK,70-74,Adult,White,Retired,weekend,0,0,0,0,0,0,0,0,0,0
9474,UK,35-39,Adult,White,1,weekday,2,0,0,0,0,0,0,1,1,0
9475,UK,25-29,Adult,White,Unemployed,weekday,0,0,0,0,0,0,0,0,0,0
9476,UK,55-59,Adult,White,Retired,weekend,0,0,0,0,0,0,0,0,0,0
9477,UK,45-49,Adult,White,Unemployed,weekend,0,0,0,0,0,0,0,0,0,0
9478,UK,35-39,Adult,White,2,weekday,3,0,0,0,0,0,0,1,2,0
9479,UK,30-34,Adult,Black,2,weekday,0,0,0,0,0,0,0,0,0,0
9480,UK,40-44,Adult,Asian,1,weekday,0,0,0,0,0,0,0,0,0,0
9481,UK,60-64,Adult,White,5,weekend,0,0,0,0,0,0,0,0,0,0
9482,UK,50-54,Adult,White,2,weekend,0,0,0,0,0,0,0,0,0,0
9483,UK,55-59,Adult,White,1,weekday,1,0,0,0,0,0,0,0,1,0
9484,UK,40-44,Adult,White,3,weekday,0,0,0,0,0,0,0,0,0,0
9485,UK,50-54,Adult,White,1,weekday,0,0,0,0,0,0,0,0,0,0
9486,UK,45-49,Adult,Asian,3,weekday,0,0,0,0,0,0,0,0,0,0
9487,UK,30-34,Adult,White,2,weekend,0,0,0,0,0,0,0,0,0,0
9488,UK,30-34,Adult,White,2,weekday,0,0,0,0,0,0,0,0,0,0
9489,UK,50-54,Adult,Mixed,2,weekday,0,0,0,0,0,0,0,0,0,0
9490,UK,45-49,Adult,White,Unemployed,weekend,0,0,0,0,0,0,0,0,0,0
9491,UK,15-19,Adult,White,Unemployed,weekday,0,0,0,0,0,0,0,0,0,0
9492,UK,25-29,Adult,White,2,weekday,0,0,0,0,0,0,0,0,0,0
9493,UK,65-69,Adult,White,Retired,weekday,0,0,0,0,0,0,0,0,0,0
9494,UK,50-54,Adult,White,2,weekday,0,0,0,0,0,0,0,0,0,0
9495,UK,30-34,Adult,Black,3,weekday,14,0,0,0,0,0,0,5,7,2
9496,UK,35-39,Adult,Asian,1,weekday,0,0,0,0,0,0,0,0,0,0
9497,UK,25-29,Adult,Black,2,weekend,0,0,0,0,0,0,0,0,0,0
9498,UK,65-69,Adult,Asian,Retired,weekday,1,0,0,0,0,0,0,0,0,1
9499,UK,25-29,Adult,White,7,weekday,5,0,0,0,0,0,0,1,2,2
9500,UK,30-34,Adult,White,Unemployed,weekday,0,0,0,0,0,0,0,0,0,0
9501,UK,65-69,Adult,White,Retired,weekday,4,0,0,2,0,0,0,0,0,2
9502,UK,15-19,Adult,Asian,4,weekday,8,0,0,0,0,0,0,5,3,0
9503,UK,65-69,Adult,White,Retired,weekend,0,0,0,0,0,0,0,0,0,0
9504,UK,25-29,Adult,White,6,weekday,50,0,0,0,0,0,0,10,30,10
9505,UK,65-69,Adult,White,2,weekend,2,0,0,0,0,0,0,0,0,2
9506,UK,45-49,Adult,White,1,weekday,0,0,0,0,0,0,0,0,0,0
9507,UK,65-69,Adult,White,Unemployed,weekday,0,0,0,0,0,0,0,0,0,0
9508,UK,30-34,Adult,White,2,weekday,4,0,0,0,0,0,0,0,4,0
9509,UK,40-44,Adult,White,3,weekday,0,0,0,0,0,0,0,0,0,0
9510,UK,35-39,Adult,White,3,weekend,2,0,0,0,0,0,0,2,0,0
9511,UK,65-69,Adult,White,Retired,weekend,0,0,0,0,0,0,0,0,0,0
9512,UK,50-54,Adult,White,2,weekend,0,0,0,0,0,0,0,0,0,0
9513,UK,50-54,Adult,Black,3,weekday,0,0,0,0,0,0,0,0,0,0
9514,UK,50-54,Adult,White,7,weekday,0,0,0,0,0,0,0,0,0,0
9515,UK,70-74,Adult,White,Retired,weekday,0,0,0,0,0,0,0,0,0,0
9516,UK,40-44,Adult,White,Unemployed,weekday,0,0,0,0,0,0,0,0,0,0
9517,UK,45-49,Adult,White,3,weekday,2,0,0,0,0,0,0,0,2,0
9518,UK,35-39,Adult,White,3,weekday,3,0,0,0,0,0,0,1,2,0
9519,UK,50-54,Adult,White,5,weekday,20,0,0,0,0,0,0,0,20,0
9520,UK,35-39,Adult,White,3,weekday,0,0,0,0,0,0,0,0,0,0
9521,UK,25-29,Adult,Mixed,6,weekday,3,0,0,0,0,0,0,1,1,1
9522,UK,50-54,Adult,White,Unemployed,weekend,0,0,0,0,0,0,0,0,0,0
9523,UK,60-64,Adult,White,1,weekday,0,0,0,0,0,0,0,0,0,0
9524,UK,35-39,Adult,White,Unemployed,weekday,1,0,0,0,0,0,0,0,1,0
9525,UK,70-74,Adult,White,2,weekday,0,0,0,0,0,0,0,0,0,0
9526,UK,45-49,Adult,White,Unemployed,weekend,0,0,0,0,0,0,0,0,0,0
9527,UK,25-29,Adult,Mixed,1,weekday,0,0,0,0,0,0,0,0,0,0
9528,UK,30-34,Adult,Asian,1,weekday,9,0,0,0,0,0,0,0,0,9
9529,UK,70-74,Adult,White,Retired,weekend,0,0,0,0,0,0,0,0,0,0
9530,UK,35-39,Adult,Asian,Unemployed,weekday,0,0,0,0,0,0,0,0,0,0
9531,UK,40-44,Adult,White,Unemployed,weekday,0,0,0,0,0,0,0,0,0,0
9532,UK,65-69,Adult,White,Unknown,weekend,0,0,0,0,0,0,0,0,0,0
9533,UK,35-39,Adult,White,Unemployed,weekend,0,0,0,0,0,0,0,0,0,0
9534,UK,55-59,Adult,White,1,weekday,30,0,0,0,0,0,0,0,30,0
9535,UK,60-64,Adult,White,7,weekend,1,0,0,0,0,0,0,0,1,0
9536,UK,20-24,Adult,Asian,3,weekday,0,0,0,0,0,0,0,0,0,0
9537,UK,65-69,Adult,White,Retired,weekend,0,0,0,0,0,0,0,0,0,0
9538,UK,60-64,Adult,White,Unknown,weekend,0,0,0,0,0,0,0,0,0,0
9539,UK,55-59,Adult,White,Unemployed,weekend,0,0,0,0,0,0,0,0,0,0
9540,UK,20-24,Adult,White,5,weekday,0,0,0,0,0,0,0,0,0,0
9541,UK,75+,Adult,White,Retired,weekday,0,0,0,0,0,0,0,0,0,0
9542,UK,50-54,Adult,White,Retired,weekend,0,0,0,0,0,0,0,0,0,0
9543,UK,55-59,Adult,White,Unemployed,weekday,0,0,0,0,0,0,0,0,0,0
9544,UK,30-34,Adult,White,6,weekday,17,0,0,0,0,0,0,2,4,11
9545,UK,35-39,Adult,White,4,weekday,0,0,0,0,0,0,0,0,0,0
9546,UK,75+,Adult,White,Retired,weekend,0,0,0,0,0,0,0,0,0,0
9547,UK,45-49,Adult,White,1,weekend,0,0,0,0,0,0,0,0,0,0
9548,UK,45-49,Adult,White,Unemployed,weekday,4,0,0,0,0,0,0,0,4,0
9549,UK,75+,Adult,White,Retired,weekend,0,0,0,0,0,0,0,0,0,0
9550,UK,55-59,Adult,White,Unemployed,weekday,0,0,0,0,0,0,0,0,0,0
9551,UK,55-59,Adult,Mixed,Unemployed,weekday,1,0,0,0,0,0,0,0,1,0
9552,UK,45-49,Adult,White,Unemployed,weekday,2,0,0,0,0,0,0,2,0,0
9553,UK,60-64,Adult,White,Unemployed,weekday,0,0,0,0,0,0,0,0,0,0
9554,UK,55-59,Adult,White,4,weekend,0,0,0,0,0,0,0,0,0,0
9555,UK,55-59,Adult,White,Retired,weekday,8,0,0,0,0,0,0,0,5,3
9556,UK,60-64,Adult,White,1,weekday,0,0,0,0,0,0,0,0,0,0
9557,UK,15-19,Adult,Asian,Unemployed,weekday,1,0,0,0,0,0,0,0,1,0
9558,UK,60-64,Adult,White,Retired,weekend,0,0,0,0,0,0,0,0,0,0
9559,UK,20-24,Adult,Black,2,weekend,6,0,0,0,0,0,0,1,2,3
9560,UK,70-74,Adult,White,Retired,weekday,0,0,0,0,0,0,0,0,0,0
9561,UK,45-49,Adult,White,1,weekend,0,0,0,0,0,0,0,0,0,0
9562,UK,70-74,Adult,White,Retired,weekday,0,0,0,0,0,0,0,0,0,0
9563,UK,50-54,Adult,White,1,weekday,0,0,0,0,0,0,0,0,0,0
9564,UK,50-54,Adult,White,1,weekday,0,0,0,0,0,0,0,0,0,0
9565,UK,45-49,Adult,Asian,Unknown,weekday,0,0,0,0,0,0,0,0,0,0
9566,UK,65-69,Adult,White,Unemployed,weekday,0,0,0,0,0,0,0,0,0,0
9567,UK,50-54,Adult,White,Retired,weekday,0,0,0,0,0,0,0,0,0,0
9568,UK,55-59,Adult,White,Unemployed,weekend,0,0,0,0,0,0,0,0,0,0
9569,UK,45-49,Adult,White,3,weekday,0,0,0,0,0,0,0,0,0,0
9570,UK,55-59,Adult,White,Unknown,weekday,0,0,0,0,0,0,0,0,0,0
9571,UK,65-69,Adult,White,Retired,weekend,1,0,0,0,0,0,0,0,1,0
9572,UK,60-64,Adult,White,Unemployed,weekend,0,0,0,0,0,0,0,0,0,0
9573,UK,65-69,Adult,White,Retired,weekend,0,0,0,0,0,0,0,0,0,0
9574,UK,35-39,Adult,Asian,Unknown,weekday,12,0,0,0,0,0,0,5,4,3
9575,UK,50-54,Adult,White,Unemployed,weekend,0,0,0,0,0,0,0,0,0,0
9576,UK,50-54,Adult,White,Unknown,weekend,0,0,0,0,0,0,0,0,0,0
9577,UK,15-19,Adult,White,6,weekday,5,0,0,0,0,0,0,0,5,0
9578,UK,15-19,Adult,White,6,weekend,0,0,0,0,0,0,0,0,0,0
9579,UK,60-64,Adult,White,Unemployed,weekend,0,0,0,0,0,0,0,0,0,0
9580,UK,35-39,Adult,White,2,weekend,0,0,0,0,0,0,0,0,0,0
9581,UK,45-49,Adult,White,1,weekday,4,0,0,0,0,0,0,2,2,0
9582,UK,60-64,Adult,White,6,weekend,0,0,0,0,0,0,0,0,0,0
9583,UK,45-49,Adult,White,Unemployed,weekday,0,0,0,0,0,0,0,0,0,0
9584,UK,55-59,Adult,White,3,weekday,0,0,0,0,0,0,0,0,0,0
9585,UK,45-49,Adult,White,1,weekday,2,0,0,0,0,0,0,0,2,0
9586,UK,50-54,Adult,White,6,weekday,2,0,0,0,0,0,0,1,1,0
9587,UK,20-24,Adult,Black,4,weekday,0,0,0,0,0,0,0,0,0,0
9588,UK,45-49,Adult,White,6,weekend,10,0,0,0,0,0,0,0,10,0
9589,UK,55-59,Adult,White,3,weekend,0,0,0,0,0,0,0,0,0,0
9590,UK,75+,Adult,White,Retired,weekend,0,0,0,0,0,0,0,0,0,0
9591,UK,45-49,Adult,Black,3,weekday,0,0,0,0,0,0,0,0,0,0
9592,UK,20-24,Adult,Asian,3,weekday,0,0,0,0,0,0,0,0,0,0
9593,UK,60-64,Adult,White,Unemployed,weekend,0,0,0,0,0,0,0,0,0,0
9594,UK,45-49,Adult,White,3,weekday,0,0,0,0,0,0,0,0,0,0
9595,UK,60-64,Adult,White,Unemployed,weekend,0,0,0,0,0,0,0,0,0,0
9596,UK,55-59,Adult,White,Unemployed,weekday,20,0,0,0,0,0,0,0,10,10
9597,UK,45-49,Adult,White,6,weekday,0,0,0,0,0,0,0,0,0,0
9598,UK,60-64,Adult,White,1,weekday,1,0,0,0,0,0,0,0,1,0
9599,UK,55-59,Adult,White,5,weekend,22,0,15,0,0,0,0,0,6,1
9600,UK,60-64,Adult,White,Retired,weekend,0,0,0,0,0,0,0,0,0,0
9601,UK,65-69,Adult,White,Retired,weekend,0,0,0,0,0,0,0,0,0,0
9602,UK,45-49,Adult,White,7,weekend,4,0,0,0,0,0,0,0,4,0
9603,UK,50-54,Adult,White,2,weekday,0,0,0,0,0,0,0,0,0,0
9604,UK,50-54,Adult,White,Unemployed,weekday,0,0,0,0,0,0,0,0,0,0
9605,UK,50-54,Adult,White,Unemployed,weekday,0,0,0,0,0,0,0,0,0,0
9606,UK,60-64,Adult,White,1,weekday,0,0,0,0,0,0,0,0,0,0
9607,UK,45-49,Adult,White,1,weekend,0,0,0,0,0,0,0,0,0,0
9608,UK,60-64,Adult,White,3,weekday,0,0,0,0,0,0,0,0,0,0
9609,UK,40-44,Adult,Asian,6,weekend,0,0,0,0,0,0,0,0,0,0
9610,UK,20-24,Adult,White,7,weekend,3,0,0,0,0,0,0,0,3,0
9611,UK,65-69,Adult,White,Retired,weekday,0,0,0,0,0,0,0,0,0,0
9612,UK,65-69,Adult,White,Retired,weekday,0,0,0,0,0,0,0,0,0,0
9613,UK,65-69,Adult,White,1,weekend,0,0,0,0,0,0,0,0,0,0
9614,UK,55-59,Adult,White,2,weekday,0,0,0,0,0,0,0,0,0,0
9615,UK,50-54,Adult,White,3,weekday,0,0,0,0,0,0,0,0,0,0
9616,UK,50-54,Adult,White,Unemployed,weekday,0,0,0,0,0,0,0,0,0,0
9617,UK,50-54,Adult,White,Unknown,weekday,10,0,0,0,0,0,0,3,6,1
9618,UK,45-49,Adult,White,2,weekday,0,0,0,0,0,0,0,0,0,0
9619,UK,45-49,Adult,White,7,weekend,4,0,0,0,0,0,0,0,4,0
9620,UK,35-39,Adult,White,Unknown,weekday,0,0,0,0,0,0,0,0,0,0
9621,UK,40-44,Adult,Mixed,Unknown,weekend,0,0,0,0,0,0,0,0,0,0
9622,UK,65-69,Adult,White,Retired,weekend,0,0,0,0,0,0,0,0,0,0
9623,UK,65-69,Adult,White,Unemployed,weekday,1,0,0,0,0,0,0,0,1,0
9624,UK,35-39,Adult,White,2,weekday,0,0,0,0,0,0,0,0,0,0
9625,UK,50-54,Adult,White,Unemployed,weekend,0,0,0,0,0,0,0,0,0,0
9626,UK,55-59,Adult,White,Unknown,weekend,0,0,0,0,0,0,0,0,0,0
9627,UK,65-69,Adult,White,Retired,weekday,0,0,0,0,0,0,0,0,0,0
9628,UK,65-69,Adult,White,Retired,weekend,0,0,0,0,0,0,0,0,0,0
9629,UK,55-59,Adult,White,Unemployed,weekday,0,0,0,0,0,0,0,0,0,0
9630,UK,55-59,Adult,White,Unemployed,weekend,0,0,0,0,0,0,0,0,0,0
9631,UK,75+,Adult,White,Retired,weekday,0,0,0,0,0,0,0,0,0,0
9632,UK,20-24,Adult,White,Student,weekend,0,0,0,0,0,0,0,0,0,0
9633,UK,50-54,Adult,White,6,weekend,2,0,0,0,0,0,0,0,0,2
9634,UK,55-59,Adult,White,Unemployed,weekday,0,0,0,0,0,0,0,0,0,0
9635,UK,55-59,Adult,White,7,weekend,0,0,0,0,0,0,0,0,0,0
9636,UK,55-59,Adult,White,7,weekday,0,0,0,0,0,0,0,0,0,0
9637,UK,60-64,Adult,White,Retired,weekday,4,0,0,0,0,0,0,0,3,1
9638,UK,20-24,Adult,White,6,weekday,4,0,0,0,0,0,0,4,0,0
9639,UK,55-59,Adult,White,1,weekday,2,0,0,0,0,0,0,1,1,0
9640,UK,60-64,Adult,White,2,weekend,0,0,0,0,0,0,0,0,0,0
9641,UK,45-49,Adult,White,Unemployed,weekday,1,0,0,0,0,0,0,0,1,0
9642,UK,60-64,Adult,White,4,weekend,0,0,0,0,0,0,0,0,0,0
9643,UK,70-74,Adult,White,Retired,weekday,0,0,0,0,0,0,0,0,0,0
9644,UK,50-54,Adult,White,Unemployed,weekend,0,0,0,0,0,0,0,0,0,0
9645,UK,60-64,Adult,White,2,weekday,7,0,0,0,0,0,0,2,4,1
9646,UK,75+,Adult,White,Retired,weekend,0,0,0,0,0,0,0,0,0,0
9647,UK,15-19,Adult,Asian,6,weekday,60,0,0,0,0,0,0,50,10,0
9648,UK,45-49,Adult,White,5,weekday,0,0,0,0,0,0,0,0,0,0
9649,UK,45-49,Adult,Asian,2,weekday,0,0,0,0,0,0,0,0,0,0
9650,UK,45-49,Adult,White,3,weekday,0,0,0,0,0,0,0,0,0,0
9651,UK,65-69,Adult,White,Retired,weekend,1,0,0,0,0,0,0,0,1,0
9652,UK,15-19,Adult,White,7,weekend,1,0,0,0,0,0,0,0,1,0
9653,UK,75+,Adult,White,6,weekend,0,0,0,0,0,0,0,0,0,0
9654,UK,20-24,Adult,Black,Unemployed,weekday,0,0,0,0,0,0,0,0,0,0
9655,UK,55-59,Adult,White,2,weekday,3,0,0,0,0,0,0,0,2,1
9656,UK,55-59,Adult,White,Unknown,weekend,0,0,0,0,0,0,0,0,0,0
9657,UK,15-19,Adult,White,4,weekday,0,0,0,0,0,0,0,0,0,0
9658,UK,65-69,Adult,White,6,weekend,0,0,0,0,0,0,0,0,0,0
9659,UK,75+,Adult,White,Retired,weekend,0,0,0,0,0,0,0,0,0,0
9660,UK,70-74,Adult,White,Retired,weekday,0,0,0,0,0,0,0,0,0,0
9661,UK,65-69,Adult,White,Retired,weekday,35,0,0,0,0,0,0,0,25,10
9662,UK,65-69,Adult,White,Retired,weekend,1,0,0,0,0,0,0,0,0,1
9663,UK,70-74,Adult,White,Retired,weekday,1,0,0,0,0,0,0,0,1,0
9664,UK,70-74,Adult,White,Retired,weekday,0,0,0,0,0,0,0,0,0,0
9665,UK,70-74,Adult,White,Retired,weekend,2,0,0,0,0,0,0,0,0,2
9666,UK,20-24,Adult,Asian,Unknown,weekday,4,0,0,0,0,0,0,1,3,0
9667,UK,70-74,Adult,White,Retired,weekend,0,0,0,0,0,0,0,0,0,0
9668,UK,65-69,Adult,White,Unemployed,weekend,0,0,0,0,0,0,0,0,0,0
9669,UK,70-74,Adult,White,Retired,weekday,10,0,0,0,0,0,0,0,0,10
9670,UK,75+,Adult,White,Retired,weekend,0,0,0,0,0,0,0,0,0,0
9671,UK,75+,Adult,White,Retired,weekend,0,0,0,0,0,0,0,0,0,0
9672,UK,65-69,Adult,White,Retired,weekend,0,0,0,0,0,0,0,0,0,0
9673,UK,20-24,Adult,Asian,Student,weekend,0,0,0,0,0,0,0,0,0,0
9674,UK,70-74,Adult,White,Retired,weekday,0,0,0,0,0,0,0,0,0,0
9675,UK,65-69,Adult,White,Retired,weekday,0,0,0,0,0,0,0,0,0,0
1,UK,40-44,Adult,White,6,weekday,1,0,0,0,0,0,0,0,0,1
2,UK,60-64,Adult,White,Unemployed,weekday,0,0,0,0,0,0,0,0,0,0
3,UK,35-39,Adult,Asian,1,weekday,0,0,0,0,0,0,0,0,0,0
4,UK,25-29,Adult,White,4,weekday,4,0,0,0,0,0,0,1,2,1
5,UK,20-24,Adult,White,6,weekday,0,0,0,0,0,0,0,0,0,0
6,UK,50-54,Adult,White,Unemployed,weekday,0,0,0,0,0,0,0,0,0,0
7,UK,45-49,Adult,Other,Unemployed,weekday,2,0,0,0,0,0,0,0,2,0
8,UK,30-34,Adult,Asian,Unemployed,weekday,0,0,0,0,0,0,0,0,0,0
9,UK,30-34,Adult,White,7,weekday,0,0,0,0,0,0,0,0,0,0
11,UK,50-54,Adult,White,2,weekday,0,0,0,0,0,0,0,0,0,0
12,UK,60-64,Adult,White,Unemployed,weekday,0,0,0,0,0,0,0,0,0,0
13,UK,45-49,Adult,White,Unemployed,weekday,0,0,0,0,0,0,0,0,0,0
14,UK,30-34,Adult,White,2,weekday,0,0,0,0,0,0,0,0,0,0
15,UK,50-54,Adult,White,1,weekday,20,0,0,0,0,0,0,0,15,5
16,UK,20-24,Adult,Asian,2,weekday,0,0,0,0,0,0,0,0,0,0
17,UK,25-29,Adult,White,2,weekday,0,0,0,0,0,0,0,0,0,0
18,UK,65-69,Adult,White,Retired,weekday,0,0,0,0,0,0,0,0,0,0
19,UK,55-59,Adult,White,3,weekday,0,0,0,0,0,0,0,0,0,0
20,UK,40-44,Adult,White,1,weekday,2,0,0,0,0,0,0,0,2,0
22,UK,45-49,Adult,White,2,weekday,3,0,0,0,0,0,0,1,2,0
23,UK,25-29,Adult,White,3,weekday,0,0,0,0,0,0,0,0,0,0
24,UK,45-49,Adult,White,1,weekend,3,0,0,0,0,0,0,2,1,0
25,UK,35-39,Adult,White,2,weekday,0,0,0,0,0,0,0,0,0,0
26,UK,30-34,Adult,White,7,weekday,0,0,0,0,0,0,0,0,0,0
27,UK,25-29,Adult,Black,2,weekday,0,0,0,0,0,0,0,0,0,0
28,UK,40-44,Adult,White,Unemployed,weekday,0,0,0,0,0,0,0,0,0,0
29,UK,45-49,Adult,White,6,weekday,10,0,0,0,0,0,0,0,9,1
30,UK,50-54,Adult,White,4,weekday,0,0,0,0,0,0,0,0,0,0
31,UK,60-64,Adult,White,2,weekday,4,0,0,0,0,0,0,0,4,0
33,UK,25-29,Adult,Black,6,weekday,120,10,20,5,30,20,5,5,20,5
34,UK,25-29,Adult,White,1,weekday,0,0,0,0,0,0,0,0,0,0
35,UK,35-39,Adult,White,1,weekday,3,0,0,0,0,0,0,1,2,0
36,UK,25-29,Adult,White,5,weekday,6,0,0,0,0,0,0,0,6,0
37,UK,20-24,Adult,Black,2,weekday,5,0,0,0,0,0,0,1,4,0
38,UK,60-64,Adult,White,Retired,weekday,2,0,0,0,0,0,0,0,2,0
39,UK,50-54,Adult,White,6,weekday,0,0,0,0,0,0,0,0,0,0
40,UK,30-34,Adult,Mixed,5,weekday,0,0,0,0,0,0,0,0,0,0
41,UK,25-29,Adult,White,2,weekday,3,0,0,0,0,0,0,0,3,0
42,UK,30-34,Adult,White,5,weekday,0,0,0,0,0,0,0,0,0,0
44,UK,30-34,Adult,White,2,weekday,0,0,0,0,0,0,0,0,0,0
45,UK,35-39,Adult,White,4,weekday,1,0,0,0,0,0,0,1,0,0
46,UK,60-64,Adult,White,Unemployed,weekday,0,0,0,0,0,0,0,0,0,0
47,UK,65-69,Adult,White,Retired,weekday,0,0,0,0,0,0,0,0,0,0
48,UK,50-54,Adult,White,2,weekday,0,0,0,0,0,0,0,0,0,0
49,UK,60-64,Adult,White,3,weekday,0,0,0,0,0,0,0,0,0,0
50,UK,50-54,Adult,White,6,weekday,0,0,0,0,0,0,0,0,0,0
51,UK,25-29,Adult,White,2,weekday,1,0,0,0,0,0,0,1,0,0
52,UK,40-44,Adult,White,1,weekday,1,0,0,0,0,0,0,0,1,0
53,UK,45-49,Adult,White,2,weekday,3,0,0,0,0,0,0,1,2,0
55,UK,40-44,Adult,White,1,weekday,24,0,0,0,0,0,0,1,23,0
56,UK,50-54,Adult,White,Unemployed,weekday,13,0,0,0,0,0,0,9,2,2
57,UK,70-74,Adult,White,Retired,weekday,0,0,0,0,0,0,0,0,0,0
58,UK,25-29,Adult,White,3,weekday,2,0,0,0,0,0,0,2,0,0
59,UK,40-44,Adult,White,6,weekday,0,0,0,0,0,0,0,0,0,0
60,UK,60-64,Adult,White,Retired,weekday,0,0,0,0,0,0,0,0,0,0
61,UK,35-39,Adult,White,4,weekday,3,0,0,0,0,0,0,1,1,1
62,UK,35-39,Adult,Asian,1,weekday,0,0,0,0,0,0,0,0,0,0
63,UK,35-39,Adult,White,Unemployed,weekday,0,0,0,0,0,0,0,0,0,0
64,UK,50-54,Adult,Mixed,5,weekday,70,0,0,0,0,0,0,25,40,5
66,UK,60-64,Adult,White,2,weekday,0,0,0,0,0,0,0,0,0,0
67,UK,50-54,Adult,White,2,weekday,0,0,0,0,0,0,0,0,0,0
68,UK,40-44,Adult,White,1,weekday,38,0,0,0,0,0,0,5,25,8
69,UK,40-44,Adult,Asian,2,weekday,5,0,0,0,0,0,0,3,2,0
70,UK,35-39,Adult,White,7,weekday,0,0,0,0,0,0,0,0,0,0
71,UK,50-54,Adult,White,Unemployed,weekday,2,0,0,0,0,0,0,1,1,0
72,UK,35-39,Adult,White,Unemployed,weekday,0,0,0,0,0,0,0,0,0,0
73,UK,25-29,Adult,White,5,weekday,1,0,0,0,0,0,0,0,1,0
74,UK,15-19,Adult,White,7,weekday,0,0,0,0,0,0,0,0,0,0
75,UK,30-34,Adult,Asian,1,weekday,105,0,0,0,0,0,0,2,100,3
77,UK,35-39,Adult,White,7,weekday,16,0,0,0,0,0,0,1,15,0
78,UK,40-44,Adult,White,2,weekday,2,0,0,0,0,0,0,0,2,0
79,UK,25-29,Adult,Asian,1,weekday,0,0,0,0,0,0,0,0,0,0
80,UK,20-24,Adult,White,Student,weekday,5,0,0,0,0,0,0,0,5,0
81,UK,40-44,Adult,White,1,weekday,0,0,0,0,0,0,0,0,0,0
82,UK,40-44,Adult,White,Unemployed,weekday,0,0,0,0,0,0,0,0,0,0
83,UK,35-39,Adult,White,2,weekday,1,0,0,0,0,0,0,0,1,0
84,UK,50-54,Adult,White,1,weekday,0,0,0,0,0,0,0,0,0,0
85,UK,45-49,Adult,White,2,weekday,1,0,0,0,0,0,0,0,1,0
86,UK,30-34,Adult,White,2,weekday,27,0,0,0,0,0,0,2,20,5
88,UK,40-44,Adult,Asian,6,weekday,0,0,0,0,0,0,0,0,0,0
89,UK,45-49,Adult,White,7,weekday,0,0,0,0,0,0,0,0,0,0
90,UK,35-39,Adult,Asian,7,weekday,5,0,0,0,0,0,0,0,2,3
91,UK,30-34,Adult,Mixed,1,weekday,12,0,0,0,0,0,0,7,4,1
92,UK,15-19,Adult,White,Unemployed,weekday,0,0,0,0,0,0,0,0,0,0
93,UK,30-34,Adult,Black,2,weekday,16,0,16,0,0,0,0,0,0,0
94,UK,35-39,Adult,White,6,weekday,3,0,0,0,0,0,0,2,1,0
95,UK,60-64,Adult,White,Retired,weekday,0,0,0,0,0,0,0,0,0,0
96,UK,30-34,Adult,White,3,weekday,0,0,0,0,0,0,0,0,0,0
97,UK,65-69,Adult,White,Retired,weekday,0,0,0,0,0,0,0,0,0,0
99,UK,40-44,Adult,White,6,weekday,0,0,0,0,0,0,0,0,0,0
100,UK,60-64,Adult,White,Retired,weekday,0,0,0,0,0,0,0,0,0,0
101,UK,35-39,Adult,White,1,weekday,18,0,0,0,0,0,0,6,10,2
102,UK,20-24,Adult,Asian,7,weekday,4,0,0,0,0,0,0,0,4,0
103,UK,40-44,Adult,White,2,weekday,0,0,0,0,0,0,0,0,0,0
104,UK,30-34,Adult,Asian,Unemployed,weekday,13,0,0,0,0,0,0,8,5,0
105,UK,55-59,Adult,White,7,weekday,0,0,0,0,0,0,0,0,0,0
106,UK,45-49,Adult,Black,Unknown,weekday,0,0,0,0,0,0,0,0,0,0
107,UK,20-24,Adult,White,1,weekday,0,0,0,0,0,0,0,0,0,0
108,UK,70-74,Adult,White,Retired,weekday,0,0,0,0,0,0,0,0,0,0
110,UK,60-64,Adult,White,Unemployed,weekday,1,0,0,0,0,0,0,0,1,0
111,UK,55-59,Adult,White,Unemployed,weekday,0,0,0,0,0,0,0,0,0,0
112,UK,20-24,Adult,White,5,weekday,0,0,0,0,0,0,0,0,0,0
113,UK,45-49,Adult,Asian,3,weekday,0,0,0,0,0,0,0,0,0,0
114,UK,30-34,Adult,White,3,weekday,0,0,0,0,0,0,0,0,0,0
115,UK,25-29,Adult,White,2,weekday,5,0,0,0,0,0,0,0,5,0
116,UK,55-59,Adult,White,1,weekday,0,0,0,0,0,0,0,0,0,0
117,UK,55-59,Adult,White,1,weekday,0,0,0,0,0,0,0,0,0,0
118,UK,40-44,Adult,White,3,weekday,0,0,0,0,0,0,0,0,0,0
119,UK,40-44,Adult,Black,1,weekday,0,0,0,0,0,0,0,0,0,0
121,UK,25-29,Adult,Black,3,weekday,0,0,0,0,0,0,0,0,0,0
122,UK,20-24,Adult,White,3,weekday,0,0,0,0,0,0,0,0,0,0
123,UK,75+,Adult,White,Retired,weekday,8,0,0,0,0,0,0,0,3,5
124,UK,30-34,Adult,Asian,2,weekday,2,0,0,0,0,0,0,1,1,0
125,UK,60-64,Adult,White,4,weekday,3,0,0,0,0,0,0,0,2,1
126,UK,65-69,Adult,White,Retired,weekday,0,0,0,0,0,0,0,0,0,0
127,UK,55-59,Adult,White,3,weekday,1,0,0,0,0,0,0,0,1,0
128,UK,30-34,Adult,Black,1,weekday,0,0,0,0,0,0,0,0,0,0
129,UK,20-24,Adult,White,Unemployed,weekday,0,0,0,0,0,0,0,0,0,0
130,UK,30-34,Adult,Asian,1,weekday,0,0,0,0,0,0,0,0,0,0
132,UK,55-59,Adult,White,Unemployed,weekday,0,0,0,0,0,0,0,0,0,0
133,UK,35-39,Adult,White,1,weekend,3,0,0,0,0,0,0,1,2,0
134,UK,65-69,Adult,White,Retired,weekday,0,0,0,0,0,0,0,0,0,0
135,UK,55-59,Adult,White,3,weekday,0,0,0,0,0,0,0,0,0,0
136,UK,30-34,Adult,White,3,weekday,5,0,0,0,0,0,0,3,2,0
137,UK,45-49,Adult,White,2,weekday,1,0,0,0,0,0,0,0,1,0
138,UK,15-19,Adult,White,4,weekday,0,0,0,0,0,0,0,0,0,0
139,UK,45-49,Adult,White,2,weekday,1,0,0,0,0,0,0,1,0,0
140,UK,50-54,Adult,White,2,weekday,0,0,0,0,0,0,0,0,0,0
141,UK,15-19,Adult,White,4,weekday,0,0,0,0,0,0,0,0,0,0
143,UK,65-69,Adult,White,Retired,weekday,2,0,0,0,0,0,0,0,1,1
144,UK,35-39,Adult,Black,Unemployed,weekday,0,0,0,0,0,0,0,0,0,0
145,UK,25-29,Adult,White,2,weekday,3,0,0,0,0,0,0,1,2,0
146,UK,30-34,Adult,White,Unemployed,weekday,0,0,0,0,0,0,0,0,0,0
147,UK,30-34,Adult,White,Unemployed,weekday,0,0,0,0,0,0,0,0,0,0
148,UK,15-19,Adult,White,7,weekday,0,0,0,0,0,0,0,0,0,0
149,UK,40-44,Adult,Asian,1,weekday,11,2,5,0,0,0,0,1,3,0
150,UK,60-64,Adult,White,7,weekday,0,0,0,0,0,0,0,0,0,0
151,UK,60-64,Adult,White,1,weekday,0,0,0,0,0,0,0,0,0,0
152,UK,35-39,Adult,White,1,weekday,0,0,0,0,0,0,0,0,0,0
154,UK,25-29,Adult,White,3,weekday,0,0,0,0,0,0,0,0,0,0
155,UK,45-49,Adult,White,3,weekday,0,0,0,0,0,0,0,0,0,0
156,UK,25-29,Adult,Asian,2,weekday,8,0,0,0,0,0,0,0,4,4
157,UK,25-29,Adult,White,3,weekday,4,0,0,0,0,0,0,0,3,1
158,UK,55-59,Adult,White,Retired,weekday,0,0,0,0,0,0,0,0,0,0
159,UK,65-69,Adult,White,4,weekday,0,0,0,0,0,0,0,0,0,0
160,UK,55-59,Adult,White,1,weekday,0,0,0,0,0,0,0,0,0,0
161,UK,40-44,Adult,White,Unknown,weekday,0,0,0,0,0,0,0,0,0,0
162,UK,35-39,Adult,White,6,weekday,0,0,0,0,0,0,0,0,0,0
163,UK,40-44,Adult,White,3,weekday,0,0,0,0,0,0,0,0,0,0
165,UK,25-29,Adult,White,2,weekday,1,0,0,0,0,0,0,1,0,0
166,UK,40-44,Adult,White,1,weekday,0,0,0,0,0,0,0,0,0,0
167,UK,45-49,Adult,White,1,weekday,0,0,0,0,0,0,0,0,0,0
168,UK,40-44,Adult,Asian,5,weekday,0,0,0,0,0,0,0,0,0,0
169,UK,55-59,Adult,White,Retired,weekday,0,0,0,0,0,0,0,0,0,0
170,UK,60-64,Adult,White,6,weekday,1,0,0,0,0,0,0,0,1,0
171,UK,55-59,Adult,White,6,weekday,0,0,0,0,0,0,0,0,0,0
172,UK,15-19,Adult,Asian,3,weekday,0,0,0,0,0,0,0,0,0,0
173,UK,30-34,Adult,White,4,weekday,10,0,0,0,0,0,0,0,10,0
174,UK,50-54,Adult,White,2,weekend,0,0,0,0,0,0,0,0,0,0
176,UK,25-29,Adult,White,Student,weekend,0,0,0,0,0,0,0,0,0,0
177,UK,40-44,Adult,White,Unemployed,weekday,0,0,0,0,0,0,0,0,0,0
178,UK,40-44,Adult,Black,2,weekday,1,0,0,0,0,0,0,0,1,0
179,UK,40-44,Adult,White,1,weekday,0,0,0,0,0,0,0,0,0,0
180,UK,55-59,Adult,White,Retired,weekday,0,0,0,0,0,0,0,0,0,0
181,UK,60-64,Adult,White,6,weekday,0,0,0,0,0,0,0,0,0,0
182,UK,40-44,Adult,Black,3,weekday,0,0,0,0,0,0,0,0,0,0
183,UK,50-54,Adult,Mixed,2,weekday,0,0,0,0,0,0,0,0,0,0
184,UK,20-24,Adult,White,2,weekday,0,0,0,0,0,0,0,0,0,0
185,UK,15-19,Adult,White,Unemployed,weekday,0,0,0,0,0,0,0,0,0,0
187,UK,45-49,Adult,White,Unemployed,weekday,0,0,0,0,0,0,0,0,0,0
188,UK,50-54,Adult,Black,2,weekday,0,0,0,0,0,0,0,0,0,0
189,UK,15-19,Adult,White,7,weekday,0,0,0,0,0,0,0,0,0,0
190,UK,15-19,Adult,Asian,Unknown,weekday,0,0,0,0,0,0,0,0,0,0
191,UK,55-59,Adult,White,2,weekday,0,0,0,0,0,0,0,0,0,0
192,UK,40-44,Adult,White,1,weekday,0,0,0,0,0,0,0,0,0,0
193,UK,55-59,Adult,White,Retired,weekend,4,0,0,0,0,0,0,1,2,1
194,UK,35-39,Adult,White,2,weekday,0,0,0,0,0,0,0,0,0,0
195,UK,25-29,Adult,White,2,weekday,0,0,0,0,0,0,0,0,0,0
196,UK,30-34,Adult,White,2,weekday,0,0,0,0,0,0,0,0,0,0
198,UK,35-39,Adult,White,2,weekday,15,0,0,0,0,0,0,0,10,5
199,UK,45-49,Adult,Asian,6,weekday,0,0,0,0,0,0,0,0,0,0
200,UK,20-24,Adult,White,6,weekend,0,0,0,0,0,0,0,0,0,0
201,UK,60-64,Adult,White,Retired,weekday,0,0,0,0,0,0,0,0,0,0
202,UK,40-44,Adult,Black,2,weekday,5,0,0,0,0,0,0,0,5,0
203,UK,35-39,Adult,White,Unemployed,weekday,2,0,0,0,0,0,0,0,2,0
204,UK,45-49,Adult,White,2,weekday,0,0,0,0,0,0,0,0,0,0
205,UK,60-64,Adult,White,1,weekday,0,0,0,0,0,0,0,0,0,0
206,UK,40-44,Adult,White,Unemployed,weekday,14,0,0,0,0,0,0,2,11,1
207,UK,35-39,Adult,Mixed,2,weekday,0,0,0,0,0,0,0,0,0,0
209,UK,20-24,Adult,Asian,1,weekday,7,0,0,0,0,0,0,5,2,0
210,UK,40-44,Adult,Asian,Unemployed,weekday,3,0,0,0,0,0,0,0,2,1
211,UK,50-54,Adult,White,2,weekday,0,0,0,0,0,0,0,0,0,0
212,UK,45-49,Adult,White,Unemployed,weekday,3,0,0,0,0,0,0,1,2,0
213,UK,40-44,Adult,Black,3,weekday,0,0,0,0,0,0,0,0,0,0
214,UK,55-59,Adult,White,Unknown,weekday,0,0,0,0,0,0,0,0,0,0
215,UK,40-44,Adult,Asian,2,weekday,1,0,0,0,0,0,0,0,1,0
216,UK,35-39,Adult,White,Unemployed,weekday,5,0,0,0,0,0,0,2,3,0
217,UK,40-44,Adult,White,6,weekday,0,0,0,0,0,0,0,0,0,0
218,UK,60-64,Adult,White,Retired,weekday,0,0,0,0,0,0,0,0,0,0
220,UK,50-54,Adult,White,Unemployed,weekday,0,0,0,0,0,0,0,0,0,0
221,UK,70-74,Adult,White,Unknown,weekday,0,0,0,0,0,0,0,0,0,0
222,UK,35-39,Adult,Other,2,weekday,0,0,0,0,0,0,0,0,0,0
223,UK,45-49,Adult,White,3,weekday,0,0,0,0,0,0,0,0,0,0
224,UK,65-69,Adult,White,Retired,weekday,0,0,0,0,0,0,0,0,0,0
225,UK,25-29,Adult,Asian,1,weekday,33,0,0,0,0,0,0,0,30,3
226,UK,50-54,Adult,White,3,weekday,0,0,0,0,0,0,0,0,0,0
227,UK,55-59,Adult,White,2,weekday,0,0,0,0,0,0,0,0,0,0
228,UK,50-54,Adult,White,3,weekday,0,0,0,0,0,0,0,0,0,0
229,UK,30-34,Adult,Black,1,weekday,0,0,0,0,0,0,0,0,0,0
231,UK,35-39,Adult,White,2,weekday,0,0,0,0,0,0,0,0,0,0
232,UK,75+,Adult,White,Retired,weekday,0,0,0,0,0,0,0,0,0,0
233,UK,20-24,Adult,Asian,6,weekday,0,0,0,0,0,0,0,0,0,0
234,UK,25-29,Adult,Mixed,1,weekday,0,0,0,0,0,0,0,0,0,0
235,UK,60-64,Adult,White,Unemployed,weekday,0,0,0,0,0,0,0,0,0,0
236,UK,45-49,Adult,Asian,6,weekday,2,0,0,0,0,0,0,0,2,0
237,UK,60-64,Adult,White,Unknown,weekday,30,0,0,0,0,0,0,0,20,10
238,UK,60-64,Adult,White,Retired,weekday,0,0,0,0,0,0,0,0,0,0
239,UK,55-59,Adult,White,3,weekday,2,0,0,0,0,0,0,0,2,0
240,UK,45-49,Adult,White,2,weekday,0,0,0,0,0,0,0,0,0,0
242,UK,60-64,Adult,White,3,weekday,0,0,0,0,0,0,0,0,0,0
243,UK,35-39,Adult,White,Unemployed,weekday,15,0,0,0,0,0,0,10,5,0
244,UK,40-44,Adult,Asian,Unknown,weekday,1,1,0,0,0,0,0,0,0,0
245,UK,60-64,Adult,White,Unemployed,weekday,0,0,0,0,0,0,0,0,0,0
246,UK,20-24,Adult,White,2,weekday,5,0,0,0,0,0,0,2,2,1
247,UK,50-54,Adult,White,2,weekday,0,0,0,0,0,0,0,0,0,0
248,UK,65-69,Adult,White,4,weekday,1,0,0,0,0,0,0,1,0,0
249,UK,45-49,Adult,White,2,weekday,24,0,0,0,20,4,0,0,0,0
250,UK,55-59,Adult,White,2,weekday,0,0,0,0,0,0,0,0,0,0
251,UK,60-64,Adult,White,2,weekday,2,0,0,0,0,0,0,0,2,0
253,UK,45-49,Adult,White,2,weekday,4,0,0,0,0,0,0,2,2,0
254,UK,55-59,Adult,White,1,weekday,20,0,0,0,0,0,0,0,20,0
255,UK,70-74,Adult,White,Retired,weekday,0,0,0,0,0,0,0,0,0,0
256,UK,50-54,Adult,White,6,weekday,0,0,0,0,0,0,0,0,0,0
257,UK,45-49,Adult,White,3,weekday,0,0,0,0,0,0,0,0,0,0
258,UK,20-24,Adult,Black,3,weekday,8,0,0,0,0,0,0,0,4,4
259,UK,20-24,Adult,Mixed,1,weekday,0,0,0,0,0,0,0,0,0,0
260,UK,50-54,Adult,Mixed,1,weekday,0,0,0,0,0,0,0,0,0,0
261,UK,45-49,Adult,White,6,weekday,0,0,0,0,0,0,0,0,0,0
262,UK,65-69,Adult,Asian,Retired,weekday,0,0,0,0,0,0,0,0,0,0
264,UK,50-54,Adult,Other,6,weekday,6,0,0,0,0,0,0,1,5,0
265,UK,35-39,Adult,Black,3,weekday,7,0,0,0,0,0,0,2,5,0
266,UK,55-59,Adult,White,Unemployed,weekday,0,0,0,0,0,0,0,0,0,0
267,UK,65-69,Adult,White,3,weekday,0,0,0,0,0,0,0,0,0,0
268,UK,55-59,Adult,White,Unemployed,weekday,2,0,0,0,0,0,0,0,1,1
269,UK,45-49,Adult,White,5,weekday,0,0,0,0,0,0,0,0,0,0
270,UK,45-49,Adult,Asian,Unemployed,weekday,0,0,0,0,0,0,0,0,0,0
271,UK,55-59,Adult,White,Unemployed,weekday,0,0,0,0,0,0,0,0,0,0
272,UK,45-49,Adult,White,Unemployed,weekday,0,0,0,0,0,0,0,0,0,0
273,UK,55-59,Adult,White,1,weekday,0,0,0,0,0,0,0,0,0,0
275,UK,55-59,Adult,White,Retired,weekday,0,0,0,0,0,0,0,0,0,0
276,UK,75+,Adult,White,Retired,weekday,0,0,0,0,0,0,0,0,0,0
277,UK,50-54,Adult,Asian,1,weekday,15,0,0,0,0,0,0,0,10,5
278,UK,45-49,Adult,White,Unemployed,weekday,0,0,0,0,0,0,0,0,0,0
279,UK,60-64,Adult,White,3,weekday,0,0,0,0,0,0,0,0,0,0
280,UK,45-49,Adult,White,6,weekday,0,0,0,0,0,0,0,0,0,0
281,UK,45-49,Adult,White,Unemployed,weekday,2,0,0,0,0,0,0,0,1,1
282,UK,75+,Adult,White,Retired,weekday,0,0,0,0,0,0,0,0,0,0
283,UK,55-59,Adult,White,Unemployed,weekday,0,0,0,0,0,0,0,0,0,0
284,UK,45-49,Adult,White,3,weekday,0,0,0,0,0,0,0,0,0,0
286,UK,55-59,Adult,White,2,weekday,1,0,0,0,0,0,0,0,1,0
287,UK,60-64,Adult,White,Retired,weekday,0,0,0,0,0,0,0,0,0,0
288,UK,45-49,Adult,White,4,weekday,2,0,0,0,0,0,0,2,0,0
289,UK,60-64,Adult,White,Unemployed,weekday,0,0,0,0,0,0,0,0,0,0
290,UK,50-54,Adult,White,1,weekday,0,0,0,0,0,0,0,0,0,0
291,UK,60-64,Adult,White,1,weekday,0,0,0,0,0,0,0,0,0,0
292,UK,70-74,Adult,White,Retired,weekday,0,0,0,0,0,0,0,0,0,0
293,UK,45-49,Adult,White,1,weekday,0,0,0,0,0,0,0,0,0,0
294,UK,70-74,Adult,White,Retired,weekday,0,0,0,0,0,0,0,0,0,0
295,UK,60-64,Adult,White,Unemployed,weekday,0,0,0,0,0,0,0,0,0,0
297,UK,60-64,Adult,White,5,weekday,0,0,0,0,0,0,0,0,0,0
298,UK,65-69,Adult,White,2,weekday,0,0,0,0,0,0,0,0,0,0
299,UK,70-74,Adult,White,Retired,weekday,0,0,0,0,0,0,0,0,0,0
300,UK,45-49,Adult,White,Unemployed,weekday,1,0,0,0,0,0,0,1,0,0
301,UK,60-64,Adult,White,2,weekday,3,0,0,0,0,0,0,0,3,0
302,UK,45-49,Adult,White,Unemployed,weekday,0,0,0,0,0,0,0,0,0,0
303,UK,70-74,Adult,White,7,weekday,0,0,0,0,0,0,0,0,0,0
304,UK,55-59,Adult,White,3,weekday,0,0,0,0,0,0,0,0,0,0
305,UK,60-64,Adult,White,7,weekday,0,0,0,0,0,0,0,0,0,0
306,UK,55-59,Adult,White,1,weekday,0,0,0,0,0,0,0,0,0,0
308,UK,55-59,Adult,White,2,weekday,0,0,0,0,0,0,0,0,0,0
309,UK,55-59,Adult,White,Unemployed,weekday,0,0,0,0,0,0,0,0,0,0
310,UK,60-64,Adult,White,3,weekday,0,0,0,0,0,0,0,0,0,0
311,UK,60-64,Adult,White,2,weekday,0,0,0,0,0,0,0,0,0,0
312,UK,55-59,Adult,White,3,weekday,0,0,0,0,0,0,0,0,0,0
313,UK,55-59,Adult,White,2,weekday,2,0,0,0,0,0,0,0,2,0
314,UK,60-64,Adult,White,Retired,weekday,0,0,0,0,0,0,0,0,0,0
315,UK,65-69,Adult,White,Retired,weekday,0,0,0,0,0,0,0,0,0,0
316,UK,65-69,Adult,White,Retired,weekday,0,0,0,0,0,0,0,0,0,0
317,UK,65-69,Adult,White,Retired,weekday,2,0,0,0,0,0,0,0,1,1
319,UK,65-69,Adult,White,3,weekday,0,0,0,0,0,0,0,0,0,0
391,UK,30-34,Adult,White,Unemployed,weekday,2,0,0,0,0,0,0,0,2,0
392,UK,20-24,Adult,White,2,weekday,0,0,0,0,0,0,0,0,0,0
393,UK,30-34,Adult,White,1,weekday,2,0,0,0,0,0,0,0,2,0
394,UK,30-34,Adult,White,3,weekend,0,0,0,0,0,0,0,0,0,0
395,UK,20-24,Adult,Asian,Unknown,weekday,0,0,0,0,0,0,0,0,0,0
396,UK,45-49,Adult,White,6,weekday,0,0,0,0,0,0,0,0,0,0
397,UK,60-64,Adult,White,Retired,weekday,0,0,0,0,0,0,0,0,0,0
398,UK,65-69,Adult,White,Retired,weekday,0,0,0,0,0,0,0,0,0,0
399,UK,45-49,Adult,White,2,weekday,105,0,0,0,0,0,0,100,5,0
401,UK,25-29,Adult,Asian,3,weekend,5,0,0,0,0,0,0,1,3,1
402,UK,60-64,Adult,White,Unemployed,weekday,0,0,0,0,0,0,0,0,0,0
403,UK,45-49,Adult,White,1,weekday,0,0,0,0,0,0,0,0,0,0
404,UK,35-39,Adult,White,7,weekday,0,0,0,0,0,0,0,0,0,0
405,UK,35-39,Adult,White,Unemployed,weekend,0,0,0,0,0,0,0,0,0,0
406,UK,65-69,Adult,White,Retired,weekday,0,0,0,0,0,0,0,0,0,0
407,UK,75+,Adult,White,Retired,weekday,0,0,0,0,0,0,0,0,0,0
408,UK,50-54,Adult,White,3,weekday,1,0,0,0,0,0,0,0,1,0
409,UK,40-44,Adult,White,Unemployed,weekday,1,0,0,0,0,0,0,1,0,0
410,UK,25-29,Adult,White,1,weekday,0,0,0,0,0,0,0,0,0,0
412,UK,25-29,Adult,Black,2,weekday,8,0,0,0,0,0,0,2,4,2
413,UK,65-69,Adult,White,Retired,weekday,0,0,0,0,0,0,0,0,0,0
414,UK,65-69,Adult,White,Retired,weekday,0,0,0,0,0,0,0,0,0,0
415,UK,55-59,Adult,White,2,weekday,0,0,0,0,0,0,0,0,0,0
416,UK,60-64,Adult,White,Retired,weekday,0,0,0,0,0,0,0,0,0,0
417,UK,35-39,Adult,White,3,weekend,0,0,0,0,0,0,0,0,0,0
418,UK,40-44,Adult,White,1,weekday,0,0,0,0,0,0,0,0,0,0
419,UK,45-49,Adult,White,4,weekend,0,0,0,0,0,0,0,0,0,0
420,UK,25-29,Adult,Black,2,weekday,0,0,0,0,0,0,0,0,0,0
421,UK,35-39,Adult,Asian,Unemployed,weekday,2,0,0,0,0,0,0,0,2,0
423,UK,40-44,Adult,White,2,weekday,3,0,0,0,0,0,0,0,3,0
424,UK,45-49,Adult,White,2,weekday,0,0,0,0,0,0,0,0,0,0
425,UK,60-64,Adult,White,Unemployed,weekday,8,0,0,0,0,0,0,0,5,3
426,UK,60-64,Adult,White,3,weekday,23,8,10,5,0,0,0,0,0,0
427,UK,45-49,Adult,White,Unknown,weekday,0,0,0,0,0,0,0,0,0,0
428,UK,35-39,Adult,Black,7,weekday,118,0,0,0,0,0,0,13,35,70
429,UK,40-44,Adult,White,6,weekday,0,0,0,0,0,0,0,0,0,0
430,UK,50-54,Adult,White,2,weekday,0,0,0,0,0,0,0,0,0,0
431,UK,50-54,Adult,White,6,weekday,0,0,0,0,0,0,0,0,0,0
432,UK,40-44,Adult,White,2,weekday,0,0,0,0,0,0,0,0,0,0
434,UK,35-39,Adult,White,2,weekend,0,0,0,0,0,0,0,0,0,0
435,UK,35-39,Adult,White,1,weekday,0,0,0,0,0,0,0,0,0,0
436,UK,15-19,Adult,White,Student,weekday,7,0,0,0,0,0,0,1,5,1
437,UK,50-54,Adult,White,Unemployed,weekday,3,0,0,0,0,0,0,0,1,2
438,UK,40-44,Adult,White,Unemployed,weekday,30,0,0,0,0,0,0,0,10,20
439,UK,25-29,Adult,White,2,weekday,0,0,0,0,0,0,0,0,0,0
440,UK,25-29,Adult,Black,1,weekday,0,0,0,0,0,0,0,0,0,0
441,UK,55-59,Adult,White,1,weekday,0,0,0,0,0,0,0,0,0,0
442,UK,35-39,Adult,White,Unemployed,weekend,0,0,0,0,0,0,0,0,0,0
443,UK,15-19,Adult,Asian,7,weekday,0,0,0,0,0,0,0,0,0,0
445,UK,25-29,Adult,Asian,1,weekday,0,0,0,0,0,0,0,0,0,0
446,UK,30-34,Adult,White,Unemployed,weekday,20,0,0,0,0,0,0,0,10,10
447,UK,35-39,Adult,White,Unemployed,weekday,0,0,0,0,0,0,0,0,0,0
448,UK,20-24,Adult,White,5,weekday,0,0,0,0,0,0,0,0,0,0
449,UK,65-69,Adult,White,1,weekday,0,0,0,0,0,0,0,0,0,0
450,UK,30-34,Adult,White,Unemployed,weekday,0,0,0,0,0,0,0,0,0,0
451,UK,50-54,Adult,White,2,weekday,0,0,0,0,0,0,0,0,0,0
452,UK,35-39,Adult,White,3,weekday,0,0,0,0,0,0,0,0,0,0
453,UK,40-44,Adult,White,6,weekday,4,0,0,0,0,0,0,1,2,1
454,UK,50-54,Adult,White,6,weekday,0,0,0,0,0,0,0,0,0,0
456,UK,50-54,Adult,White,6,weekend,0,0,0,0,0,0,0,0,0,0
457,UK,25-29,Adult,White,2,weekend,5,0,0,0,0,0,0,0,5,0
458,UK,15-19,Adult,White,7,weekday,0,0,0,0,0,0,0,0,0,0
459,UK,70-74,Adult,White,Retired,weekday,0,0,0,0,0,0,0,0,0,0
460,UK,75+,Adult,White,Retired,weekday,0,0,0,0,0,0,0,0,0,0
461,UK,60-64,Adult,White,7,weekday,2,0,0,0,0,0,0,0,2,0
462,UK,30-34,Adult,White,3,weekend,0,0,0,0,0,0,0,0,0,0
463,UK,75+,Adult,White,Retired,weekday,0,0,0,0,0,0,0,0,0,0
464,UK,45-49,Adult,White,3,weekday,0,0,0,0,0,0,0,0,0,0
465,UK,65-69,Adult,White,Unknown,weekday,3,0,0,0,0,0,0,0,3,0
467,UK,15-19,Adult,White,Student,weekday,0,0,0,0,0,0,0,0,0,0
468,UK,45-49,Adult,White,2,weekday,0,0,0,0,0,0,0,0,0,0
469,UK,45-49,Adult,White,7,weekend,0,0,0,0,0,0,0,0,0,0
470,UK,60-64,Adult,White,Retired,weekday,1,0,0,0,0,0,0,0,1,0
471,UK,45-49,Adult,White,Unemployed,weekend,0,0,0,0,0,0,0,0,0,0
472,UK,40-44,Adult,White,Unknown,weekday,1,0,0,0,0,0,0,0,1,0
473,UK,25-29,Adult,Asian,Unemployed,weekday,0,0,0,0,0,0,0,0,0,0
474,UK,60-64,Adult,Black,3,weekday,0,0,0,0,0,0,0,0,0,0
475,UK,20-24,Adult,White,1,weekday,30,0,0,0,0,0,0,20,10,0
476,UK,65-69,Adult,White,Retired,weekday,0,0,0,0,0,0,0,0,0,0
478,UK,25-29,Adult,White,1,weekday,0,0,0,0,0,0,0,0,0,0
479,UK,35-39,Adult,Black,2,weekday,0,0,0,0,0,0,0,0,0,0
480,UK,50-54,Adult,White,6,weekend,3,0,0,0,0,0,0,0,3,0
481,UK,35-39,Adult,White,2,weekday,0,0,0,0,0,0,0,0,0,0
482,UK,50-54,Adult,White,1,weekday,8,0,0,0,0,0,0,0,6,2
483,UK,30-34,Adult,White,2,weekday,1,0,0,0,0,0,0,1,0,0
484,UK,25-29,Adult,White,4,weekday,0,0,0,0,0,0,0,0,0,0
485,UK,15-19,Adult,Mixed,7,weekday,0,0,0,0,0,0,0,0,0,0
486,UK,70-74,Adult,White,1,weekday,0,0,0,0,0,0,0,0,0,0
487,UK,50-54,Adult,White,1,weekday,0,0,0,0,0,0,0,0,0,0
489,UK,50-54,Adult,White,6,weekday,0,0,0,0,0,0,0,0,0,0
490,UK,40-44,Adult,White,Unemployed,weekday,0,0,0,0,0,0,0,0,0,0
491,UK,30-34,Adult,White,6,weekday,0,0,0,0,0,0,0,0,0,0
492,UK,45-49,Adult,White,3,weekday,0,0,0,0,0,0,0,0,0,0
493,UK,30-34,Adult,White,6,weekday,10,0,0,0,0,0,0,0,10,0
494,UK,45-49,Adult,White,1,weekday,0,0,0,0,0,0,0,0,0,0
495,UK,50-54,Adult,White,1,weekday,4,0,0,0,0,0,0,0,3,1
496,UK,30-34,Adult,White,1,weekday,0,0,0,0,0,0,0,0,0,0
497,UK,35-39,Adult,White,3,weekday,0,0,0,0,0,0,0,0,0,0
498,UK,30-34,Adult,Black,2,weekday,24,3,4,3,0,0,0,4,5,5
500,UK,20-24,Adult,Asian,3,weekday,0,0,0,0,0,0,0,0,0,0
501,UK,40-44,Adult,White,3,weekday,0,0,0,0,0,0,0,0,0,0
502,UK,35-39,Adult,White,2,weekday,32,0,0,0,28,4,0,0,0,0
503,UK,60-64,Adult,White,Unknown,weekday,0,0,0,0,0,0,0,0,0,0
504,UK,60-64,Adult,White,Unemployed,weekday,0,0,0,0,0,0,0,0,0,0
505,UK,60-64,Adult,White,1,weekday,0,0,0,0,0,0,0,0,0,0
506,UK,50-54,Adult,White,3,weekday,0,0,0,0,0,0,0,0,0,0
507,UK,35-39,Adult,Asian,3,weekday,7,0,0,0,0,0,0,0,3,4
508,UK,55-59,Adult,White,Unemployed,weekday,0,0,0,0,0,0,0,0,0,0
509,UK,15-19,Adult,Black,6,weekday,0,0,0,0,0,0,0,0,0,0
511,UK,50-54,Adult,White,Unemployed,weekday,5,0,0,0,0,0,0,0,4,1
512,UK,65-69,Adult,White,2,weekday,2,0,0,0,0,0,0,0,2,0
513,UK,45-49,Adult,White,Unemployed,weekday,1,0,0,0,0,0,0,0,1,0
514,UK,55-59,Adult,White,4,weekday,10,0,0,0,0,0,0,1,8,1
515,UK,40-44,Adult,White,Unemployed,weekday,0,0,0,0,0,0,0,0,0,0
516,UK,65-69,Adult,White,7,weekend,0,0,0,0,0,0,0,0,0,0
517,UK,30-34,Adult,Asian,1,weekday,11,0,0,0,0,0,0,3,8,0
518,UK,40-44,Adult,Asian,4,weekday,0,0,0,0,0,0,0,0,0,0
519,UK,75+,Adult,White,Retired,weekend,1,0,0,0,0,0,0,0,1,0
520,UK,60-64,Adult,White,Retired,weekday,0,0,0,0,0,0,0,0,0,0
522,UK,25-29,Adult,Other,7,weekday,0,0,0,0,0,0,0,0,0,0
523,UK,25-29,Adult,White,Unknown,weekday,4,0,0,0,0,0,0,0,4,0
524,UK,40-44,Adult,White,3,weekday,0,0,0,0,0,0,0,0,0,0
525,UK,25-29,Adult,White,1,weekday,0,0,0,0,0,0,0,0,0,0
526,UK,25-29,Adult,White,2,weekday,0,0,0,0,0,0,0,0,0,0
527,UK,30-34,Adult,White,1,weekday,0,0,0,0,0,0,0,0,0,0
528,UK,40-44,Adult,White,2,weekday,0,0,0,0,0,0,0,0,0,0
529,UK,25-29,Adult,White,2,weekday,0,0,0,0,0,0,0,0,0,0
530,UK,20-24,Adult,White,3,weekend,0,0,0,0,0,0,0,0,0,0
531,UK,55-59,Adult,White,Unemployed,weekday,1,0,0,0,0,0,0,0,0,1
533,UK,55-59,Adult,White,Unemployed,weekday,4,0,0,0,0,0,0,1,3,0
534,UK,50-54,Adult,White,4,weekday,5,0,0,0,0,0,0,0,5,0
535,UK,70-74,Adult,White,Retired,weekday,3,0,0,0,0,0,0,1,1,1
536,UK,35-39,Adult,Black,2,weekday,0,0,0,0,0,0,0,0,0,0
537,UK,50-54,Adult,White,Unemployed,weekend,1,0,0,0,0,0,0,1,0,0
538,UK,60-64,Adult,White,Unemployed,weekday,0,0,0,0,0,0,0,0,0,0
539,UK,40-44,Adult,White,Unemployed,weekday,2,0,0,0,0,0,0,0,1,1
540,UK,60-64,Adult,White,Unknown,weekday,0,0,0,0,0,0,0,0,0,0
541,UK,20-24,Adult,Asian,5,weekend,6,0,0,0,0,0,0,0,5,1
542,UK,35-39,Adult,White,2,weekend,0,0,0,0,0,0,0,0,0,0
544,UK,50-54,Adult,White,6,weekend,13,0,0,0,0,0,0,1,10,2
545,UK,45-49,Adult,White,Unemployed,weekday,2,0,0,0,0,0,0,1,1,0
546,UK,45-49,Adult,White,7,weekend,3,0,0,0,0,0,0,2,1,0
547,UK,60-64,Adult,White,Unknown,weekday,0,0,0,0,0,0,0,0,0,0
548,UK,45-49,Adult,Asian,3,weekday,6,0,0,0,0,0,0,0,5,1
549,UK,35-39,Adult,White,7,weekday,0,0,0,0,0,0,0,0,0,0
550,UK,35-39,Adult,White,2,weekday,1,0,0,0,0,0,0,1,0,0
551,UK,45-49,Adult,White,2,weekend,0,0,0,0,0,0,0,0,0,0
552,UK,40-44,Adult,White,6,weekend,0,0,0,0,0,0,0,0,0,0
553,UK,40-44,Adult,Black,5,weekday,0,0,0,0,0,0,0,0,0,0
555,UK,35-39,Adult,White,6,weekday,0,0,0,0,0,0,0,0,0,0
556,UK,20-24,Adult,Asian,Student,weekday,0,0,0,0,0,0,0,0,0,0
557,UK,45-49,Adult,White,6,weekday,5,0,0,0,0,0,0,1,4,0
558,UK,35-39,Adult,Mixed,3,weekday,12,0,0,0,0,0,0,0,9,3
559,UK,40-44,Adult,White,3,weekday,0,0,0,0,0,0,0,0,0,0
560,UK,55-59,Adult,White,4,weekday,0,0,0,0,0,0,0,0,0,0
561,UK,60-64,Adult,White,Unknown,weekday,0,0,0,0,0,0,0,0,0,0
562,UK,20-24,Adult,Black,7,weekday,3,0,0,0,0,0,0,2,1,0
563,UK,25-29,Adult,White,2,weekday,6,0,0,0,0,0,0,5,1,0
564,UK,30-34,Adult,White,2,weekend,0,0,0,0,0,0,0,0,0,0
566,UK,45-49,Adult,White,1,weekday,0,0,0,0,0,0,0,0,0,0
567,UK,35-39,Adult,White,2,weekday,0,0,0,0,0,0,0,0,0,0
568,UK,25-29,Adult,White,5,weekday,1,0,0,0,0,0,0,1,0,0
569,UK,25-29,Adult,White,2,weekend,0,0,0,0,0,0,0,0,0,0
570,UK,25-29,Adult,White,3,weekend,2,0,0,0,0,0,0,0,2,0
571,UK,15-19,Adult,Asian,3,weekday,0,0,0,0,0,0,0,0,0,0
572,UK,30-34,Adult,Black,2,weekend,60,0,0,0,0,0,0,20,30,10
573,UK,40-44,Adult,White,2,weekday,10,0,0,0,0,0,0,0,10,0
574,UK,40-44,Adult,White,2,weekday,0,0,0,0,0,0,0,0,0,0
575,UK,35-39,Adult,White,3,weekday,34,0,0,0,20,10,0,2,2,0
577,UK,35-39,Adult,White,3,weekday,0,0,0,0,0,0,0,0,0,0
578,UK,25-29,Adult,Asian,2,weekday,3,0,0,0,0,0,0,1,2,0
579,UK,40-44,Adult,White,1,weekday,0,0,0,0,0,0,0,0,0,0
580,UK,35-39,Adult,White,2,weekday,0,0,0,0,0,0,0,0,0,0
581,UK,35-39,Adult,Asian,1,weekday,2,0,0,0,0,0,0,2,0,0
582,UK,25-29,Adult,White,1,weekday,6,0,2,1,0,0,0,0,2,1
583,UK,55-59,Adult,White,Unemployed,weekday,0,0,0,0,0,0,0,0,0,0
584,UK,35-39,Adult,White,5,weekday,12,0,0,0,0,0,0,4,8,0
585,UK,50-54,Adult,Black,1,weekday,0,0,0,0,0,0,0,0,0,0
586,UK,40-44,Adult,White,1,weekday,2,0,0,0,0,0,0,0,2,0
588,UK,30-34,Adult,White,3,weekday,2,0,0,0,0,0,0,1,1,0
589,UK,50-54,Adult,White,1,weekday,10,0,0,0,0,0,0,0,10,0
590,UK,35-39,Adult,White,Unemployed,weekend,0,0,0,0,0,0,0,0,0,0
591,UK,35-39,Adult,Mixed,3,weekday,202,0,100,1,0,0,0,0,100,1
592,UK,40-44,Adult,White,7,weekday,0,0,0,0,0,0,0,0,0,0
593,UK,70-74,Adult,White,Retired,weekday,0,0,0,0,0,0,0,0,0,0
594,UK,40-44,Adult,White,Unknown,weekday,0,0,0,0,0,0,0,0,0,0
595,UK,25-29,Adult,White,4,weekday,0,0,0,0,0,0,0,0,0,0
596,UK,25-29,Adult,White,Unemployed,weekday,1,0,0,0,0,0,0,1,0,0
597,UK,25-29,Adult,White,4,weekday,0,0,0,0,0,0,0,0,0,0
599,UK,45-49,Adult,White,3,weekday,0,0,0,0,0,0,0,0,0,0
600,UK,35-39,Adult,White,3,weekend,0,0,0,0,0,0,0,0,0,0
601,UK,40-44,Adult,White,2,weekday,0,0,0,0,0,0,0,0,0,0
602,UK,25-29,Adult,White,Unemployed,weekend,0,0,0,0,0,0,0,0,0,0
603,UK,20-24,Adult,White,1,weekday,7,0,0,0,0,0,0,0,6,1
604,UK,20-24,Adult,Black,3,weekday,1,0,0,0,0,0,0,0,1,0
605,UK,55-59,Adult,White,Unemployed,weekday,0,0,0,0,0,0,0,0,0,0
606,UK,30-34,Adult,White,6,weekday,0,0,0,0,0,0,0,0,0,0
607,UK,30-34,Adult,Black,6,weekday,0,0,0,0,0,0,0,0,0,0
608,UK,30-34,Adult,White,2,weekday,1,0,0,0,0,0,0,1,0,0
610,UK,65-69,Adult,White,Retired,weekday,0,0,0,0,0,0,0,0,0,0
611,UK,55-59,Adult,White,Unemployed,weekday,0,0,0,0,0,0,0,0,0,0
612,UK,35-39,Adult,White,2,weekday,0,0,0,0,0,0,0,0,0,0
613,UK,65-69,Adult,White,Retired,weekday,0,0,0,0,0,0,0,0,0,0
614,UK,35-39,Adult,White,1,weekday,7,0,0,0,0,0,0,0,4,3
615,UK,60-64,Adult,White,Retired,weekday,0,0,0,0,0,0,0,0,0,0
616,UK,20-24,Adult,Black,7,weekend,0,0,0,0,0,0,0,0,0,0
617,UK,20-24,Adult,White,1,weekend,4,0,0,0,0,0,0,2,2,0
618,UK,45-49,Adult,White,Unemployed,weekday,6,0,0,0,0,0,0,0,6,0
619,UK,35-39,Adult,White,3,weekday,3,0,0,0,0,0,0,0,3,0
621,UK,50-54,Adult,White,5,weekday,8,0,4,0,0,0,0,0,4,0
622,UK,45-49,Adult,White,Unknown,weekday,0,0,0,0,0,0,0,0,0,0
623,UK,20-24,Adult,White,Student,weekday,0,0,0,0,0,0,0,0,0,0
624,UK,45-49,Adult,White,1,weekend,0,0,0,0,0,0,0,0,0,0
625,UK,40-44,Adult,White,1,weekday,0,0,0,0,0,0,0,0,0,0
626,UK,35-39,Adult,White,7,weekend,2,0,0,0,0,0,0,0,2,0
627,UK,60-64,Adult,White,Unemployed,weekday,0,0,0,0,0,0,0,0,0,0
628,UK,30-34,Adult,Black,Unknown,weekday,1,0,0,0,0,0,0,0,1,0
629,UK,40-44,Adult,Mixed,2,weekday,42,0,0,0,0,0,0,40,2,0
630,UK,25-29,Adult,White,2,weekday,0,0,0,0,0,0,0,0,0,0
632,UK,60-64,Adult,White,Unemployed,weekday,0,0,0,0,0,0,0,0,0,0
633,UK,45-49,Adult,Asian,2,weekday,0,0,0,0,0,0,0,0,0,0
634,UK,45-49,Adult,Asian,6,weekday,3,0,0,0,0,0,0,2,1,0
635,UK,60-64,Adult,White,2,weekday,0,0,0,0,0,0,0,0,0,0
636,UK,40-44,Adult,White,2,weekday,5,0,0,0,0,0,0,3,2,0
637,UK,35-39,Adult,White,4,weekend,0,0,0,0,0,0,0,0,0,0
638,UK,25-29,Adult,White,Unemployed,weekday,0,0,0,0,0,0,0,0,0,0
639,UK,25-29,Adult,White,1,weekday,0,0,0,0,0,0,0,0,0,0
640,UK,40-44,Adult,Asian,1,weekday,2,0,0,0,0,0,0,0,2,0
641,UK,35-39,Adult,White,3,weekday,0,0,0,0,0,0,0,0,0,0
643,UK,40-44,Adult,White,6,weekday,2,0,0,0,0,0,0,0,2,0
644,UK,35-39,Adult,White,2,weekday,0,0,0,0,0,0,0,0,0,0
645,UK,35-39,Adult,White,Unemployed,weekend,0,0,0,0,0,0,0,0,0,0
646,UK,15-19,Adult,White,Student,weekday,0,0,0,0,0,0,0,0,0,0
647,UK,25-29,Adult,White,1,weekday,0,0,0,0,0,0,0,0,0,0
648,UK,30-34,Adult,White,2,weekday,0,0,0,0,0,0,0,0,0,0
649,UK,20-24,Adult,White,7,weekday,3,0,0,0,0,0,0,0,3,0
650,UK,30-34,Adult,Other,2,weekday,0,0,0,0,0,0,0,0,0,0
651,UK,35-39,Adult,Asian,2,weekday,0,0,0,0,0,0,0,0,0,0
652,UK,35-39,Adult,White,1,weekday,24,0,0,0,4,4,4,4,4,4
654,UK,15-19,Adult,White,Unemployed,weekday,0,0,0,0,0,0,0,0,0,0
655,UK,70-74,Adult,White,1,weekday,0,0,0,0,0,0,0,0,0,0
656,UK,45-49,Adult,White,3,weekday,0,0,0,0,0,0,0,0,0,0
657,UK,50-54,Adult,White,Unemployed,weekday,0,0,0,0,0,0,0,0,0,0
658,UK,50-54,Adult,White,4,weekday,0,0,0,0,0,0,0,0,0,0
659,UK,75+,Adult,White,Retired,weekday,0,0,0,0,0,0,0,0,0,0
660,UK,30-34,Adult,White,7,weekday,0,0,0,0,0,0,0,0,0,0
661,UK,40-44,Adult,White,3,weekend,0,0,0,0,0,0,0,0,0,0
662,UK,35-39,Adult,Asian,1,weekday,6,0,0,0,0,0,0,1,1,4
663,UK,45-49,Adult,White,1,weekday,0,0,0,0,0,0,0,0,0,0
665,UK,20-24,Adult,White,Unknown,weekend,1,0,0,0,0,0,0,0,1,0
666,UK,40-44,Adult,Black,5,weekend,0,0,0,0,0,0,0,0,0,0
667,UK,30-34,Adult,White,5,weekday,0,0,0,0,0,0,0,0,0,0
668,UK,45-49,Adult,White,2,weekday,8,0,0,0,0,0,0,6,2,0
669,UK,35-39,Adult,White,Unemployed,weekday,0,0,0,0,0,0,0,0,0,0
670,UK,40-44,Adult,White,1,weekday,0,0,0,0,0,0,0,0,0,0
671,UK,60-64,Adult,White,Retired,weekday,0,0,0,0,0,0,0,0,0,0
672,UK,55-59,Adult,White,1,weekday,11,0,5,0,0,0,0,0,6,0
673,UK,50-54,Adult,White,2,weekday,0,0,0,0,0,0,0,0,0,0
674,UK,70-74,Adult,White,Retired,weekday,1,0,0,0,0,0,0,0,0,1
676,UK,55-59,Adult,White,4,weekday,0,0,0,0,0,0,0,0,0,0
677,UK,20-24,Adult,White,2,weekday,0,0,0,0,0,0,0,0,0,0
678,UK,55-59,Adult,White,6,weekend,0,0,0,0,0,0,0,0,0,0
679,UK,60-64,Adult,White,Unemployed,weekday,0,0,0,0,0,0,0,0,0,0
680,UK,55-59,Adult,White,7,weekday,0,0,0,0,0,0,0,0,0,0
681,UK,45-49,Adult,White,2,weekday,0,0,0,0,0,0,0,0,0,0
682,UK,50-54,Adult,White,2,weekday,1,0,0,0,0,0,0,0,0,1
683,UK,50-54,Adult,White,3,weekday,30,0,0,0,0,0,0,0,20,10
684,UK,45-49,Adult,White,2,weekend,0,0,0,0,0,0,0,0,0,0
685,UK,15-19,Adult,White,1,weekday,3,0,0,0,0,0,0,1,2,0
687,UK,45-49,Adult,White,1,weekday,0,0,0,0,0,0,0,0,0,0
688,UK,55-59,Adult,White,1,weekday,15,0,0,0,0,0,0,0,15,0
689,UK,45-49,Adult,White,1,weekday,0,0,0,0,0,0,0,0,0,0
690,UK,50-54,Adult,White,3,weekday,0,0,0,0,0,0,0,0,0,0
691,UK,45-49,Adult,White,5,weekday,0,0,0,0,0,0,0,0,0,0
692,UK,20-24,Adult,White,2,weekday,0,0,0,0,0,0,0,0,0,0
693,UK,60-64,Adult,White,5,weekday,0,0,0,0,0,0,0,0,0,0
694,UK,50-54,Adult,White,4,weekday,2,0,0,0,0,0,0,0,2,0
695,UK,50-54,Adult,White,1,weekday,4,0,0,0,0,0,0,3,1,0
696,UK,45-49,Adult,White,3,weekday,0,0,0,0,0,0,0,0,0,0
698,UK,55-59,Adult,White,6,weekday,0,0,0,0,0,0,0,0,0,0
699,UK,45-49,Adult,White,Unemployed,weekday,0,0,0,0,0,0,0,0,0,0
700,UK,60-64,Adult,White,2,weekday,0,0,0,0,0,0,0,0,0,0
701,UK,50-54,Adult,White,Retired,weekday,0,0,0,0,0,0,0,0,0,0
702,UK,60-64,Adult,White,Retired,weekday,0,0,0,0,0,0,0,0,0,0
703,UK,70-74,Adult,White,Retired,weekday,2,0,0,0,0,0,0,0,2,0
704,UK,45-49,Adult,White,4,weekday,0,0,0,0,0,0,0,0,0,0
705,UK,60-64,Adult,White,3,weekday,0,0,0,0,0,0,0,0,0,0
706,UK,60-64,Adult,White,3,weekday,4,0,0,0,0,0,0,1,3,0
707,UK,50-54,Adult,White,Unemployed,weekday,0,0,0,0,0,0,0,0,0,0
709,UK,60-64,Adult,White,Retired,weekend,1,0,0,0,0,0,0,0,1,0
710,UK,50-54,Adult,White,Unknown,weekday,1,0,0,0,0,0,0,0,1,0
711,UK,50-54,Adult,White,1,weekday,1,0,0,0,0,0,0,0,1,0
712,UK,55-59,Adult,White,Retired,weekend,1,0,0,0,0,0,0,0,1,0
713,UK,45-49,Adult,White,Unemployed,weekend,1,0,0,0,0,0,0,0,1,0
714,UK,55-59,Adult,White,7,weekday,0,0,0,0,0,0,0,0,0,0
715,UK,65-69,Adult,White,5,weekday,0,0,0,0,0,0,0,0,0,0
716,UK,45-49,Adult,Black,1,weekday,0,0,0,0,0,0,0,0,0,0
717,UK,45-49,Adult,White,2,weekday,0,0,0,0,0,0,0,0,0,0
718,UK,50-54,Adult,White,2,weekday,0,0,0,0,0,0,0,0,0,0
720,UK,55-59,Adult,White,4,weekday,2,0,0,0,0,0,0,1,1,0
721,UK,60-64,Adult,White,Unemployed,weekday,0,0,0,0,0,0,0,0,0,0
722,UK,60-64,Adult,White,Retired,weekday,0,0,0,0,0,0,0,0,0,0
723,UK,55-59,Adult,White,3,weekday,0,0,0,0,0,0,0,0,0,0
724,UK,45-49,Adult,White,3,weekend,1,0,0,0,0,0,0,1,0,0
725,UK,45-49,Adult,White,5,weekday,2,0,0,0,0,0,0,0,0,2
726,UK,60-64,Adult,White,2,weekday,0,0,0,0,0,0,0,0,0,0
727,UK,60-64,Adult,White,Retired,weekday,0,0,0,0,0,0,0,0,0,0
728,UK,50-54,Adult,White,1,weekday,0,0,0,0,0,0,0,0,0,0
729,UK,45-49,Adult,White,Unemployed,weekday,0,0,0,0,0,0,0,0,0,0
731,UK,55-59,Adult,White,2,weekday,152,2,100,50,0,0,0,0,0,0
732,UK,55-59,Adult,White,1,weekday,32,0,0,0,0,0,0,0,30,2
733,UK,60-64,Adult,White,4,weekday,0,0,0,0,0,0,0,0,0,0
734,UK,50-54,Adult,White,7,weekend,9,0,0,0,0,0,0,3,3,3
735,UK,55-59,Adult,White,2,weekday,130,0,0,0,0,0,0,10,70,50
736,UK,50-54,Adult,White,2,weekday,2,0,0,0,0,0,0,0,2,0
737,UK,65-69,Adult,White,4,weekday,0,0,0,0,0,0,0,0,0,0
738,UK,55-59,Adult,Mixed,Unemployed,weekday,0,0,0,0,0,0,0,0,0,0
739,UK,70-74,Adult,White,3,weekend,22,0,0,0,0,0,0,0,2,20
740,UK,50-54,Adult,White,Unknown,weekday,0,0,0,0,0,0,0,0,0,0
742,UK,75+,Adult,Asian,Retired,weekday,0,0,0,0,0,0,0,0,0,0
743,UK,50-54,Adult,White,3,weekday,2,0,0,0,0,0,0,0,2,0
744,UK,50-54,Adult,White,1,weekday,0,0,0,0,0,0,0,0,0,0
745,UK,45-49,Adult,White,Unemployed,weekday,0,0,0,0,0,0,0,0,0,0
746,UK,65-69,Adult,White,Retired,weekday,0,0,0,0,0,0,0,0,0,0
747,UK,45-49,Adult,White,3,weekday,0,0,0,0,0,0,0,0,0,0
748,UK,75+,Adult,White,Retired,weekday,0,0,0,0,0,0,0,0,0,0
749,UK,60-64,Adult,White,2,weekday,0,0,0,0,0,0,0,0,0,0
750,UK,50-54,Adult,Asian,1,weekday,2,0,1,0,0,0,0,0,1,0
751,UK,50-54,Adult,White,Unemployed,weekend,0,0,0,0,0,0,0,0,0,0
753,UK,55-59,Adult,White,1,weekday,0,0,0,0,0,0,0,0,0,0
754,UK,55-59,Adult,White,7,weekday,0,0,0,0,0,0,0,0,0,0
755,UK,75+,Adult,White,Retired,weekday,0,0,0,0,0,0,0,0,0,0
756,UK,55-59,Adult,Other,Unknown,weekday,0,0,0,0,0,0,0,0,0,0
757,UK,65-69,Adult,White,Retired,weekday,0,0,0,0,0,0,0,0,0,0
758,UK,70-74,Adult,Asian,Retired,weekday,0,0,0,0,0,0,0,0,0,0
759,UK,65-69,Adult,White,Retired,weekday,0,0,0,0,0,0,0,0,0,0
760,UK,60-64,Adult,White,2,weekday,3,0,0,0,0,0,0,0,3,0
761,UK,65-69,Adult,Black,Retired,weekday,0,0,0,0,0,0,0,0,0,0
762,UK,55-59,Adult,White,Unemployed,weekday,0,0,0,0,0,0,0,0,0,0
764,UK,55-59,Adult,Asian,3,weekday,4,0,0,0,0,0,0,0,4,0
765,UK,70-74,Adult,White,7,weekday,0,0,0,0,0,0,0,0,0,0
766,UK,75+,Adult,White,Retired,weekday,39,0,0,0,0,0,0,0,39,0
767,UK,55-59,Adult,Asian,1,weekday,0,0,0,0,0,0,0,0,0,0
768,UK,70-74,Adult,Asian,Retired,weekday,0,0,0,0,0,0,0,0,0,0
769,UK,60-64,Adult,White,2,weekday,0,0,0,0,0,0,0,0,0,0
770,UK,55-59,Adult,White,1,weekday,0,0,0,0,0,0,0,0,0,0
771,UK,65-69,Adult,White,Retired,weekend,0,0,0,0,0,0,0,0,0,0
772,UK,55-59,Adult,White,Unemployed,weekday,0,0,0,0,0,0,0,0,0,0
773,UK,55-59,Adult,White,Unemployed,weekday,0,0,0,0,0,0,0,0,0,0
775,UK,60-64,Adult,White,5,weekday,4,0,2,1,0,0,0,0,0,1
776,UK,60-64,Adult,White,Retired,weekday,0,0,0,0,0,0,0,0,0,0
777,UK,55-59,Adult,Black,6,weekday,0,0,0,0,0,0,0,0,0,0
778,UK,60-64,Adult,Asian,4,weekend,0,0,0,0,0,0,0,0,0,0
779,UK,65-69,Adult,White,Unknown,weekday,0,0,0,0,0,0,0,0,0,0
780,UK,55-59,Adult,White,2,weekend,2,0,0,0,0,0,0,1,1,0
781,UK,70-74,Adult,Asian,Retired,weekday,0,0,0,0,0,0,0,0,0,0
782,UK,60-64,Adult,White,Unemployed,weekday,0,0,0,0,0,0,0,0,0,0
783,UK,65-69,Adult,White,1,weekday,0,0,0,0,0,0,0,0,0,0
784,UK,65-69,Adult,White,3,weekday,0,0,0,0,0,0,0,0,0,0
786,UK,70-74,Adult,Asian,Retired,weekday,0,0,0,0,0,0,0,0,0,0
787,UK,70-74,Adult,White,Retired,weekday,0,0,0,0,0,0,0,0,0,0
788,UK,60-64,Adult,White,5,weekend,0,0,0,0,0,0,0,0,0,0
789,UK,55-59,Adult,White,1,weekday,3,0,0,0,0,0,0,0,3,0
790,UK,70-74,Adult,White,Retired,weekday,0,0,0,0,0,0,0,0,0,0
791,UK,55-59,Adult,White,1,weekday,0,0,0,0,0,0,0,0,0,0
792,UK,70-74,Adult,White,6,weekday,76,1,50,25,0,0,0,0,0,0
793,UK,65-69,Adult,White,Retired,weekday,30,0,0,0,0,0,0,10,10,10
794,UK,70-74,Adult,White,Retired,weekday,55,5,25,25,0,0,0,0,0,0
795,UK,55-59,Adult,White,Unknown,weekday,0,0,0,0,0,0,0,0,0,0
797,UK,55-59,Adult,Asian,2,weekday,3,0,0,0,0,0,0,0,3,0
798,UK,60-64,Adult,White,3,weekday,0,0,0,0,0,0,0,0,0,0
799,UK,55-59,Adult,White,Unknown,weekday,10,0,0,0,0,0,0,9,1,0
800,UK,65-69,Adult,White,Retired,weekday,9,0,0,0,0,0,0,0,6,3
801,UK,55-59,Adult,White,2,weekday,0,0,0,0,0,0,0,0,0,0
802,UK,65-69,Adult,White,7,weekday,0,0,0,0,0,0,0,0,0,0
803,UK,75+,Adult,White,2,weekday,0,0,0,0,0,0,0,0,0,0
804,UK,65-69,Adult,White,7,weekday,0,0,0,0,0,0,0,0,0,0
805,UK,75+,Adult,White,Retired,weekday,0,0,0,0,0,0,0,0,0,0
869,UK,50-54,Adult,White,Unemployed,weekday,23,0,0,0,0,0,0,0,20,3
870,UK,45-49,Adult,White,2,weekend,0,0,0,0,0,0,0,0,0,0
871,UK,40-44,Adult,White,4,weekend,0,0,0,0,0,0,0,0,0,0
872,UK,65-69,Adult,White,Retired,weekend,0,0,0,0,0,0,0,0,0,0
873,UK,25-29,Adult,Asian,1,weekday,0,0,0,0,0,0,0,0,0,0
874,UK,40-44,Adult,White,6,weekday,0,0,0,0,0,0,0,0,0,0
875,UK,30-34,Adult,White,Unemployed,weekend,0,0,0,0,0,0,0,0,0,0
876,UK,35-39,Adult,White,1,weekday,10,0,0,0,0,0,0,5,4,1
877,UK,55-59,Adult,White,3,weekday,0,0,0,0,0,0,0,0,0,0
879,UK,40-44,Adult,White,3,weekday,2,0,2,0,0,0,0,0,0,0
880,UK,40-44,Adult,White,4,weekday,0,0,0,0,0,0,0,0,0,0
881,UK,35-39,Adult,White,Unemployed,weekend,0,0,0,0,0,0,0,0,0,0
882,UK,55-59,Adult,White,Unemployed,weekday,7,0,0,0,0,0,0,0,5,2
883,UK,40-44,Adult,White,7,weekend,0,0,0,0,0,0,0,0,0,0
884,UK,20-24,Adult,Mixed,4,weekday,0,0,0,0,0,0,0,0,0,0
885,UK,20-24,Adult,Black,3,weekday,2,0,0,0,0,0,0,0,2,0
886,UK,60-64,Adult,White,Unemployed,weekend,0,0,0,0,0,0,0,0,0,0
887,UK,55-59,Adult,White,4,weekday,0,0,0,0,0,0,0,0,0,0
888,UK,30-34,Adult,Black,3,weekday,0,0,0,0,0,0,0,0,0,0
890,UK,50-54,Adult,White,6,weekday,0,0,0,0,0,0,0,0,0,0
891,UK,20-24,Adult,Black,2,weekend,20,0,0,0,0,0,0,9,2,9
892,UK,70-74,Adult,White,Retired,weekday,0,0,0,0,0,0,0,0,0,0
893,UK,25-29,Adult,White,3,weekday,14,0,0,0,0,0,0,0,10,4
894,UK,25-29,Adult,White,2,weekday,0,0,0,0,0,0,0,0,0,0
895,UK,25-29,Adult,Mixed,3,weekday,0,0,0,0,0,0,0,0,0,0
896,UK,50-54,Adult,White,2,weekday,0,0,0,0,0,0,0,0,0,0
897,UK,70-74,Adult,White,1,weekend,0,0,0,0,0,0,0,0,0,0
898,UK,50-54,Adult,White,Unemployed,weekday,0,0,0,0,0,0,0,0,0,0
899,UK,40-44,Adult,White,1,weekend,0,0,0,0,0,0,0,0,0,0
901,UK,25-29,Adult,Mixed,1,weekend,0,0,0,0,0,0,0,0,0,0
902,UK,35-39,Adult,White,1,weekday,0,0,0,0,0,0,0,0,0,0
903,UK,20-24,Adult,Asian,Student,weekday,0,0,0,0,0,0,0,0,0,0
904,UK,60-64,Adult,White,Retired,weekday,0,0,0,0,0,0,0,0,0,0
905,UK,55-59,Adult,White,Unknown,weekday,0,0,0,0,0,0,0,0,0,0
906,UK,40-44,Adult,White,3,weekend,0,0,0,0,0,0,0,0,0,0
907,UK,55-59,Adult,White,Unemployed,weekend,0,0,0,0,0,0,0,0,0,0
908,UK,25-29,Adult,White,2,weekday,2,0,0,0,0,0,0,2,0,0
909,UK,40-44,Adult,White,3,weekday,0,0,0,0,0,0,0,0,0,0
910,UK,30-34,Adult,Black,3,weekday,0,0,0,0,0,0,0,0,0,0
912,UK,60-64,Adult,White,Retired,weekday,0,0,0,0,0,0,0,0,0,0
913,UK,75+,Adult,White,Retired,weekday,0,0,0,0,0,0,0,0,0,0
914,UK,35-39,Adult,White,5,weekend,5,0,0,0,0,0,0,1,4,0
915,UK,15-19,Adult,Black,Student,weekday,0,0,0,0,0,0,0,0,0,0
916,UK,70-74,Adult,White,Retired,weekday,0,0,0,0,0,0,0,0,0,0
917,UK,25-29,Adult,White,2,weekday,0,0,0,0,0,0,0,0,0,0
918,UK,50-54,Adult,White,3,weekday,14,0,0,0,0,0,0,2,10,2
919,UK,35-39,Adult,White,2,weekday,1,0,0,0,0,0,0,0,1,0
920,UK,75+,Adult,White,Retired,weekend,0,0,0,0,0,0,0,0,0,0
921,UK,40-44,Adult,White,Unknown,weekday,0,0,0,0,0,0,0,0,0,0
923,UK,30-34,Adult,White,2,weekend,3,0,0,0,0,0,0,0,2,1
924,UK,40-44,Adult,White,3,weekend,3,0,0,0,0,0,0,2,1,0
925,UK,40-44,Adult,White,3,weekday,5,0,0,0,0,0,0,0,4,1
926,UK,25-29,Adult,White,Unemployed,weekday,0,0,0,0,0,0,0,0,0,0
927,UK,75+,Adult,White,Retired,weekend,0,0,0,0,0,0,0,0,0,0
928,UK,30-34,Adult,White,6,weekday,0,0,0,0,0,0,0,0,0,0
929,UK,45-49,Adult,White,3,weekend,0,0,0,0,0,0,0,0,0,0
930,UK,40-44,Adult,White,3,weekend,2,0,0,0,0,0,0,0,2,0
931,UK,25-29,Adult,White,1,weekday,0,0,0,0,0,0,0,0,0,0
932,UK,65-69,Adult,White,Retired,weekday,0,0,0,0,0,0,0,0,0,0
934,UK,20-24,Adult,White,6,weekday,2,0,0,0,0,0,0,0,2,0
935,UK,30-34,Adult,White,2,weekday,0,0,0,0,0,0,0,0,0,0
936,UK,15-19,Adult,White,7,weekend,2,0,0,0,0,0,0,0,2,0
937,UK,15-19,Adult,Asian,Student,weekday,32,0,0,0,0,0,0,10,20,2
938,UK,50-54,Adult,White,2,weekend,1,0,0,0,0,0,0,0,1,0
939,UK,60-64,Adult,White,Unemployed,weekday,0,0,0,0,0,0,0,0,0,0
940,UK,25-29,Adult,Black,1,weekday,1,0,0,0,0,0,0,1,0,0
941,UK,45-49,Adult,White,7,weekday,0,0,0,0,0,0,0,0,0,0
942,UK,40-44,Adult,White,Unemployed,weekday,0,0,0,0,0,0,0,0,0,0
943,UK,25-29,Adult,White,1,weekend,0,0,0,0,0,0,0,0,0,0
945,UK,45-49,Adult,White,6,weekend,0,0,0,0,0,0,0,0,0,0
946,UK,35-39,Adult,White,6,weekday,0,0,0,0,0,0,0,0,0,0
947,UK,25-29,Adult,White,Unemployed,weekday,4,0,0,0,0,0,0,2,2,0
948,UK,35-39,Adult,White,7,weekday,2,0,0,0,0,0,0,0,2,0
949,UK,20-24,Adult,White,6,weekday,0,0,0,0,0,0,0,0,0,0
950,UK,55-59,Adult,White,2,weekend,0,0,0,0,0,0,0,0,0,0
951,UK,65-69,Adult,White,Retired,weekend,0,0,0,0,0,0,0,0,0,0
952,UK,35-39,Adult,White,3,weekend,0,0,0,0,0,0,0,0,0,0
953,UK,15-19,Adult,Mixed,4,weekday,1,0,0,0,0,0,0,0,1,0
954,UK,40-44,Adult,White,2,weekday,0,0,0,0,0,0,0,0,0,0
956,UK,35-39,Adult,White,1,weekday,17,0,0,0,0,0,0,7,10,0
957,UK,15-19,Adult,Asian,2,weekend,3,0,0,0,0,0,0,2,1,0
958,UK,40-44,Adult,White,6,weekday,0,0,0,0,0,0,0,0,0,0
959,UK,40-44,Adult,White,2,weekday,0,0,0,0,0,0,0,0,0,0
960,UK,35-39,Adult,White,Unknown,weekday,3,0,0,0,0,0,0,1,1,1
961,UK,25-29,Adult,White,6,weekday,0,0,0,0,0,0,0,0,0,0
962,UK,40-44,Adult,Black,6,weekday,0,0,0,0,0,0,0,0,0,0
963,UK,35-39,Adult,Asian,2,weekend,0,0,0,0,0,0,0,0,0,0
964,UK,25-29,Adult,Asian,6,weekday,0,0,0,0,0,0,0,0,0,0
965,UK,65-69,Adult,White,Retired,weekday,0,0,0,0,0,0,0,0,0,0
967,UK,30-34,Adult,White,3,weekday,0,0,0,0,0,0,0,0,0,0
968,UK,20-24,Adult,White,Unemployed,weekend,0,0,0,0,0,0,0,0,0,0
969,UK,20-24,Adult,White,1,weekday,2,0,0,0,0,0,0,0,2,0
970,UK,35-39,Adult,White,6,weekday,0,0,0,0,0,0,0,0,0,0
971,UK,30-34,Adult,Other,1,weekday,20,0,0,0,0,0,0,0,20,0
972,UK,35-39,Adult,White,7,weekend,0,0,0,0,0,0,0,0,0,0
973,UK,30-34,Adult,White,3,weekday,0,0,0,0,0,0,0,0,0,0
974,UK,65-69,Adult,White,1,weekday,0,0,0,0,0,0,0,0,0,0
975,UK,65-69,Adult,White,Retired,weekend,0,0,0,0,0,0,0,0,0,0
976,UK,35-39,Adult,Asian,1,weekday,0,0,0,0,0,0,0,0,0,0
978,UK,40-44,Adult,White,4,weekday,0,0,0,0,0,0,0,0,0,0
979,UK,35-39,Adult,White,6,weekday,7,0,0,0,0,0,0,0,5,2
980,UK,50-54,Adult,Asian,2,weekend,0,0,0,0,0,0,0,0,0,0
981,UK,25-29,Adult,Black,6,weekday,0,0,0,0,0,0,0,0,0,0
982,UK,30-34,Adult,White,6,weekday,0,0,0,0,0,0,0,0,0,0
983,UK,20-24,Adult,White,5,weekday,91,0,0,0,0,0,0,18,45,28
984,UK,35-39,Adult,White,7,weekday,0,0,0,0,0,0,0,0,0,0
985,UK,35-39,Adult,White,1,weekday,0,0,0,0,0,0,0,0,0,0
986,UK,55-59,Adult,White,Unemployed,weekday,0,0,0,0,0,0,0,0,0,0
987,UK,30-34,Adult,White,1,weekday,1,0,0,0,0,0,0,1,0,0
989,UK,45-49,Adult,White,2,weekday,0,0,0,0,0,0,0,0,0,0
990,UK,55-59,Adult,White,4,weekday,0,0,0,0,0,0,0,0,0,0
991,UK,25-29,Adult,White,2,weekend,0,0,0,0,0,0,0,0,0,0
992,UK,20-24,Adult,Asian,1,weekday,5,0,0,0,0,0,0,4,1,0
993,UK,65-69,Adult,White,Retired,weekend,0,0,0,0,0,0,0,0,0,0
994,UK,45-49,Adult,Mixed,1,weekday,0,0,0,0,0,0,0,0,0,0
995,UK,60-64,Adult,White,Retired,weekday,0,0,0,0,0,0,0,0,0,0
996,UK,35-39,Adult,White,Unemployed,weekend,0,0,0,0,0,0,0,0,0,0
997,UK,55-59,Adult,White,Unemployed,weekend,0,0,0,0,0,0,0,0,0,0
998,UK,25-29,Adult,Black,3,weekday,0,0,0,0,0,0,0,0,0,0
1000,UK,25-29,Adult,Black,3,weekday,5,0,0,0,0,0,0,0,5,0
1001,UK,40-44,Adult,White,1,weekday,3,0,0,0,0,0,0,1,2,0
1002,UK,30-34,Adult,White,6,weekday,0,0,0,0,0,0,0,0,0,0
1003,UK,15-19,Adult,White,5,weekday,7,0,0,0,0,0,0,1,4,2
1004,UK,50-54,Adult,White,3,weekday,0,0,0,0,0,0,0,0,0,0
1005,UK,25-29,Adult,White,Unemployed,weekend,4,0,0,0,0,0,0,0,3,1
1006,UK,35-39,Adult,White,2,weekday,0,0,0,0,0,0,0,0,0,0
1007,UK,20-24,Adult,Asian,7,weekday,0,0,0,0,0,0,0,0,0,0
1008,UK,55-59,Adult,White,Unemployed,weekend,0,0,0,0,0,0,0,0,0,0
1009,UK,35-39,Adult,White,1,weekday,0,0,0,0,0,0,0,0,0,0
1011,UK,40-44,Adult,Black,2,weekday,8,0,0,0,0,0,0,0,5,3
1012,UK,35-39,Adult,White,3,weekend,0,0,0,0,0,0,0,0,0,0
1013,UK,35-39,Adult,Black,3,weekday,0,0,0,0,0,0,0,0,0,0
1014,UK,75+,Adult,White,Retired,weekday,20,0,0,0,0,0,0,0,20,0
1015,UK,35-39,Adult,White,2,weekday,0,0,0,0,0,0,0,0,0,0
1016,UK,50-54,Adult,White,1,weekend,0,0,0,0,0,0,0,0,0,0
1017,UK,35-39,Adult,White,3,weekday,0,0,0,0,0,0,0,0,0,0
1018,UK,55-59,Adult,White,6,weekday,0,0,0,0,0,0,0,0,0,0
1019,UK,65-69,Adult,White,Retired,weekday,0,0,0,0,0,0,0,0,0,0
1020,UK,25-29,Adult,Asian,5,weekday,3,0,0,0,0,0,0,1,1,1
1022,UK,30-34,Adult,White,1,weekday,6,0,0,0,0,0,0,0,4,2
1023,UK,15-19,Adult,Mixed,Unemployed,weekday,0,0,0,0,0,0,0,0,0,0
1024,UK,40-44,Adult,White,2,weekday,0,0,0,0,0,0,0,0,0,0
1025,UK,55-59,Adult,White,7,weekday,0,0,0,0,0,0,0,0,0,0
1026,UK,25-29,Adult,White,Unemployed,weekday,0,0,0,0,0,0,0,0,0,0
1027,UK,45-49,Adult,White,1,weekday,0,0,0,0,0,0,0,0,0,0
1028,UK,35-39,Adult,White,1,weekend,0,0,0,0,0,0,0,0,0,0
1029,UK,20-24,Adult,Asian,Unemployed,weekday,2,0,0,0,0,0,0,0,2,0
1030,UK,40-44,Adult,Black,1,weekend,0,0,0,0,0,0,0,0,0,0
1031,UK,45-49,Adult,White,1,weekday,0,0,0,0,0,0,0,0,0,0
1033,UK,55-59,Adult,White,Unemployed,weekday,0,0,0,0,0,0,0,0,0,0
1034,UK,15-19,Adult,White,4,weekday,0,0,0,0,0,0,0,0,0,0
1035,UK,30-34,Adult,White,7,weekday,0,0,0,0,0,0,0,0,0,0
1036,UK,40-44,Adult,White,6,weekend,26,0,0,0,0,0,0,3,20,3
1037,UK,55-59,Adult,White,1,weekday,0,0,0,0,0,0,0,0,0,0
1038,UK,60-64,Adult,White,Retired,weekday,0,0,0,0,0,0,0,0,0,0
1039,UK,30-34,Adult,Black,1,weekend,0,0,0,0,0,0,0,0,0,0
1040,UK,65-69,Adult,White,6,weekday,1,0,0,0,0,0,0,0,0,1
1041,UK,60-64,Adult,White,1,weekend,0,0,0,0,0,0,0,0,0,0
1042,UK,50-54,Adult,White,Unemployed,weekday,1,0,0,0,0,0,0,1,0,0
1044,UK,65-69,Adult,White,2,weekend,0,0,0,0,0,0,0,0,0,0
1045,UK,50-54,Adult,White,1,weekday,0,0,0,0,0,0,0,0,0,0
1046,UK,45-49,Adult,White,2,weekday,0,0,0,0,0,0,0,0,0,0
1047,UK,55-59,Adult,White,3,weekday,1,0,0,0,0,0,0,0,0,1
1048,UK,25-29,Adult,Asian,6,weekend,0,0,0,0,0,0,0,0,0,0
1049,UK,35-39,Adult,White,1,weekday,3,0,0,0,0,0,0,0,3,0
1050,UK,50-54,Adult,White,1,weekday,0,0,0,0,0,0,0,0,0,0
1051,UK,20-24,Adult,Asian,2,weekday,0,0,0,0,0,0,0,0,0,0
1052,UK,35-39,Adult,Asian,Unemployed,weekday,0,0,0,0,0,0,0,0,0,0
1053,UK,15-19,Adult,White,4,weekday,4,0,0,0,0,0,0,2,2,0
1055,UK,25-29,Adult,White,3,weekday,0,0,0,0,0,0,0,0,0,0
1056,UK,40-44,Adult,White,Unemployed,weekday,0,0,0,0,0,0,0,0,0,0
1057,UK,45-49,Adult,White,1,weekend,0,0,0,0,0,0,0,0,0,0
1058,UK,35-39,Adult,White,1,weekday,0,0,0,0,0,0,0,0,0,0
1059,UK,40-44,Adult,White,3,weekday,0,0,0,0,0,0,0,0,0,0
1060,UK,25-29,Adult,Black,3,weekday,2,0,0,0,0,0,0,0,2,0
1061,UK,20-24,Adult,White,2,weekday,6,0,0,0,0,0,0,0,6,0
1062,UK,60-64,Adult,White,2,weekday,0,0,0,0,0,0,0,0,0,0
1063,UK,35-39,Adult,Black,Unemployed,weekday,10,0,0,0,0,0,0,10,0,0
1064,UK,50-54,Adult,White,3,weekday,0,0,0,0,0,0,0,0,0,0
1066,UK,30-34,Adult,White,3,weekend,1,0,0,0,0,0,0,0,1,0
1067,UK,65-69,Adult,White,3,weekday,0,0,0,0,0,0,0,0,0,0
1068,UK,40-44,Adult,Black,2,weekday,0,0,0,0,0,0,0,0,0,0
1069,UK,75+,Adult,White,Retired,weekend,13,0,0,0,0,0,0,0,1,12
1070,UK,20-24,Adult,White,6,weekend,0,0,0,0,0,0,0,0,0,0
1071,UK,30-34,Adult,White,7,weekday,0,0,0,0,0,0,0,0,0,0
1072,UK,60-64,Adult,White,Unemployed,weekday,0,0,0,0,0,0,0,0,0,0
1073,UK,40-44,Adult,White,3,weekend,0,0,0,0,0,0,0,0,0,0
1074,UK,40-44,Adult,White,3,weekday,0,0,0,0,0,0,0,0,0,0
1075,UK,25-29,Adult,White,7,weekend,0,0,0,0,0,0,0,0,0,0
1077,UK,30-34,Adult,White,1,weekday,1,0,0,0,0,0,0,0,1,0
1078,UK,45-49,Adult,Asian,6,weekend,2,0,0,0,0,0,0,2,0,0
1079,UK,40-44,Adult,Asian,6,weekday,0,0,0,0,0,0,0,0,0,0
1080,UK,30-34,Adult,White,4,weekday,0,0,0,0,0,0,0,0,0,0
1081,UK,45-49,Adult,White,2,weekday,0,0,0,0,0,0,0,0,0,0
1082,UK,15-19,Adult,White,Student,weekday,0,0,0,0,0,0,0,0,0,0
1083,UK,35-39,Adult,White,7,weekday,0,0,0,0,0,0,0,0,0,0
1084,UK,25-29,Adult,Black,1,weekday,0,0,0,0,0,0,0,0,0,0
1085,UK,35-39,Adult,White,5,weekend,0,0,0,0,0,0,0,0,0,0
1086,UK,60-64,Adult,White,7,weekend,0,0,0,0,0,0,0,0,0,0
1088,UK,35-39,Adult,White,Unemployed,weekday,0,0,0,0,0,0,0,0,0,0
1089,UK,70-74,Adult,White,Retired,weekend,0,0,0,0,0,0,0,0,0,0
1090,UK,40-44,Adult,White,1,weekend,0,0,0,0,0,0,0,0,0,0
1091,UK,45-49,Adult,White,5,weekday,0,0,0,0,0,0,0,0,0,0
1092,UK,60-64,Adult,Asian,3,weekday,0,0,0,0,0,0,0,0,0,0
1093,UK,35-39,Adult,White,7,weekend,0,0,0,0,0,0,0,0,0,0
1094,UK,35-39,Adult,White,Unemployed,weekend,0,0,0,0,0,0,0,0,0,0
1095,UK,35-39,Adult,White,2,weekday,0,0,0,0,0,0,0,0,0,0
1096,UK,50-54,Adult,White,1,weekday,0,0,0,0,0,0,0,0,0,0
1097,UK,30-34,Adult,White,2,weekday,2,0,0,0,0,0,0,0,2,0
1099,UK,15-19,Adult,Asian,1,weekday,0,0,0,0,0,0,0,0,0,0
1100,UK,45-49,Adult,White,1,weekday,0,0,0,0,0,0,0,0,0,0
1101,UK,50-54,Adult,Asian,Unemployed,weekend,0,0,0,0,0,0,0,0,0,0
1102,UK,30-34,Adult,Asian,1,weekday,32,0,0,0,0,0,0,0,30,2
1103,UK,30-34,Adult,White,3,weekend,0,0,0,0,0,0,0,0,0,0
1104,UK,35-39,Adult,White,5,weekday,1,0,0,0,0,0,0,0,1,0
1105,UK,30-34,Adult,White,2,weekday,0,0,0,0,0,0,0,0,0,0
1106,UK,50-54,Adult,White,2,weekday,3,0,0,0,0,0,0,0,3,0
1107,UK,55-59,Adult,White,Unemployed,weekday,0,0,0,0,0,0,0,0,0,0
1108,UK,35-39,Adult,Black,7,weekday,0,0,0,0,0,0,0,0,0,0
1110,UK,25-29,Adult,White,Student,weekday,0,0,0,0,0,0,0,0,0,0
1111,UK,55-59,Adult,White,Unemployed,weekday,0,0,0,0,0,0,0,0,0,0
1112,UK,35-39,Adult,White,Unemployed,weekday,0,0,0,0,0,0,0,0,0,0
1113,UK,25-29,Adult,Asian,Student,weekday,0,0,0,0,0,0,0,0,0,0
1114,UK,30-34,Adult,White,1,weekend,0,0,0,0,0,0,0,0,0,0
1115,UK,45-49,Adult,White,Unemployed,weekend,0,0,0,0,0,0,0,0,0,0
1116,UK,60-64,Adult,Mixed,1,weekday,0,0,0,0,0,0,0,0,0,0
1117,UK,25-29,Adult,White,2,weekday,81,0,0,0,70,10,1,0,0,0
1118,UK,40-44,Adult,Asian,Unknown,weekday,24,0,0,0,9,7,1,4,2,1
1119,UK,70-74,Adult,White,Retired,weekday,0,0,0,0,0,0,0,0,0,0
1121,UK,70-74,Adult,White,Retired,weekday,0,0,0,0,0,0,0,0,0,0
1122,UK,30-34,Adult,White,2,weekday,0,0,0,0,0,0,0,0,0,0
1123,UK,45-49,Adult,White,3,weekday,0,0,0,0,0,0,0,0,0,0
1124,UK,20-24,Adult,White,Unemployed,weekend,0,0,0,0,0,0,0,0,0,0
1125,UK,20-24,Adult,White,1,weekend,0,0,0,0,0,0,0,0,0,0
1126,UK,35-39,Adult,Black,6,weekday,0,0,0,0,0,0,0,0,0,0
1127,UK,40-44,Adult,White,2,weekday,1,0,0,0,0,0,0,0,1,0
1128,UK,40-44,Adult,White,Unemployed,weekend,0,0,0,0,0,0,0,0,0,0
1129,UK,30-34,Adult,White,1,weekday,0,0,0,0,0,0,0,0,0,0
1130,UK,45-49,Adult,White,1,weekday,0,0,0,0,0,0,0,0,0,0
1132,UK,25-29,Adult,White,1,weekday,0,0,0,0,0,0,0,0,0,0
1133,UK,35-39,Adult,White,2,weekday,1,0,0,0,0,0,0,0,0,1
1134,UK,30-34,Adult,White,3,weekday,12,0,0,0,0,0,0,2,10,0
1135,UK,40-44,Adult,White,Unemployed,weekend,0,0,0,0,0,0,0,0,0,0
1136,UK,45-49,Adult,White,Unemployed,weekday,45,0,0,0,0,0,0,0,45,0
1137,UK,45-49,Adult,White,Unemployed,weekday,1,0,0,0,0,0,0,0,1,0
1138,UK,35-39,Adult,White,Unemployed,weekend,0,0,0,0,0,0,0,0,0,0
1139,UK,20-24,Adult,White,2,weekday,0,0,0,0,0,0,0,0,0,0
1140,UK,65-69,Adult,White,1,weekend,0,0,0,0,0,0,0,0,0,0
1141,UK,65-69,Adult,White,Retired,weekend,0,0,0,0,0,0,0,0,0,0
1143,UK,30-34,Adult,Mixed,1,weekday,0,0,0,0,0,0,0,0,0,0
1144,UK,15-19,Adult,White,Student,weekday,0,0,0,0,0,0,0,0,0,0
1145,UK,40-44,Adult,White,1,weekend,2,0,0,0,0,0,0,0,2,0
1146,UK,60-64,Adult,Asian,2,weekday,0,0,0,0,0,0,0,0,0,0
1147,UK,50-54,Adult,White,1,weekend,0,0,0,0,0,0,0,0,0,0
1148,UK,25-29,Adult,Black,4,weekday,0,0,0,0,0,0,0,0,0,0
1149,UK,60-64,Adult,Black,1,weekend,0,0,0,0,0,0,0,0,0,0
1150,UK,25-29,Adult,Black,1,weekend,22,0,0,0,0,0,0,5,14,3
1151,UK,35-39,Adult,Black,3,weekday,0,0,0,0,0,0,0,0,0,0
1152,UK,35-39,Adult,White,1,weekday,0,0,0,0,0,0,0,0,0,0
1154,UK,65-69,Adult,White,Unemployed,weekend,0,0,0,0,0,0,0,0,0,0
1155,UK,20-24,Adult,Black,1,weekend,0,0,0,0,0,0,0,0,0,0
1156,UK,50-54,Adult,White,1,weekday,0,0,0,0,0,0,0,0,0,0
1157,UK,30-34,Adult,White,1,weekday,0,0,0,0,0,0,0,0,0,0
1158,UK,30-34,Adult,White,7,weekday,0,0,0,0,0,0,0,0,0,0
1159,UK,40-44,Adult,White,3,weekend,1,0,0,0,0,0,0,0,1,0
1160,UK,60-64,Adult,White,Retired,weekend,0,0,0,0,0,0,0,0,0,0
1161,UK,20-24,Adult,Asian,2,weekend,0,0,0,0,0,0,0,0,0,0
1162,UK,45-49,Adult,White,3,weekend,0,0,0,0,0,0,0,0,0,0
1163,UK,35-39,Adult,White,Unemployed,weekend,1,0,0,0,0,0,0,1,0,0
1165,UK,65-69,Adult,White,Retired,weekday,0,0,0,0,0,0,0,0,0,0
1166,UK,25-29,Adult,White,6,weekday,0,0,0,0,0,0,0,0,0,0
1167,UK,30-34,Adult,White,3,weekday,0,0,0,0,0,0,0,0,0,0
1168,UK,55-59,Adult,White,Unemployed,weekday,0,0,0,0,0,0,0,0,0,0
1169,UK,25-29,Adult,Asian,1,weekday,16,0,0,0,0,0,0,5,10,1
1170,UK,20-24,Adult,White,Unknown,weekend,30,0,0,0,0,0,0,0,30,0
1171,UK,50-54,Adult,White,2,weekday,2,0,0,0,0,0,0,0,2,0
1172,UK,35-39,Adult,White,1,weekday,0,0,0,0,0,0,0,0,0,0
1173,UK,50-54,Adult,White,7,weekday,0,0,0,0,0,0,0,0,0,0
1174,UK,40-44,Adult,White,5,weekday,0,0,0,0,0,0,0,0,0,0
1176,UK,55-59,Adult,White,3,weekday,0,0,0,0,0,0,0,0,0,0
1177,UK,30-34,Adult,White,3,weekend,4,0,0,0,0,0,0,3,1,0
1178,UK,70-74,Adult,White,Retired,weekday,22,0,0,0,0,0,0,2,20,0
1179,UK,35-39,Adult,White,5,weekday,0,0,0,0,0,0,0,0,0,0
1180,UK,40-44,Adult,White,2,weekend,0,0,0,0,0,0,0,0,0,0
1181,UK,40-44,Adult,White,2,weekday,0,0,0,0,0,0,0,0,0,0
1182,UK,35-39,Adult,White,Unemployed,weekday,2,0,0,0,0,0,0,0,2,0
1183,UK,30-34,Adult,Black,Unemployed,weekday,3,0,0,0,0,0,0,1,1,1
1184,UK,30-34,Adult,White,Unemployed,weekday,0,0,0,0,0,0,0,0,0,0
1185,UK,25-29,Adult,White,Unemployed,weekday,3,0,0,0,0,0,0,0,3,0
1187,UK,45-49,Adult,White,1,weekday,0,0,0,0,0,0,0,0,0,0
1188,UK,25-29,Adult,White,6,weekend,0,0,0,0,0,0,0,0,0,0
1189,UK,45-49,Adult,White,2,weekday,6,0,0,0,0,0,0,0,5,1
1190,UK,50-54,Adult,White,2,weekend,20,0,0,0,0,0,0,0,10,10
1191,UK,45-49,Adult,White,6,weekday,20,0,0,0,0,0,0,0,20,0
1192,UK,35-39,Adult,White,3,weekday,0,0,0,0,0,0,0,0,0,0
1193,UK,30-34,Adult,White,5,weekend,0,0,0,0,0,0,0,0,0,0
1194,UK,65-69,Adult,White,2,weekend,0,0,0,0,0,0,0,0,0,0
1195,UK,45-49,Adult,Black,1,weekday,0,0,0,0,0,0,0,0,0,0
1196,UK,30-34,Adult,White,3,weekend,0,0,0,0,0,0,0,0,0,0
1198,UK,40-44,Adult,White,3,weekday,0,0,0,0,0,0,0,0,0,0
1199,UK,25-29,Adult,White,1,weekday,0,0,0,0,0,0,0,0,0,0
1200,UK,50-54,Adult,White,2,weekday,0,0,0,0,0,0,0,0,0,0
1201,UK,40-44,Adult,White,2,weekday,0,0,0,0,0,0,0,0,0,0
1202,UK,40-44,Adult,White,Unknown,weekend,0,0,0,0,0,0,0,0,0,0
1203,UK,40-44,Adult,White,Unemployed,weekday,2,0,0,0,0,0,0,1,1,0
1204,UK,25-29,Adult,White,1,weekday,0,0,0,0,0,0,0,0,0,0
1205,UK,30-34,Adult,White,2,weekend,0,0,0,0,0,0,0,0,0,0
1206,UK,55-59,Adult,White,Unemployed,weekday,0,0,0,0,0,0,0,0,0,0
1207,UK,40-44,Adult,White,1,weekend,35,0,0,0,0,0,0,5,20,10
1209,UK,25-29,Adult,White,3,weekday,0,0,0,0,0,0,0,0,0,0
1210,UK,25-29,Adult,White,6,weekday,0,0,0,0,0,0,0,0,0,0
1211,UK,75+,Adult,White,Retired,weekday,0,0,0,0,0,0,0,0,0,0
1212,UK,50-54,Adult,White,1,weekend,0,0,0,0,0,0,0,0,0,0
1213,UK,55-59,Adult,Other,2,weekend,12,0,0,0,0,0,0,0,12,0
1214,UK,45-49,Adult,White,5,weekday,0,0,0,0,0,0,0,0,0,0
1215,UK,40-44,Adult,Asian,2,weekday,0,0,0,0,0,0,0,0,0,0
1216,UK,55-59,Adult,White,2,weekend,0,0,0,0,0,0,0,0,0,0
1217,UK,45-49,Adult,White,Unemployed,weekday,0,0,0,0,0,0,0,0,0,0
1218,UK,45-49,Adult,Black,1,weekday,0,0,0,0,0,0,0,0,0,0
1220,UK,60-64,Adult,White,Retired,weekday,0,0,0,0,0,0,0,0,0,0
1221,UK,75+,Adult,White,Retired,weekend,0,0,0,0,0,0,0,0,0,0
1222,UK,50-54,Adult,Prefer not to say,Retired,weekend,0,0,0,0,0,0,0,0,0,0
1223,UK,20-24,Adult,White,Unknown,weekend,0,0,0,0,0,0,0,0,0,0
1224,UK,40-44,Adult,White,2,weekday,0,0,0,0,0,0,0,0,0,0
1225,UK,55-59,Adult,White,6,weekend,0,0,0,0,0,0,0,0,0,0
1226,UK,65-69,Adult,White,1,weekday,0,0,0,0,0,0,0,0,0,0
1227,UK,45-49,Adult,White,2,weekday,0,0,0,0,0,0,0,0,0,0
1228,UK,65-69,Adult,White,Retired,weekend,3,0,0,0,0,0,0,0,2,1
1229,UK,65-69,Adult,White,Retired,weekend,0,0,0,0,0,0,0,0,0,0
1231,UK,40-44,Adult,White,2,weekday,1,0,0,0,0,0,0,0,1,0
1232,UK,60-64,Adult,White,3,weekend,0,0,0,0,0,0,0,0,0,0
1233,UK,70-74,Adult,White,Retired,weekday,0,0,0,0,0,0,0,0,0,0
1234,UK,35-39,Adult,White,Unemployed,weekday,0,0,0,0,0,0,0,0,0,0
1235,UK,65-69,Adult,White,Retired,weekend,0,0,0,0,0,0,0,0,0,0
1236,UK,50-54,Adult,White,6,weekday,0,0,0,0,0,0,0,0,0,0
1237,UK,40-44,Adult,White,2,weekday,0,0,0,0,0,0,0,0,0,0
1238,UK,50-54,Adult,White,6,weekday,0,0,0,0,0,0,0,0,0,0
1239,UK,50-54,Adult,White,1,weekend,0,0,0,0,0,0,0,0,0,0
1240,UK,40-44,Adult,White,3,weekend,0,0,0,0,0,0,0,0,0,0
1242,UK,45-49,Adult,Black,2,weekday,145,0,0,0,40,100,5,0,0,0
1243,UK,55-59,Adult,White,2,weekend,0,0,0,0,0,0,0,0,0,0
1244,UK,50-54,Adult,Asian,1,weekend,0,0,0,0,0,0,0,0,0,0
1245,UK,15-19,Adult,Asian,Student,weekday,0,0,0,0,0,0,0,0,0,0
1246,UK,40-44,Adult,White,2,weekday,0,0,0,0,0,0,0,0,0,0
1247,UK,40-44,Adult,White,7,weekday,0,0,0,0,0,0,0,0,0,0
1248,UK,20-24,Adult,White,3,weekday,0,0,0,0,0,0,0,0,0,0
1249,UK,50-54,Adult,White,3,weekend,0,0,0,0,0,0,0,0,0,0
1250,UK,65-69,Adult,White,Retired,weekend,0,0,0,0,0,0,0,0,0,0
1251,UK,55-59,Adult,White,Retired,weekend,0,0,0,0,0,0,0,0,0,0
1253,UK,65-69,Adult,White,2,weekday,1,0,0,0,0,0,0,0,0,1
1254,UK,25-29,Adult,White,1,weekday,0,0,0,0,0,0,0,0,0,0
1255,UK,65-69,Adult,White,Retired,weekend,0,0,0,0,0,0,0,0,0,0
1256,UK,55-59,Adult,White,2,weekend,0,0,0,0,0,0,0,0,0,0
1257,UK,45-49,Adult,White,Unemployed,weekday,0,0,0,0,0,0,0,0,0,0
1258,UK,30-34,Adult,Black,3,weekday,0,0,0,0,0,0,0,0,0,0
1259,UK,65-69,Adult,White,Retired,weekend,0,0,0,0,0,0,0,0,0,0
1260,UK,45-49,Adult,White,5,weekend,0,0,0,0,0,0,0,0,0,0
1261,UK,35-39,Adult,White,2,weekday,2,0,0,0,0,0,0,0,2,0
1262,UK,55-59,Adult,White,3,weekend,0,0,0,0,0,0,0,0,0,0
1264,UK,50-54,Adult,White,1,weekend,0,0,0,0,0,0,0,0,0,0
1265,UK,40-44,Adult,White,6,weekend,0,0,0,0,0,0,0,0,0,0
1266,UK,50-54,Adult,White,1,weekday,0,0,0,0,0,0,0,0,0,0
1267,UK,45-49,Adult,White,3,weekday,0,0,0,0,0,0,0,0,0,0
1268,UK,65-69,Adult,White,Retired,weekday,0,0,0,0,0,0,0,0,0,0
1269,UK,30-34,Adult,White,2,weekend,2,0,0,0,0,0,0,0,2,0
1270,UK,50-54,Adult,White,3,weekday,0,0,0,0,0,0,0,0,0,0
1271,UK,40-44,Adult,White,1,weekday,0,0,0,0,0,0,0,0,0,0
1272,UK,30-34,Adult,White,2,weekday,0,0,0,0,0,0,0,0,0,0
1273,UK,65-69,Adult,White,Retired,weekday,0,0,0,0,0,0,0,0,0,0
1275,UK,45-49,Adult,White,1,weekday,1,0,0,0,0,0,0,0,1,0
1276,UK,50-54,Adult,Mixed,2,weekend,0,0,0,0,0,0,0,0,0,0
1277,UK,25-29,Adult,White,1,weekday,6,0,0,0,0,0,0,0,6,0
1278,UK,40-44,Adult,White,Unemployed,weekend,0,0,0,0,0,0,0,0,0,0
1279,UK,70-74,Adult,White,Retired,weekend,0,0,0,0,0,0,0,0,0,0
1280,UK,60-64,Adult,White,7,weekend,3,0,0,0,0,0,0,1,1,1
1281,UK,55-59,Adult,Asian,1,weekend,0,0,0,0,0,0,0,0,0,0
1282,UK,30-34,Adult,White,2,weekday,3,0,0,0,0,0,0,0,3,0
1283,UK,50-54,Adult,Asian,3,weekday,0,0,0,0,0,0,0,0,0,0
1284,UK,65-69,Adult,White,Retired,weekend,6,0,0,0,0,0,0,2,3,1
1286,UK,45-49,Adult,Asian,1,weekday,0,0,0,0,0,0,0,0,0,0
1287,UK,60-64,Adult,White,3,weekday,0,0,0,0,0,0,0,0,0,0
1288,UK,45-49,Adult,White,3,weekday,0,0,0,0,0,0,0,0,0,0
1289,UK,20-24,Adult,White,Unemployed,weekend,0,0,0,0,0,0,0,0,0,0
1290,UK,45-49,Adult,Black,1,weekday,0,0,0,0,0,0,0,0,0,0
1291,UK,45-49,Adult,White,1,weekday,4,0,0,0,0,0,0,1,3,0
1292,UK,65-69,Adult,White,Retired,weekday,1,0,0,0,0,0,0,0,1,0
1293,UK,70-74,Adult,White,Retired,weekday,0,0,0,0,0,0,0,0,0,0
1294,UK,55-59,Adult,White,3,weekday,0,0,0,0,0,0,0,0,0,0
1295,UK,55-59,Adult,White,5,weekday,2,0,0,0,0,0,0,0,2,0
1297,UK,55-59,Adult,White,1,weekend,1,0,0,0,0,0,0,0,1,0
1298,UK,70-74,Adult,White,Retired,weekday,0,0,0,0,0,0,0,0,0,0
1299,UK,70-74,Adult,White,Retired,weekday,3,0,0,0,0,0,0,1,1,1
1300,UK,65-69,Adult,White,Retired,weekend,0,0,0,0,0,0,0,0,0,0
1301,UK,70-74,Adult,White,4,weekend,0,0,0,0,0,0,0,0,0,0
1302,UK,55-59,Adult,White,5,weekday,0,0,0,0,0,0,0,0,0,0
1303,UK,45-49,Adult,White,6,weekend,1,0,0,0,0,0,0,0,1,0
1304,UK,75+,Adult,White,Retired,weekend,1,0,0,0,0,0,0,1,0,0
1305,UK,50-54,Adult,White,Unemployed,weekend,0,0,0,0,0,0,0,0,0,0
1306,UK,45-49,Adult,White,1,weekend,0,0,0,0,0,0,0,0,0,0
1308,UK,45-49,Adult,White,3,weekend,0,0,0,0,0,0,0,0,0,0
1309,UK,50-54,Adult,White,3,weekend,0,0,0,0,0,0,0,0,0,0
1310,UK,65-69,Adult,White,5,weekend,0,0,0,0,0,0,0,0,0,0
1311,UK,15-19,Adult,White,2,weekday,0,0,0,0,0,0,0,0,0,0
1312,UK,20-24,Adult,White,2,weekday,0,0,0,0,0,0,0,0,0,0
1313,UK,60-64,Adult,White,Retired,weekday,0,0,0,0,0,0,0,0,0,0
1314,UK,55-59,Adult,Asian,Retired,weekday,0,0,0,0,0,0,0,0,0,0
1315,UK,35-39,Adult,Asian,2,weekday,0,0,0,0,0,0,0,0,0,0
1316,UK,55-59,Adult,White,1,weekday,0,0,0,0,0,0,0,0,0,0
1317,UK,50-54,Adult,White,2,weekday,2,0,0,0,0,0,0,1,1,0
1319,UK,60-64,Adult,White,Unemployed,weekend,11,0,0,0,0,0,0,0,10,1
1320,UK,75+,Adult,White,Retired,weekday,0,0,0,0,0,0,0,0,0,0
1321,UK,50-54,Adult,White,2,weekday,1,0,0,0,0,0,0,0,1,0
1322,UK,60-64,Adult,White,Unemployed,weekday,0,0,0,0,0,0,0,0,0,0
1323,UK,55-59,Adult,Mixed,1,weekend,0,0,0,0,0,0,0,0,0,0
1324,UK,50-54,Adult,White,6,weekend,0,0,0,0,0,0,0,0,0,0
1325,UK,60-64,Adult,White,2,weekday,0,0,0,0,0,0,0,0,0,0
1326,UK,20-24,Adult,White,2,weekday,5,0,0,0,0,0,0,1,4,0
1327,UK,60-64,Adult,Mixed,Unknown,weekday,1,0,0,0,0,0,0,0,1,0
1328,UK,45-49,Adult,White,3,weekday,0,0,0,0,0,0,0,0,0,0
1330,UK,70-74,Adult,White,7,weekend,0,0,0,0,0,0,0,0,0,0
1331,UK,60-64,Adult,White,Student,weekday,0,0,0,0,0,0,0,0,0,0
1332,UK,60-64,Adult,White,Retired,weekend,0,0,0,0,0,0,0,0,0,0
1333,UK,45-49,Adult,White,3,weekday,5,0,0,0,0,0,0,1,4,0
1334,UK,50-54,Adult,Black,3,weekend,0,0,0,0,0,0,0,0,0,0
1335,UK,50-54,Adult,White,2,weekend,0,0,0,0,0,0,0,0,0,0
1336,UK,70-74,Adult,White,Retired,weekend,0,0,0,0,0,0,0,0,0,0
1337,UK,55-59,Adult,White,1,weekday,2,0,0,0,0,0,0,0,2,0
1338,UK,65-69,Adult,White,Retired,weekday,0,0,0,0,0,0,0,0,0,0
1339,UK,75+,Adult,White,Retired,weekday,0,0,0,0,0,0,0,0,0,0
1341,UK,45-49,Adult,White,3,weekday,0,0,0,0,0,0,0,0,0,0
1342,UK,60-64,Adult,White,1,weekend,32,0,0,0,0,0,0,0,20,12
1343,UK,55-59,Adult,White,Unemployed,weekend,0,0,0,0,0,0,0,0,0,0
1344,UK,55-59,Adult,White,2,weekday,0,0,0,0,0,0,0,0,0,0
1345,UK,60-64,Adult,White,1,weekend,0,0,0,0,0,0,0,0,0,0
1346,UK,55-59,Adult,White,2,weekend,0,0,0,0,0,0,0,0,0,0
1347,UK,65-69,Adult,White,7,weekend,0,0,0,0,0,0,0,0,0,0
1348,UK,65-69,Adult,White,Retired,weekend,0,0,0,0,0,0,0,0,0,0
1349,UK,50-54,Adult,Asian,Unemployed,weekend,0,0,0,0,0,0,0,0,0,0
1350,UK,60-64,Adult,White,Unemployed,weekday,0,0,0,0,0,0,0,0,0,0
1352,UK,65-69,Adult,White,Retired,weekday,0,0,0,0,0,0,0,0,0,0
1353,UK,50-54,Adult,White,2,weekend,0,0,0,0,0,0,0,0,0,0
1354,UK,55-59,Adult,White,2,weekday,0,0,0,0,0,0,0,0,0,0
1355,UK,50-54,Adult,White,Unemployed,weekday,0,0,0,0,0,0,0,0,0,0
1356,UK,45-49,Adult,White,2,weekend,0,0,0,0,0,0,0,0,0,0
1357,UK,65-69,Adult,White,3,weekday,0,0,0,0,0,0,0,0,0,0
1358,UK,50-54,Adult,White,Unemployed,weekend,0,0,0,0,0,0,0,0,0,0
1359,UK,20-24,Adult,White,6,weekday,3,0,0,0,0,0,0,2,1,0
1360,UK,50-54,Adult,Mixed,1,weekday,0,0,0,0,0,0,0,0,0,0
1361,UK,65-69,Adult,White,Retired,weekend,2,0,0,0,0,0,0,1,1,0
1363,UK,65-69,Adult,White,Retired,weekend,0,0,0,0,0,0,0,0,0,0
1364,UK,55-59,Adult,White,Unknown,weekend,0,0,0,0,0,0,0,0,0,0
1365,UK,75+,Adult,White,Retired,weekday,0,0,0,0,0,0,0,0,0,0
1366,UK,45-49,Adult,White,4,weekday,0,0,0,0,0,0,0,0,0,0
1367,UK,70-74,Adult,White,Retired,weekday,0,0,0,0,0,0,0,0,0,0
1368,UK,45-49,Adult,White,6,weekday,0,0,0,0,0,0,0,0,0,0
1369,UK,65-69,Adult,White,Retired,weekend,0,0,0,0,0,0,0,0,0,0
1370,UK,75+,Adult,White,Retired,weekend,0,0,0,0,0,0,0,0,0,0
1371,UK,70-74,Adult,White,2,weekend,0,0,0,0,0,0,0,0,0,0
1372,UK,65-69,Adult,White,Unemployed,weekend,0,0,0,0,0,0,0,0,0,0
1374,UK,60-64,Adult,White,Unemployed,weekday,0,0,0,0,0,0,0,0,0,0
1375,UK,55-59,Adult,White,2,weekday,0,0,0,0,0,0,0,0,0,0
1376,UK,45-49,Adult,White,Unemployed,weekend,0,0,0,0,0,0,0,0,0,0
1377,UK,60-64,Adult,White,Retired,weekday,0,0,0,0,0,0,0,0,0,0
1378,UK,60-64,Adult,White,Retired,weekday,0,0,0,0,0,0,0,0,0,0
1379,UK,50-54,Adult,Black,5,weekday,0,0,0,0,0,0,0,0,0,0
1380,UK,70-74,Adult,White,Retired,weekday,0,0,0,0,0,0,0,0,0,0
1381,UK,60-64,Adult,White,Retired,weekday,0,0,0,0,0,0,0,0,0,0
1382,UK,60-64,Adult,White,1,weekday,2,0,0,0,0,0,0,1,1,0
1383,UK,65-69,Adult,White,Retired,weekday,0,0,0,0,0,0,0,0,0,0
1385,UK,60-64,Adult,White,2,weekday,8,0,0,0,0,0,0,8,0,0
1386,UK,60-64,Adult,White,Retired,weekend,0,0,0,0,0,0,0,0,0,0
1387,UK,60-64,Adult,White,3,weekday,0,0,0,0,0,0,0,0,0,0
1388,UK,55-59,Adult,White,4,weekday,0,0,0,0,0,0,0,0,0,0
1389,UK,55-59,Adult,White,2,weekday,0,0,0,0,0,0,0,0,0,0
1390,UK,20-24,Adult,White,7,weekday,2,0,0,0,0,0,0,0,2,0
1391,UK,60-64,Adult,White,Unemployed,weekday,0,0,0,0,0,0,0,0,0,0
1392,UK,55-59,Adult,White,2,weekday,0,0,0,0,0,0,0,0,0,0
1393,UK,60-64,Adult,White,7,weekday,0,0,0,0,0,0,0,0,0,0
1394,UK,65-69,Adult,White,Retired,weekday,0,0,0,0,0,0,0,0,0,0
1396,UK,55-59,Adult,Asian,1,weekday,5,0,0,0,0,0,0,2,2,1
1397,UK,65-69,Adult,White,Retired,weekday,0,0,0,0,0,0,0,0,0,0
1398,UK,55-59,Adult,White,2,weekend,1,0,0,0,0,0,0,0,0,1
1399,UK,55-59,Adult,White,Unknown,weekend,0,0,0,0,0,0,0,0,0,0
1400,UK,70-74,Adult,White,Retired,weekend,0,0,0,0,0,0,0,0,0,0
1401,UK,65-69,Adult,White,7,weekend,23,0,0,0,0,0,0,0,20,3
1402,UK,55-59,Adult,White,1,weekend,0,0,0,0,0,0,0,0,0,0
1403,UK,55-59,Adult,White,3,weekday,11,0,0,0,0,0,0,0,11,0
1404,UK,55-59,Adult,White,Unemployed,weekend,0,0,0,0,0,0,0,0,0,0
1405,UK,75+,Adult,White,Retired,weekend,0,0,0,0,0,0,0,0,0,0
1407,UK,55-59,Adult,White,Unemployed,weekday,0,0,0,0,0,0,0,0,0,0
1408,UK,60-64,Adult,White,Retired,weekend,0,0,0,0,0,0,0,0,0,0
1409,UK,70-74,Adult,White,Retired,weekend,0,0,0,0,0,0,0,0,0,0
1410,UK,55-59,Adult,White,2,weekday,2,0,0,0,0,0,0,0,2,0
1411,UK,65-69,Adult,White,Retired,weekend,0,0,0,0,0,0,0,0,0,0
1412,UK,70-74,Adult,White,Retired,weekend,0,0,0,0,0,0,0,0,0,0
1413,UK,70-74,Adult,White,Retired,weekday,0,0,0,0,0,0,0,0,0,0
1414,UK,65-69,Adult,White,Unemployed,weekday,0,0,0,0,0,0,0,0,0,0
1415,UK,70-74,Adult,White,Retired,weekday,0,0,0,0,0,0,0,0,0,0
1416,UK,65-69,Adult,White,Retired,weekend,0,0,0,0,0,0,0,0,0,0
1418,UK,65-69,Adult,White,Retired,weekday,0,0,0,0,0,0,0,0,0,0
1419,UK,65-69,Adult,White,Retired,weekend,0,0,0,0,0,0,0,0,0,0
1420,UK,65-69,Adult,White,Retired,weekend,0,0,0,0,0,0,0,0,0,0
1421,UK,65-69,Adult,White,Retired,weekend,0,0,0,0,0,0,0,0,0,0
1422,UK,65-69,Adult,White,Retired,weekend,0,0,0,0,0,0,0,0,0,0
1423,UK,20-24,Adult,White,1,weekend,0,0,0,0,0,0,0,0,0,0
1424,UK,70-74,Adult,White,Retired,weekday,0,0,0,0,0,0,0,0,0,0
1475,UK,40-44,Adult,White,Unemployed,weekday,1,0,0,0,0,0,0,1,0,0
1476,UK,35-39,Adult,White,2,weekday,0,0,0,0,0,0,0,0,0,0
1477,UK,30-34,Adult,Asian,6,weekend,3,0,0,0,0,0,0,1,2,0
1478,UK,20-24,Adult,White,6,weekday,0,0,0,0,0,0,0,0,0,0
1479,UK,65-69,Adult,White,7,weekday,0,0,0,0,0,0,0,0,0,0
1480,UK,55-59,Adult,White,3,weekday,0,0,0,0,0,0,0,0,0,0
1481,UK,40-44,Adult,White,Unemployed,weekday,60,0,0,0,0,0,0,20,30,10
1482,UK,30-34,Adult,White,3,weekend,0,0,0,0,0,0,0,0,0,0
1483,UK,30-34,Adult,White,Unemployed,weekday,0,0,0,0,0,0,0,0,0,0
1485,UK,75+,Adult,White,Retired,weekend,0,0,0,0,0,0,0,0,0,0
1486,UK,75+,Adult,White,Unemployed,weekend,13,0,0,0,0,0,0,2,10,1
1487,UK,65-69,Adult,White,Retired,weekday,0,0,0,0,0,0,0,0,0,0
1488,UK,55-59,Adult,White,Retired,weekday,0,0,0,0,0,0,0,0,0,0
1489,UK,30-34,Adult,White,3,weekday,0,0,0,0,0,0,0,0,0,0
1490,UK,60-64,Adult,White,Retired,weekday,0,0,0,0,0,0,0,0,0,0
1491,UK,55-59,Adult,White,2,weekend,0,0,0,0,0,0,0,0,0,0
1492,UK,55-59,Adult,White,5,weekday,150,0,0,0,0,0,0,0,100,50
1493,UK,65-69,Adult,White,Retired,weekend,0,0,0,0,0,0,0,0,0,0
1494,UK,30-34,Adult,White,2,weekday,0,0,0,0,0,0,0,0,0,0
1496,UK,50-54,Adult,White,Unemployed,weekday,0,0,0,0,0,0,0,0,0,0
1497,UK,55-59,Adult,White,2,weekend,0,0,0,0,0,0,0,0,0,0
1498,UK,35-39,Adult,Black,3,weekday,1,0,0,0,0,0,0,0,1,0
1499,UK,25-29,Adult,Asian,3,weekday,0,0,0,0,0,0,0,0,0,0
1500,UK,20-24,Adult,White,3,weekday,7,0,0,0,0,0,0,2,5,0
1501,UK,20-24,Adult,White,Student,weekend,12,0,0,0,0,0,0,0,10,2
1502,UK,25-29,Adult,Asian,1,weekday,0,0,0,0,0,0,0,0,0,0
1503,UK,30-34,Adult,White,2,weekend,0,0,0,0,0,0,0,0,0,0
1504,UK,30-34,Adult,White,1,weekend,0,0,0,0,0,0,0,0,0,0
1505,UK,45-49,Adult,Asian,2,weekday,0,0,0,0,0,0,0,0,0,0
1507,UK,35-39,Adult,White,1,weekend,20,0,0,0,0,0,0,5,10,5
1508,UK,70-74,Adult,White,Retired,weekday,0,0,0,0,0,0,0,0,0,0
1509,UK,45-49,Adult,White,2,weekday,0,0,0,0,0,0,0,0,0,0
1510,UK,65-69,Adult,White,Unknown,weekend,0,0,0,0,0,0,0,0,0,0
1511,UK,60-64,Adult,White,2,weekday,0,0,0,0,0,0,0,0,0,0
1512,UK,30-34,Adult,Asian,Unemployed,weekend,0,0,0,0,0,0,0,0,0,0
1513,UK,50-54,Adult,White,1,weekday,0,0,0,0,0,0,0,0,0,0
1514,UK,40-44,Adult,Black,2,weekday,1,0,0,0,0,0,0,0,0,1
1515,UK,60-64,Adult,White,Unemployed,weekday,0,0,0,0,0,0,0,0,0,0
1516,UK,25-29,Adult,White,Unemployed,weekday,0,0,0,0,0,0,0,0,0,0
1518,UK,15-19,Adult,Asian,Student,weekday,0,0,0,0,0,0,0,0,0,0
1519,UK,20-24,Adult,White,4,weekend,0,0,0,0,0,0,0,0,0,0
1520,UK,30-34,Adult,White,1,weekday,0,0,0,0,0,0,0,0,0,0
1521,UK,20-24,Adult,White,Unknown,weekday,7,0,0,0,0,0,0,2,5,0
1522,UK,40-44,Adult,White,2,weekend,0,0,0,0,0,0,0,0,0,0
1523,UK,70-74,Adult,White,Retired,weekday,0,0,0,0,0,0,0,0,0,0
1524,UK,45-49,Adult,Asian,6,weekday,0,0,0,0,0,0,0,0,0,0
1525,UK,35-39,Adult,White,3,weekday,1,0,0,0,0,0,0,0,1,0
1526,UK,30-34,Adult,Black,6,weekend,0,0,0,0,0,0,0,0,0,0
1527,UK,40-44,Adult,White,2,weekday,0,0,0,0,0,0,0,0,0,0
1529,UK,45-49,Adult,White,7,weekend,1,0,0,0,0,0,0,0,1,0
1530,UK,30-34,Adult,White,1,weekday,0,0,0,0,0,0,0,0,0,0
1531,UK,30-34,Adult,White,7,weekday,1,0,0,0,0,0,0,0,1,0
1532,UK,25-29,Adult,Black,1,weekday,7,0,0,0,0,0,0,0,6,1
1533,UK,35-39,Adult,White,7,weekday,0,0,0,0,0,0,0,0,0,0
1534,UK,60-64,Adult,White,3,weekday,0,0,0,0,0,0,0,0,0,0
1535,UK,60-64,Adult,White,Retired,weekday,0,0,0,0,0,0,0,0,0,0
1536,UK,30-34,Adult,White,Unknown,weekday,0,0,0,0,0,0,0,0,0,0
1537,UK,25-29,Adult,Asian,1,weekday,0,0,0,0,0,0,0,0,0,0
1538,UK,35-39,Adult,White,6,weekday,0,0,0,0,0,0,0,0,0,0
1540,UK,45-49,Adult,White,5,weekday,4,0,0,0,0,0,0,2,1,1
1541,UK,25-29,Adult,Asian,2,weekday,2,0,0,0,0,0,0,0,2,0
1542,UK,35-39,Adult,White,2,weekday,20,0,0,0,0,0,0,5,15,0
1543,UK,30-34,Adult,White,1,weekend,0,0,0,0,0,0,0,0,0,0
1544,UK,25-29,Adult,Mixed,1,weekday,1,0,0,0,0,0,0,1,0,0
1545,UK,20-24,Adult,White,Unemployed,weekend,2,0,0,0,0,0,0,0,2,0
1546,UK,45-49,Adult,Asian,1,weekend,0,0,0,0,0,0,0,0,0,0
1547,UK,50-54,Adult,White,3,weekend,0,0,0,0,0,0,0,0,0,0
1548,UK,35-39,Adult,Black,1,weekday,0,0,0,0,0,0,0,0,0,0
1549,UK,20-24,Adult,Mixed,3,weekday,0,0,0,0,0,0,0,0,0,0
1551,UK,40-44,Adult,White,2,weekday,1,0,0,0,0,0,0,0,1,0
1552,UK,35-39,Adult,White,4,weekday,4,0,0,0,0,0,0,0,4,0
1553,UK,40-44,Adult,White,3,weekday,4,0,0,0,0,0,0,2,1,1
1554,UK,15-19,Adult,White,Student,weekday,4,0,0,0,0,0,0,0,4,0
1555,UK,45-49,Adult,Black,3,weekday,120,0,0,0,0,0,0,7,60,53
1556,UK,45-49,Adult,Asian,2,weekday,0,0,0,0,0,0,0,0,0,0
1557,UK,30-34,Adult,Black,1,weekday,14,0,0,0,0,0,0,4,8,2
1558,UK,40-44,Adult,White,2,weekend,0,0,0,0,0,0,0,0,0,0
1559,UK,40-44,Adult,Black,6,weekday,0,0,0,0,0,0,0,0,0,0
1560,UK,25-29,Adult,White,7,weekday,0,0,0,0,0,0,0,0,0,0
1562,UK,25-29,Adult,White,2,weekday,8,1,3,0,0,0,0,1,3,0
1563,UK,45-49,Adult,White,7,weekday,0,0,0,0,0,0,0,0,0,0
1564,UK,50-54,Adult,White,6,weekend,3,0,0,0,0,0,0,0,2,1
1565,UK,45-49,Adult,White,3,weekday,0,0,0,0,0,0,0,0,0,0
1566,UK,40-44,Adult,White,2,weekend,7,0,1,1,0,0,0,2,1,2
1567,UK,40-44,Adult,White,6,weekday,3,0,0,0,0,0,0,0,1,2
1568,UK,30-34,Adult,White,2,weekday,0,0,0,0,0,0,0,0,0,0
1569,UK,25-29,Adult,Black,2,weekday,35,0,0,0,0,0,0,0,15,20
1570,UK,30-34,Adult,Black,3,weekday,0,0,0,0,0,0,0,0,0,0
1571,UK,35-39,Adult,White,1,weekday,0,0,0,0,0,0,0,0,0,0
1573,UK,45-49,Adult,White,3,weekday,1,0,0,0,0,0,0,0,1,0
1574,UK,45-49,Adult,White,Unemployed,weekday,0,0,0,0,0,0,0,0,0,0
1575,UK,35-39,Adult,White,Unemployed,weekday,0,0,0,0,0,0,0,0,0,0
1576,UK,45-49,Adult,White,1,weekday,0,0,0,0,0,0,0,0,0,0
1577,UK,25-29,Adult,Asian,3,weekday,0,0,0,0,0,0,0,0,0,0
1578,UK,55-59,Adult,White,2,weekday,0,0,0,0,0,0,0,0,0,0
1579,UK,35-39,Adult,White,7,weekend,3,0,0,0,0,0,0,2,1,0
1580,UK,60-64,Adult,White,3,weekday,2,0,0,0,0,0,0,0,2,0
1581,UK,15-19,Adult,White,7,weekday,0,0,0,0,0,0,0,0,0,0
1582,UK,20-24,Adult,Black,3,weekday,7,0,0,0,0,2,0,2,3,0
1584,UK,35-39,Adult,White,3,weekday,4,0,0,0,0,0,0,0,3,1
1585,UK,35-39,Adult,White,3,weekend,16,0,0,0,0,0,0,3,10,3
1586,UK,40-44,Adult,Asian,Unknown,weekday,0,0,0,0,0,0,0,0,0,0
1587,UK,65-69,Adult,White,5,weekend,1,0,0,0,0,0,0,1,0,0
1588,UK,40-44,Adult,White,Unemployed,weekday,0,0,0,0,0,0,0,0,0,0
1589,UK,25-29,Adult,White,Unknown,weekday,1,0,0,0,0,0,0,0,1,0
1590,UK,20-24,Adult,White,2,weekday,0,0,0,0,0,0,0,0,0,0
1591,UK,55-59,Adult,White,Unemployed,weekday,0,0,0,0,0,0,0,0,0,0
1592,UK,40-44,Adult,White,2,weekend,0,0,0,0,0,0,0,0,0,0
1593,UK,30-34,Adult,White,4,weekend,10,0,0,0,0,0,0,0,4,6
1595,UK,25-29,Adult,Asian,6,weekend,0,0,0,0,0,0,0,0,0,0
1596,UK,55-59,Adult,White,3,weekday,0,0,0,0,0,0,0,0,0,0
1597,UK,25-29,Adult,White,3,weekend,0,0,0,0,0,0,0,0,0,0
1598,UK,25-29,Adult,White,3,weekend,0,0,0,0,0,0,0,0,0,0
1599,UK,35-39,Adult,White,2,weekday,0,0,0,0,0,0,0,0,0,0
1600,UK,35-39,Adult,White,3,weekday,1,0,0,0,0,0,0,0,1,0
1601,UK,65-69,Adult,White,Retired,weekday,0,0,0,0,0,0,0,0,0,0
1602,UK,55-59,Adult,White,2,weekday,23,0,0,0,0,0,0,3,5,15
1603,UK,40-44,Adult,White,4,weekend,3,0,0,0,0,0,0,1,1,1
1604,UK,15-19,Adult,White,3,weekend,5,0,0,0,0,0,0,3,1,1
1606,UK,65-69,Adult,White,Retired,weekday,0,0,0,0,0,0,0,0,0,0
1607,UK,35-39,Adult,White,Unemployed,weekday,0,0,0,0,0,0,0,0,0,0
1608,UK,50-54,Adult,White,1,weekend,0,0,0,0,0,0,0,0,0,0
1609,UK,15-19,Adult,Asian,Student,weekend,0,0,0,0,0,0,0,0,0,0
1610,UK,65-69,Adult,White,Retired,weekday,0,0,0,0,0,0,0,0,0,0
1611,UK,20-24,Adult,White,4,weekday,0,0,0,0,0,0,0,0,0,0
1612,UK,50-54,Adult,White,1,weekday,31,0,0,0,0,0,0,1,20,10
1613,UK,35-39,Adult,White,1,weekday,0,0,0,0,0,0,0,0,0,0
1614,UK,25-29,Adult,Asian,7,weekday,0,0,0,0,0,0,0,0,0,0
1615,UK,40-44,Adult,White,5,weekday,0,0,0,0,0,0,0,0,0,0
1617,UK,35-39,Adult,Black,3,weekday,0,0,0,0,0,0,0,0,0,0
1618,UK,25-29,Adult,White,3,weekday,0,0,0,0,0,0,0,0,0,0
1619,UK,40-44,Adult,White,1,weekend,0,0,0,0,0,0,0,0,0,0
1620,UK,35-39,Adult,Asian,Unemployed,weekday,0,0,0,0,0,0,0,0,0,0
1621,UK,40-44,Adult,White,Unemployed,weekday,0,0,0,0,0,0,0,0,0,0
1622,UK,65-69,Adult,White,Retired,weekday,0,0,0,0,0,0,0,0,0,0
1623,UK,30-34,Adult,White,1,weekday,0,0,0,0,0,0,0,0,0,0
1624,UK,65-69,Adult,Asian,Retired,weekday,2,0,0,0,0,0,0,0,2,0
1625,UK,75+,Adult,White,Retired,weekday,4,0,0,0,0,0,0,0,4,0
1626,UK,55-59,Adult,White,Retired,weekend,0,0,0,0,0,0,0,0,0,0
1628,UK,20-24,Adult,White,2,weekday,1,0,0,0,0,0,0,0,1,0
1629,UK,60-64,Adult,White,6,weekend,0,0,0,0,0,0,0,0,0,0
1630,UK,15-19,Adult,White,Student,weekday,0,0,0,0,0,0,0,0,0,0
1631,UK,35-39,Adult,Asian,Unemployed,weekday,0,0,0,0,0,0,0,0,0,0
1632,UK,45-49,Adult,White,2,weekend,0,0,0,0,0,0,0,0,0,0
1633,UK,40-44,Adult,Black,2,weekday,0,0,0,0,0,0,0,0,0,0
1634,UK,20-24,Adult,White,2,weekday,6,0,6,0,0,0,0,0,0,0
1635,UK,45-49,Adult,White,Unemployed,weekend,2,0,0,0,0,0,0,2,0,0
1636,UK,65-69,Adult,White,Retired,weekday,0,0,0,0,0,0,0,0,0,0
1637,UK,30-34,Adult,Black,5,weekend,0,0,0,0,0,0,0,0,0,0
1639,UK,20-24,Adult,Black,Unknown,weekday,0,0,0,0,0,0,0,0,0,0
1640,UK,25-29,Adult,White,3,weekend,0,0,0,0,0,0,0,0,0,0
1641,UK,35-39,Adult,White,Unemployed,weekend,2,0,0,0,0,0,0,0,2,0
1642,UK,50-54,Adult,White,3,weekday,0,0,0,0,0,0,0,0,0,0
1643,UK,30-34,Adult,Black,2,weekday,0,0,0,0,0,0,0,0,0,0
1644,UK,40-44,Adult,White,6,weekend,0,0,0,0,0,0,0,0,0,0
1645,UK,15-19,Adult,White,Unemployed,weekday,2,0,0,0,0,0,0,1,1,0
1646,UK,30-34,Adult,Asian,2,weekday,0,0,0,0,0,0,0,0,0,0
1647,UK,20-24,Adult,White,4,weekday,0,0,0,0,0,0,0,0,0,0
1648,UK,30-34,Adult,White,Unemployed,weekday,0,0,0,0,0,0,0,0,0,0
1650,UK,30-34,Adult,Asian,2,weekday,0,0,0,0,0,0,0,0,0,0
1651,UK,35-39,Adult,White,2,weekday,0,0,0,0,0,0,0,0,0,0
1652,UK,40-44,Adult,White,1,weekday,0,0,0,0,0,0,0,0,0,0
1653,UK,65-69,Adult,White,Retired,weekday,0,0,0,0,0,0,0,0,0,0
1654,UK,40-44,Adult,White,3,weekday,4,0,0,0,0,0,0,0,2,2
1655,UK,65-69,Adult,White,1,weekday,0,0,0,0,0,0,0,0,0,0
1656,UK,70-74,Adult,White,Unknown,weekend,8,0,0,0,0,0,0,1,6,1
1657,UK,60-64,Adult,White,2,weekday,0,0,0,0,0,0,0,0,0,0
1658,UK,25-29,Adult,White,Unemployed,weekday,1,0,0,0,0,0,0,0,1,0
1659,UK,45-49,Adult,White,7,weekend,11,0,0,0,0,0,0,6,5,0
1661,UK,40-44,Adult,White,3,weekday,0,0,0,0,0,0,0,0,0,0
1662,UK,65-69,Adult,White,2,weekday,0,0,0,0,0,0,0,0,0,0
1663,UK,50-54,Adult,White,2,weekend,0,0,0,0,0,0,0,0,0,0
1664,UK,50-54,Adult,White,1,weekday,0,0,0,0,0,0,0,0,0,0
1665,UK,45-49,Adult,White,2,weekday,20,0,0,0,0,0,0,20,0,0
1666,UK,25-29,Adult,White,1,weekday,0,0,0,0,0,0,0,0,0,0
1667,UK,30-34,Adult,White,1,weekday,0,0,0,0,0,0,0,0,0,0
1668,UK,30-34,Adult,White,Unemployed,weekday,0,0,0,0,0,0,0,0,0,0
1669,UK,45-49,Adult,White,4,weekday,2,0,0,0,0,0,0,0,1,1
1670,UK,40-44,Adult,Black,7,weekday,0,0,0,0,0,0,0,0,0,0
1672,UK,50-54,Adult,White,2,weekday,0,0,0,0,0,0,0,0,0,0
1673,UK,70-74,Adult,White,Retired,weekend,0,0,0,0,0,0,0,0,0,0
1674,UK,30-34,Adult,White,2,weekend,0,0,0,0,0,0,0,0,0,0
1675,UK,25-29,Adult,Asian,6,weekday,0,0,0,0,0,0,0,0,0,0
1676,UK,40-44,Adult,White,1,weekday,0,0,0,0,0,0,0,0,0,0
1677,UK,35-39,Adult,White,6,weekday,5,0,0,0,0,0,0,0,5,0
1678,UK,20-24,Adult,White,3,weekday,0,0,0,0,0,0,0,0,0,0
1679,UK,60-64,Adult,White,6,weekday,0,0,0,0,0,0,0,0,0,0
1680,UK,30-34,Adult,Black,3,weekend,7,0,0,0,0,0,0,1,5,1
1681,UK,20-24,Adult,Asian,Unknown,weekday,53,0,0,0,0,0,0,2,50,1
1683,UK,20-24,Adult,White,2,weekday,7,0,0,0,0,0,0,0,5,2
1684,UK,45-49,Adult,White,3,weekday,0,0,0,0,0,0,0,0,0,0
1685,UK,30-34,Adult,White,2,weekend,6,0,0,0,0,0,0,2,4,0
1686,UK,25-29,Adult,White,Student,weekday,0,0,0,0,0,0,0,0,0,0
1687,UK,30-34,Adult,Asian,1,weekday,0,0,0,0,0,0,0,0,0,0
1688,UK,25-29,Adult,White,3,weekday,1,0,0,0,0,0,0,0,1,0
1689,UK,60-64,Adult,White,2,weekday,40,0,0,0,0,0,0,0,30,10
1690,UK,40-44,Adult,White,2,weekday,0,0,0,0,0,0,0,0,0,0
1691,UK,50-54,Adult,Black,1,weekend,5,0,0,0,0,0,0,0,5,0
1692,UK,50-54,Adult,White,7,weekday,1,0,0,0,0,0,0,0,0,1
1694,UK,45-49,Adult,White,3,weekday,33,0,0,0,0,0,0,30,3,0
1695,UK,65-69,Adult,White,7,weekday,170,0,40,60,0,0,0,0,30,40
1696,UK,25-29,Adult,White,1,weekday,6,0,0,0,0,0,0,2,4,0
1697,UK,40-44,Adult,White,7,weekday,0,0,0,0,0,0,0,0,0,0
1698,UK,55-59,Adult,White,2,weekend,0,0,0,0,0,0,0,0,0,0
1699,UK,35-39,Adult,White,2,weekday,0,0,0,0,0,0,0,0,0,0
1700,UK,55-59,Adult,White,Retired,weekday,11,0,0,0,0,0,0,0,8,3
1701,UK,20-24,Adult,White,1,weekend,0,0,0,0,0,0,0,0,0,0
1702,UK,35-39,Adult,Asian,1,weekend,0,0,0,0,0,0,0,0,0,0
1703,UK,35-39,Adult,Asian,2,weekend,0,0,0,0,0,0,0,0,0,0
1705,UK,40-44,Adult,White,2,weekday,0,0,0,0,0,0,0,0,0,0
1706,UK,30-34,Adult,Black,2,weekday,0,0,0,0,0,0,0,0,0,0
1707,UK,55-59,Adult,White,7,weekend,0,0,0,0,0,0,0,0,0,0
1708,UK,25-29,Adult,White,1,weekday,5,0,0,0,0,0,0,0,4,1
1709,UK,25-29,Adult,White,1,weekday,0,0,0,0,0,0,0,0,0,0
1710,UK,30-34,Adult,White,1,weekend,0,0,0,0,0,0,0,0,0,0
1711,UK,25-29,Adult,White,3,weekend,0,0,0,0,0,0,0,0,0,0
1712,UK,50-54,Adult,White,Unemployed,weekday,0,0,0,0,0,0,0,0,0,0
1713,UK,60-64,Adult,White,4,weekend,0,0,0,0,0,0,0,0,0,0
1714,UK,50-54,Adult,White,2,weekend,0,0,0,0,0,0,0,0,0,0
1716,UK,70-74,Adult,White,Retired,weekday,0,0,0,0,0,0,0,0,0,0
1717,UK,35-39,Adult,White,1,weekday,5,0,0,0,0,0,0,1,3,1
1718,UK,25-29,Adult,Asian,3,weekday,0,0,0,0,0,0,0,0,0,0
1719,UK,75+,Adult,White,Retired,weekday,0,0,0,0,0,0,0,0,0,0
1720,UK,25-29,Adult,Black,1,weekday,0,0,0,0,0,0,0,0,0,0
1721,UK,40-44,Adult,Asian,Unknown,weekend,0,0,0,0,0,0,0,0,0,0
1722,UK,20-24,Adult,Asian,2,weekday,1,0,0,0,0,0,0,1,0,0
1723,UK,25-29,Adult,White,4,weekday,5,0,0,0,0,0,0,0,5,0
1724,UK,60-64,Adult,White,1,weekend,0,0,0,0,0,0,0,0,0,0
1725,UK,75+,Adult,White,Retired,weekday,1,0,0,0,0,0,0,0,1,0
1727,UK,55-59,Adult,White,Unemployed,weekday,0,0,0,0,0,0,0,0,0,0
1728,UK,30-34,Adult,White,1,weekday,0,0,0,0,0,0,0,0,0,0
1729,UK,35-39,Adult,Black,3,weekday,14,0,0,0,0,0,0,0,4,10
1730,UK,55-59,Adult,White,7,weekday,1,0,0,0,0,0,0,0,0,1
1731,UK,45-49,Adult,White,1,weekend,0,0,0,0,0,0,0,0,0,0
1732,UK,45-49,Adult,Black,6,weekday,0,0,0,0,0,0,0,0,0,0
1733,UK,35-39,Adult,Black,Unemployed,weekday,0,0,0,0,0,0,0,0,0,0
1734,UK,40-44,Adult,White,2,weekend,0,0,0,0,0,0,0,0,0,0
1735,UK,60-64,Adult,White,3,weekday,5,0,0,0,0,0,0,1,3,1
1736,UK,50-54,Adult,White,1,weekday,9,0,0,0,0,0,0,3,6,0
1738,UK,30-34,Adult,Asian,3,weekday,2,0,0,0,0,0,0,0,2,0
1739,UK,60-64,Adult,White,Retired,weekday,0,0,0,0,0,0,0,0,0,0
1740,UK,55-59,Adult,White,6,weekend,0,0,0,0,0,0,0,0,0,0
1741,UK,75+,Adult,White,Retired,weekend,0,0,0,0,0,0,0,0,0,0
1742,UK,50-54,Adult,White,3,weekday,0,0,0,0,0,0,0,0,0,0
1743,UK,40-44,Adult,White,3,weekend,1,0,0,0,0,0,0,1,0,0
1744,UK,35-39,Adult,Asian,2,weekday,0,0,0,0,0,0,0,0,0,0
1745,UK,35-39,Adult,White,7,weekday,10,0,0,0,0,0,0,0,10,0
1746,UK,35-39,Adult,White,5,weekend,1,0,0,0,0,0,0,1,0,0
1747,UK,35-39,Adult,White,6,weekend,0,0,0,0,0,0,0,0,0,0
1749,UK,60-64,Adult,White,Retired,weekend,0,0,0,0,0,0,0,0,0,0
1750,UK,20-24,Adult,Black,Student,weekday,0,0,0,0,0,0,0,0,0,0
1751,UK,50-54,Adult,White,6,weekday,0,0,0,0,0,0,0,0,0,0
1752,UK,60-64,Adult,White,3,weekday,0,0,0,0,0,0,0,0,0,0
1753,UK,25-29,Adult,Asian,Unemployed,weekday,0,0,0,0,0,0,0,0,0,0
1754,UK,50-54,Adult,White,6,weekday,0,0,0,0,0,0,0,0,0,0
1755,UK,40-44,Adult,White,1,weekday,0,0,0,0,0,0,0,0,0,0
1756,UK,25-29,Adult,White,6,weekday,0,0,0,0,0,0,0,0,0,0
1757,UK,25-29,Adult,White,3,weekday,0,0,0,0,0,0,0,0,0,0
1758,UK,25-29,Adult,White,Unemployed,weekday,1,0,0,0,0,0,0,0,1,0
1760,UK,25-29,Adult,White,6,weekday,29,0,0,0,0,0,0,19,4,6
1761,UK,20-24,Adult,White,Student,weekend,0,0,0,0,0,0,0,0,0,0
1762,UK,25-29,Adult,White,7,weekend,3,0,0,0,0,0,0,0,3,0
1763,UK,60-64,Adult,White,6,weekday,4,0,0,0,0,0,0,0,4,0
1764,UK,35-39,Adult,White,6,weekday,6,0,0,0,0,0,0,2,4,0
1765,UK,70-74,Adult,White,Retired,weekday,0,0,0,0,0,0,0,0,0,0
1766,UK,30-34,Adult,White,2,weekday,19,0,0,0,10,9,0,0,0,0
1767,UK,25-29,Adult,White,5,weekend,35,0,0,0,0,0,0,20,11,4
1768,UK,30-34,Adult,Black,2,weekday,0,0,0,0,0,0,0,0,0,0
1769,UK,40-44,Adult,White,3,weekday,22,0,0,0,0,0,0,3,15,4
1771,UK,35-39,Adult,White,1,weekday,2,0,0,0,0,0,0,0,1,1
1772,UK,40-44,Adult,White,7,weekday,0,0,0,0,0,0,0,0,0,0
1773,UK,55-59,Adult,White,7,weekday,0,0,0,0,0,0,0,0,0,0
1774,UK,50-54,Adult,Black,6,weekend,0,0,0,0,0,0,0,0,0,0
1775,UK,70-74,Adult,White,Retired,weekday,0,0,0,0,0,0,0,0,0,0
1776,UK,35-39,Adult,Black,3,weekday,0,0,0,0,0,0,0,0,0,0
1777,UK,20-24,Adult,White,1,weekday,0,0,0,0,0,0,0,0,0,0
1778,UK,55-59,Adult,White,2,weekday,3,0,0,0,0,0,0,0,2,1
1779,UK,60-64,Adult,White,Retired,weekday,0,0,0,0,0,0,0,0,0,0
1780,UK,50-54,Adult,White,7,weekday,3,0,0,0,0,0,0,1,1,1
1782,UK,35-39,Adult,White,2,weekday,0,0,0,0,0,0,0,0,0,0
1783,UK,45-49,Adult,White,1,weekday,0,0,0,0,0,0,0,0,0,0
1784,UK,45-49,Adult,White,Unknown,weekday,0,0,0,0,0,0,0,0,0,0
1785,UK,15-19,Adult,Asian,Student,weekday,7,0,0,0,0,0,0,1,6,0
1786,UK,40-44,Adult,White,Unknown,weekend,2,0,0,0,0,0,0,0,2,0
1787,UK,45-49,Adult,White,Unemployed,weekend,0,0,0,0,0,0,0,0,0,0
1788,UK,50-54,Adult,Asian,4,weekday,2,0,0,0,0,0,0,0,2,0
1789,UK,20-24,Adult,White,2,weekday,0,0,0,0,0,0,0,0,0,0
1790,UK,20-24,Adult,Asian,Student,weekday,0,0,0,0,0,0,0,0,0,0
1791,UK,60-64,Adult,White,Retired,weekday,0,0,0,0,0,0,0,0,0,0
1793,UK,20-24,Adult,Asian,7,weekday,23,0,0,0,0,0,0,3,20,0
1794,UK,50-54,Adult,White,4,weekday,3,0,0,0,0,0,0,1,1,1
1795,UK,60-64,Adult,White,3,weekend,82,0,0,0,0,0,0,17,50,15
1796,UK,20-24,Adult,Asian,Student,weekday,5,0,0,0,0,0,0,5,0,0
1797,UK,15-19,Adult,White,Unemployed,weekday,1,0,0,0,0,0,0,0,1,0
1798,UK,55-59,Adult,White,Retired,weekday,2,0,0,0,0,0,0,0,2,0
1799,UK,15-19,Adult,White,Unemployed,weekday,2,0,0,0,0,0,0,0,2,0
1800,UK,65-69,Adult,White,2,weekday,0,0,0,0,0,0,0,0,0,0
1801,UK,20-24,Adult,White,Unemployed,weekday,0,0,0,0,0,0,0,0,0,0
1802,UK,35-39,Adult,White,1,weekday,3,0,0,0,0,0,0,1,2,0
1804,UK,20-24,Adult,White,5,weekday,7,0,0,0,0,0,0,1,6,0
1805,UK,30-34,Adult,Black,1,weekday,0,0,0,0,0,0,0,0,0,0
1806,UK,40-44,Adult,Asian,2,weekend,0,0,0,0,0,0,0,0,0,0
1807,UK,55-59,Adult,White,Unemployed,weekend,0,0,0,0,0,0,0,0,0,0
1808,UK,20-24,Adult,White,2,weekday,0,0,0,0,0,0,0,0,0,0
1809,UK,45-49,Adult,White,2,weekend,0,0,0,0,0,0,0,0,0,0
1810,UK,75+,Adult,White,Retired,weekday,0,0,0,0,0,0,0,0,0,0
1811,UK,65-69,Adult,White,2,weekday,0,0,0,0,0,0,0,0,0,0
1812,UK,50-54,Adult,White,6,weekday,0,0,0,0,0,0,0,0,0,0
1813,UK,40-44,Adult,Black,6,weekday,2,0,0,0,0,0,0,1,1,0
1815,UK,55-59,Adult,White,3,weekend,0,0,0,0,0,0,0,0,0,0
1816,UK,40-44,Adult,White,2,weekday,10,0,0,0,0,0,0,0,10,0
1817,UK,40-44,Adult,White,Unknown,weekend,0,0,0,0,0,0,0,0,0,0
1818,UK,50-54,Adult,White,6,weekday,0,0,0,0,0,0,0,0,0,0
1819,UK,55-59,Adult,White,1,weekday,15,0,0,0,0,0,0,0,15,0
1820,UK,45-49,Adult,White,Unemployed,weekday,1,0,0,0,0,0,0,0,1,0
1821,UK,65-69,Adult,White,Retired,weekday,0,0,0,0,0,0,0,0,0,0
1822,UK,65-69,Adult,White,Retired,weekday,0,0,0,0,0,0,0,0,0,0
1823,UK,35-39,Adult,White,Unemployed,weekday,0,0,0,0,0,0,0,0,0,0
1824,UK,30-34,Adult,Black,6,weekday,0,0,0,0,0,0,0,0,0,0
1826,UK,20-24,Adult,Black,Student,weekend,9,0,0,0,0,0,0,0,9,0
1827,UK,20-24,Adult,Asian,7,weekday,4,0,0,0,0,0,0,0,4,0
1828,UK,50-54,Adult,White,3,weekday,0,0,0,0,0,0,0,0,0,0
1829,UK,40-44,Adult,White,6,weekday,11,0,0,0,0,0,0,1,5,5
1830,UK,65-69,Adult,White,Retired,weekday,0,0,0,0,0,0,0,0,0,0
1831,UK,55-59,Adult,Asian,Unemployed,weekday,6,0,0,0,0,0,0,2,3,1
1832,UK,35-39,Adult,White,2,weekend,0,0,0,0,0,0,0,0,0,0
1833,UK,55-59,Adult,White,2,weekday,0,0,0,0,0,0,0,0,0,0
1834,UK,65-69,Adult,White,7,weekday,0,0,0,0,0,0,0,0,0,0
1835,UK,45-49,Adult,White,Unknown,weekday,13,0,0,0,0,0,0,2,10,1
1836,UK,55-59,Adult,White,1,weekday,0,0,0,0,0,0,0,0,0,0
1837,UK,75+,Adult,White,Retired,weekend,0,0,0,0,0,0,0,0,0,0
1838,UK,70-74,Adult,White,Retired,weekday,0,0,0,0,0,0,0,0,0,0
1839,UK,60-64,Adult,White,2,weekend,0,0,0,0,0,0,0,0,0,0
1840,UK,45-49,Adult,White,Unemployed,weekend,0,0,0,0,0,0,0,0,0,0
1841,UK,65-69,Adult,White,Retired,weekday,0,0,0,0,0,0,0,0,0,0
1842,UK,55-59,Adult,White,Retired,weekend,0,0,0,0,0,0,0,0,0,0
1843,UK,40-44,Adult,Other,3,weekday,0,0,0,0,0,0,0,0,0,0
1844,UK,35-39,Adult,White,6,weekday,0,0,0,0,0,0,0,0,0,0
1845,UK,65-69,Adult,White,7,weekend,0,0,0,0,0,0,0,0,0,0
1846,UK,45-49,Adult,White,1,weekday,0,0,0,0,0,0,0,0,0,0
1847,UK,65-69,Adult,White,Retired,weekday,0,0,0,0,0,0,0,0,0,0
1848,UK,65-69,Adult,White,Retired,weekday,0,0,0,0,0,0,0,0,0,0
1849,UK,50-54,Adult,White,2,weekday,10,0,0,0,0,0,0,0,10,0
1850,UK,45-49,Adult,White,2,weekday,0,0,0,0,0,0,0,0,0,0
1851,UK,65-69,Adult,White,3,weekday,0,0,0,0,0,0,0,0,0,0
1852,UK,70-74,Adult,White,Retired,weekday,0,0,0,0,0,0,0,0,0,0
1853,UK,15-19,Adult,White,6,weekend,13,0,0,0,0,0,0,10,3,0
1854,UK,20-24,Adult,White,Student,weekend,10,0,0,0,0,0,0,5,5,0
1855,UK,60-64,Adult,White,6,weekday,0,0,0,0,0,0,0,0,0,0
1856,UK,45-49,Adult,White,6,weekday,1,0,0,0,0,0,0,1,0,0
1857,UK,20-24,Adult,Black,2,weekday,0,0,0,0,0,0,0,0,0,0
1858,UK,45-49,Adult,White,2,weekday,0,0,0,0,0,0,0,0,0,0
1859,UK,65-69,Adult,White,Retired,weekend,0,0,0,0,0,0,0,0,0,0
1860,UK,20-24,Adult,Black,1,weekday,0,0,0,0,0,0,0,0,0,0
1861,UK,50-54,Adult,White,6,weekday,0,0,0,0,0,0,0,0,0,0
1862,UK,60-64,Adult,White,Unknown,weekend,0,0,0,0,0,0,0,0,0,0
1863,UK,20-24,Adult,White,2,weekday,58,0,0,0,22,14,0,15,6,1
1864,UK,40-44,Adult,White,2,weekday,0,0,0,0,0,0,0,0,0,0
1865,UK,75+,Adult,White,Retired,weekend,4,0,0,0,0,0,0,0,0,4
1866,UK,35-39,Adult,Black,1,weekday,0,0,0,0,0,0,0,0,0,0
1867,UK,55-59,Adult,White,1,weekend,0,0,0,0,0,0,0,0,0,0
1868,UK,45-49,Adult,White,Unemployed,weekday,0,0,0,0,0,0,0,0,0,0
1869,UK,50-54,Adult,White,1,weekday,0,0,0,0,0,0,0,0,0,0
1870,UK,75+,Adult,White,Unemployed,weekday,17,0,0,0,0,0,0,14,3,0
1871,UK,45-49,Adult,White,Unknown,weekday,4,0,0,0,0,0,0,0,3,1
1872,UK,75+,Adult,White,Retired,weekday,0,0,0,0,0,0,0,0,0,0
1873,UK,75+,Adult,White,Retired,weekday,0,0,0,0,0,0,0,0,0,0
1874,UK,50-54,Adult,White,4,weekday,0,0,0,0,0,0,0,0,0,0
1875,UK,45-49,Adult,White,6,weekday,0,0,0,0,0,0,0,0,0,0
1876,UK,55-59,Adult,White,Unemployed,weekday,0,0,0,0,0,0,0,0,0,0
1877,UK,35-39,Adult,White,Unemployed,weekend,0,0,0,0,0,0,0,0,0,0
1878,UK,20-24,Adult,Asian,2,weekday,0,0,0,0,0,0,0,0,0,0
1879,UK,70-74,Adult,White,Retired,weekday,0,0,0,0,0,0,0,0,0,0
1880,UK,70-74,Adult,White,Retired,weekend,0,0,0,0,0,0,0,0,0,0
1881,UK,60-64,Adult,White,Retired,weekday,65,0,0,0,0,0,0,5,50,10
1882,UK,75+,Adult,White,Retired,weekend,0,0,0,0,0,0,0,0,0,0
1883,UK,45-49,Adult,White,Unemployed,weekday,0,0,0,0,0,0,0,0,0,0
1884,UK,75+,Adult,White,Retired,weekend,8,0,0,0,0,0,0,4,2,2
1885,UK,55-59,Adult,Asian,Retired,weekend,4,0,0,0,0,0,0,2,2,0
1886,UK,55-59,Adult,White,Unknown,weekday,0,0,0,0,0,0,0,0,0,0
1887,UK,50-54,Adult,White,1,weekday,13,0,0,0,0,0,0,5,8,0
1888,UK,55-59,Adult,White,7,weekday,1,0,0,0,0,0,0,0,1,0
1889,UK,60-64,Adult,White,Unknown,weekend,0,0,0,0,0,0,0,0,0,0
1890,UK,50-54,Adult,White,3,weekend,0,0,0,0,0,0,0,0,0,0
1891,UK,65-69,Adult,White,Retired,weekday,0,0,0,0,0,0,0,0,0,0
1892,UK,45-49,Adult,White,4,weekday,0,0,0,0,0,0,0,0,0,0
1893,UK,55-59,Adult,White,Unemployed,weekday,0,0,0,0,0,0,0,0,0,0
1894,UK,50-54,Adult,White,6,weekday,29,0,0,0,20,9,0,0,0,0
1895,UK,50-54,Adult,White,3,weekday,0,0,0,0,0,0,0,0,0,0
1896,UK,75+,Adult,White,Retired,weekday,1,0,0,0,0,0,0,0,1,0
1897,UK,60-64,Adult,Mixed,Retired,weekday,0,0,0,0,0,0,0,0,0,0
1898,UK,60-64,Adult,White,2,weekend,0,0,0,0,0,0,0,0,0,0
1899,UK,60-64,Adult,White,Retired,weekend,0,0,0,0,0,0,0,0,0,0
1900,UK,45-49,Adult,White,3,weekday,0,0,0,0,0,0,0,0,0,0
1901,UK,45-49,Adult,White,1,weekend,5,0,0,0,0,0,0,1,4,0
1902,UK,60-64,Adult,White,Unemployed,weekday,12,0,0,0,0,0,0,0,10,2
1903,UK,55-59,Adult,White,2,weekend,0,0,0,0,0,0,0,0,0,0
1904,UK,40-44,Adult,White,1,weekday,0,0,0,0,0,0,0,0,0,0
1905,UK,45-49,Adult,White,Unemployed,weekend,0,0,0,0,0,0,0,0,0,0
1906,UK,55-59,Adult,White,3,weekday,36,6,10,20,0,0,0,0,0,0
1907,UK,70-74,Adult,White,Retired,weekday,0,0,0,0,0,0,0,0,0,0
1908,UK,75+,Adult,White,Retired,weekend,1,0,0,0,0,0,0,0,0,1
1909,UK,65-69,Adult,White,Retired,weekday,0,0,0,0,0,0,0,0,0,0
1910,UK,60-64,Adult,Prefer not to say,Unemployed,weekday,0,0,0,0,0,0,0,0,0,0
1911,UK,55-59,Adult,White,Retired,weekday,2,0,0,0,0,0,0,0,0,2
1912,UK,45-49,Adult,White,2,weekday,0,0,0,0,0,0,0,0,0,0
1913,UK,70-74,Adult,Asian,Retired,weekday,1,0,0,0,0,0,0,0,1,0
1914,UK,60-64,Adult,White,7,weekday,100,0,0,0,0,0,0,100,0,0
1915,UK,70-74,Adult,White,Retired,weekend,4,0,0,0,0,0,0,0,4,0
1916,UK,50-54,Adult,White,6,weekday,0,0,0,0,0,0,0,0,0,0
1917,UK,55-59,Adult,White,Retired,weekday,6,0,0,0,0,0,0,1,3,2
1918,UK,60-64,Adult,White,5,weekday,0,0,0,0,0,0,0,0,0,0
1919,UK,45-49,Adult,White,2,weekday,0,0,0,0,0,0,0,0,0,0
1920,UK,45-49,Adult,White,3,weekend,0,0,0,0,0,0,0,0,0,0
1921,UK,50-54,Adult,White,Unemployed,weekday,0,0,0,0,0,0,0,0,0,0
1922,UK,75+,Adult,White,Retired,weekend,0,0,0,0,0,0,0,0,0,0
1923,UK,50-54,Adult,White,5,weekday,0,0,0,0,0,0,0,0,0,0
1924,UK,45-49,Adult,Asian,1,weekday,0,0,0,0,0,0,0,0,0,0
1925,UK,45-49,Adult,White,2,weekday,0,0,0,0,0,0,0,0,0,0
1926,UK,45-49,Adult,White,6,weekend,22,0,0,0,0,0,0,0,19,3
1927,UK,60-64,Adult,White,Retired,weekend,0,0,0,0,0,0,0,0,0,0
1928,UK,55-59,Adult,White,Unemployed,weekday,2,0,0,0,0,0,0,0,2,0
1929,UK,60-64,Adult,White,Retired,weekday,0,0,0,0,0,0,0,0,0,0
1930,UK,55-59,Adult,White,7,weekday,105,0,0,0,0,0,0,100,5,0
1931,UK,50-54,Adult,White,2,weekday,46,0,0,0,0,0,0,6,30,10
1932,UK,70-74,Adult,White,Retired,weekday,0,0,0,0,0,0,0,0,0,0
1933,UK,65-69,Adult,White,Retired,weekday,0,0,0,0,0,0,0,0,0,0
1934,UK,70-74,Adult,White,Retired,weekday,0,0,0,0,0,0,0,0,0,0
1935,UK,60-64,Adult,White,Unemployed,weekend,0,0,0,0,0,0,0,0,0,0
1936,UK,60-64,Adult,White,3,weekday,0,0,0,0,0,0,0,0,0,0
1937,UK,75+,Adult,White,Retired,weekday,0,0,0,0,0,0,0,0,0,0
1938,UK,65-69,Adult,White,Retired,weekday,0,0,0,0,0,0,0,0,0,0
1939,UK,60-64,Adult,White,6,weekend,1,0,0,0,0,0,0,1,0,0
1940,UK,55-59,Adult,White,1,weekend,0,0,0,0,0,0,0,0,0,0
1941,UK,65-69,Adult,White,Retired,weekday,1,0,0,0,0,0,0,0,1,0
1942,UK,70-74,Adult,White,Retired,weekday,0,0,0,0,0,0,0,0,0,0
1943,UK,55-59,Adult,White,1,weekend,0,0,0,0,0,0,0,0,0,0
1944,UK,60-64,Adult,White,1,weekday,2,0,0,0,0,0,0,0,2,0
1945,UK,20-24,Adult,White,Unknown,weekday,0,0,0,0,0,0,0,0,0,0
1946,UK,60-64,Adult,White,7,weekday,10,0,0,0,0,0,0,0,5,5
1947,UK,60-64,Adult,White,7,weekend,0,0,0,0,0,0,0,0,0,0
1948,UK,55-59,Adult,White,1,weekday,0,0,0,0,0,0,0,0,0,0
1949,UK,75+,Adult,White,Retired,weekday,0,0,0,0,0,0,0,0,0,0
1950,UK,75+,Adult,White,Retired,weekend,0,0,0,0,0,0,0,0,0,0
1951,UK,75+,Adult,White,Retired,weekday,0,0,0,0,0,0,0,0,0,0
1952,UK,55-59,Adult,White,Unemployed,weekday,0,0,0,0,0,0,0,0,0,0
1953,UK,55-59,Adult,White,Unemployed,weekday,0,0,0,0,0,0,0,0,0,0
1954,UK,55-59,Adult,White,Retired,weekday,0,0,0,0,0,0,0,0,0,0
1955,UK,55-59,Adult,White,6,weekend,0,0,0,0,0,0,0,0,0,0
1956,UK,55-59,Adult,White,Retired,weekday,0,0,0,0,0,0,0,0,0,0
1957,UK,55-59,Adult,White,Unemployed,weekday,0,0,0,0,0,0,0,0,0,0
1958,UK,55-59,Adult,White,2,weekend,58,8,30,20,0,0,0,0,0,0
1959,UK,55-59,Adult,White,Unemployed,weekday,0,0,0,0,0,0,0,0,0,0
1960,UK,55-59,Adult,White,6,weekday,0,0,0,0,0,0,0,0,0,0
1961,UK,55-59,Adult,White,Unemployed,weekday,0,0,0,0,0,0,0,0,0,0
1962,UK,60-64,Adult,White,3,weekday,0,0,0,0,0,0,0,0,0,0
1963,UK,65-69,Adult,White,Unknown,weekday,0,0,0,0,0,0,0,0,0,0
1964,UK,55-59,Adult,White,Retired,weekday,0,0,0,0,0,0,0,0,0,0
1965,UK,70-74,Adult,White,Retired,weekday,0,0,0,0,0,0,0,0,0,0
1966,UK,65-69,Adult,White,Retired,weekday,0,0,0,0,0,0,0,0,0,0
1967,UK,75+,Adult,White,Unemployed,weekday,4,0,0,0,0,0,0,0,3,1
1968,UK,35-39,Adult,White,1,weekday,0,0,0,0,0,0,0,0,0,0
1969,UK,40-44,Adult,White,3,weekday,0,0,0,0,0,0,0,0,0,0
1970,UK,20-24,Adult,White,3,weekday,3,0,0,0,0,0,0,0,2,1
1971,UK,45-49,Adult,White,2,weekend,2,0,0,0,0,0,0,0,2,0
1972,UK,20-24,Adult,White,Student,weekend,0,0,0,0,0,0,0,0,0,0
1973,UK,35-39,Adult,White,5,weekday,0,0,0,0,0,0,0,0,0,0
1974,UK,40-44,Adult,White,Unemployed,weekday,0,0,0,0,0,0,0,0,0,0
1975,UK,25-29,Adult,Black,2,weekday,30,0,0,0,0,0,0,0,20,10
1976,UK,25-29,Adult,White,6,weekday,1,0,0,0,0,0,0,0,1,0
1977,UK,40-44,Adult,White,2,weekend,27,0,0,0,0,0,0,2,15,10
1978,UK,35-39,Adult,White,2,weekday,2,0,0,0,0,0,0,2,0,0
1979,UK,30-34,Adult,White,1,weekday,1,0,0,0,0,0,0,0,1,0
1980,UK,30-34,Adult,White,6,weekday,0,0,0,0,0,0,0,0,0,0
1981,UK,40-44,Adult,Black,3,weekday,0,0,0,0,0,0,0,0,0,0
1982,UK,65-69,Adult,White,Retired,weekday,0,0,0,0,0,0,0,0,0,0
1983,UK,20-24,Adult,Asian,1,weekday,5,0,0,0,0,0,0,1,4,0
1984,UK,60-64,Adult,White,2,weekday,0,0,0,0,0,0,0,0,0,0
1985,UK,25-29,Adult,Black,2,weekday,0,0,0,0,0,0,0,0,0,0
1986,UK,35-39,Adult,Other,6,weekday,87,5,40,0,0,0,0,4,38,0
1987,UK,25-29,Adult,White,4,weekday,0,0,0,0,0,0,0,0,0,0
1988,UK,20-24,Adult,White,7,weekday,0,0,0,0,0,0,0,0,0,0
1989,UK,35-39,Adult,White,5,weekday,0,0,0,0,0,0,0,0,0,0
1990,UK,30-34,Adult,Black,6,weekday,0,0,0,0,0,0,0,0,0,0
1991,UK,25-29,Adult,White,2,weekday,4,0,0,0,0,0,0,2,1,1
1992,UK,30-34,Adult,White,5,weekday,0,0,0,0,0,0,0,0,0,0
1993,UK,25-29,Adult,White,3,weekday,2,0,0,0,0,0,0,0,2,0
1994,UK,35-39,Adult,White,1,weekday,2,0,0,0,0,0,0,0,2,0
1995,UK,20-24,Adult,White,3,weekday,2,0,0,0,0,0,0,0,2,0
1996,UK,25-29,Adult,White,1,weekday,5,0,0,0,0,0,0,1,4,0
1997,UK,40-44,Adult,White,2,weekday,0,0,0,0,0,0,0,0,0,0
1998,UK,40-44,Adult,Asian,Unemployed,weekday,0,0,0,0,0,0,0,0,0,0
1999,UK,20-24,Adult,Asian,1,weekday,0,0,0,0,0,0,0,0,0,0
2000,UK,35-39,Adult,White,Unemployed,weekday,0,0,0,0,0,0,0,0,0,0
2001,UK,20-24,Adult,Asian,3,weekday,0,0,0,0,0,0,0,0,0,0
2002,UK,40-44,Adult,White,3,weekday,0,0,0,0,0,0,0,0,0,0
2003,UK,55-59,Adult,White,2,weekday,25,0,0,0,0,0,0,0,19,6
2004,UK,25-29,Adult,Mixed,1,weekday,5,0,0,0,0,0,0,0,5,0
2005,UK,35-39,Adult,White,2,weekday,0,0,0,0,0,0,0,0,0,0
2006,UK,25-29,Adult,White,6,weekday,0,0,0,0,0,0,0,0,0,0
2007,UK,25-29,Adult,Mixed,6,weekend,3,0,0,0,0,0,0,2,1,0
2008,UK,35-39,Adult,Asian,Unemployed,weekday,0,0,0,0,0,0,0,0,0,0
2009,UK,30-34,Adult,White,1,weekday,3,0,0,0,0,0,0,3,0,0
2010,UK,30-34,Adult,White,3,weekday,10,0,0,0,0,0,0,0,10,0
2011,UK,30-34,Adult,White,3,weekday,16,0,0,0,0,1,0,0,15,0
2012,UK,55-59,Adult,White,3,weekday,0,0,0,0,0,0,0,0,0,0
2013,UK,35-39,Adult,Asian,3,weekday,0,0,0,0,0,0,0,0,0,0
2014,UK,25-29,Adult,Black,2,weekend,0,0,0,0,0,0,0,0,0,0
2015,UK,70-74,Adult,White,Unemployed,weekday,0,0,0,0,0,0,0,0,0,0
2016,UK,15-19,Adult,White,6,weekday,3,0,0,0,0,0,0,1,2,0
2017,UK,20-24,Adult,Black,1,weekday,0,0,0,0,0,0,0,0,0,0
2018,UK,40-44,Adult,White,3,weekday,0,0,0,0,0,0,0,0,0,0
2019,UK,60-64,Adult,White,Retired,weekday,0,0,0,0,0,0,0,0,0,0
2020,UK,65-69,Adult,White,Retired,weekday,0,0,0,0,0,0,0,0,0,0
2021,UK,25-29,Adult,Asian,2,weekday,0,0,0,0,0,0,0,0,0,0
2022,UK,45-49,Adult,White,1,weekday,0,0,0,0,0,0,0,0,0,0
2023,UK,25-29,Adult,White,2,weekend,0,0,0,0,0,0,0,0,0,0
2024,UK,35-39,Adult,White,2,weekday,0,0,0,0,0,0,0,0,0,0
2025,UK,60-64,Adult,White,3,weekday,0,0,0,0,0,0,0,0,0,0
2026,UK,65-69,Adult,White,4,weekday,0,0,0,0,0,0,0,0,0,0
2027,UK,40-44,Adult,White,1,weekday,0,0,0,0,0,0,0,0,0,0
2028,UK,20-24,Adult,White,3,weekday,0,0,0,0,0,0,0,0,0,0
2029,UK,40-44,Adult,White,Unknown,weekday,0,0,0,0,0,0,0,0,0,0
2030,UK,55-59,Adult,White,Unemployed,weekday,1,0,0,0,0,0,0,0,1,0
2031,UK,35-39,Adult,White,2,weekday,0,0,0,0,0,0,0,0,0,0
2032,UK,30-34,Adult,White,2,weekday,0,0,0,0,0,0,0,0,0,0
2033,UK,20-24,Adult,White,3,weekday,0,0,0,0,0,0,0,0,0,0
2034,UK,40-44,Adult,White,1,weekday,0,0,0,0,0,0,0,0,0,0
2035,UK,30-34,Adult,Asian,1,weekday,0,0,0,0,0,0,0,0,0,0
2036,UK,65-69,Adult,White,2,weekday,0,0,0,0,0,0,0,0,0,0
2037,UK,20-24,Adult,White,1,weekday,7,0,0,0,0,0,0,0,5,2
2038,UK,50-54,Adult,White,1,weekday,0,0,0,0,0,0,0,0,0,0
2039,UK,50-54,Adult,White,7,weekday,0,0,0,0,0,0,0,0,0,0
2040,UK,25-29,Adult,White,Unemployed,weekday,0,0,0,0,0,0,0,0,0,0
2041,UK,35-39,Adult,Black,3,weekday,7,0,0,0,0,0,0,0,7,0
2042,UK,50-54,Adult,White,Unemployed,weekday,0,0,0,0,0,0,0,0,0,0
2043,UK,30-34,Adult,Black,2,weekday,0,0,0,0,0,0,0,0,0,0
2044,UK,40-44,Adult,White,2,weekday,2,0,0,0,0,0,0,1,0,1
2045,UK,30-34,Adult,White,5,weekday,0,0,0,0,0,0,0,0,0,0
2046,UK,25-29,Adult,Asian,1,weekday,4,0,0,0,0,0,0,2,2,0
2047,UK,30-34,Adult,Black,2,weekday,0,0,0,0,0,0,0,0,0,0
2048,UK,60-64,Adult,White,1,weekday,2,0,0,0,0,0,0,0,1,1
2049,UK,25-29,Adult,Asian,Unemployed,weekday,75,7,0,2,0,0,0,56,7,3
2050,UK,35-39,Adult,White,2,weekday,0,0,0,0,0,0,0,0,0,0
2051,UK,20-24,Adult,White,Student,weekend,0,0,0,0,0,0,0,0,0,0
2052,UK,50-54,Adult,White,5,weekday,3,0,0,0,0,0,0,0,3,0
2053,UK,30-34,Adult,White,5,weekday,6,0,0,0,0,0,0,4,1,1
2054,UK,55-59,Adult,White,Unemployed,weekday,0,0,0,0,0,0,0,0,0,0
2055,UK,15-19,Adult,Asian,Student,weekday,0,0,0,0,0,0,0,0,0,0
2056,UK,25-29,Adult,White,6,weekday,50,0,0,0,0,0,0,0,50,0
2057,UK,40-44,Adult,White,3,weekday,4,0,0,0,0,0,0,1,3,0
2058,UK,20-24,Adult,White,6,weekday,5,0,0,0,0,0,0,0,5,0
2059,UK,25-29,Adult,White,6,weekday,0,0,0,0,0,0,0,0,0,0
2060,UK,75+,Adult,White,Retired,weekday,0,0,0,0,0,0,0,0,0,0
2061,UK,20-24,Adult,White,5,weekday,0,0,0,0,0,0,0,0,0,0
2062,UK,35-39,Adult,Asian,1,weekday,0,0,0,0,0,0,0,0,0,0
2063,UK,20-24,Adult,Asian,6,weekday,4,0,0,0,0,0,0,0,4,0
2064,UK,40-44,Adult,Asian,Unemployed,weekday,0,0,0,0,0,0,0,0,0,0
2065,UK,40-44,Adult,White,1,weekday,0,0,0,0,0,0,0,0,0,0
2066,UK,35-39,Adult,White,1,weekday,0,0,0,0,0,0,0,0,0,0
2067,UK,35-39,Adult,White,1,weekday,0,0,0,0,0,0,0,0,0,0
2068,UK,40-44,Adult,White,7,weekend,0,0,0,0,0,0,0,0,0,0
2069,UK,25-29,Adult,White,1,weekday,0,0,0,0,0,0,0,0,0,0
2070,UK,55-59,Adult,White,2,weekday,0,0,0,0,0,0,0,0,0,0
2071,UK,40-44,Adult,Black,3,weekday,7,0,0,0,0,0,0,3,4,0
2072,UK,60-64,Adult,White,Unknown,weekday,25,0,0,0,0,0,0,0,20,5
2073,UK,25-29,Adult,White,5,weekday,3,0,0,0,0,0,0,1,0,2
2074,UK,40-44,Adult,Black,2,weekday,0,0,0,0,0,0,0,0,0,0
2075,UK,50-54,Adult,White,4,weekday,0,0,0,0,0,0,0,0,0,0
2076,UK,35-39,Adult,White,2,weekday,43,0,0,0,0,0,0,35,8,0
2077,UK,25-29,Adult,White,2,weekend,0,0,0,0,0,0,0,0,0,0
2078,UK,15-19,Adult,Asian,7,weekday,13,0,0,0,0,0,0,0,13,0
2079,UK,35-39,Adult,White,3,weekday,1,0,0,0,0,0,0,1,0,0
2080,UK,30-34,Adult,White,7,weekday,86,0,3,1,0,0,0,2,60,20
2081,UK,55-59,Adult,White,Unknown,weekday,0,0,0,0,0,0,0,0,0,0
2082,UK,35-39,Adult,White,Unemployed,weekday,0,0,0,0,0,0,0,0,0,0
2083,UK,65-69,Adult,White,Retired,weekday,15,0,0,0,0,0,0,15,0,0
2084,UK,35-39,Adult,White,7,weekday,0,0,0,0,0,0,0,0,0,0
2085,UK,15-19,Adult,White,Student,weekday,4,0,0,0,0,0,0,0,4,0
2086,UK,30-34,Adult,Asian,2,weekday,65,0,0,0,0,0,0,0,65,0
2087,UK,45-49,Adult,White,2,weekday,3,0,0,0,0,0,0,0,3,0
2088,UK,40-44,Adult,White,2,weekday,15,0,0,0,0,0,0,0,13,2
2089,UK,40-44,Adult,White,4,weekday,0,0,0,0,0,0,0,0,0,0
2090,UK,30-34,Adult,White,6,weekday,7,0,0,0,4,3,0,0,0,0
2091,UK,40-44,Adult,White,Unemployed,weekday,0,0,0,0,0,0,0,0,0,0
2092,UK,25-29,Adult,White,2,weekend,0,0,0,0,0,0,0,0,0,0
2093,UK,50-54,Adult,White,2,weekday,0,0,0,0,0,0,0,0,0,0
2094,UK,40-44,Adult,Asian,6,weekday,0,0,0,0,0,0,0,0,0,0
2095,UK,35-39,Adult,White,1,weekday,0,0,0,0,0,0,0,0,0,0
2096,UK,20-24,Adult,Other,5,weekday,2,0,0,0,0,0,0,0,2,0
2097,UK,30-34,Adult,White,2,weekday,0,0,0,0,0,0,0,0,0,0
2098,UK,40-44,Adult,Mixed,7,weekday,0,0,0,0,0,0,0,0,0,0
2099,UK,20-24,Adult,Black,1,weekend,0,0,0,0,0,0,0,0,0,0
2100,UK,25-29,Adult,White,Unemployed,weekday,6,0,0,0,0,0,0,3,2,1
2101,UK,25-29,Adult,White,1,weekday,0,0,0,0,0,0,0,0,0,0
2102,UK,25-29,Adult,Asian,3,weekday,0,0,0,0,0,0,0,0,0,0
2103,UK,45-49,Adult,White,2,weekday,0,0,0,0,0,0,0,0,0,0
2104,UK,35-39,Adult,Black,3,weekday,1,0,0,0,0,0,0,0,1,0
2105,UK,25-29,Adult,White,3,weekday,0,0,0,0,0,0,0,0,0,0
2106,UK,20-24,Adult,White,3,weekday,10,0,0,0,0,0,0,10,0,0
2107,UK,45-49,Adult,White,2,weekday,0,0,0,0,0,0,0,0,0,0
2108,UK,20-24,Adult,Black,1,weekday,5,0,0,0,0,0,0,4,0,1
2109,UK,45-49,Adult,White,3,weekday,2,0,0,0,0,0,0,0,2,0
2110,UK,45-49,Adult,White,1,weekday,0,0,0,0,0,0,0,0,0,0
2111,UK,20-24,Adult,White,Unemployed,weekday,2,0,0,0,0,0,0,1,1,0
2112,UK,65-69,Adult,White,Retired,weekday,1,0,0,0,0,0,0,0,0,1
2113,UK,35-39,Adult,White,1,weekday,0,0,0,0,0,0,0,0,0,0
2114,UK,35-39,Adult,White,2,weekday,3,0,0,0,0,0,0,0,3,0
2115,UK,30-34,Adult,White,4,weekend,0,0,0,0,0,0,0,0,0,0
2116,UK,35-39,Adult,White,2,weekday,25,0,0,0,0,0,0,6,15,4
2117,UK,35-39,Adult,White,2,weekday,0,0,0,0,0,0,0,0,0,0
2118,UK,55-59,Adult,White,3,weekday,0,0,0,0,0,0,0,0,0,0
2119,UK,20-24,Adult,White,Unemployed,weekday,4,0,0,0,0,0,0,0,4,0
2120,UK,35-39,Adult,White,2,weekday,8,0,0,0,0,0,0,2,5,1
2121,UK,20-24,Adult,Black,7,weekday,1,0,0,0,0,0,0,1,0,0
2122,UK,25-29,Adult,White,3,weekday,159,3,50,0,0,0,0,6,100,0
2123,UK,20-24,Adult,White,3,weekday,0,0,0,0,0,0,0,0,0,0
2124,UK,50-54,Adult,White,3,weekday,0,0,0,0,0,0,0,0,0,0
2125,UK,50-54,Adult,White,Unemployed,weekday,45,0,0,0,0,0,0,30,15,0
2126,UK,45-49,Adult,White,3,weekday,2,0,0,0,0,0,0,0,2,0
2127,UK,60-64,Adult,White,3,weekday,34,0,0,0,0,0,0,0,22,12
2128,UK,60-64,Adult,White,Unknown,weekday,0,0,0,0,0,0,0,0,0,0
2129,UK,15-19,Adult,Asian,7,weekday,0,0,0,0,0,0,0,0,0,0
2130,UK,25-29,Adult,Asian,1,weekday,3,0,0,0,0,0,0,0,3,0
2131,UK,30-34,Adult,White,1,weekday,0,0,0,0,0,0,0,0,0,0
2132,UK,20-24,Adult,White,7,weekday,2,2,0,0,0,0,0,0,0,0
2133,UK,40-44,Adult,Black,6,weekend,0,0,0,0,0,0,0,0,0,0
2134,UK,55-59,Adult,White,Unknown,weekday,0,0,0,0,0,0,0,0,0,0
2135,UK,20-24,Adult,White,Student,weekday,5,0,0,0,0,0,0,0,5,0
2136,UK,40-44,Adult,White,3,weekday,0,0,0,0,0,0,0,0,0,0
2137,UK,30-34,Adult,White,4,weekday,4,0,0,0,0,0,0,0,1,3
2138,UK,20-24,Adult,White,6,weekday,0,0,0,0,0,0,0,0,0,0
2139,UK,25-29,Adult,White,3,weekday,0,0,0,0,0,0,0,0,0,0
2140,UK,35-39,Adult,White,1,weekday,2,0,0,0,0,0,0,0,2,0
2141,UK,35-39,Adult,Black,6,weekday,8,0,0,0,0,4,0,0,4,0
2142,UK,60-64,Adult,White,3,weekday,0,0,0,0,0,0,0,0,0,0
2143,UK,45-49,Adult,White,7,weekday,1,0,0,0,0,0,0,0,1,0
2144,UK,45-49,Adult,White,1,weekday,0,0,0,0,0,0,0,0,0,0
2145,UK,40-44,Adult,White,Unemployed,weekday,0,0,0,0,0,0,0,0,0,0
2146,UK,40-44,Adult,White,6,weekday,0,0,0,0,0,0,0,0,0,0
2147,UK,30-34,Adult,White,2,weekday,0,0,0,0,0,0,0,0,0,0
2148,UK,20-24,Adult,White,6,weekday,0,0,0,0,0,0,0,0,0,0
2149,UK,20-24,Adult,White,6,weekday,0,0,0,0,0,0,0,0,0,0
2150,UK,40-44,Adult,Black,2,weekday,0,0,0,0,0,0,0,0,0,0
2151,UK,60-64,Adult,White,2,weekend,0,0,0,0,0,0,0,0,0,0
2152,UK,20-24,Adult,White,1,weekend,4,0,0,0,0,0,0,0,4,0
2153,UK,60-64,Adult,Asian,1,weekday,0,0,0,0,0,0,0,0,0,0
2154,UK,20-24,Adult,Mixed,Student,weekday,0,0,0,0,0,0,0,0,0,0
2155,UK,20-24,Adult,White,2,weekday,0,0,0,0,0,0,0,0,0,0
2156,UK,20-24,Adult,White,3,weekday,20,0,0,0,0,0,0,0,10,10
2157,UK,20-24,Adult,White,7,weekday,0,0,0,0,0,0,0,0,0,0
2158,UK,35-39,Adult,Black,3,weekday,1,0,0,0,0,0,0,0,1,0
2159,UK,25-29,Adult,Black,1,weekday,11,0,0,0,0,0,0,3,8,0
2160,UK,40-44,Adult,White,2,weekday,0,0,0,0,0,0,0,0,0,0
2161,UK,40-44,Adult,White,6,weekday,3,0,0,0,0,0,0,1,2,0
2162,UK,45-49,Adult,White,2,weekday,0,0,0,0,0,0,0,0,0,0
2163,UK,25-29,Adult,White,3,weekday,20,0,0,0,0,0,0,0,20,0
2164,UK,50-54,Adult,White,3,weekday,0,0,0,0,0,0,0,0,0,0
2165,UK,25-29,Adult,White,4,weekday,0,0,0,0,0,0,0,0,0,0
2166,UK,30-34,Adult,White,2,weekday,11,0,0,0,0,0,0,1,10,0
2167,UK,25-29,Adult,White,3,weekday,0,0,0,0,0,0,0,0,0,0
2168,UK,40-44,Adult,White,2,weekday,0,0,0,0,0,0,0,0,0,0
2169,UK,35-39,Adult,White,3,weekday,0,0,0,0,0,0,0,0,0,0
2170,UK,35-39,Adult,White,1,weekday,0,0,0,0,0,0,0,0,0,0
2171,UK,20-24,Adult,Mixed,3,weekday,0,0,0,0,0,0,0,0,0,0
2172,UK,50-54,Adult,White,2,weekday,0,0,0,0,0,0,0,0,0,0
2173,UK,50-54,Adult,White,4,weekday,0,0,0,0,0,0,0,0,0,0
2174,UK,60-64,Adult,White,Retired,weekday,1,0,0,0,0,0,0,0,1,0
2175,UK,55-59,Adult,White,3,weekend,1,0,0,0,0,0,0,0,1,0
2176,UK,20-24,Adult,White,2,weekday,0,0,0,0,0,0,0,0,0,0
2177,UK,30-34,Adult,Mixed,1,weekday,107,0,0,0,0,0,0,5,100,2
2178,UK,25-29,Adult,White,2,weekday,6,0,0,0,0,0,0,2,3,1
2179,UK,55-59,Adult,White,Unemployed,weekday,1,0,0,0,0,0,0,0,1,0
2180,UK,35-39,Adult,White,6,weekday,0,0,0,0,0,0,0,0,0,0
2181,UK,25-29,Adult,Asian,2,weekend,0,0,0,0,0,0,0,0,0,0
2182,UK,25-29,Adult,White,6,weekend,5,0,0,0,0,0,0,1,2,2
2183,UK,25-29,Adult,White,7,weekday,0,0,0,0,0,0,0,0,0,0
2184,UK,25-29,Adult,White,Unknown,weekday,0,0,0,0,0,0,0,0,0,0
2185,UK,40-44,Adult,Asian,2,weekday,0,0,0,0,0,0,0,0,0,0
2186,UK,45-49,Adult,White,2,weekday,6,0,0,0,0,0,0,0,6,0
2187,UK,60-64,Adult,White,1,weekday,0,0,0,0,0,0,0,0,0,0
2188,UK,40-44,Adult,White,3,weekend,0,0,0,0,0,0,0,0,0,0
2189,UK,60-64,Adult,White,1,weekday,0,0,0,0,0,0,0,0,0,0
2190,UK,30-34,Adult,White,2,weekend,0,0,0,0,0,0,0,0,0,0
2191,UK,40-44,Adult,White,3,weekend,0,0,0,0,0,0,0,0,0,0
2192,UK,25-29,Adult,White,3,weekday,0,0,0,0,0,0,0,0,0,0
2193,UK,25-29,Adult,Black,3,weekday,2,0,0,0,0,0,0,0,2,0
2194,UK,40-44,Adult,White,3,weekday,1,0,0,0,0,0,0,0,1,0
2195,UK,30-34,Adult,White,4,weekday,0,0,0,0,0,0,0,0,0,0
2196,UK,40-44,Adult,White,2,weekday,0,0,0,0,0,0,0,0,0,0
2197,UK,25-29,Adult,White,1,weekday,1,0,0,0,0,0,0,0,0,1
2198,UK,20-24,Adult,White,1,weekday,0,0,0,0,0,0,0,0,0,0
2199,UK,20-24,Adult,White,Unknown,weekend,11,0,0,0,0,0,0,9,2,0
2200,UK,25-29,Adult,White,Unemployed,weekday,0,0,0,0,0,0,0,0,0,0
2201,UK,35-39,Adult,White,2,weekday,0,0,0,0,0,0,0,0,0,0
2202,UK,30-34,Adult,Black,Student,weekday,1,0,0,0,0,0,0,1,0,0
2203,UK,70-74,Adult,White,Retired,weekday,1,0,0,0,0,0,0,0,0,1
2204,UK,40-44,Adult,White,3,weekday,0,0,0,0,0,0,0,0,0,0
2205,UK,30-34,Adult,White,3,weekday,21,0,0,0,0,0,0,1,10,10
2206,UK,45-49,Adult,White,6,weekday,5,0,0,0,0,0,0,0,4,1
2207,UK,30-34,Adult,White,2,weekday,0,0,0,0,0,0,0,0,0,0
2208,UK,45-49,Adult,White,7,weekday,3,0,0,0,0,0,0,0,2,1
2209,UK,35-39,Adult,White,3,weekday,32,0,0,0,0,0,0,15,15,2
2210,UK,35-39,Adult,White,4,weekday,0,0,0,0,0,0,0,0,0,0
2211,UK,25-29,Adult,White,2,weekday,5,2,0,0,0,0,0,2,1,0
2212,UK,55-59,Adult,White,1,weekday,0,0,0,0,0,0,0,0,0,0
2213,UK,20-24,Adult,White,3,weekday,3,0,0,0,0,0,0,2,1,0
2214,UK,25-29,Adult,White,2,weekday,0,0,0,0,0,0,0,0,0,0
2215,UK,15-19,Adult,White,Student,weekday,0,0,0,0,0,0,0,0,0,0
2216,UK,30-34,Adult,Asian,Unemployed,weekday,1,0,0,0,0,0,0,0,1,0
2217,UK,20-24,Adult,White,5,weekday,0,0,0,0,0,0,0,0,0,0
2218,UK,30-34,Adult,White,3,weekend,0,0,0,0,0,0,0,0,0,0
2219,UK,20-24,Adult,White,Unemployed,weekday,0,0,0,0,0,0,0,0,0,0
2220,UK,40-44,Adult,White,3,weekday,1,0,0,0,0,0,0,0,1,0
2221,UK,35-39,Adult,White,6,weekday,0,0,0,0,0,0,0,0,0,0
2222,UK,35-39,Adult,Mixed,Unemployed,weekday,4,0,0,0,0,0,0,0,4,0
2223,UK,20-24,Adult,Mixed,4,weekday,0,0,0,0,0,0,0,0,0,0
2224,UK,40-44,Adult,White,2,weekday,11,0,0,0,0,0,0,3,6,2
2225,UK,25-29,Adult,White,Unemployed,weekday,0,0,0,0,0,0,0,0,0,0
2226,UK,20-24,Adult,White,7,weekday,0,0,0,0,0,0,0,0,0,0
2227,UK,25-29,Adult,White,2,weekday,3,0,0,0,0,0,0,0,3,0
2228,UK,25-29,Adult,White,1,weekend,0,0,0,0,0,0,0,0,0,0
2229,UK,25-29,Adult,White,2,weekend,0,0,0,0,0,0,0,0,0,0
2230,UK,50-54,Adult,White,Unknown,weekday,0,0,0,0,0,0,0,0,0,0
2231,UK,15-19,Adult,Asian,Student,weekday,0,0,0,0,0,0,0,0,0,0
2232,UK,20-24,Adult,White,Student,weekday,2,0,0,0,0,0,0,0,2,0
2233,UK,40-44,Adult,White,1,weekday,0,0,0,0,0,0,0,0,0,0
2234,UK,20-24,Adult,Asian,1,weekday,2,0,0,0,0,0,0,2,0,0
2235,UK,35-39,Adult,White,2,weekday,54,0,0,0,0,0,0,15,38,1
2236,UK,30-34,Adult,White,Unemployed,weekday,3,0,0,0,0,0,0,2,1,0
2237,UK,40-44,Adult,White,3,weekday,0,0,0,0,0,0,0,0,0,0
2238,UK,40-44,Adult,White,2,weekday,24,0,12,0,0,0,0,0,12,0
2239,UK,25-29,Adult,Asian,Student,weekday,2,0,0,0,0,0,0,0,2,0
2240,UK,25-29,Adult,White,2,weekday,0,0,0,0,0,0,0,0,0,0
2241,UK,40-44,Adult,Other,2,weekday,0,0,0,0,0,0,0,0,0,0
2242,UK,45-49,Adult,White,Unemployed,weekday,0,0,0,0,0,0,0,0,0,0
2243,UK,55-59,Adult,White,2,weekday,0,0,0,0,0,0,0,0,0,0
2244,UK,35-39,Adult,Black,Unemployed,weekday,1,0,0,0,0,0,0,0,1,0
2245,UK,40-44,Adult,White,3,weekday,2,0,0,0,0,0,0,1,1,0
2246,UK,45-49,Adult,White,3,weekday,0,0,0,0,0,0,0,0,0,0
2247,UK,50-54,Adult,White,Unemployed,weekday,30,0,0,0,0,0,0,4,20,6
2248,UK,35-39,Adult,White,3,weekday,17,0,0,0,0,0,0,12,4,1
2249,UK,50-54,Adult,White,4,weekday,52,0,0,0,0,0,0,0,50,2
2250,UK,15-19,Adult,Black,2,weekday,6,0,0,0,0,0,0,1,2,3
2251,UK,40-44,Adult,White,6,weekday,0,0,0,0,0,0,0,0,0,0
2252,UK,40-44,Adult,White,Unemployed,weekday,0,0,0,0,0,0,0,0,0,0
2253,UK,30-34,Adult,Black,3,weekday,0,0,0,0,0,0,0,0,0,0
2254,UK,50-54,Adult,White,Unemployed,weekday,0,0,0,0,0,0,0,0,0,0
2255,UK,65-69,Adult,White,Retired,weekday,0,0,0,0,0,0,0,0,0,0
2256,UK,35-39,Adult,White,3,weekend,0,0,0,0,0,0,0,0,0,0
2257,UK,50-54,Adult,White,Unemployed,weekday,13,0,0,0,0,0,0,1,12,0
2258,UK,30-34,Adult,White,Unemployed,weekday,0,0,0,0,0,0,0,0,0,0
2259,UK,25-29,Adult,White,2,weekday,9,0,0,0,0,0,0,9,0,0
2260,UK,35-39,Adult,Black,7,weekday,9,0,0,0,0,0,0,4,3,2
2261,UK,25-29,Adult,Asian,Unemployed,weekday,2,0,0,0,0,0,0,0,2,0
2262,UK,30-34,Adult,White,Unemployed,weekday,8,0,0,0,0,0,0,0,8,0
2263,UK,45-49,Adult,White,7,weekday,100,0,0,0,0,0,0,100,0,0
2264,UK,25-29,Adult,White,3,weekday,1,0,0,0,0,0,0,0,1,0
2265,UK,45-49,Adult,White,2,weekday,0,0,0,0,0,0,0,0,0,0
2266,UK,30-34,Adult,White,Unemployed,weekday,0,0,0,0,0,0,0,0,0,0
2267,UK,35-39,Adult,White,3,weekday,113,1,20,70,1,5,6,1,3,6
2268,UK,35-39,Adult,White,Student,weekday,0,0,0,0,0,0,0,0,0,0
2269,UK,35-39,Adult,Black,3,weekday,9,0,0,0,0,0,0,5,3,1
2270,UK,25-29,Adult,White,2,weekday,0,0,0,0,0,0,0,0,0,0
2271,UK,35-39,Adult,White,Student,weekday,0,0,0,0,0,0,0,0,0,0
2272,UK,40-44,Adult,White,3,weekday,0,0,0,0,0,0,0,0,0,0
2273,UK,40-44,Adult,White,5,weekday,0,0,0,0,0,0,0,0,0,0
2274,UK,55-59,Adult,White,6,weekday,0,0,0,0,0,0,0,0,0,0
2275,UK,55-59,Adult,White,Unemployed,weekday,0,0,0,0,0,0,0,0,0,0
2276,UK,30-34,Adult,Asian,1,weekday,0,0,0,0,0,0,0,0,0,0
2277,UK,25-29,Adult,White,2,weekday,4,0,0,0,0,0,0,1,2,1
2278,UK,75+,Adult,White,Retired,weekday,0,0,0,0,0,0,0,0,0,0
2279,UK,55-59,Adult,White,3,weekday,0,0,0,0,0,0,0,0,0,0
2280,UK,30-34,Adult,Asian,1,weekday,3,0,0,0,0,0,0,0,3,0
2281,UK,45-49,Adult,White,7,weekday,0,0,0,0,0,0,0,0,0,0
2282,UK,35-39,Adult,Mixed,Unemployed,weekday,0,0,0,0,0,0,0,0,0,0
2283,UK,35-39,Adult,Asian,Unemployed,weekday,4,0,0,0,0,0,0,2,2,0
2284,UK,25-29,Adult,White,6,weekday,5,0,3,0,0,0,0,0,2,0
2285,UK,40-44,Adult,White,2,weekday,0,0,0,0,0,0,0,0,0,0
2286,UK,25-29,Adult,White,2,weekend,9,0,0,0,0,0,0,1,5,3
2287,UK,40-44,Adult,Black,2,weekday,14,4,2,1,0,0,0,3,2,2
2288,UK,65-69,Adult,White,6,weekday,0,0,0,0,0,0,0,0,0,0
2289,UK,45-49,Adult,White,Unemployed,weekday,2,0,0,0,0,0,0,1,1,0
2290,UK,50-54,Adult,Black,3,weekday,0,0,0,0,0,0,0,0,0,0
2291,UK,50-54,Adult,White,6,weekday,0,0,0,0,0,0,0,0,0,0
2292,UK,65-69,Adult,White,Retired,weekday,15,0,0,0,0,0,0,0,10,5
2293,UK,45-49,Adult,Black,Unemployed,weekday,3,0,0,0,0,0,0,0,2,1
2294,UK,50-54,Adult,White,3,weekday,0,0,0,0,0,0,0,0,0,0
2295,UK,45-49,Adult,White,Unemployed,weekday,2,0,0,0,0,0,0,0,1,1
2296,UK,70-74,Adult,White,Retired,weekday,0,0,0,0,0,0,0,0,0,0
2297,UK,65-69,Adult,White,Retired,weekday,0,0,0,0,0,0,0,0,0,0
2298,UK,55-59,Adult,White,2,weekday,0,0,0,0,0,0,0,0,0,0
2299,UK,60-64,Adult,White,3,weekday,11,0,0,0,0,0,0,0,10,1
2300,UK,50-54,Adult,Black,2,weekday,0,0,0,0,0,0,0,0,0,0
2301,UK,60-64,Adult,White,6,weekday,7,0,0,0,0,0,0,2,1,4
2302,UK,55-59,Adult,White,1,weekday,0,0,0,0,0,0,0,0,0,0
2303,UK,45-49,Adult,White,2,weekday,0,0,0,0,0,0,0,0,0,0
2304,UK,55-59,Adult,White,1,weekday,0,0,0,0,0,0,0,0,0,0
2305,UK,45-49,Adult,White,3,weekday,0,0,0,0,0,0,0,0,0,0
2306,UK,75+,Adult,White,Retired,weekday,0,0,0,0,0,0,0,0,0,0
2307,UK,50-54,Adult,White,6,weekday,0,0,0,0,0,0,0,0,0,0
2308,UK,60-64,Adult,White,Retired,weekday,0,0,0,0,0,0,0,0,0,0
2309,UK,70-74,Adult,White,Retired,weekday,0,0,0,0,0,0,0,0,0,0
2310,UK,65-69,Adult,White,Retired,weekday,0,0,0,0,0,0,0,0,0,0
2311,UK,65-69,Adult,White,Retired,weekday,1,0,0,0,0,0,0,0,1,0
2312,UK,65-69,Adult,White,Retired,weekday,0,0,0,0,0,0,0,0,0,0
2313,UK,55-59,Adult,White,Unemployed,weekday,6,0,0,0,0,0,0,3,3,0
2314,UK,50-54,Adult,White,2,weekday,0,0,0,0,0,0,0,0,0,0
2315,UK,45-49,Adult,White,2,weekday,23,0,0,0,0,0,0,0,20,3
2316,UK,65-69,Adult,White,Retired,weekday,1,0,0,0,0,0,0,0,1,0
2317,UK,70-74,Adult,White,Retired,weekday,0,0,0,0,0,0,0,0,0,0
2318,UK,70-74,Adult,White,Retired,weekday,0,0,0,0,0,0,0,0,0,0
2319,UK,50-54,Adult,White,3,weekday,0,0,0,0,0,0,0,0,0,0
2320,UK,55-59,Adult,White,Unknown,weekday,0,0,0,0,0,0,0,0,0,0
2321,UK,50-54,Adult,White,3,weekday,0,0,0,0,0,0,0,0,0,0
2322,UK,50-54,Adult,White,1,weekday,0,0,0,0,0,0,0,0,0,0
2323,UK,65-69,Adult,White,1,weekday,0,0,0,0,0,0,0,0,0,0
2324,UK,75+,Adult,White,1,weekday,0,0,0,0,0,0,0,0,0,0
2325,UK,55-59,Adult,White,4,weekday,0,0,0,0,0,0,0,0,0,0
2326,UK,50-54,Adult,White,Unemployed,weekday,0,0,0,0,0,0,0,0,0,0
2327,UK,55-59,Adult,White,Retired,weekday,0,0,0,0,0,0,0,0,0,0
2328,UK,50-54,Adult,White,3,weekday,0,0,0,0,0,0,0,0,0,0
2329,UK,60-64,Adult,White,Retired,weekday,3,0,0,0,0,0,0,0,3,0
2330,UK,55-59,Adult,White,1,weekday,0,0,0,0,0,0,0,0,0,0
2331,UK,45-49,Adult,Asian,Unemployed,weekday,8,0,0,0,0,0,0,2,5,1
2332,UK,70-74,Adult,White,Retired,weekday,5,0,0,0,0,0,0,0,4,1
2333,UK,65-69,Adult,White,Retired,weekday,0,0,0,0,0,0,0,0,0,0
2334,UK,60-64,Adult,White,2,weekend,2,0,0,0,0,0,0,0,2,0
2335,UK,45-49,Adult,White,7,weekday,0,0,0,0,0,0,0,0,0,0
2336,UK,50-54,Adult,White,Retired,weekday,0,0,0,0,0,0,0,0,0,0
2337,UK,45-49,Adult,White,2,weekday,0,0,0,0,0,0,0,0,0,0
2338,UK,45-49,Adult,White,1,weekday,0,0,0,0,0,0,0,0,0,0
2339,UK,50-54,Adult,White,1,weekday,10,0,0,0,0,0,0,0,10,0
2340,UK,65-69,Adult,White,Retired,weekday,9,0,0,0,0,0,0,0,1,8
2341,UK,55-59,Adult,White,7,weekday,0,0,0,0,0,0,0,0,0,0
2342,UK,65-69,Adult,White,1,weekday,7,0,0,0,0,0,0,1,4,2
2343,UK,45-49,Adult,White,2,weekday,0,0,0,0,0,0,0,0,0,0
2344,UK,50-54,Adult,White,2,weekday,0,0,0,0,0,0,0,0,0,0
2345,UK,70-74,Adult,White,Retired,weekday,0,0,0,0,0,0,0,0,0,0
2346,UK,60-64,Adult,White,Unemployed,weekday,2,0,0,0,0,0,0,0,1,1
2347,UK,60-64,Adult,White,Retired,weekday,4,0,0,0,0,0,0,0,4,0
2348,UK,60-64,Adult,White,Unemployed,weekday,0,0,0,0,0,0,0,0,0,0
2349,UK,75+,Adult,White,Retired,weekday,0,0,0,0,0,0,0,0,0,0
2350,UK,55-59,Adult,White,2,weekday,3,0,0,0,0,0,0,0,3,0
2351,UK,30-34,Adult,White,1,weekday,0,0,0,0,0,0,0,0,0,0
2352,UK,45-49,Adult,White,7,weekday,0,0,0,0,0,0,0,0,0,0
2353,UK,70-74,Adult,White,Retired,weekday,0,0,0,0,0,0,0,0,0,0
2354,UK,60-64,Adult,White,Retired,weekday,0,0,0,0,0,0,0,0,0,0
2355,UK,45-49,Adult,White,Unemployed,weekday,0,0,0,0,0,0,0,0,0,0
2356,UK,50-54,Adult,White,Unknown,weekday,1,0,0,0,0,0,0,1,0,0
2357,UK,45-49,Adult,White,6,weekday,0,0,0,0,0,0,0,0,0,0
2358,UK,55-59,Adult,White,Unemployed,weekday,0,0,0,0,0,0,0,0,0,0
2359,UK,75+,Adult,White,Retired,weekday,1,0,0,0,0,0,0,0,0,1
2360,UK,45-49,Adult,White,3,weekend,0,0,0,0,0,0,0,0,0,0
2361,UK,50-54,Adult,White,4,weekday,4,0,0,0,0,0,0,1,3,0
2362,UK,45-49,Adult,White,2,weekday,0,0,0,0,0,0,0,0,0,0
2363,UK,50-54,Adult,White,Unemployed,weekday,0,0,0,0,0,0,0,0,0,0
2364,UK,55-59,Adult,White,Retired,weekday,0,0,0,0,0,0,0,0,0,0
2365,UK,75+,Adult,White,Retired,weekday,0,0,0,0,0,0,0,0,0,0
2366,UK,45-49,Adult,White,2,weekday,2,0,0,0,0,0,0,2,0,0
2367,UK,70-74,Adult,White,Retired,weekday,0,0,0,0,0,0,0,0,0,0
2368,UK,65-69,Adult,White,Retired,weekday,0,0,0,0,0,0,0,0,0,0
2369,UK,55-59,Adult,White,3,weekday,3,0,0,0,0,0,0,0,3,0
2370,UK,65-69,Adult,White,Retired,weekday,0,0,0,0,0,0,0,0,0,0
2371,UK,65-69,Adult,White,Retired,weekday,0,0,0,0,0,0,0,0,0,0
2372,UK,65-69,Adult,White,Retired,weekday,0,0,0,0,0,0,0,0,0,0
2373,UK,45-49,Adult,Asian,1,weekday,2,0,0,0,0,0,0,1,1,0
2374,UK,60-64,Adult,White,2,weekday,0,0,0,0,0,0,0,0,0,0
2375,UK,45-49,Adult,White,Unemployed,weekday,7,0,0,0,0,0,0,0,5,2
2376,UK,50-54,Adult,White,1,weekday,11,0,0,0,0,0,0,4,7,0
2377,UK,45-49,Adult,White,3,weekday,0,0,0,0,0,0,0,0,0,0
2378,UK,55-59,Adult,White,Unemployed,weekday,0,0,0,0,0,0,0,0,0,0
2379,UK,60-64,Adult,Asian,1,weekday,0,0,0,0,0,0,0,0,0,0
2380,UK,50-54,Adult,White,Unemployed,weekday,3,0,0,0,0,0,0,0,1,2
2381,UK,55-59,Adult,White,3,weekday,0,0,0,0,0,0,0,0,0,0
2382,UK,60-64,Adult,White,Retired,weekday,0,0,0,0,0,0,0,0,0,0
2383,UK,55-59,Adult,White,6,weekday,0,0,0,0,0,0,0,0,0,0
2384,UK,45-49,Adult,White,3,weekday,0,0,0,0,0,0,0,0,0,0
2385,UK,75+,Adult,White,Retired,weekday,1,0,0,0,0,0,0,0,1,0
2386,UK,65-69,Adult,White,Retired,weekday,0,0,0,0,0,0,0,0,0,0
2387,UK,45-49,Adult,Other,Unemployed,weekday,1,0,0,0,0,0,0,0,1,0
2388,UK,60-64,Adult,White,Unemployed,weekday,0,0,0,0,0,0,0,0,0,0
2389,UK,55-59,Adult,White,Retired,weekday,0,0,0,0,0,0,0,0,0,0
2390,UK,45-49,Adult,White,2,weekday,0,0,0,0,0,0,0,0,0,0
2391,UK,50-54,Adult,White,7,weekday,0,0,0,0,0,0,0,0,0,0
2392,UK,55-59,Adult,White,2,weekday,2,0,0,0,0,0,0,0,2,0
2393,UK,75+,Adult,White,Retired,weekday,1,0,0,0,0,0,0,0,0,1
2394,UK,45-49,Adult,White,6,weekday,1,0,0,0,0,0,0,0,1,0
2395,UK,70-74,Adult,White,Retired,weekday,0,0,0,0,0,0,0,0,0,0
2396,UK,60-64,Adult,White,Retired,weekday,0,0,0,0,0,0,0,0,0,0
2397,UK,75+,Adult,White,Retired,weekday,0,0,0,0,0,0,0,0,0,0
2398,UK,45-49,Adult,White,4,weekday,0,0,0,0,0,0,0,0,0,0
2399,UK,60-64,Adult,White,1,weekday,0,0,0,0,0,0,0,0,0,0
2400,UK,55-59,Adult,White,Unemployed,weekday,0,0,0,0,0,0,0,0,0,0
2401,UK,65-69,Adult,White,3,weekday,0,0,0,0,0,0,0,0,0,0
2402,UK,45-49,Adult,Asian,4,weekday,1,0,0,0,0,0,0,0,1,0
2403,UK,50-54,Adult,White,2,weekday,3,0,0,0,0,0,0,1,2,0
2404,UK,55-59,Adult,White,7,weekday,13,0,0,0,0,0,0,3,5,5
2405,UK,70-74,Adult,White,Retired,weekday,0,0,0,0,0,0,0,0,0,0
2406,UK,45-49,Adult,White,5,weekday,0,0,0,0,0,0,0,0,0,0
2407,UK,75+,Adult,White,1,weekday,0,0,0,0,0,0,0,0,0,0
2408,UK,55-59,Adult,White,2,weekday,0,0,0,0,0,0,0,0,0,0
2409,UK,60-64,Adult,White,Retired,weekday,0,0,0,0,0,0,0,0,0,0
2410,UK,55-59,Adult,White,6,weekday,0,0,0,0,0,0,0,0,0,0
2411,UK,50-54,Adult,White,1,weekday,0,0,0,0,0,0,0,0,0,0
2412,UK,60-64,Adult,White,4,weekday,0,0,0,0,0,0,0,0,0,0
2413,UK,60-64,Adult,White,4,weekday,0,0,0,0,0,0,0,0,0,0
2414,UK,65-69,Adult,White,Retired,weekday,0,0,0,0,0,0,0,0,0,0
2415,UK,50-54,Adult,White,2,weekday,4,0,0,0,0,0,0,0,2,2
2416,UK,55-59,Adult,White,2,weekday,0,0,0,0,0,0,0,0,0,0
2417,UK,65-69,Adult,White,Retired,weekday,1,0,0,0,0,0,0,0,0,1
2418,UK,60-64,Adult,White,Unemployed,weekday,0,0,0,0,0,0,0,0,0,0
2419,UK,60-64,Adult,White,Unemployed,weekday,0,0,0,0,0,0,0,0,0,0
2420,UK,70-74,Adult,White,Retired,weekday,0,0,0,0,0,0,0,0,0,0
2421,UK,55-59,Adult,White,3,weekday,0,0,0,0,0,0,0,0,0,0
2422,UK,50-54,Adult,White,3,weekday,0,0,0,0,0,0,0,0,0,0
2423,UK,45-49,Adult,Other,Unemployed,weekday,0,0,0,0,0,0,0,0,0,0
2424,UK,60-64,Adult,White,Unemployed,weekday,0,0,0,0,0,0,0,0,0,0
2425,UK,50-54,Adult,White,6,weekday,0,0,0,0,0,0,0,0,0,0
2426,UK,50-54,Adult,White,4,weekday,0,0,0,0,0,0,0,0,0,0
2427,UK,60-64,Adult,White,Unemployed,weekday,5,0,0,0,0,0,0,1,4,0
2428,UK,50-54,Adult,White,Unemployed,weekday,0,0,0,0,0,0,0,0,0,0
2429,UK,20-24,Adult,White,6,weekday,0,0,0,0,0,0,0,0,0,0
2430,UK,35-39,Adult,White,7,weekday,0,0,0,0,0,0,0,0,0,0
2431,UK,65-69,Adult,White,Unknown,weekend,0,0,0,0,0,0,0,0,0,0
2432,UK,20-24,Adult,Black,7,weekday,8,0,0,0,0,0,0,2,5,1
2433,UK,50-54,Adult,White,Unemployed,weekend,2,0,0,0,0,0,0,1,1,0
2434,UK,25-29,Adult,White,5,weekday,1,0,1,0,0,0,0,0,0,0
2435,UK,30-34,Adult,White,1,weekday,5,0,0,0,0,0,0,1,4,0
2436,UK,35-39,Adult,White,4,weekday,0,0,0,0,0,0,0,0,0,0
2437,UK,65-69,Adult,White,1,weekday,0,0,0,0,0,0,0,0,0,0
2438,UK,50-54,Adult,White,1,weekday,0,0,0,0,0,0,0,0,0,0
2439,UK,25-29,Adult,Black,1,weekend,0,0,0,0,0,0,0,0,0,0
2440,UK,30-34,Adult,White,1,weekend,0,0,0,0,0,0,0,0,0,0
2441,UK,35-39,Adult,White,3,weekday,0,0,0,0,0,0,0,0,0,0
2442,UK,25-29,Adult,Black,1,weekend,0,0,0,0,0,0,0,0,0,0
2443,UK,55-59,Adult,White,Unemployed,weekday,0,0,0,0,0,0,0,0,0,0
2444,UK,45-49,Adult,White,7,weekday,0,0,0,0,0,0,0,0,0,0
2445,UK,40-44,Adult,White,1,weekday,0,0,0,0,0,0,0,0,0,0
2446,UK,65-69,Adult,White,Retired,weekday,0,0,0,0,0,0,0,0,0,0
2447,UK,60-64,Adult,White,Retired,weekday,0,0,0,0,0,0,0,0,0,0
2448,UK,40-44,Adult,White,2,weekday,10,0,0,0,0,0,0,0,10,0
2449,UK,40-44,Adult,White,6,weekday,0,0,0,0,0,0,0,0,0,0
2450,UK,30-34,Adult,White,Unemployed,weekday,0,0,0,0,0,0,0,0,0,0
2451,UK,70-74,Adult,White,Retired,weekday,0,0,0,0,0,0,0,0,0,0
2452,UK,25-29,Adult,White,3,weekday,0,0,0,0,0,0,0,0,0,0
2453,UK,40-44,Adult,White,2,weekend,0,0,0,0,0,0,0,0,0,0
2454,UK,30-34,Adult,White,4,weekend,2,0,0,0,0,0,0,0,2,0
2455,UK,45-49,Adult,Other,6,weekday,2,0,0,0,0,0,0,0,2,0
2456,UK,70-74,Adult,White,Unemployed,weekday,0,0,0,0,0,0,0,0,0,0
2457,UK,35-39,Adult,White,1,weekend,0,0,0,0,0,0,0,0,0,0
2458,UK,35-39,Adult,White,3,weekday,0,0,0,0,0,0,0,0,0,0
2459,UK,30-34,Adult,White,1,weekday,0,0,0,0,0,0,0,0,0,0
2460,UK,20-24,Adult,Black,Unemployed,weekday,3,0,0,0,0,0,0,1,2,0
2461,UK,30-34,Adult,White,3,weekday,1,0,0,0,0,0,0,0,1,0
2462,UK,55-59,Adult,White,Retired,weekday,0,0,0,0,0,0,0,0,0,0
2463,UK,65-69,Adult,White,Retired,weekday,0,0,0,0,0,0,0,0,0,0
2464,UK,55-59,Adult,White,6,weekday,17,0,0,0,0,0,0,2,12,3
2465,UK,30-34,Adult,White,Unemployed,weekday,0,0,0,0,0,0,0,0,0,0
2466,UK,20-24,Adult,Black,1,weekday,3,0,0,0,0,0,0,0,3,0
2467,UK,40-44,Adult,White,1,weekday,0,0,0,0,0,0,0,0,0,0
2468,UK,20-24,Adult,Black,6,weekday,15,0,0,0,0,0,0,0,13,2
2469,UK,35-39,Adult,White,6,weekday,0,0,0,0,0,0,0,0,0,0
2470,UK,65-69,Adult,White,Retired,weekday,1,0,0,0,0,0,0,0,1,0
2471,UK,40-44,Adult,White,2,weekday,0,0,0,0,0,0,0,0,0,0
2472,UK,40-44,Adult,White,2,weekday,0,0,0,0,0,0,0,0,0,0
2473,UK,25-29,Adult,White,Student,weekday,21,0,0,0,0,0,0,5,4,12
2474,UK,40-44,Adult,Asian,2,weekend,0,0,0,0,0,0,0,0,0,0
2475,UK,40-44,Adult,White,2,weekday,13,0,0,0,4,0,2,2,3,2
2476,UK,45-49,Adult,White,Unemployed,weekday,0,0,0,0,0,0,0,0,0,0
2477,UK,30-34,Adult,White,1,weekday,0,0,0,0,0,0,0,0,0,0
2478,UK,35-39,Adult,White,6,weekday,3,0,0,0,0,0,0,1,1,1
2479,UK,65-69,Adult,White,Retired,weekday,0,0,0,0,0,0,0,0,0,0
2480,UK,50-54,Adult,Asian,1,weekday,9,1,4,0,0,0,0,0,4,0
2481,UK,60-64,Adult,White,Retired,weekday,0,0,0,0,0,0,0,0,0,0
2482,UK,60-64,Adult,White,Unemployed,weekday,0,0,0,0,0,0,0,0,0,0
2483,UK,70-74,Adult,White,Retired,weekday,0,0,0,0,0,0,0,0,0,0
2484,UK,30-34,Adult,White,2,weekday,0,0,0,0,0,0,0,0,0,0
2485,UK,25-29,Adult,White,2,weekday,1,0,0,0,0,0,0,0,1,0
2486,UK,40-44,Adult,White,2,weekday,0,0,0,0,0,0,0,0,0,0
2487,UK,30-34,Adult,White,2,weekday,0,0,0,0,0,0,0,0,0,0
2488,UK,30-34,Adult,Black,1,weekday,0,0,0,0,0,0,0,0,0,0
2489,UK,65-69,Adult,White,Retired,weekday,0,0,0,0,0,0,0,0,0,0
2490,UK,65-69,Adult,White,3,weekday,0,0,0,0,0,0,0,0,0,0
2491,UK,20-24,Adult,White,1,weekday,20,0,0,0,0,0,0,0,20,0
2492,UK,50-54,Adult,White,3,weekday,0,0,0,0,0,0,0,0,0,0
2493,UK,30-34,Adult,White,6,weekday,0,0,0,0,0,0,0,0,0,0
2494,UK,50-54,Adult,White,2,weekday,40,0,0,0,0,0,0,0,40,0
2495,UK,40-44,Adult,White,3,weekend,1,0,0,0,0,0,0,0,1,0
2496,UK,40-44,Adult,White,Unknown,weekday,0,0,0,0,0,0,0,0,0,0
2497,UK,20-24,Adult,White,1,weekday,0,0,0,0,0,0,0,0,0,0
2498,UK,35-39,Adult,White,1,weekday,0,0,0,0,0,0,0,0,0,0
2499,UK,25-29,Adult,White,1,weekday,0,0,0,0,0,0,0,0,0,0
2500,UK,45-49,Adult,White,Unemployed,weekday,11,0,0,0,0,0,0,10,0,1
2501,UK,35-39,Adult,White,1,weekday,0,0,0,0,0,0,0,0,0,0
2502,UK,45-49,Adult,White,1,weekday,5,0,0,0,0,0,0,2,3,0
2503,UK,25-29,Adult,Black,1,weekday,0,0,0,0,0,0,0,0,0,0
2504,UK,15-19,Adult,White,7,weekday,6,0,0,0,0,0,0,2,3,1
2505,UK,30-34,Adult,Black,1,weekday,0,0,0,0,0,0,0,0,0,0
2506,UK,65-69,Adult,White,4,weekday,0,0,0,0,0,0,0,0,0,0
2507,UK,55-59,Adult,White,6,weekday,0,0,0,0,0,0,0,0,0,0
2508,UK,50-54,Adult,White,1,weekday,0,0,0,0,0,0,0,0,0,0
2509,UK,40-44,Adult,White,Unemployed,weekend,0,0,0,0,0,0,0,0,0,0
2510,UK,30-34,Adult,White,2,weekend,4,0,0,0,0,0,0,2,2,0
2511,UK,60-64,Adult,Mixed,2,weekday,0,0,0,0,0,0,0,0,0,0
2512,UK,55-59,Adult,White,4,weekday,0,0,0,0,0,0,0,0,0,0
2513,UK,60-64,Adult,White,2,weekday,0,0,0,0,0,0,0,0,0,0
2514,UK,40-44,Adult,White,1,weekday,13,0,0,0,0,0,0,1,12,0
2515,UK,30-34,Adult,White,2,weekday,0,0,0,0,0,0,0,0,0,0
2516,UK,25-29,Adult,White,3,weekday,4,0,0,0,0,0,0,0,4,0
2517,UK,30-34,Adult,Black,6,weekday,0,0,0,0,0,0,0,0,0,0
2518,UK,55-59,Adult,Black,7,weekend,68,0,0,0,0,0,0,10,50,8
2519,UK,25-29,Adult,Mixed,1,weekday,0,0,0,0,0,0,0,0,0,0
2520,UK,30-34,Adult,White,2,weekday,7,0,0,0,0,0,0,2,3,2
2521,UK,20-24,Adult,White,2,weekday,0,0,0,0,0,0,0,0,0,0
2522,UK,40-44,Adult,White,Unemployed,weekday,0,0,0,0,0,0,0,0,0,0
2523,UK,55-59,Adult,White,Unemployed,weekend,0,0,0,0,0,0,0,0,0,0
2524,UK,25-29,Adult,Black,2,weekday,0,0,0,0,0,0,0,0,0,0
2525,UK,55-59,Adult,White,6,weekday,0,0,0,0,0,0,0,0,0,0
2526,UK,60-64,Adult,White,3,weekend,0,0,0,0,0,0,0,0,0,0
2527,UK,60-64,Adult,White,Retired,weekday,7,0,0,0,0,0,0,0,7,0
2528,UK,25-29,Adult,Black,1,weekday,0,0,0,0,0,0,0,0,0,0
2529,UK,25-29,Adult,Prefer not to say,Unemployed,weekday,0,0,0,0,0,0,0,0,0,0
2530,UK,70-74,Adult,White,Retired,weekday,0,0,0,0,0,0,0,0,0,0
2531,UK,35-39,Adult,Black,2,weekday,0,0,0,0,0,0,0,0,0,0
2532,UK,35-39,Adult,White,2,weekend,0,0,0,0,0,0,0,0,0,0
2533,UK,60-64,Adult,White,1,weekend,0,0,0,0,0,0,0,0,0,0
2534,UK,70-74,Adult,White,Retired,weekday,0,0,0,0,0,0,0,0,0,0
2535,UK,50-54,Adult,Asian,3,weekday,4,0,0,0,0,0,0,1,2,1
2536,UK,55-59,Adult,White,4,weekday,0,0,0,0,0,0,0,0,0,0
2537,UK,45-49,Adult,White,2,weekday,0,0,0,0,0,0,0,0,0,0
2538,UK,30-34,Adult,White,2,weekday,7,0,0,0,0,0,0,2,5,0
2539,UK,50-54,Adult,White,6,weekday,0,0,0,0,0,0,0,0,0,0
2540,UK,45-49,Adult,Asian,1,weekday,0,0,0,0,0,0,0,0,0,0
2541,UK,35-39,Adult,White,3,weekday,3,0,0,0,0,0,0,1,2,0
2542,UK,55-59,Adult,White,2,weekday,0,0,0,0,0,0,0,0,0,0
2543,UK,50-54,Adult,White,6,weekend,0,0,0,0,0,0,0,0,0,0
2544,UK,55-59,Adult,White,1,weekday,0,0,0,0,0,0,0,0,0,0
2545,UK,25-29,Adult,Black,1,weekend,0,0,0,0,0,0,0,0,0,0
2546,UK,35-39,Adult,White,4,weekday,10,0,0,0,0,0,0,0,10,0
2547,UK,35-39,Adult,Black,Unemployed,weekday,0,0,0,0,0,0,0,0,0,0
2548,UK,40-44,Adult,White,Unknown,weekday,0,0,0,0,0,0,0,0,0,0
2549,UK,45-49,Adult,White,6,weekday,0,0,0,0,0,0,0,0,0,0
2550,UK,65-69,Adult,White,Retired,weekday,0,0,0,0,0,0,0,0,0,0
2551,UK,50-54,Adult,White,Unknown,weekday,0,0,0,0,0,0,0,0,0,0
2552,UK,70-74,Adult,White,Retired,weekday,0,0,0,0,0,0,0,0,0,0
2553,UK,45-49,Adult,White,2,weekday,0,0,0,0,0,0,0,0,0,0
2554,UK,45-49,Adult,White,7,weekday,0,0,0,0,0,0,0,0,0,0
2555,UK,45-49,Adult,White,Unemployed,weekday,0,0,0,0,0,0,0,0,0,0
2556,UK,35-39,Adult,White,1,weekday,2,0,0,0,0,0,0,2,0,0
2557,UK,25-29,Adult,White,1,weekday,0,0,0,0,0,0,0,0,0,0
2558,UK,60-64,Adult,White,1,weekday,3,0,3,0,0,0,0,0,0,0
2559,UK,60-64,Adult,White,3,weekday,0,0,0,0,0,0,0,0,0,0
2560,UK,75+,Adult,White,Retired,weekday,0,0,0,0,0,0,0,0,0,0
2561,UK,30-34,Adult,Black,5,weekday,0,0,0,0,0,0,0,0,0,0
2562,UK,30-34,Adult,White,4,weekday,0,0,0,0,0,0,0,0,0,0
2563,UK,40-44,Adult,Black,3,weekday,0,0,0,0,0,0,0,0,0,0
2564,UK,40-44,Adult,White,2,weekday,0,0,0,0,0,0,0,0,0,0
2565,UK,25-29,Adult,White,1,weekday,4,0,0,0,0,0,0,2,2,0
2566,UK,30-34,Adult,White,4,weekday,0,0,0,0,0,0,0,0,0,0
2567,UK,55-59,Adult,White,2,weekend,0,0,0,0,0,0,0,0,0,0
2568,UK,40-44,Adult,White,4,weekday,70,0,0,0,0,0,0,50,20,0
2569,UK,30-34,Adult,White,3,weekday,30,0,20,0,0,0,0,0,10,0
2570,UK,40-44,Adult,White,7,weekday,0,0,0,0,0,0,0,0,0,0
2571,UK,60-64,Adult,White,3,weekday,0,0,0,0,0,0,0,0,0,0
2572,UK,45-49,Adult,White,Unknown,weekday,0,0,0,0,0,0,0,0,0,0
2573,UK,40-44,Adult,White,2,weekday,0,0,0,0,0,0,0,0,0,0
2574,UK,30-34,Adult,White,7,weekday,1,0,0,0,0,0,0,0,1,0
2575,UK,30-34,Adult,Black,1,weekend,226,50,30,2,50,20,2,50,20,2
2576,UK,20-24,Adult,White,6,weekday,4,0,0,0,0,0,0,0,4,0
2577,UK,25-29,Adult,Black,1,weekend,0,0,0,0,0,0,0,0,0,0
2578,UK,65-69,Adult,White,Retired,weekend,0,0,0,0,0,0,0,0,0,0
2579,UK,75+,Adult,White,Retired,weekday,0,0,0,0,0,0,0,0,0,0
2580,UK,25-29,Adult,White,1,weekday,0,0,0,0,0,0,0,0,0,0
2581,UK,30-34,Adult,White,2,weekday,5,0,0,0,0,0,0,3,2,0
2582,UK,30-34,Adult,White,2,weekday,16,0,0,0,0,0,0,4,5,7
2583,UK,30-34,Adult,White,3,weekday,0,0,0,0,0,0,0,0,0,0
2584,UK,75+,Adult,White,Retired,weekday,10,0,0,0,0,0,0,0,5,5
2585,UK,60-64,Adult,Asian,2,weekday,2,0,0,0,0,0,0,0,2,0
2586,UK,45-49,Adult,White,1,weekday,0,0,0,0,0,0,0,0,0,0
2587,UK,55-59,Adult,White,6,weekday,5,0,0,0,0,0,0,1,3,1
2588,UK,30-34,Adult,White,Unemployed,weekday,4,0,0,0,0,0,0,2,1,1
2589,UK,35-39,Adult,Black,1,weekday,0,0,0,0,0,0,0,0,0,0
2590,UK,35-39,Adult,Black,2,weekday,9,0,0,0,0,0,0,5,4,0
2591,UK,70-74,Adult,White,Retired,weekday,5,0,0,0,0,0,0,0,2,3
2592,UK,30-34,Adult,White,1,weekday,2,0,0,0,0,0,0,0,2,0
2593,UK,60-64,Adult,White,3,weekday,0,0,0,0,0,0,0,0,0,0
2594,UK,35-39,Adult,Asian,1,weekday,3,0,0,0,0,0,0,1,2,0
2595,UK,40-44,Adult,White,Unemployed,weekday,0,0,0,0,0,0,0,0,0,0
2596,UK,35-39,Adult,White,2,weekday,0,0,0,0,0,0,0,0,0,0
2597,UK,30-34,Adult,White,1,weekday,14,1,4,0,0,0,0,2,5,2
2598,UK,35-39,Adult,Asian,2,weekday,0,0,0,0,0,0,0,0,0,0
2599,UK,55-59,Adult,White,2,weekday,0,0,0,0,0,0,0,0,0,0
2600,UK,25-29,Adult,Black,5,weekday,0,0,0,0,0,0,0,0,0,0
2601,UK,70-74,Adult,White,4,weekday,0,0,0,0,0,0,0,0,0,0
2602,UK,45-49,Adult,Black,2,weekend,1,0,0,0,0,0,0,0,1,0
2603,UK,30-34,Adult,White,1,weekday,6,0,0,0,0,0,0,0,6,0
2604,UK,30-34,Adult,Black,5,weekday,26,0,0,0,0,0,0,16,3,7
2605,UK,45-49,Adult,White,2,weekday,0,0,0,0,0,0,0,0,0,0
2606,UK,30-34,Adult,White,2,weekday,33,0,0,0,0,0,0,3,20,10
2607,UK,15-19,Adult,White,3,weekday,14,0,0,0,0,0,0,1,7,6
2608,UK,35-39,Adult,White,1,weekend,0,0,0,0,0,0,0,0,0,0
2609,UK,20-24,Adult,White,6,weekend,125,0,0,0,0,0,0,15,100,10
2610,UK,60-64,Adult,White,Unknown,weekday,6,0,0,0,0,0,0,4,1,1
2611,UK,30-34,Adult,White,1,weekday,0,0,0,0,0,0,0,0,0,0
2612,UK,35-39,Adult,Mixed,Unknown,weekday,0,0,0,0,0,0,0,0,0,0
2613,UK,35-39,Adult,White,3,weekday,0,0,0,0,0,0,0,0,0,0
2614,UK,70-74,Adult,White,Retired,weekday,0,0,0,0,0,0,0,0,0,0
2615,UK,50-54,Adult,White,Unemployed,weekday,0,0,0,0,0,0,0,0,0,0
2616,UK,40-44,Adult,White,1,weekday,50,0,20,10,0,0,0,0,10,10
2617,UK,45-49,Adult,White,2,weekend,0,0,0,0,0,0,0,0,0,0
2618,UK,25-29,Adult,White,4,weekday,20,0,0,0,0,0,0,15,5,0
2619,UK,45-49,Adult,White,2,weekday,20,0,0,0,0,0,0,0,20,0
2620,UK,65-69,Adult,White,Retired,weekday,0,0,0,0,0,0,0,0,0,0
2621,UK,30-34,Adult,White,Unemployed,weekday,0,0,0,0,0,0,0,0,0,0
2622,UK,40-44,Adult,White,1,weekday,0,0,0,0,0,0,0,0,0,0
2623,UK,30-34,Adult,White,2,weekday,0,0,0,0,0,0,0,0,0,0
2624,UK,25-29,Adult,White,Unemployed,weekday,0,0,0,0,0,0,0,0,0,0
2625,UK,45-49,Adult,White,3,weekday,225,25,100,100,0,0,0,0,0,0
2626,UK,35-39,Adult,White,1,weekday,0,0,0,0,0,0,0,0,0,0
2627,UK,40-44,Adult,White,2,weekday,13,0,0,0,0,0,0,3,10,0
2628,UK,35-39,Adult,White,1,weekday,2,0,0,0,0,0,0,0,2,0
2629,UK,25-29,Adult,White,Unemployed,weekday,0,0,0,0,0,0,0,0,0,0
2630,UK,60-64,Adult,White,1,weekday,0,0,0,0,0,0,0,0,0,0
2631,UK,45-49,Adult,Asian,1,weekday,0,0,0,0,0,0,0,0,0,0
2632,UK,25-29,Adult,White,2,weekday,0,0,0,0,0,0,0,0,0,0
2633,UK,35-39,Adult,White,3,weekday,1,0,0,0,0,0,0,1,0,0
2634,UK,55-59,Adult,White,2,weekday,0,0,0,0,0,0,0,0,0,0
2635,UK,35-39,Adult,White,Unemployed,weekday,0,0,0,0,0,0,0,0,0,0
2636,UK,20-24,Adult,White,2,weekday,2,0,0,0,0,0,0,2,0,0
2637,UK,60-64,Adult,Mixed,Unknown,weekday,0,0,0,0,0,0,0,0,0,0
2638,UK,15-19,Adult,Asian,Unemployed,weekday,0,0,0,0,0,0,0,0,0,0
2639,UK,25-29,Adult,Black,1,weekday,0,0,0,0,0,0,0,0,0,0
2640,UK,25-29,Adult,White,2,weekday,0,0,0,0,0,0,0,0,0,0
2641,UK,40-44,Adult,White,3,weekday,0,0,0,0,0,0,0,0,0,0
2642,UK,50-54,Adult,Asian,Unemployed,weekday,16,0,0,0,0,0,0,1,9,6
2643,UK,35-39,Adult,Black,1,weekend,0,0,0,0,0,0,0,0,0,0
2644,UK,30-34,Adult,White,2,weekend,0,0,0,0,0,0,0,0,0,0
2645,UK,35-39,Adult,White,2,weekday,0,0,0,0,0,0,0,0,0,0
2646,UK,65-69,Adult,White,Unknown,weekday,0,0,0,0,0,0,0,0,0,0
2647,UK,30-34,Adult,White,6,weekday,0,0,0,0,0,0,0,0,0,0
2648,UK,30-34,Adult,Asian,1,weekday,0,0,0,0,0,0,0,0,0,0
2649,UK,20-24,Adult,White,Student,weekday,40,0,0,0,0,0,0,5,35,0
2650,UK,65-69,Adult,White,Unemployed,weekday,0,0,0,0,0,0,0,0,0,0
2651,UK,20-24,Adult,Other,4,weekday,14,0,0,0,0,0,0,2,8,4
2652,UK,35-39,Adult,White,3,weekend,5,0,0,0,0,0,0,0,5,0
2653,UK,35-39,Adult,White,3,weekday,0,0,0,0,0,0,0,0,0,0
2654,UK,30-34,Adult,White,2,weekday,108,3,4,6,0,0,0,12,34,49
2655,UK,40-44,Adult,Asian,Unemployed,weekday,3,0,0,0,0,0,0,0,2,1
2656,UK,30-34,Adult,White,2,weekday,0,0,0,0,0,0,0,0,0,0
2657,UK,30-34,Adult,White,1,weekday,0,0,0,0,0,0,0,0,0,0
2658,UK,25-29,Adult,White,Unemployed,weekday,0,0,0,0,0,0,0,0,0,0
2659,UK,20-24,Adult,White,3,weekday,0,0,0,0,0,0,0,0,0,0
2660,UK,35-39,Adult,White,Unknown,weekday,0,0,0,0,0,0,0,0,0,0
2661,UK,40-44,Adult,White,Unemployed,weekday,5,0,0,0,0,0,0,5,0,0
2662,UK,40-44,Adult,White,Unknown,weekday,0,0,0,0,0,0,0,0,0,0
2663,UK,20-24,Adult,White,Student,weekday,0,0,0,0,0,0,0,0,0,0
2664,UK,45-49,Adult,White,1,weekday,0,0,0,0,0,0,0,0,0,0
2665,UK,25-29,Adult,White,3,weekday,0,0,0,0,0,0,0,0,0,0
2666,UK,20-24,Adult,Asian,1,weekday,0,0,0,0,0,0,0,0,0,0
2667,UK,50-54,Adult,White,2,weekday,0,0,0,0,0,0,0,0,0,0
2668,UK,50-54,Adult,White,Unemployed,weekday,1,0,0,0,0,0,0,0,0,1
2669,UK,15-19,Adult,Black,3,weekend,0,0,0,0,0,0,0,0,0,0
2670,UK,65-69,Adult,White,Retired,weekday,6,0,0,0,0,0,0,0,6,0
2671,UK,30-34,Adult,White,1,weekday,3,0,0,0,0,0,0,1,2,0
2672,UK,30-34,Adult,Black,1,weekday,0,0,0,0,0,0,0,0,0,0
2673,UK,30-34,Adult,White,1,weekday,0,0,0,0,0,0,0,0,0,0
2674,UK,25-29,Adult,Black,2,weekday,4,0,0,0,0,0,0,0,4,0
2675,UK,30-34,Adult,White,Unemployed,weekday,0,0,0,0,0,0,0,0,0,0
2676,UK,45-49,Adult,White,1,weekday,5,0,0,0,0,0,0,3,2,0
2677,UK,25-29,Adult,White,1,weekday,3,0,0,0,0,0,0,2,1,0
2678,UK,30-34,Adult,White,2,weekend,0,0,0,0,0,0,0,0,0,0
2679,UK,25-29,Adult,White,3,weekday,3,0,0,0,0,0,0,1,1,1
2680,UK,25-29,Adult,Mixed,1,weekday,13,0,2,4,0,0,0,0,3,4
2681,UK,50-54,Adult,White,1,weekday,0,0,0,0,0,0,0,0,0,0
2682,UK,25-29,Adult,White,1,weekend,0,0,0,0,0,0,0,0,0,0
2683,UK,40-44,Adult,White,5,weekday,0,0,0,0,0,0,0,0,0,0
2684,UK,35-39,Adult,White,Unknown,weekday,3,0,0,0,0,0,0,1,1,1
2685,UK,35-39,Adult,Asian,1,weekday,0,0,0,0,0,0,0,0,0,0
2686,UK,20-24,Adult,Asian,Unemployed,weekend,0,0,0,0,0,0,0,0,0,0
2687,UK,40-44,Adult,White,6,weekday,0,0,0,0,0,0,0,0,0,0
2688,UK,35-39,Adult,Asian,2,weekday,1,0,0,0,0,0,0,1,0,0
2689,UK,35-39,Adult,White,6,weekend,60,0,0,0,0,0,0,5,25,30
2690,UK,20-24,Adult,White,3,weekday,2,0,0,0,0,0,0,0,2,0
2691,UK,25-29,Adult,Asian,2,weekend,7,0,0,0,0,0,0,1,5,1
2692,UK,35-39,Adult,White,2,weekday,0,0,0,0,0,0,0,0,0,0
2694,UK,35-39,Adult,Black,2,weekday,7,0,0,0,0,0,0,3,1,3
2695,UK,25-29,Adult,Black,6,weekday,3,0,0,0,0,0,0,0,3,0
2696,UK,25-29,Adult,Black,Unemployed,weekend,0,0,0,0,0,0,0,0,0,0
2697,UK,70-74,Adult,White,Retired,weekday,0,0,0,0,0,0,0,0,0,0
2698,UK,35-39,Adult,White,1,weekday,0,0,0,0,0,0,0,0,0,0
2699,UK,55-59,Adult,White,3,weekday,0,0,0,0,0,0,0,0,0,0
2700,UK,25-29,Adult,White,3,weekday,4,0,0,0,0,0,0,0,4,0
2701,UK,55-59,Adult,White,2,weekday,0,0,0,0,0,0,0,0,0,0
2702,UK,35-39,Adult,White,Unknown,weekend,1,0,0,0,0,0,0,0,1,0
2703,UK,65-69,Adult,White,Retired,weekday,1,0,0,0,0,0,0,0,0,1
2704,UK,30-34,Adult,White,Unemployed,weekday,3,0,0,0,0,0,0,1,2,0
2705,UK,40-44,Adult,White,4,weekend,0,0,0,0,0,0,0,0,0,0
2706,UK,25-29,Adult,Black,6,weekend,0,0,0,0,0,0,0,0,0,0
2707,UK,25-29,Adult,White,3,weekend,0,0,0,0,0,0,0,0,0,0
2708,UK,50-54,Adult,White,3,weekday,0,0,0,0,0,0,0,0,0,0
2709,UK,35-39,Adult,Asian,Unemployed,weekday,1,0,0,0,0,0,0,0,1,0
2710,UK,65-69,Adult,White,7,weekday,0,0,0,0,0,0,0,0,0,0
2711,UK,20-24,Adult,Asian,4,weekday,2,0,0,0,0,0,0,0,2,0
2712,UK,30-34,Adult,Other,2,weekday,0,0,0,0,0,0,0,0,0,0
2713,UK,35-39,Adult,White,4,weekday,0,0,0,0,0,0,0,0,0,0
2714,UK,55-59,Adult,White,Unemployed,weekday,0,0,0,0,0,0,0,0,0,0
2715,UK,65-69,Adult,White,Retired,weekday,0,0,0,0,0,0,0,0,0,0
2716,UK,30-34,Adult,White,2,weekday,0,0,0,0,0,0,0,0,0,0
2717,UK,20-24,Adult,White,6,weekday,0,0,0,0,0,0,0,0,0,0
2718,UK,35-39,Adult,White,1,weekday,5,0,0,0,0,0,0,1,4,0
2719,UK,45-49,Adult,White,2,weekend,3,0,0,0,0,0,0,1,2,0
2720,UK,75+,Adult,White,2,weekend,0,0,0,0,0,0,0,0,0,0
2721,UK,25-29,Adult,White,2,weekday,6,0,0,0,0,0,0,3,2,1
2722,UK,60-64,Adult,White,1,weekday,0,0,0,0,0,0,0,0,0,0
2723,UK,70-74,Adult,White,2,weekday,1,0,0,0,0,0,0,0,0,1
2724,UK,40-44,Adult,White,2,weekday,0,0,0,0,0,0,0,0,0,0
2725,UK,60-64,Adult,White,Unemployed,weekday,0,0,0,0,0,0,0,0,0,0
2726,UK,30-34,Adult,White,Unemployed,weekday,0,0,0,0,0,0,0,0,0,0
2727,UK,65-69,Adult,White,3,weekday,0,0,0,0,0,0,0,0,0,0
2728,UK,75+,Adult,White,Retired,weekday,0,0,0,0,0,0,0,0,0,0
2729,UK,55-59,Adult,White,2,weekday,0,0,0,0,0,0,0,0,0,0
2730,UK,40-44,Adult,White,3,weekday,20,0,0,0,0,0,0,0,15,5
2731,UK,75+,Adult,White,Retired,weekday,0,0,0,0,0,0,0,0,0,0
2732,UK,50-54,Adult,White,Unemployed,weekend,0,0,0,0,0,0,0,0,0,0
2733,UK,45-49,Adult,White,Unemployed,weekend,0,0,0,0,0,0,0,0,0,0
2734,UK,55-59,Adult,White,Unemployed,weekday,0,0,0,0,0,0,0,0,0,0
2735,UK,40-44,Adult,White,4,weekday,0,0,0,0,0,0,0,0,0,0
2736,UK,50-54,Adult,Black,2,weekday,0,0,0,0,0,0,0,0,0,0
2737,UK,20-24,Adult,White,Student,weekday,0,0,0,0,0,0,0,0,0,0
2738,UK,75+,Adult,White,Retired,weekend,0,0,0,0,0,0,0,0,0,0
2739,UK,75+,Adult,White,Retired,weekday,1,0,0,0,0,0,0,0,0,1
2740,UK,30-34,Adult,White,Unemployed,weekday,0,0,0,0,0,0,0,0,0,0
2741,UK,45-49,Adult,White,3,weekday,0,0,0,0,0,0,0,0,0,0
2742,UK,25-29,Adult,White,3,weekend,0,0,0,0,0,0,0,0,0,0
2743,UK,25-29,Adult,White,2,weekday,0,0,0,0,0,0,0,0,0,0
2744,UK,40-44,Adult,White,3,weekend,50,0,0,0,0,0,0,0,30,20
2745,UK,45-49,Adult,White,1,weekday,1,0,0,0,0,0,0,0,1,0
2746,UK,20-24,Adult,White,7,weekday,0,0,0,0,0,0,0,0,0,0
2747,UK,65-69,Adult,White,Retired,weekday,0,0,0,0,0,0,0,0,0,0
2748,UK,60-64,Adult,White,Retired,weekday,9,0,0,0,0,0,0,0,6,3
2749,UK,50-54,Adult,White,7,weekday,0,0,0,0,0,0,0,0,0,0
2750,UK,30-34,Adult,White,6,weekday,210,0,0,0,0,0,0,10,100,100
2751,UK,50-54,Adult,White,Unemployed,weekday,0,0,0,0,0,0,0,0,0,0
2752,UK,35-39,Adult,White,Unemployed,weekday,0,0,0,0,0,0,0,0,0,0
2753,UK,15-19,Adult,White,1,weekday,5,0,0,0,0,0,0,0,4,1
2754,UK,35-39,Adult,White,3,weekday,0,0,0,0,0,0,0,0,0,0
2755,UK,40-44,Adult,White,5,weekday,0,0,0,0,0,0,0,0,0,0
2756,UK,55-59,Adult,White,1,weekday,0,0,0,0,0,0,0,0,0,0
2757,UK,60-64,Adult,White,7,weekday,4,0,0,0,0,0,0,0,4,0
2758,UK,45-49,Adult,White,7,weekday,0,0,0,0,0,0,0,0,0,0
2759,UK,65-69,Adult,White,Retired,weekday,0,0,0,0,0,0,0,0,0,0
2760,UK,40-44,Adult,White,1,weekday,8,0,0,0,0,0,0,1,3,4
2761,UK,55-59,Adult,Mixed,Unemployed,weekday,0,0,0,0,0,0,0,0,0,0
2762,UK,25-29,Adult,Black,7,weekday,0,0,0,0,0,0,0,0,0,0
2763,UK,25-29,Adult,White,2,weekday,3,0,0,0,0,0,0,0,3,0
2764,UK,25-29,Adult,White,3,weekday,0,0,0,0,0,0,0,0,0,0
2765,UK,35-39,Adult,White,2,weekday,0,0,0,0,0,0,0,0,0,0
2766,UK,50-54,Adult,White,7,weekday,0,0,0,0,0,0,0,0,0,0
2767,UK,30-34,Adult,White,3,weekday,0,0,0,0,0,0,0,0,0,0
2768,UK,45-49,Adult,White,1,weekday,0,0,0,0,0,0,0,0,0,0
2769,UK,35-39,Adult,White,3,weekday,0,0,0,0,0,0,0,0,0,0
2770,UK,15-19,Adult,White,7,weekday,4,0,0,0,0,0,0,1,3,0
2771,UK,40-44,Adult,White,Unknown,weekday,0,0,0,0,0,0,0,0,0,0
2772,UK,30-34,Adult,White,Unemployed,weekday,0,0,0,0,0,0,0,0,0,0
2773,UK,45-49,Adult,White,1,weekday,0,0,0,0,0,0,0,0,0,0
2774,UK,25-29,Adult,White,2,weekday,3,0,0,0,0,0,0,0,3,0
2775,UK,20-24,Adult,Asian,3,weekend,3,0,0,0,0,0,0,2,1,0
2776,UK,65-69,Adult,White,1,weekday,1,0,0,0,0,0,0,0,1,0
2777,UK,25-29,Adult,White,2,weekday,0,0,0,0,0,0,0,0,0,0
2778,UK,25-29,Adult,Mixed,3,weekday,5,0,0,0,0,0,0,0,5,0
2779,UK,65-69,Adult,White,Retired,weekday,0,0,0,0,0,0,0,0,0,0
2780,UK,45-49,Adult,White,2,weekday,0,0,0,0,0,0,0,0,0,0
2781,UK,35-39,Adult,Black,1,weekday,9,0,0,0,0,0,0,2,4,3
2782,UK,15-19,Adult,Black,Student,weekday,0,0,0,0,0,0,0,0,0,0
2783,UK,60-64,Adult,White,Unknown,weekday,0,0,0,0,0,0,0,0,0,0
2784,UK,65-69,Adult,White,Retired,weekday,0,0,0,0,0,0,0,0,0,0
2785,UK,25-29,Adult,White,1,weekday,14,0,0,0,0,0,0,5,6,3
2786,UK,15-19,Adult,White,Unemployed,weekday,0,0,0,0,0,0,0,0,0,0
2787,UK,45-49,Adult,White,1,weekday,0,0,0,0,0,0,0,0,0,0
2788,UK,20-24,Adult,Asian,Student,weekday,0,0,0,0,0,0,0,0,0,0
2789,UK,35-39,Adult,White,7,weekday,0,0,0,0,0,0,0,0,0,0
2790,UK,30-34,Adult,White,Retired,weekday,0,0,0,0,0,0,0,0,0,0
2791,UK,20-24,Adult,Other,Unemployed,weekday,3,0,0,0,0,0,0,0,3,0
2792,UK,40-44,Adult,White,2,weekday,12,0,0,0,0,0,0,2,10,0
2793,UK,40-44,Adult,White,7,weekday,0,0,0,0,0,0,0,0,0,0
2794,UK,25-29,Adult,White,2,weekend,30,0,0,0,0,0,0,0,24,6
2795,UK,30-34,Adult,White,3,weekday,0,0,0,0,0,0,0,0,0,0
2796,UK,30-34,Adult,White,2,weekend,0,0,0,0,0,0,0,0,0,0
2797,UK,45-49,Adult,White,5,weekday,0,0,0,0,0,0,0,0,0,0
2798,UK,75+,Adult,White,Unknown,weekday,0,0,0,0,0,0,0,0,0,0
2799,UK,60-64,Adult,White,Unemployed,weekday,3,0,0,0,0,0,0,0,2,1
2800,UK,65-69,Adult,White,Retired,weekday,0,0,0,0,0,0,0,0,0,0
2801,UK,60-64,Adult,Prefer not to say,3,weekday,0,0,0,0,0,0,0,0,0,0
2802,UK,15-19,Adult,Black,2,weekday,0,0,0,0,0,0,0,0,0,0
2803,UK,50-54,Adult,White,Unemployed,weekend,1,0,0,0,0,0,0,0,1,0
2804,UK,65-69,Adult,White,Retired,weekday,0,0,0,0,0,0,0,0,0,0
2805,UK,15-19,Adult,White,Student,weekday,0,0,0,0,0,0,0,0,0,0
2806,UK,65-69,Adult,White,Unemployed,weekday,0,0,0,0,0,0,0,0,0,0
2807,UK,20-24,Adult,White,2,weekday,0,0,0,0,0,0,0,0,0,0
2808,UK,60-64,Adult,White,6,weekday,11,0,0,0,0,0,0,3,6,2
2809,UK,45-49,Adult,Black,3,weekday,2,0,0,0,0,0,0,0,2,0
2810,UK,50-54,Adult,White,6,weekday,0,0,0,0,0,0,0,0,0,0
2811,UK,20-24,Adult,White,2,weekday,1,0,0,0,0,0,0,0,1,0
2812,UK,55-59,Adult,White,Unemployed,weekday,0,0,0,0,0,0,0,0,0,0
2813,UK,60-64,Adult,White,Unemployed,weekday,0,0,0,0,0,0,0,0,0,0
2814,UK,55-59,Adult,White,7,weekend,0,0,0,0,0,0,0,0,0,0
2815,UK,55-59,Adult,White,Unemployed,weekday,0,0,0,0,0,0,0,0,0,0
2816,UK,40-44,Adult,Asian,1,weekday,0,0,0,0,0,0,0,0,0,0
2817,UK,65-69,Adult,White,6,weekday,12,0,0,0,0,0,0,0,10,2
2818,UK,65-69,Adult,White,Retired,weekend,0,0,0,0,0,0,0,0,0,0
2819,UK,50-54,Adult,White,1,weekday,2,0,0,0,0,0,0,0,2,0
2820,UK,55-59,Adult,White,3,weekend,0,0,0,0,0,0,0,0,0,0
2821,UK,65-69,Adult,White,Retired,weekday,1,0,0,0,0,0,0,0,1,0
2822,UK,55-59,Adult,White,Unknown,weekday,0,0,0,0,0,0,0,0,0,0
2823,UK,45-49,Adult,White,Unemployed,weekend,0,0,0,0,0,0,0,0,0,0
2824,UK,20-24,Adult,White,6,weekday,1,0,0,0,0,0,0,0,1,0
2825,UK,70-74,Adult,White,Retired,weekday,0,0,0,0,0,0,0,0,0,0
2826,UK,70-74,Adult,White,Retired,weekday,0,0,0,0,0,0,0,0,0,0
2827,UK,65-69,Adult,White,Retired,weekday,0,0,0,0,0,0,0,0,0,0
2828,UK,45-49,Adult,White,1,weekday,0,0,0,0,0,0,0,0,0,0
2829,UK,50-54,Adult,White,1,weekday,0,0,0,0,0,0,0,0,0,0
2830,UK,20-24,Adult,White,1,weekday,3,0,0,0,0,0,0,0,3,0
2831,UK,25-29,Adult,Mixed,2,weekday,10,0,0,0,0,0,0,10,0,0
2832,UK,55-59,Adult,White,Retired,weekend,0,0,0,0,0,0,0,0,0,0
2833,UK,20-24,Adult,Asian,Unknown,weekday,0,0,0,0,0,0,0,0,0,0
2834,UK,45-49,Adult,White,Unemployed,weekday,0,0,0,0,0,0,0,0,0,0
2835,UK,20-24,Adult,White,2,weekday,0,0,0,0,0,0,0,0,0,0
2836,UK,20-24,Adult,White,4,weekday,0,0,0,0,0,0,0,0,0,0
2837,UK,25-29,Adult,Black,1,weekday,1,0,0,0,0,0,0,0,1,0
2838,UK,60-64,Adult,White,Unemployed,weekday,30,0,0,0,0,0,0,0,20,10
2839,UK,60-64,Adult,White,7,weekday,0,0,0,0,0,0,0,0,0,0
2840,UK,45-49,Adult,Black,2,weekend,6,0,0,0,0,0,0,0,6,0
2841,UK,20-24,Adult,White,5,weekday,6,0,0,0,0,0,0,0,5,1
2842,UK,55-59,Adult,White,Unemployed,weekday,0,0,0,0,0,0,0,0,0,0
2843,UK,50-54,Adult,White,3,weekday,0,0,0,0,0,0,0,0,0,0
2844,UK,55-59,Adult,White,2,weekday,5,0,0,0,0,0,0,1,4,0
2845,UK,65-69,Adult,White,Retired,weekday,0,0,0,0,0,0,0,0,0,0
2846,UK,20-24,Adult,White,1,weekday,0,0,0,0,0,0,0,0,0,0
2847,UK,50-54,Adult,White,2,weekend,10,0,0,0,0,0,0,0,10,0
2848,UK,20-24,Adult,White,Unknown,weekday,0,0,0,0,0,0,0,0,0,0
2849,UK,65-69,Adult,White,3,weekend,0,0,0,0,0,0,0,0,0,0
2850,UK,55-59,Adult,White,6,weekday,26,0,0,0,0,0,0,2,20,4
2851,UK,45-49,Adult,White,5,weekday,0,0,0,0,0,0,0,0,0,0
2852,UK,20-24,Adult,Asian,3,weekday,0,0,0,0,0,0,0,0,0,0
2853,UK,20-24,Adult,Black,2,weekday,0,0,0,0,0,0,0,0,0,0
2854,UK,35-39,Adult,White,2,weekend,4,0,0,0,0,0,0,1,2,1
2855,UK,15-19,Adult,Black,3,weekday,0,0,0,0,0,0,0,0,0,0
2856,UK,65-69,Adult,White,Retired,weekday,0,0,0,0,0,0,0,0,0,0
2857,UK,20-24,Adult,Asian,7,weekday,3,0,0,0,0,0,0,0,3,0
2858,UK,60-64,Adult,White,Retired,weekend,0,0,0,0,0,0,0,0,0,0
2859,UK,15-19,Adult,Black,1,weekday,0,0,0,0,0,0,0,0,0,0
2860,UK,20-24,Adult,Asian,3,weekday,0,0,0,0,0,0,0,0,0,0
2861,UK,45-49,Adult,Asian,Unknown,weekday,0,0,0,0,0,0,0,0,0,0
2862,UK,20-24,Adult,Asian,3,weekday,4,0,0,0,0,0,0,0,4,0
2863,UK,70-74,Adult,White,Retired,weekend,0,0,0,0,0,0,0,0,0,0
2864,UK,50-54,Adult,White,2,weekday,15,0,0,0,0,0,0,5,5,5
2865,UK,15-19,Adult,Asian,3,weekday,0,0,0,0,0,0,0,0,0,0
2866,UK,15-19,Adult,White,Unemployed,weekday,0,0,0,0,0,0,0,0,0,0
2867,UK,15-19,Adult,White,Student,weekday,0,0,0,0,0,0,0,0,0,0
2868,UK,45-49,Adult,White,Unemployed,weekday,0,0,0,0,0,0,0,0,0,0
2869,UK,60-64,Adult,White,6,weekday,2,0,0,0,0,0,0,0,1,1
2870,UK,50-54,Adult,White,Unemployed,weekday,3,0,0,0,0,0,0,3,0,0
2871,UK,15-19,Adult,White,1,weekday,0,0,0,0,0,0,0,0,0,0
2872,UK,55-59,Adult,White,Unemployed,weekend,0,0,0,0,0,0,0,0,0,0
2873,UK,15-19,Adult,Asian,Student,weekday,0,0,0,0,0,0,0,0,0,0
2874,UK,45-49,Adult,White,1,weekend,1,0,0,0,0,0,0,0,0,1
2875,UK,55-59,Adult,White,2,weekday,0,0,0,0,0,0,0,0,0,0
2876,UK,50-54,Adult,White,3,weekday,0,0,0,0,0,0,0,0,0,0
2877,UK,20-24,Adult,White,3,weekend,4,0,0,0,0,0,0,0,2,2
2878,UK,15-19,Adult,White,Student,weekend,0,0,0,0,0,0,0,0,0,0
2879,UK,55-59,Adult,White,3,weekday,3,0,0,0,0,0,0,0,3,0
2880,UK,45-49,Adult,White,3,weekday,0,0,0,0,0,0,0,0,0,0
2881,UK,20-24,Adult,Black,Student,weekend,0,0,0,0,0,0,0,0,0,0
2882,UK,20-24,Adult,White,Unknown,weekend,3,0,0,0,0,0,0,1,1,1
2883,UK,50-54,Adult,Asian,1,weekday,0,0,0,0,0,0,0,0,0,0
2884,UK,20-24,Adult,White,1,weekend,10,0,0,0,0,0,0,2,5,3
2885,UK,35-39,Adult,White,1,weekday,0,0,0,0,0,0,0,0,0,0
2886,UK,40-44,Adult,White,7,weekend,0,0,0,0,0,0,0,0,0,0
2887,UK,30-34,Adult,White,4,weekend,2,0,0,0,0,0,0,1,1,0
2888,UK,45-49,Adult,White,3,weekday,0,0,0,0,0,0,0,0,0,0
2889,UK,35-39,Adult,White,Unemployed,weekday,0,0,0,0,0,0,0,0,0,0
2890,UK,60-64,Adult,White,Unemployed,weekday,0,0,0,0,0,0,0,0,0,0
2891,UK,30-34,Adult,White,1,weekday,0,0,0,0,0,0,0,0,0,0
2892,UK,40-44,Adult,White,Unemployed,weekend,0,0,0,0,0,0,0,0,0,0
2893,UK,25-29,Adult,White,Unemployed,weekday,0,0,0,0,0,0,0,0,0,0
2894,UK,55-59,Adult,White,Unemployed,weekday,20,0,0,0,0,0,0,0,20,0
2895,UK,30-34,Adult,White,1,weekday,11,0,0,0,0,0,0,3,3,5
2896,UK,45-49,Adult,Black,7,weekday,5,0,0,0,0,0,0,1,4,0
2897,UK,65-69,Adult,White,3,weekend,0,0,0,0,0,0,0,0,0,0
2898,UK,50-54,Adult,White,3,weekday,100,20,20,10,0,0,0,20,20,10
2899,UK,30-34,Adult,White,2,weekday,8,0,4,0,0,0,0,2,2,0
2900,UK,25-29,Adult,Black,3,weekend,36,7,19,5,0,0,0,0,4,1
2901,UK,45-49,Adult,White,2,weekday,0,0,0,0,0,0,0,0,0,0
2902,UK,30-34,Adult,White,1,weekend,0,0,0,0,0,0,0,0,0,0
2903,UK,60-64,Adult,White,2,weekday,0,0,0,0,0,0,0,0,0,0
2904,UK,40-44,Adult,Black,3,weekday,5,0,0,0,0,0,0,5,0,0
2905,UK,45-49,Adult,White,1,weekday,0,0,0,0,0,0,0,0,0,0
2906,UK,35-39,Adult,Black,1,weekend,1,0,0,0,0,0,0,0,1,0
2907,UK,15-19,Adult,White,Unemployed,weekday,0,0,0,0,0,0,0,0,0,0
2908,UK,30-34,Adult,Black,3,weekend,0,0,0,0,0,0,0,0,0,0
2909,UK,40-44,Adult,White,5,weekend,4,0,0,0,0,0,0,0,4,0
2910,UK,15-19,Adult,Black,Unemployed,weekend,0,0,0,0,0,0,0,0,0,0
2911,UK,40-44,Adult,White,Unemployed,weekday,0,0,0,0,0,0,0,0,0,0
2912,UK,50-54,Adult,White,5,weekend,0,0,0,0,0,0,0,0,0,0
2913,UK,35-39,Adult,Black,1,weekday,0,0,0,0,0,0,0,0,0,0
2914,UK,20-24,Adult,White,2,weekend,0,0,0,0,0,0,0,0,0,0
2915,UK,35-39,Adult,White,Unemployed,weekend,0,0,0,0,0,0,0,0,0,0
2916,UK,60-64,Adult,White,Retired,weekday,0,0,0,0,0,0,0,0,0,0
2917,UK,30-34,Adult,Asian,1,weekday,0,0,0,0,0,0,0,0,0,0
2918,UK,60-64,Adult,White,Unemployed,weekday,0,0,0,0,0,0,0,0,0,0
2919,UK,40-44,Adult,White,5,weekday,10,0,0,0,0,0,0,0,10,0
2920,UK,20-24,Adult,Asian,Unemployed,weekday,0,0,0,0,0,0,0,0,0,0
2921,UK,40-44,Adult,White,1,weekend,0,0,0,0,0,0,0,0,0,0
2922,UK,25-29,Adult,Asian,Unknown,weekend,0,0,0,0,0,0,0,0,0,0
2923,UK,30-34,Adult,White,3,weekday,0,0,0,0,0,0,0,0,0,0
2924,UK,40-44,Adult,White,2,weekend,0,0,0,0,0,0,0,0,0,0
2925,UK,30-34,Adult,White,6,weekend,15,0,0,0,0,0,0,10,5,0
2926,UK,50-54,Adult,White,3,weekday,1,0,0,0,0,0,0,1,0,0
2927,UK,15-19,Adult,White,2,weekend,16,0,0,0,0,0,0,0,15,1
2928,UK,50-54,Adult,White,Unemployed,weekend,20,0,0,0,0,0,0,5,10,5
2929,UK,75+,Adult,White,Retired,weekday,0,0,0,0,0,0,0,0,0,0
2930,UK,40-44,Adult,White,3,weekday,0,0,0,0,0,0,0,0,0,0
2931,UK,25-29,Adult,White,2,weekend,0,0,0,0,0,0,0,0,0,0
2932,UK,35-39,Adult,White,3,weekday,0,0,0,0,0,0,0,0,0,0
2933,UK,25-29,Adult,White,2,weekend,8,0,0,0,0,0,0,3,4,1
2934,UK,15-19,Adult,White,6,weekend,0,0,0,0,0,0,0,0,0,0
2935,UK,65-69,Adult,White,Retired,weekday,0,0,0,0,0,0,0,0,0,0
2936,UK,50-54,Adult,White,Unemployed,weekend,3,0,0,0,0,0,0,2,1,0
2937,UK,65-69,Adult,White,Retired,weekday,0,0,0,0,0,0,0,0,0,0
2938,UK,40-44,Adult,White,Unknown,weekday,0,0,0,0,0,0,0,0,0,0
2939,UK,40-44,Adult,White,Unemployed,weekday,0,0,0,0,0,0,0,0,0,0
2940,UK,35-39,Adult,White,2,weekend,0,0,0,0,0,0,0,0,0,0
2941,UK,60-64,Adult,White,Unemployed,weekday,0,0,0,0,0,0,0,0,0,0
2942,UK,20-24,Adult,White,2,weekend,0,0,0,0,0,0,0,0,0,0
2943,UK,40-44,Adult,White,Unemployed,weekend,0,0,0,0,0,0,0,0,0,0
2944,UK,30-34,Adult,White,Unemployed,weekday,2,0,0,0,0,0,0,2,0,0
2945,UK,55-59,Adult,White,1,weekday,0,0,0,0,0,0,0,0,0,0
2946,UK,50-54,Adult,White,2,weekday,0,0,0,0,0,0,0,0,0,0
2947,UK,25-29,Adult,White,2,weekend,0,0,0,0,0,0,0,0,0,0
2948,UK,25-29,Adult,Asian,Unknown,weekend,2,0,0,0,0,0,0,0,2,0
2949,UK,30-34,Adult,White,6,weekend,17,0,0,0,0,0,0,2,14,1
2950,UK,35-39,Adult,Black,Unemployed,weekday,1,0,0,0,0,0,0,0,1,0
2951,UK,45-49,Adult,White,7,weekend,0,0,0,0,0,0,0,0,0,0
2952,UK,25-29,Adult,White,Unemployed,weekend,0,0,0,0,0,0,0,0,0,0
2953,UK,40-44,Adult,White,3,weekend,0,0,0,0,0,0,0,0,0,0
2954,UK,35-39,Adult,Black,2,weekday,3,0,0,0,0,0,0,2,1,0
2955,UK,20-24,Adult,Black,4,weekend,11,0,0,0,0,0,0,6,5,0
2956,UK,30-34,Adult,Black,2,weekday,0,0,0,0,0,0,0,0,0,0
2957,UK,30-34,Adult,White,5,weekday,0,0,0,0,0,0,0,0,0,0
2958,UK,40-44,Adult,White,1,weekday,0,0,0,0,0,0,0,0,0,0
2959,UK,30-34,Adult,White,6,weekday,0,0,0,0,0,0,0,0,0,0
2960,UK,25-29,Adult,White,1,weekday,0,0,0,0,0,0,0,0,0,0
2961,UK,40-44,Adult,White,Unemployed,weekday,0,0,0,0,0,0,0,0,0,0
2962,UK,25-29,Adult,Asian,1,weekday,0,0,0,0,0,0,0,0,0,0
2963,UK,40-44,Adult,White,Unemployed,weekday,0,0,0,0,0,0,0,0,0,0
2964,UK,45-49,Adult,White,1,weekday,1,0,0,0,0,0,0,0,1,0
2965,UK,30-34,Adult,White,Unemployed,weekend,0,0,0,0,0,0,0,0,0,0
2966,UK,25-29,Adult,Asian,3,weekday,2,0,0,0,0,0,0,0,2,0
2967,UK,40-44,Adult,White,Unemployed,weekday,0,0,0,0,0,0,0,0,0,0
2968,UK,25-29,Adult,Asian,1,weekend,3,0,0,0,0,0,0,1,2,0
2969,UK,25-29,Adult,Asian,1,weekday,0,0,0,0,0,0,0,0,0,0
2970,UK,35-39,Adult,Asian,1,weekend,0,0,0,0,0,0,0,0,0,0
2971,UK,35-39,Adult,White,6,weekday,4,0,0,0,0,0,0,2,2,0
2972,UK,25-29,Adult,Mixed,3,weekday,0,0,0,0,0,0,0,0,0,0
2973,UK,55-59,Adult,White,Unemployed,weekday,0,0,0,0,0,0,0,0,0,0
2974,UK,30-34,Adult,Black,2,weekday,0,0,0,0,0,0,0,0,0,0
2975,UK,25-29,Adult,White,2,weekday,0,0,0,0,0,0,0,0,0,0
2976,UK,30-34,Adult,White,6,weekend,15,0,0,0,0,0,0,5,10,0
2977,UK,20-24,Adult,Black,1,weekday,3,0,0,0,0,0,0,1,2,0
2978,UK,60-64,Adult,White,Retired,weekend,0,0,0,0,0,0,0,0,0,0
2979,UK,50-54,Adult,White,6,weekend,0,0,0,0,0,0,0,0,0,0
2980,UK,15-19,Adult,Other,Student,weekend,19,0,0,0,0,0,0,2,15,2
2981,UK,25-29,Adult,Asian,6,weekend,4,0,0,0,0,0,0,0,4,0
2982,UK,35-39,Adult,Black,3,weekday,0,0,0,0,0,0,0,0,0,0
2983,UK,25-29,Adult,White,1,weekday,0,0,0,0,0,0,0,0,0,0
2984,UK,35-39,Adult,White,1,weekday,3,0,0,0,0,0,0,1,1,1
2985,UK,35-39,Adult,Black,1,weekday,0,0,0,0,0,0,0,0,0,0
2986,UK,30-34,Adult,White,3,weekend,1,0,0,0,0,0,0,1,0,0
2987,UK,40-44,Adult,White,1,weekend,5,0,0,0,0,0,0,3,2,0
2988,UK,60-64,Adult,White,1,weekday,0,0,0,0,0,0,0,0,0,0
2989,UK,30-34,Adult,Asian,2,weekend,4,0,0,0,0,0,0,0,2,2
2990,UK,35-39,Adult,White,2,weekday,1,0,0,0,0,0,0,1,0,0
2991,UK,55-59,Adult,White,1,weekday,0,0,0,0,0,0,0,0,0,0
2992,UK,20-24,Adult,White,3,weekday,0,0,0,0,0,0,0,0,0,0
2993,UK,20-24,Adult,White,7,weekend,8,0,0,0,0,0,0,3,5,0
2994,UK,25-29,Adult,White,1,weekday,25,0,0,0,0,0,0,20,5,0
2995,UK,15-19,Adult,White,7,weekday,0,0,0,0,0,0,0,0,0,0
2996,UK,20-24,Adult,Asian,2,weekday,0,0,0,0,0,0,0,0,0,0
2997,UK,20-24,Adult,White,1,weekday,0,0,0,0,0,0,0,0,0,0
2998,UK,45-49,Adult,White,6,weekend,0,0,0,0,0,0,0,0,0,0
2999,UK,30-34,Adult,White,1,weekday,1,0,0,0,0,0,0,1,0,0
3000,UK,30-34,Adult,White,4,weekend,0,0,0,0,0,0,0,0,0,0
3001,UK,25-29,Adult,White,7,weekend,0,0,0,0,0,0,0,0,0,0
3002,UK,30-34,Adult,White,2,weekday,0,0,0,0,0,0,0,0,0,0
3003,UK,45-49,Adult,Black,1,weekday,5,0,0,0,0,0,0,0,2,3
3004,UK,35-39,Adult,White,6,weekend,1,0,0,0,0,0,0,0,1,0
3005,UK,35-39,Adult,Asian,3,weekday,1,0,0,0,0,0,0,0,1,0
3006,UK,25-29,Adult,White,Unemployed,weekend,3,0,0,0,0,0,0,2,1,0
3007,UK,30-34,Adult,White,7,weekday,4,0,0,0,0,0,0,2,2,0
3008,UK,20-24,Adult,White,7,weekend,0,0,0,0,0,0,0,0,0,0
3009,UK,20-24,Adult,Asian,1,weekend,0,0,0,0,0,0,0,0,0,0
3010,UK,50-54,Adult,White,6,weekday,1,0,0,0,0,0,0,0,1,0
3011,UK,30-34,Adult,Black,3,weekday,19,0,4,2,0,0,0,3,6,4
3012,UK,40-44,Adult,White,1,weekend,2,0,0,0,0,0,0,0,0,2
3013,UK,30-34,Adult,Asian,2,weekend,1,0,0,0,0,0,0,0,0,1
3014,UK,65-69,Adult,Black,2,weekend,0,0,0,0,0,0,0,0,0,0
3015,UK,15-19,Adult,Mixed,5,weekend,0,0,0,0,0,0,0,0,0,0
3016,UK,50-54,Adult,White,Unemployed,weekend,0,0,0,0,0,0,0,0,0,0
3017,UK,30-34,Adult,White,Unemployed,weekend,1,0,0,0,0,0,0,0,0,1
3018,UK,25-29,Adult,Asian,Unknown,weekend,0,0,0,0,0,0,0,0,0,0
3019,UK,20-24,Adult,White,7,weekend,5,0,0,0,0,0,0,2,3,0
3020,UK,25-29,Adult,White,1,weekday,0,0,0,0,0,0,0,0,0,0
3021,UK,35-39,Adult,White,1,weekday,6,0,0,0,0,0,0,0,6,0
3022,UK,20-24,Adult,White,1,weekday,0,0,0,0,0,0,0,0,0,0
3023,UK,45-49,Adult,White,1,weekend,0,0,0,0,0,0,0,0,0,0
3024,UK,25-29,Adult,Mixed,Student,weekend,19,0,0,0,0,0,0,6,10,3
3025,UK,35-39,Adult,Mixed,1,weekend,7,0,0,0,0,0,0,4,3,0
3026,UK,30-34,Adult,White,1,weekday,0,0,0,0,0,0,0,0,0,0
3027,UK,20-24,Adult,White,1,weekday,130,0,0,0,0,0,0,100,30,0
3028,UK,30-34,Adult,White,2,weekday,0,0,0,0,0,0,0,0,0,0
3029,UK,70-74,Adult,White,Retired,weekday,0,0,0,0,0,0,0,0,0,0
3030,UK,25-29,Adult,Asian,1,weekend,2,0,0,0,0,0,0,0,2,0
3031,UK,20-24,Adult,Other,2,weekend,0,0,0,0,0,0,0,0,0,0
3032,UK,25-29,Adult,Asian,3,weekday,26,0,0,0,0,0,0,8,10,8
3033,UK,35-39,Adult,White,2,weekend,0,0,0,0,0,0,0,0,0,0
3034,UK,55-59,Adult,White,3,weekend,0,0,0,0,0,0,0,0,0,0
3035,UK,30-34,Adult,White,6,weekend,7,0,0,0,0,0,0,5,2,0
3036,UK,25-29,Adult,White,Unemployed,weekend,0,0,0,0,0,0,0,0,0,0
3037,UK,40-44,Adult,White,2,weekday,0,0,0,0,0,0,0,0,0,0
3038,UK,50-54,Adult,White,2,weekday,0,0,0,0,0,0,0,0,0,0
3039,UK,45-49,Adult,White,4,weekend,7,0,0,0,0,0,0,2,4,1
3040,UK,40-44,Adult,White,1,weekend,0,0,0,0,0,0,0,0,0,0
3041,UK,55-59,Adult,White,Retired,weekday,0,0,0,0,0,0,0,0,0,0
3042,UK,25-29,Adult,White,Unemployed,weekday,3,0,0,0,0,0,0,1,1,1
3043,UK,60-64,Adult,White,2,weekend,0,0,0,0,0,0,0,0,0,0
3044,UK,45-49,Adult,White,Unemployed,weekday,0,0,0,0,0,0,0,0,0,0
3045,UK,30-34,Adult,Mixed,3,weekend,4,0,0,0,0,0,0,2,2,0
3046,UK,50-54,Adult,Black,2,weekday,0,0,0,0,0,0,0,0,0,0
3047,UK,25-29,Adult,White,Unemployed,weekend,0,0,0,0,0,0,0,0,0,0
3048,UK,25-29,Adult,White,2,weekend,15,0,0,0,0,0,0,0,15,0
3049,UK,20-24,Adult,White,3,weekday,0,0,0,0,0,0,0,0,0,0
3050,UK,35-39,Adult,White,Unemployed,weekend,5,0,0,0,0,0,0,3,2,0
3051,UK,25-29,Adult,Mixed,3,weekend,2,0,0,0,0,0,0,0,2,0
3052,UK,20-24,Adult,Asian,3,weekend,0,0,0,0,0,0,0,0,0,0
3053,UK,40-44,Adult,White,Unknown,weekend,0,0,0,0,0,0,0,0,0,0
3054,UK,45-49,Adult,White,6,weekend,0,0,0,0,0,0,0,0,0,0
3055,UK,50-54,Adult,White,6,weekday,0,0,0,0,0,0,0,0,0,0
3056,UK,65-69,Adult,White,Retired,weekday,0,0,0,0,0,0,0,0,0,0
3057,UK,40-44,Adult,White,2,weekday,0,0,0,0,0,0,0,0,0,0
3058,UK,45-49,Adult,White,3,weekday,0,0,0,0,0,0,0,0,0,0
3059,UK,15-19,Adult,White,6,weekday,3,0,0,0,0,0,0,0,2,1
3060,UK,35-39,Adult,White,6,weekend,0,0,0,0,0,0,0,0,0,0
3061,UK,15-19,Adult,White,Unemployed,weekday,0,0,0,0,0,0,0,0,0,0
3062,UK,50-54,Adult,White,3,weekend,0,0,0,0,0,0,0,0,0,0
3063,UK,25-29,Adult,White,1,weekday,20,0,0,0,0,0,0,6,13,1
3064,UK,30-34,Adult,Black,4,weekday,11,0,0,0,0,0,0,0,4,7
3065,UK,30-34,Adult,White,3,weekday,0,0,0,0,0,0,0,0,0,0
3066,UK,40-44,Adult,Black,2,weekday,9,0,0,0,0,0,0,0,7,2
3067,UK,60-64,Adult,White,Unemployed,weekday,0,0,0,0,0,0,0,0,0,0
3068,UK,55-59,Adult,White,6,weekend,0,0,0,0,0,0,0,0,0,0
3069,UK,35-39,Adult,Asian,1,weekend,0,0,0,0,0,0,0,0,0,0
3070,UK,35-39,Adult,White,3,weekend,0,0,0,0,0,0,0,0,0,0
3071,UK,25-29,Adult,White,2,weekend,3,0,0,0,0,0,0,0,3,0
3072,UK,65-69,Adult,White,Retired,weekday,0,0,0,0,0,0,0,0,0,0
3073,UK,40-44,Adult,White,1,weekend,0,0,0,0,0,0,0,0,0,0
3074,UK,25-29,Adult,White,1,weekday,0,0,0,0,0,0,0,0,0,0
3075,UK,20-24,Adult,White,7,weekend,0,0,0,0,0,0,0,0,0,0
3076,UK,35-39,Adult,White,2,weekday,0,0,0,0,0,0,0,0,0,0
3077,UK,50-54,Adult,Asian,7,weekday,0,0,0,0,0,0,0,0,0,0
3078,UK,20-24,Adult,Asian,1,weekend,0,0,0,0,0,0,0,0,0,0
3079,UK,40-44,Adult,White,1,weekday,0,0,0,0,0,0,0,0,0,0
3080,UK,30-34,Adult,White,2,weekend,33,0,0,0,0,0,0,3,20,10
3081,UK,35-39,Adult,White,3,weekday,0,0,0,0,0,0,0,0,0,0
3082,UK,30-34,Adult,Black,1,weekend,1,0,0,0,0,0,0,0,0,1
3083,UK,15-19,Adult,White,2,weekday,0,0,0,0,0,0,0,0,0,0
3084,UK,45-49,Adult,White,6,weekend,2,0,1,0,0,0,0,0,1,0
3085,UK,30-34,Adult,White,3,weekday,4,0,0,0,0,0,0,2,2,0
3086,UK,35-39,Adult,White,2,weekday,0,0,0,0,0,0,0,0,0,0
3087,UK,35-39,Adult,White,1,weekday,65,3,15,15,0,0,0,2,15,15
3088,UK,35-39,Adult,White,1,weekday,5,0,0,0,0,0,0,0,5,0
3089,UK,45-49,Adult,White,Unemployed,weekday,1,0,0,0,0,0,0,0,1,0
3090,UK,20-24,Adult,Black,1,weekend,0,0,0,0,0,0,0,0,0,0
3091,UK,35-39,Adult,White,Unemployed,weekend,2,0,0,0,0,0,0,0,2,0
3092,UK,35-39,Adult,White,3,weekday,0,0,0,0,0,0,0,0,0,0
3093,UK,30-34,Adult,White,1,weekend,0,0,0,0,0,0,0,0,0,0
3094,UK,30-34,Adult,Black,2,weekend,2,0,0,0,0,0,0,0,2,0
3095,UK,20-24,Adult,Black,Unknown,weekday,0,0,0,0,0,0,0,0,0,0
3096,UK,15-19,Adult,White,Unemployed,weekday,0,0,0,0,0,0,0,0,0,0
3097,UK,25-29,Adult,Black,3,weekend,0,0,0,0,0,0,0,0,0,0
3098,UK,50-54,Adult,White,5,weekday,0,0,0,0,0,0,0,0,0,0
3099,UK,30-34,Adult,White,Unemployed,weekend,0,0,0,0,0,0,0,0,0,0
3100,UK,35-39,Adult,White,2,weekend,0,0,0,0,0,0,0,0,0,0
3101,UK,50-54,Adult,White,1,weekday,3,0,0,0,0,0,0,0,3,0
3102,UK,55-59,Adult,White,Unknown,weekend,0,0,0,0,0,0,0,0,0,0
3103,UK,20-24,Adult,Asian,1,weekend,0,0,0,0,0,0,0,0,0,0
3104,UK,25-29,Adult,Prefer not to say,2,weekday,8,0,0,0,0,0,0,0,7,1
3105,UK,30-34,Adult,White,1,weekday,7,0,0,0,0,0,0,2,3,2
3106,UK,20-24,Adult,Black,3,weekday,0,0,0,0,0,0,0,0,0,0
3107,UK,30-34,Adult,White,2,weekend,1,0,0,0,0,0,0,0,1,0
3108,UK,20-24,Adult,White,3,weekday,0,0,0,0,0,0,0,0,0,0
3109,UK,25-29,Adult,White,Unknown,weekend,3,0,0,0,0,0,0,0,3,0
3110,UK,25-29,Adult,White,4,weekday,0,0,0,0,0,0,0,0,0,0
3111,UK,55-59,Adult,White,3,weekend,20,10,10,0,0,0,0,0,0,0
3112,UK,40-44,Adult,White,Unemployed,weekend,0,0,0,0,0,0,0,0,0,0
3113,UK,40-44,Adult,Mixed,2,weekday,0,0,0,0,0,0,0,0,0,0
3114,UK,55-59,Adult,White,2,weekday,0,0,0,0,0,0,0,0,0,0
3115,UK,25-29,Adult,White,Unemployed,weekend,0,0,0,0,0,0,0,0,0,0
3116,UK,35-39,Adult,White,1,weekend,0,0,0,0,0,0,0,0,0,0
3117,UK,35-39,Adult,White,1,weekday,0,0,0,0,0,0,0,0,0,0
3118,UK,25-29,Adult,Asian,1,weekend,2,0,0,0,0,0,0,0,2,0
3119,UK,20-24,Adult,Black,3,weekend,3,0,0,0,0,0,0,0,2,1
3120,UK,35-39,Adult,White,2,weekend,0,0,0,0,0,0,0,0,0,0
3121,UK,30-34,Adult,Black,6,weekday,0,0,0,0,0,0,0,0,0,0
3122,UK,30-34,Adult,White,2,weekday,0,0,0,0,0,0,0,0,0,0
3123,UK,25-29,Adult,White,3,weekday,4,0,0,0,0,0,0,0,3,1
3124,UK,20-24,Adult,Asian,2,weekday,15,0,0,0,0,0,0,5,7,3
3125,UK,35-39,Adult,White,7,weekday,4,0,0,0,0,0,0,3,1,0
3126,UK,25-29,Adult,White,7,weekend,1,0,0,0,0,0,0,1,0,0
3127,UK,35-39,Adult,Asian,2,weekend,0,0,0,0,0,0,0,0,0,0
3128,UK,60-64,Adult,White,Retired,weekday,0,0,0,0,0,0,0,0,0,0
3129,UK,20-24,Adult,Mixed,1,weekday,0,0,0,0,0,0,0,0,0,0
3130,UK,45-49,Adult,Black,3,weekday,20,0,0,0,0,0,0,3,15,2
3131,UK,30-34,Adult,White,1,weekday,0,0,0,0,0,0,0,0,0,0
3132,UK,20-24,Adult,White,3,weekend,0,0,0,0,0,0,0,0,0,0
3133,UK,35-39,Adult,White,2,weekday,15,0,0,0,0,0,0,5,5,5
3134,UK,35-39,Adult,White,7,weekend,0,0,0,0,0,0,0,0,0,0
3135,UK,30-34,Adult,Asian,1,weekday,0,0,0,0,0,0,0,0,0,0
3136,UK,30-34,Adult,Asian,2,weekend,5,0,0,0,0,0,0,0,4,1
3137,UK,30-34,Adult,Asian,2,weekday,0,0,0,0,0,0,0,0,0,0
3138,UK,35-39,Adult,White,6,weekday,18,0,0,0,0,0,0,0,15,3
3139,UK,30-34,Adult,White,1,weekend,0,0,0,0,0,0,0,0,0,0
3140,UK,35-39,Adult,White,Unemployed,weekday,0,0,0,0,0,0,0,0,0,0
3141,UK,45-49,Adult,White,7,weekend,0,0,0,0,0,0,0,0,0,0
3142,UK,35-39,Adult,White,2,weekday,205,0,0,0,0,0,0,5,100,100
3143,UK,30-34,Adult,Asian,6,weekend,80,0,0,0,0,0,0,0,50,30
3144,UK,30-34,Adult,Asian,3,weekend,0,0,0,0,0,0,0,0,0,0
3145,UK,25-29,Adult,Asian,Retired,weekend,3,0,0,0,0,0,0,1,1,1
3146,UK,20-24,Adult,White,7,weekday,5,0,0,0,0,0,0,3,2,0
3147,UK,40-44,Adult,White,2,weekday,0,0,0,0,0,0,0,0,0,0
3148,UK,30-34,Adult,White,2,weekend,0,0,0,0,0,0,0,0,0,0
3149,UK,35-39,Adult,White,Unemployed,weekday,0,0,0,0,0,0,0,0,0,0
3150,UK,35-39,Adult,Asian,Unemployed,weekday,2,0,0,0,0,0,0,2,0,0
3151,UK,30-34,Adult,White,Unemployed,weekend,0,0,0,0,0,0,0,0,0,0
3152,UK,30-34,Adult,White,Unemployed,weekday,18,0,0,0,0,0,0,8,10,0
3153,UK,35-39,Adult,Asian,Unemployed,weekend,3,0,0,0,0,0,0,2,1,0
3154,UK,25-29,Adult,Asian,2,weekday,29,0,0,0,0,0,0,10,15,4
3155,UK,30-34,Adult,White,1,weekday,0,0,0,0,0,0,0,0,0,0
3156,UK,55-59,Adult,White,7,weekday,0,0,0,0,0,0,0,0,0,0
3157,UK,25-29,Adult,White,1,weekend,2,0,0,0,0,0,0,1,1,0
3158,UK,30-34,Adult,White,Unemployed,weekday,0,0,0,0,0,0,0,0,0,0
3159,UK,40-44,Adult,White,2,weekday,3,0,0,0,0,0,0,0,3,0
3160,UK,40-44,Adult,White,Unknown,weekend,1,0,0,0,0,0,0,1,0,0
3161,UK,50-54,Adult,White,4,weekend,0,0,0,0,0,0,0,0,0,0
3162,UK,25-29,Adult,Black,5,weekend,0,0,0,0,0,0,0,0,0,0
3163,UK,55-59,Adult,White,5,weekday,3,0,0,0,0,0,0,1,2,0
3164,UK,40-44,Adult,White,2,weekday,0,0,0,0,0,0,0,0,0,0
3165,UK,40-44,Adult,White,Unemployed,weekday,0,0,0,0,0,0,0,0,0,0
3166,UK,60-64,Adult,White,7,weekday,4,0,0,0,0,0,0,4,0,0
3167,UK,35-39,Adult,Black,6,weekend,0,0,0,0,0,0,0,0,0,0
3168,UK,25-29,Adult,Black,Student,weekend,43,0,0,0,0,0,0,12,25,6
3169,UK,45-49,Adult,White,4,weekday,0,0,0,0,0,0,0,0,0,0
3170,UK,50-54,Adult,White,Unemployed,weekday,0,0,0,0,0,0,0,0,0,0
3171,UK,15-19,Adult,Black,3,weekend,26,0,0,0,0,0,0,4,20,2
3172,UK,35-39,Adult,White,1,weekend,19,0,0,0,0,0,0,7,10,2
3173,UK,25-29,Adult,White,2,weekend,3,0,0,0,0,0,0,0,3,0
3174,UK,35-39,Adult,White,2,weekday,0,0,0,0,0,0,0,0,0,0
3175,UK,45-49,Adult,White,1,weekend,0,0,0,0,0,0,0,0,0,0
3176,UK,50-54,Adult,White,3,weekend,0,0,0,0,0,0,0,0,0,0
3177,UK,35-39,Adult,White,Student,weekend,0,0,0,0,0,0,0,0,0,0
3178,UK,60-64,Adult,White,Unemployed,weekday,9,0,0,0,0,0,0,2,5,2
3179,UK,50-54,Adult,Asian,3,weekend,0,0,0,0,0,0,0,0,0,0
3180,UK,35-39,Adult,Asian,2,weekday,1,0,0,0,0,0,0,0,1,0
3181,UK,20-24,Adult,White,Unemployed,weekday,4,0,0,0,0,0,0,1,1,2
3182,UK,45-49,Adult,Other,Unemployed,weekday,0,0,0,0,0,0,0,0,0,0
3183,UK,40-44,Adult,White,Unknown,weekday,0,0,0,0,0,0,0,0,0,0
3184,UK,20-24,Adult,White,3,weekday,0,0,0,0,0,0,0,0,0,0
3185,UK,45-49,Adult,Asian,1,weekday,15,0,15,0,0,0,0,0,0,0
3186,UK,50-54,Adult,Asian,Unemployed,weekend,1,0,0,0,0,0,0,1,0,0
3187,UK,40-44,Adult,White,6,weekday,0,0,0,0,0,0,0,0,0,0
3188,UK,60-64,Adult,White,Retired,weekday,0,0,0,0,0,0,0,0,0,0
3189,UK,35-39,Adult,White,2,weekday,0,0,0,0,0,0,0,0,0,0
3190,UK,30-34,Adult,Black,1,weekend,0,0,0,0,0,0,0,0,0,0
3191,UK,40-44,Adult,White,3,weekend,0,0,0,0,0,0,0,0,0,0
3192,UK,45-49,Adult,White,1,weekend,0,0,0,0,0,0,0,0,0,0
3193,UK,35-39,Adult,White,1,weekday,0,0,0,0,0,0,0,0,0,0
3194,UK,35-39,Adult,White,7,weekend,3,0,0,0,0,0,0,3,0,0
3195,UK,65-69,Adult,White,2,weekend,135,0,0,0,0,0,0,10,100,25
3196,UK,50-54,Adult,Asian,4,weekday,6,0,0,0,0,0,0,0,6,0
3197,UK,70-74,Adult,White,7,weekend,0,0,0,0,0,0,0,0,0,0
3198,UK,35-39,Adult,White,1,weekday,0,0,0,0,0,0,0,0,0,0
3199,UK,40-44,Adult,White,1,weekend,0,0,0,0,0,0,0,0,0,0
3200,UK,35-39,Adult,White,1,weekend,0,0,0,0,0,0,0,0,0,0
3201,UK,45-49,Adult,White,3,weekday,0,0,0,0,0,0,0,0,0,0
3202,UK,35-39,Adult,White,3,weekend,0,0,0,0,0,0,0,0,0,0
3203,UK,35-39,Adult,White,1,weekday,34,0,0,0,0,0,0,12,17,5
3204,UK,45-49,Adult,White,5,weekday,0,0,0,0,0,0,0,0,0,0
3205,UK,40-44,Adult,White,2,weekday,0,0,0,0,0,0,0,0,0,0
3206,UK,35-39,Adult,Black,1,weekend,30,0,0,0,0,0,0,10,10,10
3207,UK,45-49,Adult,White,Unemployed,weekend,3,0,0,0,0,0,0,0,3,0
3208,UK,45-49,Adult,White,Unknown,weekday,2,0,0,0,0,0,0,0,2,0
3209,UK,50-54,Adult,White,Unemployed,weekend,0,0,0,0,0,0,0,0,0,0
3210,UK,45-49,Adult,White,3,weekday,0,0,0,0,0,0,0,0,0,0
3211,UK,40-44,Adult,White,1,weekend,3,0,0,0,0,0,0,2,1,0
3212,UK,55-59,Adult,White,1,weekday,9,0,0,0,0,0,0,3,6,0
3213,UK,45-49,Adult,White,Unemployed,weekend,0,0,0,0,0,0,0,0,0,0
3214,UK,65-69,Adult,White,Retired,weekday,0,0,0,0,0,0,0,0,0,0
3215,UK,65-69,Adult,White,1,weekday,0,0,0,0,0,0,0,0,0,0
3216,UK,60-64,Adult,White,1,weekend,1,0,0,0,0,0,0,0,0,1
3217,UK,60-64,Adult,White,2,weekday,0,0,0,0,0,0,0,0,0,0
3218,UK,65-69,Adult,White,6,weekend,0,0,0,0,0,0,0,0,0,0
3219,UK,50-54,Adult,White,1,weekday,0,0,0,0,0,0,0,0,0,0
3220,UK,45-49,Adult,White,2,weekday,0,0,0,0,0,0,0,0,0,0
3221,UK,65-69,Adult,White,7,weekday,0,0,0,0,0,0,0,0,0,0
3222,UK,65-69,Adult,White,Retired,weekend,0,0,0,0,0,0,0,0,0,0
3223,UK,55-59,Adult,White,Unemployed,weekend,0,0,0,0,0,0,0,0,0,0
3224,UK,60-64,Adult,White,Retired,weekday,0,0,0,0,0,0,0,0,0,0
3225,UK,65-69,Adult,White,1,weekday,5,0,0,0,0,0,0,0,3,2
3226,UK,60-64,Adult,White,6,weekday,0,0,0,0,0,0,0,0,0,0
3227,UK,60-64,Adult,White,3,weekday,0,0,0,0,0,0,0,0,0,0
3228,UK,60-64,Adult,White,3,weekend,10,0,0,0,0,0,0,0,10,0
3229,UK,50-54,Adult,White,2,weekend,0,0,0,0,0,0,0,0,0,0
3230,UK,60-64,Adult,White,3,weekday,0,0,0,0,0,0,0,0,0,0
3231,UK,50-54,Adult,White,Retired,weekday,0,0,0,0,0,0,0,0,0,0
3232,UK,70-74,Adult,White,Retired,weekday,0,0,0,0,0,0,0,0,0,0
3233,UK,55-59,Adult,White,Unemployed,weekday,0,0,0,0,0,0,0,0,0,0
3234,UK,50-54,Adult,Asian,1,weekend,0,0,0,0,0,0,0,0,0,0
3235,UK,50-54,Adult,White,6,weekday,0,0,0,0,0,0,0,0,0,0
3236,UK,60-64,Adult,White,Retired,weekday,0,0,0,0,0,0,0,0,0,0
3237,UK,55-59,Adult,White,2,weekday,0,0,0,0,0,0,0,0,0,0
3238,UK,65-69,Adult,White,Retired,weekday,100,0,0,0,0,0,0,0,0,100
3239,UK,45-49,Adult,Asian,6,weekday,0,0,0,0,0,0,0,0,0,0
3240,UK,55-59,Adult,White,2,weekday,0,0,0,0,0,0,0,0,0,0
3241,UK,45-49,Adult,White,2,weekday,0,0,0,0,0,0,0,0,0,0
3242,UK,55-59,Adult,White,7,weekend,0,0,0,0,0,0,0,0,0,0
3243,UK,65-69,Adult,White,Retired,weekend,0,0,0,0,0,0,0,0,0,0
3244,UK,45-49,Adult,White,1,weekday,0,0,0,0,0,0,0,0,0,0
3245,UK,60-64,Adult,White,Retired,weekday,0,0,0,0,0,0,0,0,0,0
3246,UK,65-69,Adult,White,6,weekend,0,0,0,0,0,0,0,0,0,0
3247,UK,50-54,Adult,White,5,weekend,0,0,0,0,0,0,0,0,0,0
3248,UK,65-69,Adult,White,Retired,weekend,0,0,0,0,0,0,0,0,0,0
3249,UK,50-54,Adult,White,2,weekday,0,0,0,0,0,0,0,0,0,0
3250,UK,55-59,Adult,White,1,weekday,5,0,0,0,0,0,0,0,5,0
3251,UK,55-59,Adult,White,3,weekend,0,0,0,0,0,0,0,0,0,0
3252,UK,45-49,Adult,Asian,1,weekend,0,0,0,0,0,0,0,0,0,0
3253,UK,55-59,Adult,White,3,weekend,24,0,0,0,0,0,0,3,15,6
3254,UK,55-59,Adult,White,3,weekday,0,0,0,0,0,0,0,0,0,0
3255,UK,60-64,Adult,White,3,weekday,0,0,0,0,0,0,0,0,0,0
3256,UK,45-49,Adult,White,1,weekday,0,0,0,0,0,0,0,0,0,0
3257,UK,60-64,Adult,White,Unemployed,weekend,0,0,0,0,0,0,0,0,0,0
3258,UK,45-49,Adult,Asian,1,weekend,0,0,0,0,0,0,0,0,0,0
3259,UK,60-64,Adult,White,4,weekday,0,0,0,0,0,0,0,0,0,0
3260,UK,55-59,Adult,White,Unknown,weekday,0,0,0,0,0,0,0,0,0,0
3261,UK,55-59,Adult,White,Unknown,weekend,0,0,0,0,0,0,0,0,0,0
3262,UK,75+,Adult,White,Retired,weekend,1,0,0,0,0,0,0,0,0,1
3263,UK,50-54,Adult,White,2,weekday,1,0,0,0,0,0,0,0,1,0
3264,UK,50-54,Adult,White,2,weekday,0,0,0,0,0,0,0,0,0,0
3265,UK,75+,Adult,White,Retired,weekend,4,0,0,0,0,0,0,0,0,4
3266,UK,60-64,Adult,White,Unemployed,weekday,0,0,0,0,0,0,0,0,0,0
3267,UK,75+,Adult,White,Retired,weekday,0,0,0,0,0,0,0,0,0,0
3268,UK,70-74,Adult,White,Retired,weekday,0,0,0,0,0,0,0,0,0,0
3269,UK,60-64,Adult,White,2,weekday,1,0,0,0,0,0,0,0,1,0
3270,UK,70-74,Adult,White,Retired,weekday,0,0,0,0,0,0,0,0,0,0
3271,UK,55-59,Adult,White,6,weekday,0,0,0,0,0,0,0,0,0,0
3272,UK,45-49,Adult,White,Unknown,weekday,0,0,0,0,0,0,0,0,0,0
3273,UK,65-69,Adult,White,4,weekend,0,0,0,0,0,0,0,0,0,0
3274,UK,65-69,Adult,White,Retired,weekday,0,0,0,0,0,0,0,0,0,0
3275,UK,65-69,Adult,White,Retired,weekday,0,0,0,0,0,0,0,0,0,0
3276,UK,45-49,Adult,White,2,weekend,0,0,0,0,0,0,0,0,0,0
3277,UK,55-59,Adult,Asian,3,weekday,22,0,0,0,0,0,0,2,15,5
3278,UK,55-59,Adult,White,Unemployed,weekend,0,0,0,0,0,0,0,0,0,0
3279,UK,45-49,Adult,White,2,weekend,0,0,0,0,0,0,0,0,0,0
3280,UK,55-59,Adult,White,Unemployed,weekend,2,0,0,0,0,0,0,0,2,0
3281,UK,65-69,Adult,White,1,weekday,30,0,0,0,0,0,0,0,20,10
3282,UK,60-64,Adult,White,2,weekday,0,0,0,0,0,0,0,0,0,0
3283,UK,50-54,Adult,White,7,weekday,1,0,0,0,0,0,0,0,1,0
3284,UK,50-54,Adult,White,7,weekday,0,0,0,0,0,0,0,0,0,0
3285,UK,45-49,Adult,White,2,weekday,0,0,0,0,0,0,0,0,0,0
3286,UK,65-69,Adult,White,Retired,weekday,5,0,0,0,0,0,0,0,4,1
3287,UK,70-74,Adult,White,Retired,weekday,0,0,0,0,0,0,0,0,0,0
3288,UK,75+,Adult,White,Retired,weekday,0,0,0,0,0,0,0,0,0,0
3289,UK,40-44,Adult,White,2,weekend,0,0,0,0,0,0,0,0,0,0
3290,UK,50-54,Adult,White,Unemployed,weekend,0,0,0,0,0,0,0,0,0,0
3291,UK,75+,Adult,White,Retired,weekday,0,0,0,0,0,0,0,0,0,0
3292,UK,50-54,Adult,White,1,weekday,75,0,0,0,0,0,0,20,50,5
3293,UK,65-69,Adult,White,Retired,weekend,5,0,0,0,0,0,0,1,3,1
3294,UK,60-64,Adult,White,Unemployed,weekday,0,0,0,0,0,0,0,0,0,0
3295,UK,60-64,Adult,White,3,weekend,0,0,0,0,0,0,0,0,0,0
3296,UK,65-69,Adult,White,Retired,weekday,0,0,0,0,0,0,0,0,0,0
3297,UK,50-54,Adult,White,Unemployed,weekday,17,0,0,0,0,0,0,3,14,0
3298,UK,55-59,Adult,White,6,weekday,0,0,0,0,0,0,0,0,0,0
3299,UK,65-69,Adult,White,Retired,weekday,0,0,0,0,0,0,0,0,0,0
3300,UK,50-54,Adult,Asian,3,weekend,6,0,0,0,0,0,0,1,5,0
3301,UK,50-54,Adult,White,3,weekday,0,0,0,0,0,0,0,0,0,0
3302,UK,70-74,Adult,White,Retired,weekday,0,0,0,0,0,0,0,0,0,0
3303,UK,65-69,Adult,White,Retired,weekday,0,0,0,0,0,0,0,0,0,0
3304,UK,75+,Adult,White,1,weekday,10,0,0,0,0,0,0,0,7,3
3305,UK,75+,Adult,White,Retired,weekday,0,0,0,0,0,0,0,0,0,0
3306,UK,60-64,Adult,White,7,weekend,0,0,0,0,0,0,0,0,0,0
3307,UK,65-69,Adult,White,Retired,weekend,0,0,0,0,0,0,0,0,0,0
3308,UK,60-64,Adult,White,Retired,weekday,0,0,0,0,0,0,0,0,0,0
3309,UK,70-74,Adult,White,Retired,weekday,0,0,0,0,0,0,0,0,0,0
3310,UK,45-49,Adult,Black,3,weekday,0,0,0,0,0,0,0,0,0,0
3311,UK,45-49,Adult,White,3,weekend,3,0,0,0,0,0,0,0,2,1
3312,UK,50-54,Adult,White,6,weekday,1,0,0,0,0,0,0,0,0,1
3313,UK,55-59,Adult,White,Unemployed,weekday,0,0,0,0,0,0,0,0,0,0
3314,UK,50-54,Adult,White,7,weekend,0,0,0,0,0,0,0,0,0,0
3315,UK,65-69,Adult,White,Retired,weekend,0,0,0,0,0,0,0,0,0,0
3316,UK,65-69,Adult,White,Unemployed,weekend,0,0,0,0,0,0,0,0,0,0
3317,UK,55-59,Adult,White,2,weekday,0,0,0,0,0,0,0,0,0,0
3318,UK,45-49,Adult,White,Unemployed,weekend,0,0,0,0,0,0,0,0,0,0
3319,UK,60-64,Adult,White,5,weekend,2,0,0,0,0,0,0,0,2,0
3320,UK,65-69,Adult,White,Retired,weekday,0,0,0,0,0,0,0,0,0,0
3321,UK,50-54,Adult,White,3,weekend,0,0,0,0,0,0,0,0,0,0
3322,UK,50-54,Adult,White,2,weekday,0,0,0,0,0,0,0,0,0,0
3323,UK,45-49,Adult,White,2,weekend,1,0,0,0,0,0,0,0,1,0
3324,UK,60-64,Adult,White,7,weekday,0,0,0,0,0,0,0,0,0,0
3325,UK,45-49,Adult,Black,3,weekday,4,0,0,0,0,0,0,0,4,0
3326,UK,50-54,Adult,White,6,weekend,0,0,0,0,0,0,0,0,0,0
3327,UK,60-64,Adult,White,Retired,weekday,0,0,0,0,0,0,0,0,0,0
3328,UK,45-49,Adult,Asian,Unemployed,weekday,0,0,0,0,0,0,0,0,0,0
3329,UK,50-54,Adult,White,2,weekday,0,0,0,0,0,0,0,0,0,0
3330,UK,50-54,Adult,White,3,weekend,0,0,0,0,0,0,0,0,0,0
3331,UK,50-54,Adult,White,2,weekday,0,0,0,0,0,0,0,0,0,0
3332,UK,70-74,Adult,White,Retired,weekday,0,0,0,0,0,0,0,0,0,0
3333,UK,65-69,Adult,White,Retired,weekday,0,0,0,0,0,0,0,0,0,0
3334,UK,55-59,Adult,White,Retired,weekday,0,0,0,0,0,0,0,0,0,0
3335,UK,50-54,Adult,White,2,weekday,0,0,0,0,0,0,0,0,0,0
3336,UK,65-69,Adult,White,3,weekend,0,0,0,0,0,0,0,0,0,0
3337,UK,45-49,Adult,White,1,weekend,0,0,0,0,0,0,0,0,0,0
3338,UK,55-59,Adult,White,1,weekend,4,0,0,0,0,0,0,1,3,0
3339,UK,55-59,Adult,White,6,weekday,0,0,0,0,0,0,0,0,0,0
3340,UK,70-74,Adult,White,Retired,weekend,0,0,0,0,0,0,0,0,0,0
3341,UK,55-59,Adult,White,4,weekday,0,0,0,0,0,0,0,0,0,0
3342,UK,50-54,Adult,White,3,weekday,0,0,0,0,0,0,0,0,0,0
3343,UK,70-74,Adult,White,Retired,weekday,0,0,0,0,0,0,0,0,0,0
3344,UK,55-59,Adult,White,2,weekday,0,0,0,0,0,0,0,0,0,0
3345,UK,45-49,Adult,White,Unemployed,weekday,0,0,0,0,0,0,0,0,0,0
3346,UK,45-49,Adult,White,6,weekend,0,0,0,0,0,0,0,0,0,0
3347,UK,55-59,Adult,White,2,weekend,5,0,0,0,0,0,0,0,5,0
3348,UK,55-59,Adult,White,2,weekday,6,0,0,0,0,0,0,0,6,0
3349,UK,55-59,Adult,White,Unemployed,weekend,0,0,0,0,0,0,0,0,0,0
3350,UK,55-59,Adult,White,6,weekend,0,0,0,0,0,0,0,0,0,0
3351,UK,75+,Adult,White,Retired,weekend,0,0,0,0,0,0,0,0,0,0
3352,UK,60-64,Adult,White,Retired,weekday,0,0,0,0,0,0,0,0,0,0
3353,UK,50-54,Adult,Black,2,weekday,0,0,0,0,0,0,0,0,0,0
3354,UK,60-64,Adult,White,7,weekend,0,0,0,0,0,0,0,0,0,0
3355,UK,55-59,Adult,White,3,weekday,0,0,0,0,0,0,0,0,0,0
3356,UK,45-49,Adult,White,Unemployed,weekday,0,0,0,0,0,0,0,0,0,0
3357,UK,45-49,Adult,White,2,weekend,0,0,0,0,0,0,0,0,0,0
3358,UK,50-54,Adult,White,2,weekend,0,0,0,0,0,0,0,0,0,0
3359,UK,60-64,Adult,White,Retired,weekend,0,0,0,0,0,0,0,0,0,0
3360,UK,55-59,Adult,White,2,weekend,0,0,0,0,0,0,0,0,0,0
3361,UK,45-49,Adult,White,7,weekday,1,0,0,0,0,0,0,0,1,0
3362,UK,55-59,Adult,White,3,weekday,0,0,0,0,0,0,0,0,0,0
3363,UK,45-49,Adult,White,2,weekend,0,0,0,0,0,0,0,0,0,0
3364,UK,55-59,Adult,White,Unemployed,weekend,0,0,0,0,0,0,0,0,0,0
3365,UK,60-64,Adult,White,7,weekday,0,0,0,0,0,0,0,0,0,0
3366,UK,45-49,Adult,White,1,weekday,1,0,0,0,0,0,0,0,1,0
3367,UK,50-54,Adult,White,6,weekday,0,0,0,0,0,0,0,0,0,0
3368,UK,75+,Adult,White,Retired,weekday,0,0,0,0,0,0,0,0,0,0
3369,UK,65-69,Adult,White,Unemployed,weekday,0,0,0,0,0,0,0,0,0,0
3370,UK,70-74,Adult,White,Retired,weekend,0,0,0,0,0,0,0,0,0,0
3371,UK,55-59,Adult,White,2,weekday,7,0,0,0,0,0,0,2,3,2
3372,UK,75+,Adult,White,Retired,weekday,0,0,0,0,0,0,0,0,0,0
3373,UK,55-59,Adult,White,Unemployed,weekday,0,0,0,0,0,0,0,0,0,0
3374,UK,70-74,Adult,White,Retired,weekday,2,0,0,0,0,0,0,0,2,0
3375,UK,55-59,Adult,White,2,weekend,0,0,0,0,0,0,0,0,0,0
3376,UK,60-64,Adult,White,Unemployed,weekend,0,0,0,0,0,0,0,0,0,0
3377,UK,75+,Adult,White,6,weekday,1,0,0,0,0,0,0,0,0,1
3378,UK,55-59,Adult,White,2,weekend,0,0,0,0,0,0,0,0,0,0
3379,UK,60-64,Adult,White,Unemployed,weekend,0,0,0,0,0,0,0,0,0,0
3380,UK,60-64,Adult,White,2,weekday,0,0,0,0,0,0,0,0,0,0
3381,UK,55-59,Adult,White,Unemployed,weekend,0,0,0,0,0,0,0,0,0,0
3382,UK,60-64,Adult,White,6,weekend,2,0,0,0,0,0,0,1,1,0
3383,UK,65-69,Adult,White,Retired,weekday,1,0,0,0,0,0,0,0,1,0
3384,UK,65-69,Adult,White,Retired,weekday,0,0,0,0,0,0,0,0,0,0
3385,UK,55-59,Adult,White,Retired,weekday,0,0,0,0,0,0,0,0,0,0
3386,UK,55-59,Adult,White,3,weekday,0,0,0,0,0,0,0,0,0,0
3387,UK,55-59,Adult,White,7,weekday,0,0,0,0,0,0,0,0,0,0
3388,UK,55-59,Adult,White,Unemployed,weekend,0,0,0,0,0,0,0,0,0,0
3389,UK,60-64,Adult,White,Unknown,weekday,0,0,0,0,0,0,0,0,0,0
3390,UK,60-64,Adult,White,7,weekend,0,0,0,0,0,0,0,0,0,0
3391,UK,60-64,Adult,White,2,weekday,0,0,0,0,0,0,0,0,0,0
3392,UK,55-59,Adult,White,4,weekend,1,0,0,0,0,0,0,1,0,0
3393,UK,60-64,Adult,White,6,weekday,10,0,2,8,0,0,0,0,0,0
3394,UK,65-69,Adult,White,Retired,weekend,3,0,0,0,0,0,0,0,2,1
3395,UK,60-64,Adult,White,Retired,weekend,0,0,0,0,0,0,0,0,0,0
3396,UK,70-74,Adult,White,Retired,weekend,0,0,0,0,0,0,0,0,0,0
3397,UK,55-59,Adult,Asian,1,weekday,0,0,0,0,0,0,0,0,0,0
3398,UK,55-59,Adult,White,2,weekend,0,0,0,0,0,0,0,0,0,0
3399,UK,65-69,Adult,White,Retired,weekend,0,0,0,0,0,0,0,0,0,0
3400,UK,20-24,Adult,Asian,1,weekday,0,0,0,0,0,0,0,0,0,0
3401,UK,55-59,Adult,White,3,weekday,0,0,0,0,0,0,0,0,0,0
3402,UK,40-44,Adult,White,6,weekday,2,0,0,0,0,0,0,1,1,0
3403,UK,35-39,Adult,Black,2,weekday,0,0,0,0,0,0,0,0,0,0
3404,UK,55-59,Adult,White,6,weekend,0,0,0,0,0,0,0,0,0,0
3405,UK,35-39,Adult,White,2,weekday,0,0,0,0,0,0,0,0,0,0
3406,UK,25-29,Adult,Black,7,weekday,7,0,0,0,0,0,0,0,7,0
3407,UK,40-44,Adult,White,2,weekend,0,0,0,0,0,0,0,0,0,0
3408,UK,40-44,Adult,White,3,weekend,0,0,0,0,0,0,0,0,0,0
3409,UK,40-44,Adult,Asian,2,weekday,0,0,0,0,0,0,0,0,0,0
3410,UK,25-29,Adult,White,2,weekday,0,0,0,0,0,0,0,0,0,0
3411,UK,15-19,Adult,White,6,weekday,0,0,0,0,0,0,0,0,0,0
3412,UK,30-34,Adult,Mixed,1,weekday,0,0,0,0,0,0,0,0,0,0
3413,UK,35-39,Adult,White,1,weekday,0,0,0,0,0,0,0,0,0,0
3414,UK,15-19,Adult,White,7,weekday,10,0,0,0,0,0,0,0,10,0
3415,UK,15-19,Adult,Black,Student,weekend,0,0,0,0,0,0,0,0,0,0
3416,UK,35-39,Adult,White,2,weekend,0,0,0,0,0,0,0,0,0,0
3417,UK,40-44,Adult,White,3,weekend,5,0,0,0,0,0,0,3,2,0
3418,UK,35-39,Adult,White,2,weekday,3,0,0,0,0,0,0,3,0,0
3419,UK,40-44,Adult,White,5,weekday,8,0,0,0,0,0,0,0,6,2
3420,UK,45-49,Adult,Asian,4,weekday,4,0,0,0,0,0,0,2,2,0
3421,UK,50-54,Adult,White,2,weekend,4,0,0,0,0,0,0,0,2,2
3422,UK,40-44,Adult,White,1,weekday,0,0,0,0,0,0,0,0,0,0
3423,UK,25-29,Adult,White,2,weekday,3,0,0,0,0,0,0,0,2,1
3424,UK,55-59,Adult,White,6,weekend,0,0,0,0,0,0,0,0,0,0
3425,UK,45-49,Adult,White,1,weekday,8,0,0,0,0,0,0,3,5,0
3426,UK,20-24,Adult,White,2,weekend,0,0,0,0,0,0,0,0,0,0
3427,UK,35-39,Adult,White,1,weekend,0,0,0,0,0,0,0,0,0,0
3428,UK,40-44,Adult,White,6,weekend,0,0,0,0,0,0,0,0,0,0
3429,UK,35-39,Adult,White,Unknown,weekend,0,0,0,0,0,0,0,0,0,0
3430,UK,50-54,Adult,White,4,weekend,0,0,0,0,0,0,0,0,0,0
3431,UK,40-44,Adult,White,7,weekday,10,0,5,0,0,0,0,0,5,0
3432,UK,30-34,Adult,White,2,weekday,1,0,0,0,0,0,0,1,0,0
3433,UK,40-44,Adult,Asian,Unemployed,weekday,0,0,0,0,0,0,0,0,0,0
3434,UK,30-34,Adult,Asian,Unemployed,weekday,15,0,0,0,0,0,0,5,7,3
3435,UK,40-44,Adult,White,1,weekend,0,0,0,0,0,0,0,0,0,0
3436,UK,35-39,Adult,Black,2,weekday,17,0,0,0,0,0,0,8,4,5
3437,UK,20-24,Adult,Asian,Student,weekday,0,0,0,0,0,0,0,0,0,0
3438,UK,40-44,Adult,White,3,weekday,0,0,0,0,0,0,0,0,0,0
3439,UK,30-34,Adult,Asian,Unemployed,weekend,0,0,0,0,0,0,0,0,0,0
3440,UK,65-69,Adult,White,Retired,weekend,2,0,0,0,0,0,0,2,0,0
3441,UK,20-24,Adult,White,Unemployed,weekday,0,0,0,0,0,0,0,0,0,0
3442,UK,40-44,Adult,White,7,weekend,0,0,0,0,0,0,0,0,0,0
3443,UK,15-19,Adult,White,Student,weekday,0,0,0,0,0,0,0,0,0,0
3444,UK,35-39,Adult,White,1,weekday,5,0,0,0,0,0,0,1,4,0
3445,UK,20-24,Adult,White,6,weekend,7,0,0,0,0,0,0,0,7,0
3446,UK,30-34,Adult,White,4,weekend,0,0,0,0,0,0,0,0,0,0
3447,UK,40-44,Adult,Black,2,weekday,0,0,0,0,0,0,0,0,0,0
3448,UK,25-29,Adult,Mixed,1,weekend,0,0,0,0,0,0,0,0,0,0
3449,UK,20-24,Adult,Asian,1,weekend,0,0,0,0,0,0,0,0,0,0
3450,UK,20-24,Adult,Asian,Student,weekday,5,0,0,0,0,0,0,0,5,0
3451,UK,70-74,Adult,White,Retired,weekend,0,0,0,0,0,0,0,0,0,0
3452,UK,30-34,Adult,White,1,weekend,0,0,0,0,0,0,0,0,0,0
3453,UK,45-49,Adult,White,4,weekday,0,0,0,0,0,0,0,0,0,0
3454,UK,25-29,Adult,Asian,Student,weekend,0,0,0,0,0,0,0,0,0,0
3455,UK,45-49,Adult,White,1,weekend,0,0,0,0,0,0,0,0,0,0
3456,UK,25-29,Adult,Black,1,weekday,0,0,0,0,0,0,0,0,0,0
3457,UK,30-34,Adult,White,2,weekday,24,0,0,0,0,0,0,4,10,10
3458,UK,35-39,Adult,White,2,weekend,0,0,0,0,0,0,0,0,0,0
3459,UK,20-24,Adult,White,2,weekend,0,0,0,0,0,0,0,0,0,0
3460,UK,15-19,Adult,White,1,weekday,5,0,0,0,0,0,0,0,5,0
3461,UK,30-34,Adult,Black,7,weekend,4,0,0,0,0,0,0,2,2,0
3462,UK,40-44,Adult,White,3,weekend,0,0,0,0,0,0,0,0,0,0
3463,UK,20-24,Adult,White,1,weekday,0,0,0,0,0,0,0,0,0,0
3464,UK,35-39,Adult,White,2,weekend,0,0,0,0,0,0,0,0,0,0
3465,UK,55-59,Adult,White,1,weekday,0,0,0,0,0,0,0,0,0,0
3466,UK,45-49,Adult,White,5,weekday,0,0,0,0,0,0,0,0,0,0
3467,UK,35-39,Adult,White,2,weekday,1,0,0,0,0,0,0,0,1,0
3468,UK,60-64,Adult,White,2,weekend,0,0,0,0,0,0,0,0,0,0
3469,UK,20-24,Adult,White,3,weekend,0,0,0,0,0,0,0,0,0,0
3470,UK,60-64,Adult,White,4,weekday,0,0,0,0,0,0,0,0,0,0
3471,UK,20-24,Adult,White,5,weekday,0,0,0,0,0,0,0,0,0,0
3472,UK,40-44,Adult,White,5,weekend,100,0,0,0,0,0,0,0,100,0
3473,UK,30-34,Adult,White,1,weekend,0,0,0,0,0,0,0,0,0,0
3474,UK,45-49,Adult,Asian,Unknown,weekday,1,0,0,0,0,0,0,0,1,0
3475,UK,15-19,Adult,White,5,weekday,0,0,0,0,0,0,0,0,0,0
3476,UK,40-44,Adult,White,3,weekday,0,0,0,0,0,0,0,0,0,0
3477,UK,30-34,Adult,White,2,weekday,0,0,0,0,0,0,0,0,0,0
3478,UK,30-34,Adult,Black,1,weekday,0,0,0,0,0,0,0,0,0,0
3479,UK,15-19,Adult,Asian,Student,weekday,2,0,0,0,0,0,0,0,2,0
3480,UK,25-29,Adult,White,1,weekday,0,0,0,0,0,0,0,0,0,0
3481,UK,40-44,Adult,White,1,weekday,0,0,0,0,0,0,0,0,0,0
3482,UK,20-24,Adult,Asian,4,weekend,1,0,0,0,0,0,0,0,1,0
3483,UK,40-44,Adult,White,Unemployed,weekend,5,0,0,0,0,0,0,0,4,1
3484,UK,45-49,Adult,White,4,weekend,75,0,0,0,0,0,0,30,25,20
3485,UK,30-34,Adult,Asian,6,weekday,0,0,0,0,0,0,0,0,0,0
3486,UK,30-34,Adult,White,7,weekday,0,0,0,0,0,0,0,0,0,0
3487,UK,30-34,Adult,White,1,weekend,0,0,0,0,0,0,0,0,0,0
3488,UK,20-24,Adult,White,6,weekday,0,0,0,0,0,0,0,0,0,0
3489,UK,60-64,Adult,White,6,weekday,0,0,0,0,0,0,0,0,0,0
3490,UK,45-49,Adult,White,3,weekday,0,0,0,0,0,0,0,0,0,0
3491,UK,35-39,Adult,Asian,Unemployed,weekend,3,0,0,0,0,0,0,1,2,0
3492,UK,30-34,Adult,White,6,weekday,2,0,0,0,0,0,0,0,2,0
3493,UK,50-54,Adult,White,2,weekday,0,0,0,0,0,0,0,0,0,0
3494,UK,20-24,Adult,Asian,3,weekday,4,0,0,0,0,0,0,0,4,0
3495,UK,30-34,Adult,White,2,weekend,0,0,0,0,0,0,0,0,0,0
3496,UK,50-54,Adult,White,Unknown,weekend,0,0,0,0,0,0,0,0,0,0
3497,UK,30-34,Adult,White,3,weekday,0,0,0,0,0,0,0,0,0,0
3498,UK,65-69,Adult,White,1,weekday,0,0,0,0,0,0,0,0,0,0
3499,UK,50-54,Adult,White,4,weekend,0,0,0,0,0,0,0,0,0,0
3500,UK,20-24,Adult,Black,Unknown,weekday,0,0,0,0,0,0,0,0,0,0
3501,UK,55-59,Adult,White,1,weekday,0,0,0,0,0,0,0,0,0,0
3502,UK,25-29,Adult,Other,1,weekend,3,0,0,0,0,0,0,1,2,0
3503,UK,60-64,Adult,White,Unemployed,weekend,0,0,0,0,0,0,0,0,0,0
3504,UK,40-44,Adult,Asian,2,weekday,0,0,0,0,0,0,0,0,0,0
3505,UK,30-34,Adult,White,6,weekend,0,0,0,0,0,0,0,0,0,0
3506,UK,30-34,Adult,White,3,weekday,0,0,0,0,0,0,0,0,0,0
3507,UK,35-39,Adult,White,5,weekday,6,0,0,0,0,0,0,5,1,0
3508,UK,35-39,Adult,White,4,weekend,0,0,0,0,0,0,0,0,0,0
3509,UK,15-19,Adult,White,2,weekend,0,0,0,0,0,0,0,0,0,0
3510,UK,30-34,Adult,White,Unemployed,weekend,2,0,0,0,0,0,0,0,2,0
3511,UK,30-34,Adult,White,2,weekend,77,0,0,0,0,0,0,15,50,12
3512,UK,35-39,Adult,White,1,weekday,0,0,0,0,0,0,0,0,0,0
3513,UK,35-39,Adult,White,6,weekday,3,0,0,0,0,0,0,0,3,0
3514,UK,40-44,Adult,White,1,weekend,0,0,0,0,0,0,0,0,0,0
3515,UK,20-24,Adult,White,Student,weekend,0,0,0,0,0,0,0,0,0,0
3516,UK,40-44,Adult,White,7,weekend,6,0,0,0,0,0,0,0,6,0
3517,UK,20-24,Adult,Black,1,weekday,2,0,0,0,0,0,0,0,2,0
3518,UK,30-34,Adult,Mixed,2,weekday,0,0,0,0,0,0,0,0,0,0
3519,UK,55-59,Adult,White,2,weekday,0,0,0,0,0,0,0,0,0,0
3520,UK,20-24,Adult,Black,7,weekday,0,0,0,0,0,0,0,0,0,0
3521,UK,25-29,Adult,White,7,weekend,4,0,0,0,0,0,0,1,3,0
3522,UK,30-34,Adult,White,1,weekday,0,0,0,0,0,0,0,0,0,0
3523,UK,40-44,Adult,White,3,weekday,0,0,0,0,0,0,0,0,0,0
3524,UK,20-24,Adult,Black,1,weekday,69,0,0,0,0,0,0,14,55,0
3525,UK,35-39,Adult,White,3,weekday,12,0,0,0,0,0,0,10,2,0
3526,UK,30-34,Adult,White,1,weekday,0,0,0,0,0,0,0,0,0,0
3527,UK,40-44,Adult,White,1,weekday,2,0,0,0,0,0,0,0,2,0
3528,UK,30-34,Adult,Black,3,weekend,0,0,0,0,0,0,0,0,0,0
3529,UK,30-34,Adult,Mixed,4,weekday,9,0,0,0,0,0,0,0,4,5
3530,UK,35-39,Adult,White,2,weekday,0,0,0,0,0,0,0,0,0,0
3531,UK,20-24,Adult,Asian,3,weekday,0,0,0,0,0,0,0,0,0,0
3532,UK,20-24,Adult,White,6,weekend,10,0,0,0,0,0,0,0,8,2
3533,UK,30-34,Adult,Black,1,weekend,0,0,0,0,0,0,0,0,0,0
3534,UK,30-34,Adult,Asian,1,weekday,0,0,0,0,0,0,0,0,0,0
3535,UK,15-19,Adult,White,7,weekday,0,0,0,0,0,0,0,0,0,0
3536,UK,15-19,Adult,Asian,Student,weekday,0,0,0,0,0,0,0,0,0,0
3537,UK,20-24,Adult,White,3,weekday,0,0,0,0,0,0,0,0,0,0
3538,UK,30-34,Adult,Black,Unemployed,weekend,0,0,0,0,0,0,0,0,0,0
3539,UK,25-29,Adult,Black,3,weekday,0,0,0,0,0,0,0,0,0,0
3540,UK,35-39,Adult,White,Unemployed,weekday,0,0,0,0,0,0,0,0,0,0
3541,UK,35-39,Adult,White,2,weekday,0,0,0,0,0,0,0,0,0,0
3542,UK,30-34,Adult,White,1,weekday,0,0,0,0,0,0,0,0,0,0
3543,UK,35-39,Adult,White,2,weekend,0,0,0,0,0,0,0,0,0,0
3544,UK,50-54,Adult,White,3,weekday,3,0,0,0,0,0,0,0,3,0
3545,UK,35-39,Adult,White,2,weekday,6,0,0,0,0,0,0,2,2,2
3546,UK,20-24,Adult,Asian,1,weekday,0,0,0,0,0,0,0,0,0,0
3547,UK,50-54,Adult,White,Unemployed,weekend,0,0,0,0,0,0,0,0,0,0
3548,UK,60-64,Adult,White,2,weekday,0,0,0,0,0,0,0,0,0,0
3549,UK,35-39,Adult,Black,2,weekday,59,0,20,2,15,7,0,0,15,0
3550,UK,35-39,Adult,White,Unemployed,weekday,0,0,0,0,0,0,0,0,0,0
3551,UK,30-34,Adult,White,6,weekend,0,0,0,0,0,0,0,0,0,0
3552,UK,40-44,Adult,White,Unemployed,weekend,0,0,0,0,0,0,0,0,0,0
3553,UK,50-54,Adult,White,Retired,weekday,5,0,0,0,0,0,0,1,4,0
3554,UK,25-29,Adult,White,3,weekend,205,5,100,100,0,0,0,0,0,0
3555,UK,20-24,Adult,White,Unemployed,weekend,0,0,0,0,0,0,0,0,0,0
3556,UK,25-29,Adult,Asian,2,weekend,0,0,0,0,0,0,0,0,0,0
3557,UK,30-34,Adult,Asian,6,weekday,44,0,0,0,0,19,3,0,19,3
3558,UK,35-39,Adult,White,7,weekend,0,0,0,0,0,0,0,0,0,0
3559,UK,20-24,Adult,Asian,1,weekday,0,0,0,0,0,0,0,0,0,0
3560,UK,30-34,Adult,White,1,weekday,1,0,0,0,0,0,0,0,1,0
3561,UK,45-49,Adult,White,1,weekday,17,0,0,0,0,0,0,5,10,2
3562,UK,30-34,Adult,White,7,weekday,7,0,0,0,3,2,0,0,2,0
3563,UK,45-49,Adult,White,3,weekend,0,0,0,0,0,0,0,0,0,0
3564,UK,40-44,Adult,Mixed,2,weekday,0,0,0,0,0,0,0,0,0,0
3565,UK,30-34,Adult,Black,Unemployed,weekend,2,0,0,0,0,0,0,2,0,0
3566,UK,30-34,Adult,White,1,weekend,2,0,0,0,0,0,0,1,1,0
3567,UK,15-19,Adult,White,4,weekday,6,0,0,0,0,0,0,4,2,0
3568,UK,25-29,Adult,Black,1,weekend,0,0,0,0,0,0,0,0,0,0
3569,UK,30-34,Adult,White,5,weekday,0,0,0,0,0,0,0,0,0,0
3570,UK,30-34,Adult,Black,6,weekday,2,0,0,0,0,0,0,0,2,0
3571,UK,25-29,Adult,Asian,6,weekend,25,0,0,0,0,0,0,0,25,0
3572,UK,20-24,Adult,White,6,weekend,0,0,0,0,0,0,0,0,0,0
3573,UK,25-29,Adult,White,Unknown,weekend,0,0,0,0,0,0,0,0,0,0
3574,UK,40-44,Adult,White,2,weekday,0,0,0,0,0,0,0,0,0,0
3575,UK,15-19,Adult,White,3,weekend,1,0,0,0,0,0,0,0,1,0
3576,UK,20-24,Adult,White,2,weekend,0,0,0,0,0,0,0,0,0,0
3577,UK,30-34,Adult,Black,2,weekday,3,0,0,0,0,0,0,1,2,0
3578,UK,25-29,Adult,Black,1,weekend,3,0,0,0,0,0,0,1,1,1
3579,UK,40-44,Adult,Black,Unemployed,weekday,0,0,0,0,0,0,0,0,0,0
3580,UK,20-24,Adult,White,Unemployed,weekend,0,0,0,0,0,0,0,0,0,0
3581,UK,25-29,Adult,Asian,6,weekend,0,0,0,0,0,0,0,0,0,0
3582,UK,30-34,Adult,White,1,weekday,0,0,0,0,0,0,0,0,0,0
3583,UK,25-29,Adult,Black,1,weekend,0,0,0,0,0,0,0,0,0,0
3584,UK,50-54,Adult,White,2,weekend,0,0,0,0,0,0,0,0,0,0
3585,UK,45-49,Adult,White,2,weekend,0,0,0,0,0,0,0,0,0,0
3586,UK,25-29,Adult,White,6,weekday,4,0,0,0,0,0,0,2,1,1
3587,UK,35-39,Adult,White,Unemployed,weekday,0,0,0,0,0,0,0,0,0,0
3588,UK,60-64,Adult,White,3,weekend,0,0,0,0,0,0,0,0,0,0
3589,UK,40-44,Adult,White,1,weekday,0,0,0,0,0,0,0,0,0,0
3590,UK,25-29,Adult,White,2,weekend,0,0,0,0,0,0,0,0,0,0
3591,UK,45-49,Adult,White,Unknown,weekend,0,0,0,0,0,0,0,0,0,0
3592,UK,20-24,Adult,Black,7,weekday,0,0,0,0,0,0,0,0,0,0
3593,UK,70-74,Adult,White,Retired,weekend,0,0,0,0,0,0,0,0,0,0
3594,UK,20-24,Adult,White,2,weekend,0,0,0,0,0,0,0,0,0,0
3595,UK,40-44,Adult,White,1,weekday,0,0,0,0,0,0,0,0,0,0
3596,UK,40-44,Adult,White,5,weekday,1,0,0,0,0,0,0,0,1,0
3597,UK,25-29,Adult,Black,2,weekend,0,0,0,0,0,0,0,0,0,0
3598,UK,20-24,Adult,White,4,weekday,8,0,0,0,0,0,0,3,3,2
3599,UK,30-34,Adult,Black,2,weekday,3,0,0,0,0,0,0,0,2,1
3600,UK,25-29,Adult,Mixed,3,weekday,2,0,0,0,0,0,0,0,2,0
3601,UK,25-29,Adult,White,2,weekday,0,0,0,0,0,0,0,0,0,0
3602,UK,30-34,Adult,Prefer not to say,3,weekend,0,0,0,0,0,0,0,0,0,0
3603,UK,30-34,Adult,White,1,weekday,6,0,0,0,0,0,0,3,3,0
3604,UK,40-44,Adult,Black,Unemployed,weekend,0,0,0,0,0,0,0,0,0,0
3605,UK,35-39,Adult,White,5,weekday,0,0,0,0,0,0,0,0,0,0
3606,UK,30-34,Adult,Asian,6,weekend,3,0,0,0,0,0,0,1,2,0
3607,UK,30-34,Adult,White,Unknown,weekend,0,0,0,0,0,0,0,0,0,0
3608,UK,45-49,Adult,Asian,1,weekday,0,0,0,0,0,0,0,0,0,0
3609,UK,25-29,Adult,Asian,1,weekday,0,0,0,0,0,0,0,0,0,0
3610,UK,30-34,Adult,Mixed,2,weekday,5,0,0,0,0,0,0,0,5,0
3611,UK,25-29,Adult,White,1,weekend,0,0,0,0,0,0,0,0,0,0
3612,UK,50-54,Adult,White,2,weekend,0,0,0,0,0,0,0,0,0,0
3613,UK,30-34,Adult,Black,3,weekend,16,0,0,0,0,0,0,5,7,4
3614,UK,25-29,Adult,Black,Unemployed,weekday,0,0,0,0,0,0,0,0,0,0
3615,UK,40-44,Adult,Mixed,1,weekend,11,0,0,0,0,0,0,4,7,0
3616,UK,30-34,Adult,White,4,weekend,0,0,0,0,0,0,0,0,0,0
3617,UK,35-39,Adult,White,Unemployed,weekday,0,0,0,0,0,0,0,0,0,0
3618,UK,35-39,Adult,Mixed,2,weekend,1,0,0,0,0,0,0,0,1,0
3619,UK,30-34,Adult,White,Unknown,weekend,3,0,0,0,0,0,0,1,2,0
3620,UK,60-64,Adult,White,Unemployed,weekend,0,0,0,0,0,0,0,0,0,0
3621,UK,40-44,Adult,White,2,weekend,0,0,0,0,0,0,0,0,0,0
3622,UK,45-49,Adult,White,6,weekday,0,0,0,0,0,0,0,0,0,0
3623,UK,25-29,Adult,Black,1,weekday,41,3,10,4,0,0,0,7,11,6
3624,UK,20-24,Adult,White,5,weekday,5,0,0,0,0,0,0,3,0,2
3625,UK,30-34,Adult,White,Retired,weekday,0,0,0,0,0,0,0,0,0,0
3626,UK,25-29,Adult,White,4,weekend,2,0,0,0,0,0,0,1,1,0
3627,UK,35-39,Adult,Asian,Unemployed,weekend,1,0,0,0,0,0,0,1,0,0
3628,UK,25-29,Adult,Black,3,weekend,0,0,0,0,0,0,0,0,0,0
3629,UK,40-44,Adult,White,2,weekday,0,0,0,0,0,0,0,0,0,0
3630,UK,30-34,Adult,White,2,weekday,0,0,0,0,0,0,0,0,0,0
3631,UK,30-34,Adult,Asian,2,weekday,0,0,0,0,0,0,0,0,0,0
3632,UK,60-64,Adult,White,7,weekend,0,0,0,0,0,0,0,0,0,0
3633,UK,40-44,Adult,Black,2,weekday,3,0,0,0,0,0,0,2,1,0
3634,UK,30-34,Adult,White,1,weekday,13,0,0,0,0,0,0,0,10,3
3635,UK,30-34,Adult,Black,3,weekday,0,0,0,0,0,0,0,0,0,0
3636,UK,40-44,Adult,White,7,weekday,0,0,0,0,0,0,0,0,0,0
3637,UK,30-34,Adult,White,3,weekday,0,0,0,0,0,0,0,0,0,0
3638,UK,30-34,Adult,White,2,weekday,1,0,0,0,0,0,0,1,0,0
3639,UK,35-39,Adult,Asian,2,weekday,0,0,0,0,0,0,0,0,0,0
3640,UK,25-29,Adult,Asian,Unemployed,weekday,0,0,0,0,0,0,0,0,0,0
3641,UK,30-34,Adult,White,7,weekday,10,0,0,0,0,0,0,0,1,9
3642,UK,30-34,Adult,White,2,weekday,0,0,0,0,0,0,0,0,0,0
3643,UK,30-34,Adult,White,1,weekend,117,0,50,30,0,0,0,5,30,2
3644,UK,20-24,Adult,White,1,weekday,0,0,0,0,0,0,0,0,0,0
3645,UK,45-49,Adult,White,2,weekend,0,0,0,0,0,0,0,0,0,0
3646,UK,25-29,Adult,White,2,weekday,6,0,0,0,0,0,0,2,4,0
3647,UK,40-44,Adult,White,Unemployed,weekend,0,0,0,0,0,0,0,0,0,0
3648,UK,45-49,Adult,White,1,weekend,20,0,0,0,0,0,0,0,15,5
3649,UK,40-44,Adult,White,1,weekend,0,0,0,0,0,0,0,0,0,0
3650,UK,60-64,Adult,White,3,weekday,0,0,0,0,0,0,0,0,0,0
3651,UK,50-54,Adult,White,Unemployed,weekend,0,0,0,0,0,0,0,0,0,0
3652,UK,40-44,Adult,Black,2,weekday,0,0,0,0,0,0,0,0,0,0
3653,UK,60-64,Adult,White,2,weekend,0,0,0,0,0,0,0,0,0,0
3654,UK,35-39,Adult,White,2,weekday,3,0,2,0,0,0,0,0,1,0
3655,UK,35-39,Adult,White,1,weekend,0,0,0,0,0,0,0,0,0,0
3656,UK,40-44,Adult,White,Unknown,weekend,0,0,0,0,0,0,0,0,0,0
3657,UK,40-44,Adult,White,1,weekend,0,0,0,0,0,0,0,0,0,0
3658,UK,35-39,Adult,White,Unemployed,weekday,1,0,0,0,0,0,0,0,1,0
3659,UK,40-44,Adult,White,3,weekend,0,0,0,0,0,0,0,0,0,0
3660,UK,35-39,Adult,White,Unemployed,weekday,0,0,0,0,0,0,0,0,0,0
3661,UK,35-39,Adult,White,Unknown,weekday,0,0,0,0,0,0,0,0,0,0
3662,UK,40-44,Adult,Black,2,weekday,0,0,0,0,0,0,0,0,0,0
3663,UK,50-54,Adult,White,Student,weekday,0,0,0,0,0,0,0,0,0,0
3664,UK,45-49,Adult,Asian,4,weekday,0,0,0,0,0,0,0,0,0,0
3665,UK,50-54,Adult,White,3,weekday,2,0,0,0,0,0,0,1,1,0
3666,UK,40-44,Adult,White,Unemployed,weekday,0,0,0,0,0,0,0,0,0,0
3667,UK,70-74,Adult,White,Retired,weekend,0,0,0,0,0,0,0,0,0,0
3668,UK,35-39,Adult,White,5,weekday,3,0,0,0,0,0,0,3,0,0
3669,UK,35-39,Adult,Asian,2,weekday,0,0,0,0,0,0,0,0,0,0
3670,UK,35-39,Adult,White,2,weekday,4,0,0,0,0,0,0,0,4,0
3671,UK,35-39,Adult,White,Unemployed,weekend,0,0,0,0,0,0,0,0,0,0
3672,UK,50-54,Adult,White,4,weekend,40,0,0,0,0,0,0,0,40,0
3673,UK,35-39,Adult,White,3,weekend,4,0,0,0,0,0,0,2,2,0
3674,UK,55-59,Adult,White,Unknown,weekday,0,0,0,0,0,0,0,0,0,0
3675,UK,50-54,Adult,White,Unemployed,weekday,0,0,0,0,0,0,0,0,0,0
3676,UK,60-64,Adult,White,Retired,weekend,1,0,0,0,0,0,0,0,1,0
3677,UK,60-64,Adult,White,3,weekend,0,0,0,0,0,0,0,0,0,0
3678,UK,55-59,Adult,White,1,weekday,0,0,0,0,0,0,0,0,0,0
3679,UK,45-49,Adult,White,1,weekend,0,0,0,0,0,0,0,0,0,0
3680,UK,70-74,Adult,White,Retired,weekend,0,0,0,0,0,0,0,0,0,0
3681,UK,45-49,Adult,White,Unemployed,weekend,0,0,0,0,0,0,0,0,0,0
3682,UK,45-49,Adult,Asian,Unemployed,weekend,0,0,0,0,0,0,0,0,0,0
3683,UK,65-69,Adult,White,Retired,weekday,0,0,0,0,0,0,0,0,0,0
3684,UK,55-59,Adult,White,Unemployed,weekend,0,0,0,0,0,0,0,0,0,0
3685,UK,45-49,Adult,Asian,1,weekend,0,0,0,0,0,0,0,0,0,0
3686,UK,50-54,Adult,White,7,weekend,0,0,0,0,0,0,0,0,0,0
3687,UK,45-49,Adult,White,2,weekday,0,0,0,0,0,0,0,0,0,0
3688,UK,50-54,Adult,Asian,1,weekday,4,0,0,0,0,0,0,1,2,1
3689,UK,55-59,Adult,White,Unemployed,weekday,0,0,0,0,0,0,0,0,0,0
3690,UK,65-69,Adult,White,Unknown,weekend,0,0,0,0,0,0,0,0,0,0
3691,UK,45-49,Adult,Asian,4,weekday,0,0,0,0,0,0,0,0,0,0
3692,UK,60-64,Adult,White,5,weekday,0,0,0,0,0,0,0,0,0,0
3693,UK,45-49,Adult,White,2,weekday,0,0,0,0,0,0,0,0,0,0
3694,UK,70-74,Adult,White,Retired,weekday,0,0,0,0,0,0,0,0,0,0
3695,UK,50-54,Adult,White,Unemployed,weekend,0,0,0,0,0,0,0,0,0,0
3696,UK,60-64,Adult,White,Unknown,weekend,0,0,0,0,0,0,0,0,0,0
3697,UK,65-69,Adult,White,Retired,weekend,0,0,0,0,0,0,0,0,0,0
3698,UK,65-69,Adult,White,Retired,weekend,1,0,0,0,0,0,0,0,1,0
3699,UK,60-64,Adult,White,4,weekend,0,0,0,0,0,0,0,0,0,0
3700,UK,50-54,Adult,White,3,weekday,0,0,0,0,0,0,0,0,0,0
3701,UK,60-64,Adult,White,1,weekend,0,0,0,0,0,0,0,0,0,0
3702,UK,50-54,Adult,Asian,1,weekday,0,0,0,0,0,0,0,0,0,0
3703,UK,70-74,Adult,White,Retired,weekday,0,0,0,0,0,0,0,0,0,0
3704,UK,60-64,Adult,White,3,weekend,1,0,0,0,0,0,0,0,0,1
3705,UK,55-59,Adult,White,1,weekend,0,0,0,0,0,0,0,0,0,0
3706,UK,50-54,Adult,White,Retired,weekday,0,0,0,0,0,0,0,0,0,0
3707,UK,45-49,Adult,White,7,weekday,2,0,0,0,0,0,0,1,1,0
3708,UK,60-64,Adult,White,4,weekend,0,0,0,0,0,0,0,0,0,0
3709,UK,50-54,Adult,White,2,weekend,50,0,0,0,0,0,0,0,50,0
3710,UK,50-54,Adult,White,2,weekday,3,0,0,0,0,0,0,0,3,0
3711,UK,65-69,Adult,White,Retired,weekend,0,0,0,0,0,0,0,0,0,0
3712,UK,65-69,Adult,White,Retired,weekday,2,0,0,0,0,0,0,0,0,2
3713,UK,45-49,Adult,White,3,weekday,0,0,0,0,0,0,0,0,0,0
3714,UK,50-54,Adult,White,Unemployed,weekday,0,0,0,0,0,0,0,0,0,0
3715,UK,60-64,Adult,White,Unknown,weekend,0,0,0,0,0,0,0,0,0,0
3716,UK,65-69,Adult,White,Retired,weekend,0,0,0,0,0,0,0,0,0,0
3717,UK,50-54,Adult,White,Unemployed,weekday,0,0,0,0,0,0,0,0,0,0
3718,UK,50-54,Adult,Asian,1,weekday,3,0,0,0,0,0,0,1,2,0
3719,UK,50-54,Adult,White,7,weekday,9,0,0,0,0,0,0,9,0,0
3720,UK,70-74,Adult,White,Retired,weekday,13,0,0,0,0,0,0,2,11,0
3721,UK,45-49,Adult,White,1,weekday,0,0,0,0,0,0,0,0,0,0
3722,UK,50-54,Adult,White,Unemployed,weekday,0,0,0,0,0,0,0,0,0,0
3723,UK,45-49,Adult,White,7,weekend,0,0,0,0,0,0,0,0,0,0
3724,UK,65-69,Adult,White,1,weekday,0,0,0,0,0,0,0,0,0,0
3725,UK,60-64,Adult,White,3,weekend,0,0,0,0,0,0,0,0,0,0
3726,UK,55-59,Adult,White,Retired,weekday,0,0,0,0,0,0,0,0,0,0
3727,UK,60-64,Adult,White,1,weekend,0,0,0,0,0,0,0,0,0,0
3728,UK,55-59,Adult,White,1,weekend,0,0,0,0,0,0,0,0,0,0
3729,UK,50-54,Adult,White,1,weekday,0,0,0,0,0,0,0,0,0,0
3730,UK,75+,Adult,White,Retired,weekday,0,0,0,0,0,0,0,0,0,0
3731,UK,45-49,Adult,White,2,weekend,0,0,0,0,0,0,0,0,0,0
3732,UK,50-54,Adult,White,4,weekend,0,0,0,0,0,0,0,0,0,0
3733,UK,45-49,Adult,White,2,weekend,0,0,0,0,0,0,0,0,0,0
3734,UK,75+,Adult,White,Retired,weekend,0,0,0,0,0,0,0,0,0,0
3735,UK,55-59,Adult,White,3,weekend,0,0,0,0,0,0,0,0,0,0
3736,UK,60-64,Adult,White,3,weekend,0,0,0,0,0,0,0,0,0,0
3737,UK,60-64,Adult,White,Unknown,weekend,0,0,0,0,0,0,0,0,0,0
3738,UK,70-74,Adult,White,Retired,weekday,0,0,0,0,0,0,0,0,0,0
3739,UK,75+,Adult,White,Retired,weekend,0,0,0,0,0,0,0,0,0,0
3740,UK,50-54,Adult,White,4,weekend,0,0,0,0,0,0,0,0,0,0
3741,UK,45-49,Adult,White,2,weekday,0,0,0,0,0,0,0,0,0,0
3742,UK,60-64,Adult,White,2,weekday,0,0,0,0,0,0,0,0,0,0
3743,UK,50-54,Adult,White,Unemployed,weekend,0,0,0,0,0,0,0,0,0,0
3744,UK,45-49,Adult,White,3,weekday,0,0,0,0,0,0,0,0,0,0
3745,UK,50-54,Adult,White,6,weekday,0,0,0,0,0,0,0,0,0,0
3746,UK,45-49,Adult,White,2,weekday,6,0,0,0,0,0,0,0,3,3
3747,UK,60-64,Adult,White,Retired,weekend,0,0,0,0,0,0,0,0,0,0
3748,UK,50-54,Adult,White,2,weekday,1,0,0,0,0,0,0,1,0,0
3749,UK,75+,Adult,White,Retired,weekday,0,0,0,0,0,0,0,0,0,0
3750,UK,50-54,Adult,White,3,weekday,1,0,0,0,0,0,0,1,0,0
3751,UK,55-59,Adult,White,1,weekday,0,0,0,0,0,0,0,0,0,0
3752,UK,60-64,Adult,White,1,weekend,0,0,0,0,0,0,0,0,0,0
3753,UK,50-54,Adult,White,3,weekend,2,0,0,0,0,0,0,0,2,0
3754,UK,60-64,Adult,White,1,weekend,0,0,0,0,0,0,0,0,0,0
3755,UK,45-49,Adult,White,2,weekend,0,0,0,0,0,0,0,0,0,0
3756,UK,75+,Adult,White,Retired,weekday,0,0,0,0,0,0,0,0,0,0
3757,UK,60-64,Adult,White,Unemployed,weekend,0,0,0,0,0,0,0,0,0,0
3758,UK,45-49,Adult,White,Unemployed,weekend,20,0,0,0,0,0,0,10,8,2
3759,UK,50-54,Adult,White,2,weekday,0,0,0,0,0,0,0,0,0,0
3760,UK,45-49,Adult,White,2,weekday,3,0,0,0,0,0,0,1,2,0
3761,UK,55-59,Adult,White,Unemployed,weekday,0,0,0,0,0,0,0,0,0,0
3762,UK,50-54,Adult,White,2,weekday,5,0,0,0,0,0,0,0,5,0
3763,UK,60-64,Adult,White,1,weekend,0,0,0,0,0,0,0,0,0,0
3764,UK,55-59,Adult,White,3,weekend,0,0,0,0,0,0,0,0,0,0
3765,UK,55-59,Adult,White,1,weekend,0,0,0,0,0,0,0,0,0,0
3766,UK,55-59,Adult,White,Unemployed,weekend,0,0,0,0,0,0,0,0,0,0
3767,UK,75+,Adult,White,Retired,weekday,0,0,0,0,0,0,0,0,0,0
3768,UK,50-54,Adult,White,Unemployed,weekday,3,0,0,0,0,0,0,2,1,0
3769,UK,45-49,Adult,White,1,weekday,0,0,0,0,0,0,0,0,0,0
3770,UK,55-59,Adult,White,5,weekend,0,0,0,0,0,0,0,0,0,0
3771,UK,65-69,Adult,White,3,weekend,0,0,0,0,0,0,0,0,0,0
3772,UK,75+,Adult,White,Retired,weekday,1,0,0,0,0,0,0,0,1,0
3773,UK,50-54,Adult,White,2,weekday,0,0,0,0,0,0,0,0,0,0
3774,UK,65-69,Adult,White,Retired,weekend,0,0,0,0,0,0,0,0,0,0
3775,UK,50-54,Adult,White,3,weekday,3,0,0,0,0,0,0,0,3,0
3776,UK,45-49,Adult,White,2,weekend,0,0,0,0,0,0,0,0,0,0
3777,UK,60-64,Adult,White,Unemployed,weekend,0,0,0,0,0,0,0,0,0,0
3778,UK,50-54,Adult,White,1,weekday,0,0,0,0,0,0,0,0,0,0
3779,UK,45-49,Adult,White,5,weekday,0,0,0,0,0,0,0,0,0,0
3780,UK,50-54,Adult,White,6,weekend,0,0,0,0,0,0,0,0,0,0
3781,UK,60-64,Adult,White,3,weekday,0,0,0,0,0,0,0,0,0,0
3782,UK,45-49,Adult,White,Unemployed,weekday,0,0,0,0,0,0,0,0,0,0
3783,UK,65-69,Adult,White,Retired,weekend,0,0,0,0,0,0,0,0,0,0
3784,UK,50-54,Adult,White,Unemployed,weekend,0,0,0,0,0,0,0,0,0,0
3785,UK,75+,Adult,White,Retired,weekday,0,0,0,0,0,0,0,0,0,0
3786,UK,70-74,Adult,White,Retired,weekday,0,0,0,0,0,0,0,0,0,0
3787,UK,50-54,Adult,White,7,weekday,0,0,0,0,0,0,0,0,0,0
3788,UK,55-59,Adult,Mixed,Unknown,weekend,0,0,0,0,0,0,0,0,0,0
3789,UK,45-49,Adult,White,7,weekend,0,0,0,0,0,0,0,0,0,0
3790,UK,55-59,Adult,White,5,weekday,0,0,0,0,0,0,0,0,0,0
3791,UK,50-54,Adult,White,2,weekday,0,0,0,0,0,0,0,0,0,0
3792,UK,55-59,Adult,White,3,weekday,0,0,0,0,0,0,0,0,0,0
3793,UK,50-54,Adult,White,2,weekend,0,0,0,0,0,0,0,0,0,0
3794,UK,45-49,Adult,White,1,weekday,0,0,0,0,0,0,0,0,0,0
3795,UK,65-69,Adult,White,Retired,weekday,0,0,0,0,0,0,0,0,0,0
3796,UK,55-59,Adult,White,1,weekday,1,0,0,0,0,0,0,0,1,0
3797,UK,55-59,Adult,White,Unemployed,weekend,0,0,0,0,0,0,0,0,0,0
3798,UK,65-69,Adult,White,Unemployed,weekday,1,0,0,0,0,0,0,0,0,1
3799,UK,60-64,Adult,White,1,weekday,0,0,0,0,0,0,0,0,0,0
3800,UK,55-59,Adult,White,3,weekday,0,0,0,0,0,0,0,0,0,0
3801,UK,55-59,Adult,White,Retired,weekday,0,0,0,0,0,0,0,0,0,0
3802,UK,55-59,Adult,White,4,weekend,0,0,0,0,0,0,0,0,0,0
3803,UK,65-69,Adult,White,Retired,weekend,0,0,0,0,0,0,0,0,0,0
3804,UK,60-64,Adult,Asian,1,weekday,5,0,0,0,0,0,0,1,3,1
3805,UK,65-69,Adult,White,Retired,weekday,0,0,0,0,0,0,0,0,0,0
3806,UK,55-59,Adult,White,1,weekday,1,0,0,0,0,0,0,1,0,0
3807,UK,65-69,Adult,White,Retired,weekend,0,0,0,0,0,0,0,0,0,0
3808,UK,60-64,Adult,White,Retired,weekend,0,0,0,0,0,0,0,0,0,0
3809,UK,75+,Adult,White,Retired,weekend,0,0,0,0,0,0,0,0,0,0
3810,UK,55-59,Adult,White,Unknown,weekend,2,0,0,0,0,0,0,1,1,0
3811,UK,55-59,Adult,White,3,weekday,1,0,0,0,0,0,0,0,1,0
3812,UK,55-59,Adult,White,Unknown,weekend,0,0,0,0,0,0,0,0,0,0
3813,UK,55-59,Adult,White,6,weekend,0,0,0,0,0,0,0,0,0,0
3814,UK,75+,Adult,White,Retired,weekend,16,0,0,0,0,0,0,2,10,4
3815,UK,65-69,Adult,White,Retired,weekend,0,0,0,0,0,0,0,0,0,0
3816,UK,60-64,Adult,White,1,weekday,0,0,0,0,0,0,0,0,0,0
3817,UK,60-64,Adult,White,6,weekend,0,0,0,0,0,0,0,0,0,0
3818,UK,60-64,Adult,White,Unemployed,weekday,0,0,0,0,0,0,0,0,0,0
3819,UK,55-59,Adult,White,3,weekday,21,0,0,0,0,0,0,0,15,6
3820,UK,55-59,Adult,White,Unemployed,weekday,1,0,0,0,0,0,0,0,1,0
3821,UK,60-64,Adult,White,Retired,weekday,0,0,0,0,0,0,0,0,0,0
3822,UK,65-69,Adult,White,2,weekday,0,0,0,0,0,0,0,0,0,0
3823,UK,60-64,Adult,White,3,weekday,0,0,0,0,0,0,0,0,0,0
3824,UK,55-59,Adult,White,Unemployed,weekday,0,0,0,0,0,0,0,0,0,0
3825,UK,55-59,Adult,White,3,weekday,0,0,0,0,0,0,0,0,0,0
3826,UK,55-59,Adult,White,7,weekend,0,0,0,0,0,0,0,0,0,0
3827,UK,70-74,Adult,White,Retired,weekend,0,0,0,0,0,0,0,0,0,0
3828,UK,60-64,Adult,White,2,weekend,0,0,0,0,0,0,0,0,0,0
3829,UK,70-74,Adult,Asian,Retired,weekend,0,0,0,0,0,0,0,0,0,0
3830,UK,55-59,Adult,Asian,7,weekend,0,0,0,0,0,0,0,0,0,0
3831,UK,25-29,Adult,White,1,weekday,0,0,0,0,0,0,0,0,0,0
3832,UK,20-24,Adult,White,2,weekday,0,0,0,0,0,0,0,0,0,0
3833,UK,35-39,Adult,White,6,weekend,5,0,0,0,0,0,0,2,3,0
3834,UK,30-34,Adult,White,1,weekday,3,0,0,0,0,0,0,1,2,0
3835,UK,40-44,Adult,White,2,weekday,0,0,0,0,0,0,0,0,0,0
3836,UK,40-44,Adult,White,2,weekday,0,0,0,0,0,0,0,0,0,0
3837,UK,45-49,Adult,Black,2,weekday,9,0,0,0,0,0,0,7,2,0
3838,UK,40-44,Adult,White,4,weekday,0,0,0,0,0,0,0,0,0,0
3839,UK,30-34,Adult,Asian,1,weekday,0,0,0,0,0,0,0,0,0,0
3840,UK,35-39,Adult,White,Unemployed,weekend,0,0,0,0,0,0,0,0,0,0
3841,UK,30-34,Adult,White,2,weekday,3,0,0,0,0,0,0,2,1,0
3842,UK,25-29,Adult,White,1,weekday,4,0,0,0,0,0,0,1,2,1
3843,UK,40-44,Adult,White,Unknown,weekday,0,0,0,0,0,0,0,0,0,0
3844,UK,25-29,Adult,White,2,weekend,0,0,0,0,0,0,0,0,0,0
3845,UK,30-34,Adult,Asian,2,weekend,0,0,0,0,0,0,0,0,0,0
3846,UK,30-34,Adult,White,2,weekday,0,0,0,0,0,0,0,0,0,0
3847,UK,40-44,Adult,White,3,weekday,0,0,0,0,0,0,0,0,0,0
3848,UK,35-39,Adult,White,1,weekday,2,0,0,0,0,0,0,0,2,0
3849,UK,45-49,Adult,White,Unemployed,weekend,0,0,0,0,0,0,0,0,0,0
3850,UK,30-34,Adult,White,3,weekday,0,0,0,0,0,0,0,0,0,0
3851,UK,15-19,Adult,Asian,Student,weekday,0,0,0,0,0,0,0,0,0,0
3852,UK,30-34,Adult,Mixed,6,weekday,7,0,0,0,0,0,0,2,4,1
3853,UK,75+,Adult,White,Retired,weekend,0,0,0,0,0,0,0,0,0,0
3854,UK,30-34,Adult,Black,1,weekday,0,0,0,0,0,0,0,0,0,0
3855,UK,40-44,Adult,White,6,weekend,0,0,0,0,0,0,0,0,0,0
3856,UK,50-54,Adult,White,3,weekday,0,0,0,0,0,0,0,0,0,0
3857,UK,25-29,Adult,White,1,weekday,0,0,0,0,0,0,0,0,0,0
3858,UK,40-44,Adult,White,1,weekday,0,0,0,0,0,0,0,0,0,0
3859,UK,35-39,Adult,White,7,weekday,0,0,0,0,0,0,0,0,0,0
3860,UK,20-24,Adult,White,3,weekday,0,0,0,0,0,0,0,0,0,0
3861,UK,30-34,Adult,Asian,3,weekday,0,0,0,0,0,0,0,0,0,0
3862,UK,25-29,Adult,White,1,weekend,32,0,0,0,0,0,0,8,20,4
3863,UK,35-39,Adult,White,4,weekday,14,0,0,0,0,0,0,1,12,1
3864,UK,45-49,Adult,Black,2,weekday,0,0,0,0,0,0,0,0,0,0
3865,UK,30-34,Adult,Black,2,weekday,0,0,0,0,0,0,0,0,0,0
3866,UK,25-29,Adult,White,1,weekday,0,0,0,0,0,0,0,0,0,0
3867,UK,40-44,Adult,Black,1,weekday,0,0,0,0,0,0,0,0,0,0
3868,UK,55-59,Adult,White,7,weekday,0,0,0,0,0,0,0,0,0,0
3869,UK,30-34,Adult,Asian,1,weekday,0,0,0,0,0,0,0,0,0,0
3870,UK,30-34,Adult,Black,3,weekend,13,0,0,0,0,0,0,2,9,2
3871,UK,40-44,Adult,Asian,1,weekday,0,0,0,0,0,0,0,0,0,0
3872,UK,25-29,Adult,Asian,2,weekday,20,0,10,0,0,0,0,2,5,3
3873,UK,25-29,Adult,White,6,weekday,0,0,0,0,0,0,0,0,0,0
3874,UK,25-29,Adult,White,2,weekday,15,0,0,0,0,0,0,0,15,0
3875,UK,25-29,Adult,White,1,weekday,0,0,0,0,0,0,0,0,0,0
3876,UK,20-24,Adult,White,2,weekday,2,0,0,0,0,0,0,2,0,0
3877,UK,25-29,Adult,White,1,weekday,0,0,0,0,0,0,0,0,0,0
3878,UK,30-34,Adult,Asian,6,weekday,0,0,0,0,0,0,0,0,0,0
3879,UK,40-44,Adult,Asian,2,weekday,0,0,0,0,0,0,0,0,0,0
3880,UK,25-29,Adult,Asian,3,weekend,3,0,0,0,0,0,0,0,3,0
3881,UK,25-29,Adult,White,Unemployed,weekday,0,0,0,0,0,0,0,0,0,0
3882,UK,25-29,Adult,White,1,weekday,0,0,0,0,0,0,0,0,0,0
3883,UK,35-39,Adult,White,5,weekday,2,0,0,0,0,0,0,2,0,0
3884,UK,35-39,Adult,White,2,weekday,0,0,0,0,0,0,0,0,0,0
3885,UK,40-44,Adult,Black,6,weekend,2,0,0,0,0,0,0,2,0,0
3886,UK,15-19,Adult,White,2,weekday,0,0,0,0,0,0,0,0,0,0
3887,UK,30-34,Adult,White,2,weekday,28,0,0,0,0,0,0,0,10,18
3888,UK,50-54,Adult,White,1,weekday,0,0,0,0,0,0,0,0,0,0
3889,UK,35-39,Adult,Black,1,weekend,0,0,0,0,0,0,0,0,0,0
3890,UK,35-39,Adult,White,4,weekend,0,0,0,0,0,0,0,0,0,0
3891,UK,25-29,Adult,White,1,weekday,0,0,0,0,0,0,0,0,0,0
3892,UK,25-29,Adult,Asian,1,weekday,0,0,0,0,0,0,0,0,0,0
3893,UK,30-34,Adult,White,2,weekday,0,0,0,0,0,0,0,0,0,0
3894,UK,35-39,Adult,Asian,3,weekday,0,0,0,0,0,0,0,0,0,0
3895,UK,20-24,Adult,White,6,weekday,0,0,0,0,0,0,0,0,0,0
3896,UK,40-44,Adult,White,1,weekday,4,0,0,0,0,0,0,0,4,0
3897,UK,65-69,Adult,White,Retired,weekday,0,0,0,0,0,0,0,0,0,0
3898,UK,55-59,Adult,White,Unemployed,weekday,0,0,0,0,0,0,0,0,0,0
3899,UK,50-54,Adult,White,Unemployed,weekend,0,0,0,0,0,0,0,0,0,0
3900,UK,50-54,Adult,White,2,weekend,24,0,0,0,0,0,0,0,20,4
3901,UK,25-29,Adult,White,6,weekday,1,0,0,0,0,0,0,0,1,0
3902,UK,20-24,Adult,White,4,weekday,0,0,0,0,0,0,0,0,0,0
3903,UK,25-29,Adult,Black,1,weekday,9,0,0,0,0,0,0,5,3,1
3904,UK,50-54,Adult,Asian,1,weekday,60,0,0,0,0,0,0,15,40,5
3905,UK,30-34,Adult,Black,1,weekday,11,0,0,0,0,6,0,0,3,2
3906,UK,50-54,Adult,White,Unemployed,weekday,0,0,0,0,0,0,0,0,0,0
3907,UK,35-39,Adult,Mixed,3,weekend,0,0,0,0,0,0,0,0,0,0
3908,UK,40-44,Adult,Black,2,weekday,0,0,0,0,0,0,0,0,0,0
3909,UK,55-59,Adult,White,2,weekday,7,0,0,0,0,0,0,1,0,6
3910,UK,45-49,Adult,White,1,weekday,13,0,0,0,0,0,0,3,10,0
3911,UK,20-24,Adult,Asian,1,weekend,0,0,0,0,0,0,0,0,0,0
3912,UK,35-39,Adult,White,2,weekday,0,0,0,0,0,0,0,0,0,0
3913,UK,30-34,Adult,Asian,2,weekend,0,0,0,0,0,0,0,0,0,0
3914,UK,30-34,Adult,Black,3,weekday,1,0,0,0,0,0,0,0,1,0
3915,UK,20-24,Adult,White,4,weekday,0,0,0,0,0,0,0,0,0,0
3916,UK,30-34,Adult,White,Unemployed,weekday,56,0,0,0,0,0,0,12,32,12
3917,UK,25-29,Adult,White,6,weekend,0,0,0,0,0,0,0,0,0,0
3918,UK,25-29,Adult,Asian,Retired,weekday,12,0,0,0,0,0,0,9,2,1
3919,UK,40-44,Adult,White,3,weekend,0,0,0,0,0,0,0,0,0,0
3920,UK,30-34,Adult,White,1,weekday,0,0,0,0,0,0,0,0,0,0
3921,UK,35-39,Adult,Black,3,weekday,35,0,0,0,0,0,0,15,10,10
3922,UK,25-29,Adult,White,Student,weekend,0,0,0,0,0,0,0,0,0,0
3923,UK,50-54,Adult,White,Unemployed,weekday,0,0,0,0,0,0,0,0,0,0
3924,UK,30-34,Adult,White,3,weekday,0,0,0,0,0,0,0,0,0,0
3925,UK,20-24,Adult,White,4,weekday,6,0,0,0,0,0,0,2,2,2
3926,UK,35-39,Adult,White,3,weekday,0,0,0,0,0,0,0,0,0,0
3927,UK,25-29,Adult,White,1,weekday,0,0,0,0,0,0,0,0,0,0
3928,UK,35-39,Adult,White,2,weekday,0,0,0,0,0,0,0,0,0,0
3929,UK,50-54,Adult,White,2,weekday,0,0,0,0,0,0,0,0,0,0
3930,UK,30-34,Adult,White,1,weekday,0,0,0,0,0,0,0,0,0,0
3931,UK,30-34,Adult,White,1,weekday,0,0,0,0,0,0,0,0,0,0
3932,UK,35-39,Adult,White,1,weekday,0,0,0,0,0,0,0,0,0,0
3933,UK,25-29,Adult,White,3,weekday,0,0,0,0,0,0,0,0,0,0
3934,UK,25-29,Adult,White,7,weekday,1,0,0,0,0,0,0,1,0,0
3935,UK,25-29,Adult,Black,1,weekday,6,0,0,0,0,0,0,2,3,1
3936,UK,20-24,Adult,White,Unemployed,weekday,0,0,0,0,0,0,0,0,0,0
3937,UK,25-29,Adult,White,2,weekday,0,0,0,0,0,0,0,0,0,0
3938,UK,45-49,Adult,White,1,weekday,55,0,0,0,0,0,0,10,40,5
3939,UK,20-24,Adult,White,5,weekday,5,0,0,0,0,0,0,0,4,1
3940,UK,40-44,Adult,White,3,weekday,0,0,0,0,0,0,0,0,0,0
3941,UK,30-34,Adult,White,4,weekday,0,0,0,0,0,0,0,0,0,0
3942,UK,15-19,Adult,Black,5,weekday,0,0,0,0,0,0,0,0,0,0
3943,UK,35-39,Adult,Black,2,weekday,0,0,0,0,0,0,0,0,0,0
3944,UK,40-44,Adult,White,7,weekday,0,0,0,0,0,0,0,0,0,0
3945,UK,55-59,Adult,White,Unemployed,weekend,0,0,0,0,0,0,0,0,0,0
3946,UK,30-34,Adult,Black,2,weekday,0,0,0,0,0,0,0,0,0,0
3947,UK,25-29,Adult,White,2,weekday,0,0,0,0,0,0,0,0,0,0
3948,UK,40-44,Adult,White,3,weekday,0,0,0,0,0,0,0,0,0,0
3949,UK,25-29,Adult,Asian,2,weekend,0,0,0,0,0,0,0,0,0,0
3950,UK,50-54,Adult,White,3,weekday,12,0,0,0,0,0,0,0,12,0
3951,UK,30-34,Adult,White,1,weekend,2,0,0,0,0,0,0,0,2,0
3952,UK,60-64,Adult,White,7,weekday,20,0,0,0,0,0,0,10,5,5
3953,UK,20-24,Adult,White,Unemployed,weekend,0,0,0,0,0,0,0,0,0,0
3954,UK,15-19,Adult,White,Student,weekday,65,0,0,0,0,0,0,10,47,8
3955,UK,75+,Adult,White,Retired,weekday,0,0,0,0,0,0,0,0,0,0
3956,UK,45-49,Adult,White,6,weekday,0,0,0,0,0,0,0,0,0,0
3957,UK,25-29,Adult,Asian,2,weekday,5,0,0,0,0,0,0,1,4,0
3958,UK,20-24,Adult,White,1,weekday,25,0,0,0,0,0,0,5,10,10
3959,UK,20-24,Adult,Black,1,weekday,0,0,0,0,0,0,0,0,0,0
3960,UK,35-39,Adult,White,1,weekday,0,0,0,0,0,0,0,0,0,0
3961,UK,35-39,Adult,White,1,weekday,15,0,0,0,0,0,0,10,5,0
3962,UK,35-39,Adult,Asian,Unemployed,weekday,0,0,0,0,0,0,0,0,0,0
3963,UK,30-34,Adult,White,5,weekday,0,0,0,0,0,0,0,0,0,0
3964,UK,30-34,Adult,White,1,weekday,0,0,0,0,0,0,0,0,0,0
3965,UK,55-59,Adult,White,2,weekday,0,0,0,0,0,0,0,0,0,0
3966,UK,25-29,Adult,White,4,weekday,0,0,0,0,0,0,0,0,0,0
3967,UK,35-39,Adult,White,1,weekday,0,0,0,0,0,0,0,0,0,0
3968,UK,15-19,Adult,White,7,weekday,2,0,0,0,0,0,0,0,2,0
3969,UK,20-24,Adult,White,2,weekday,0,0,0,0,0,0,0,0,0,0
3970,UK,25-29,Adult,Mixed,6,weekend,0,0,0,0,0,0,0,0,0,0
3971,UK,25-29,Adult,Black,6,weekday,0,0,0,0,0,0,0,0,0,0
3972,UK,15-19,Adult,White,6,weekday,0,0,0,0,0,0,0,0,0,0
3973,UK,35-39,Adult,White,Unknown,weekday,4,0,0,0,0,0,0,1,0,3
3974,UK,40-44,Adult,White,3,weekday,0,0,0,0,0,0,0,0,0,0
3975,UK,25-29,Adult,Black,1,weekend,1,0,0,0,0,0,0,1,0,0
3976,UK,45-49,Adult,White,2,weekday,0,0,0,0,0,0,0,0,0,0
3977,UK,25-29,Adult,Mixed,6,weekday,0,0,0,0,0,0,0,0,0,0
3978,UK,20-24,Adult,Asian,Student,weekday,3,0,0,0,0,0,0,1,2,0
3979,UK,25-29,Adult,White,1,weekday,0,0,0,0,0,0,0,0,0,0
3980,UK,15-19,Adult,White,7,weekday,0,0,0,0,0,0,0,0,0,0
3981,UK,20-24,Adult,White,3,weekday,0,0,0,0,0,0,0,0,0,0
3982,UK,20-24,Adult,White,2,weekday,0,0,0,0,0,0,0,0,0,0
3983,UK,30-34,Adult,Asian,2,weekday,0,0,0,0,0,0,0,0,0,0
3984,UK,25-29,Adult,Asian,4,weekday,0,0,0,0,0,0,0,0,0,0
3985,UK,30-34,Adult,Black,2,weekday,18,0,0,0,0,0,0,7,8,3
3986,UK,45-49,Adult,Black,Unemployed,weekday,4,0,0,0,0,0,0,1,3,0
3987,UK,30-34,Adult,White,1,weekday,2,0,0,0,0,0,0,0,2,0
3988,UK,30-34,Adult,White,7,weekday,4,0,0,0,0,0,0,2,2,0
3989,UK,30-34,Adult,White,6,weekday,9,0,0,0,0,0,0,0,2,7
3990,UK,25-29,Adult,White,3,weekend,0,0,0,0,0,0,0,0,0,0
3991,UK,40-44,Adult,Asian,7,weekday,0,0,0,0,0,0,0,0,0,0
3992,UK,45-49,Adult,White,5,weekend,0,0,0,0,0,0,0,0,0,0
3993,UK,15-19,Adult,White,7,weekday,0,0,0,0,0,0,0,0,0,0
3994,UK,30-34,Adult,White,2,weekday,3,0,0,0,0,0,0,1,2,0
3995,UK,30-34,Adult,White,1,weekday,0,0,0,0,0,0,0,0,0,0
3996,UK,30-34,Adult,White,1,weekday,0,0,0,0,0,0,0,0,0,0
3997,UK,30-34,Adult,Asian,2,weekday,2,0,0,0,0,0,0,1,1,0
3998,UK,35-39,Adult,Asian,6,weekend,0,0,0,0,0,0,0,0,0,0
3999,UK,30-34,Adult,White,1,weekday,0,0,0,0,0,0,0,0,0,0
4000,UK,30-34,Adult,Black,7,weekday,4,0,0,0,0,0,0,2,2,0
4001,UK,25-29,Adult,White,1,weekday,0,0,0,0,0,0,0,0,0,0
4002,UK,25-29,Adult,White,1,weekday,0,0,0,0,0,0,0,0,0,0
4003,UK,35-39,Adult,White,7,weekday,0,0,0,0,0,0,0,0,0,0
4004,UK,45-49,Adult,White,Unknown,weekend,1,0,0,0,0,0,0,1,0,0
4005,UK,20-24,Adult,White,2,weekend,0,0,0,0,0,0,0,0,0,0
4006,UK,15-19,Adult,Mixed,7,weekday,6,0,0,0,0,0,0,1,5,0
4007,UK,45-49,Adult,White,1,weekday,18,0,0,0,0,0,0,9,9,0
4008,UK,20-24,Adult,White,4,weekday,0,0,0,0,0,0,0,0,0,0
4009,UK,15-19,Adult,Asian,6,weekday,0,0,0,0,0,0,0,0,0,0
4010,UK,30-34,Adult,Black,2,weekday,0,0,0,0,0,0,0,0,0,0
4011,UK,20-24,Adult,White,2,weekday,0,0,0,0,0,0,0,0,0,0
4012,UK,20-24,Adult,White,Unemployed,weekday,0,0,0,0,0,0,0,0,0,0
4013,UK,55-59,Adult,White,3,weekend,0,0,0,0,0,0,0,0,0,0
4014,UK,15-19,Adult,White,3,weekday,21,0,0,0,0,0,0,20,1,0
4015,UK,40-44,Adult,White,2,weekday,0,0,0,0,0,0,0,0,0,0
4016,UK,25-29,Adult,White,1,weekday,12,0,0,0,0,0,0,0,12,0
4017,UK,20-24,Adult,Mixed,1,weekday,0,0,0,0,0,0,0,0,0,0
4018,UK,30-34,Adult,Black,1,weekday,0,0,0,0,0,0,0,0,0,0
4019,UK,25-29,Adult,White,2,weekday,4,0,0,0,0,0,0,2,1,1
4020,UK,30-34,Adult,Other,Student,weekday,90,0,0,0,0,0,0,30,40,20
4021,UK,20-24,Adult,Asian,1,weekday,0,0,0,0,0,0,0,0,0,0
4022,UK,20-24,Adult,White,Student,weekday,3,0,0,0,0,0,0,1,2,0
4023,UK,20-24,Adult,Black,6,weekend,0,0,0,0,0,0,0,0,0,0
4024,UK,25-29,Adult,White,Unemployed,weekday,2,0,0,0,0,0,0,1,1,0
4025,UK,35-39,Adult,Black,2,weekend,4,0,0,0,0,0,0,0,2,2
4026,UK,25-29,Adult,White,6,weekday,11,0,0,0,0,0,0,0,11,0
4027,UK,20-24,Adult,White,5,weekday,0,0,0,0,0,0,0,0,0,0
4028,UK,40-44,Adult,Other,2,weekday,2,0,0,0,0,0,0,1,1,0
4029,UK,40-44,Adult,White,2,weekend,13,0,0,0,0,0,0,8,5,0
4030,UK,35-39,Adult,White,6,weekend,0,0,0,0,0,0,0,0,0,0
4031,UK,25-29,Adult,White,2,weekday,20,0,10,10,0,0,0,0,0,0
4032,UK,30-34,Adult,White,2,weekday,200,0,0,0,0,0,0,50,100,50
4033,UK,65-69,Adult,White,3,weekday,0,0,0,0,0,0,0,0,0,0
4034,UK,25-29,Adult,Asian,1,weekday,0,0,0,0,0,0,0,0,0,0
4035,UK,30-34,Adult,White,2,weekday,0,0,0,0,0,0,0,0,0,0
4036,UK,35-39,Adult,White,5,weekday,0,0,0,0,0,0,0,0,0,0
4037,UK,45-49,Adult,White,Unemployed,weekday,0,0,0,0,0,0,0,0,0,0
4038,UK,40-44,Adult,White,1,weekend,0,0,0,0,0,0,0,0,0,0
4039,UK,25-29,Adult,White,2,weekend,1,0,0,0,0,0,0,0,1,0
4040,UK,25-29,Adult,White,1,weekday,0,0,0,0,0,0,0,0,0,0
4041,UK,60-64,Adult,White,Retired,weekend,0,0,0,0,0,0,0,0,0,0
4042,UK,45-49,Adult,Asian,2,weekend,0,0,0,0,0,0,0,0,0,0
4043,UK,45-49,Adult,White,Unemployed,weekday,3,0,0,0,0,0,0,3,0,0
4044,UK,35-39,Adult,White,3,weekend,0,0,0,0,0,0,0,0,0,0
4045,UK,30-34,Adult,White,3,weekday,0,0,0,0,0,0,0,0,0,0
4046,UK,25-29,Adult,Black,2,weekday,0,0,0,0,0,0,0,0,0,0
4047,UK,20-24,Adult,White,1,weekday,35,0,0,0,0,0,0,5,30,0
4048,UK,35-39,Adult,Asian,2,weekday,0,0,0,0,0,0,0,0,0,0
4049,UK,60-64,Adult,White,6,weekday,0,0,0,0,0,0,0,0,0,0
4050,UK,20-24,Adult,White,2,weekday,0,0,0,0,0,0,0,0,0,0
4051,UK,35-39,Adult,White,Unemployed,weekday,2,0,0,0,0,0,0,0,1,1
4052,UK,30-34,Adult,White,2,weekday,0,0,0,0,0,0,0,0,0,0
4053,UK,30-34,Adult,White,1,weekday,0,0,0,0,0,0,0,0,0,0
4054,UK,30-34,Adult,White,2,weekend,3,0,0,0,0,0,0,1,1,1
4055,UK,45-49,Adult,White,1,weekday,0,0,0,0,0,0,0,0,0,0
4056,UK,25-29,Adult,White,7,weekday,0,0,0,0,0,0,0,0,0,0
4057,UK,45-49,Adult,Mixed,6,weekday,20,0,0,0,0,0,0,0,20,0
4058,UK,35-39,Adult,White,2,weekday,0,0,0,0,0,0,0,0,0,0
4059,UK,25-29,Adult,Black,1,weekday,0,0,0,0,0,0,0,0,0,0
4060,UK,35-39,Adult,White,1,weekend,0,0,0,0,0,0,0,0,0,0
4061,UK,40-44,Adult,White,6,weekday,96,0,0,0,0,0,0,0,30,66
4062,UK,40-44,Adult,White,5,weekend,1,0,0,0,0,0,0,0,1,0
4063,UK,30-34,Adult,White,1,weekend,14,0,0,0,0,0,0,5,8,1
4064,UK,30-34,Adult,White,Unknown,weekday,3,0,0,0,0,0,0,1,2,0
4065,UK,20-24,Adult,Asian,2,weekday,0,0,0,0,0,0,0,0,0,0
4066,UK,35-39,Adult,White,Unemployed,weekday,0,0,0,0,0,0,0,0,0,0
4067,UK,35-39,Adult,White,1,weekday,0,0,0,0,0,0,0,0,0,0
4068,UK,40-44,Adult,Black,Unemployed,weekday,0,0,0,0,0,0,0,0,0,0
4069,UK,45-49,Adult,White,7,weekday,0,0,0,0,0,0,0,0,0,0
4070,UK,20-24,Adult,Black,3,weekday,2,0,0,0,0,0,0,0,2,0
4071,UK,45-49,Adult,Black,3,weekday,0,0,0,0,0,0,0,0,0,0
4072,UK,35-39,Adult,White,Unemployed,weekday,40,0,0,0,5,5,0,20,10,0
4073,UK,20-24,Adult,Black,Student,weekend,0,0,0,0,0,0,0,0,0,0
4074,UK,40-44,Adult,White,7,weekend,2,0,0,0,0,0,0,0,2,0
4075,UK,30-34,Adult,White,1,weekday,3,0,0,0,0,0,0,0,3,0
4076,UK,40-44,Adult,Black,1,weekend,100,0,0,0,0,0,0,0,100,0
4077,UK,60-64,Adult,White,6,weekday,0,0,0,0,0,0,0,0,0,0
4078,UK,35-39,Adult,White,6,weekday,0,0,0,0,0,0,0,0,0,0
4079,UK,20-24,Adult,White,2,weekday,4,0,0,0,0,0,0,0,4,0
4080,UK,35-39,Adult,White,Unemployed,weekend,4,0,0,0,0,0,0,1,1,2
4081,UK,40-44,Adult,White,3,weekday,0,0,0,0,0,0,0,0,0,0
4082,UK,50-54,Adult,White,6,weekday,0,0,0,0,0,0,0,0,0,0
4083,UK,20-24,Adult,White,3,weekday,29,0,0,0,0,0,0,2,20,7
4084,UK,35-39,Adult,White,1,weekday,1,0,0,0,0,0,0,1,0,0
4085,UK,50-54,Adult,White,Unemployed,weekend,5,0,0,0,0,0,0,1,4,0
4086,UK,65-69,Adult,White,Retired,weekday,6,0,0,0,0,0,0,0,0,6
4087,UK,40-44,Adult,White,2,weekday,5,0,0,0,0,0,0,0,4,1
4088,UK,45-49,Adult,White,2,weekday,3,0,0,0,0,0,0,2,1,0
4089,UK,35-39,Adult,White,3,weekday,0,0,0,0,0,0,0,0,0,0
4090,UK,40-44,Adult,White,6,weekend,1,0,0,0,0,0,0,0,1,0
4091,UK,65-69,Adult,White,Retired,weekend,0,0,0,0,0,0,0,0,0,0
4092,UK,65-69,Adult,White,Retired,weekend,0,0,0,0,0,0,0,0,0,0
4093,UK,40-44,Adult,White,7,weekday,0,0,0,0,0,0,0,0,0,0
4094,UK,35-39,Adult,White,7,weekday,9,0,0,0,0,0,0,2,5,2
4095,UK,25-29,Adult,White,3,weekday,20,0,0,0,0,0,0,0,20,0
4096,UK,50-54,Adult,Black,2,weekday,0,0,0,0,0,0,0,0,0,0
4097,UK,55-59,Adult,White,4,weekday,0,0,0,0,0,0,0,0,0,0
4098,UK,40-44,Adult,Asian,Unemployed,weekday,30,0,0,0,3,20,2,0,5,0
4099,UK,60-64,Adult,White,Retired,weekend,0,0,0,0,0,0,0,0,0,0
4100,UK,40-44,Adult,Black,2,weekend,0,0,0,0,0,0,0,0,0,0
4101,UK,45-49,Adult,White,2,weekday,0,0,0,0,0,0,0,0,0,0
4102,UK,50-54,Adult,White,Retired,weekday,0,0,0,0,0,0,0,0,0,0
4103,UK,45-49,Adult,White,Unemployed,weekend,0,0,0,0,0,0,0,0,0,0
4104,UK,50-54,Adult,White,4,weekday,0,0,0,0,0,0,0,0,0,0
4105,UK,55-59,Adult,White,2,weekday,2,0,0,0,0,0,0,0,1,1
4106,UK,35-39,Adult,White,2,weekday,0,0,0,0,0,0,0,0,0,0
4107,UK,40-44,Adult,White,5,weekend,0,0,0,0,0,0,0,0,0,0
4108,UK,35-39,Adult,White,6,weekday,37,4,20,10,0,0,0,2,1,0
4109,UK,40-44,Adult,Black,1,weekday,0,0,0,0,0,0,0,0,0,0
4110,UK,40-44,Adult,White,Unemployed,weekday,0,0,0,0,0,0,0,0,0,0
4111,UK,25-29,Adult,White,7,weekday,14,0,0,0,0,0,0,3,6,5
4112,UK,40-44,Adult,Asian,1,weekday,0,0,0,0,0,0,0,0,0,0
4113,UK,35-39,Adult,Mixed,3,weekend,0,0,0,0,0,0,0,0,0,0
4114,UK,35-39,Adult,White,Unemployed,weekend,0,0,0,0,0,0,0,0,0,0
4115,UK,45-49,Adult,White,2,weekday,0,0,0,0,0,0,0,0,0,0
4116,UK,45-49,Adult,White,5,weekday,7,0,0,0,0,0,0,5,2,0
4117,UK,45-49,Adult,White,4,weekday,0,0,0,0,0,0,0,0,0,0
4118,UK,45-49,Adult,White,Unknown,weekday,18,0,0,0,0,0,0,2,6,10
4119,UK,45-49,Adult,White,6,weekday,0,0,0,0,0,0,0,0,0,0
4120,UK,60-64,Adult,White,3,weekend,0,0,0,0,0,0,0,0,0,0
4121,UK,45-49,Adult,Mixed,4,weekend,0,0,0,0,0,0,0,0,0,0
4122,UK,45-49,Adult,White,6,weekday,0,0,0,0,0,0,0,0,0,0
4123,UK,50-54,Adult,Asian,1,weekday,0,0,0,0,0,0,0,0,0,0
4124,UK,45-49,Adult,Asian,1,weekend,0,0,0,0,0,0,0,0,0,0
4125,UK,50-54,Adult,White,3,weekday,0,0,0,0,0,0,0,0,0,0
4126,UK,45-49,Adult,White,1,weekday,0,0,0,0,0,0,0,0,0,0
4127,UK,50-54,Adult,White,3,weekend,0,0,0,0,0,0,0,0,0,0
4128,UK,50-54,Adult,Asian,1,weekday,3,0,0,0,0,0,0,0,3,0
4129,UK,50-54,Adult,White,2,weekday,30,0,0,0,0,0,0,10,15,5
4130,UK,55-59,Adult,White,2,weekend,0,0,0,0,0,0,0,0,0,0
4131,UK,75+,Adult,White,Unemployed,weekend,5,0,0,0,0,0,0,0,4,1
4132,UK,50-54,Adult,White,2,weekend,11,0,0,0,0,0,0,0,10,1
4133,UK,45-49,Adult,White,1,weekend,6,0,0,0,0,0,0,3,3,0
4134,UK,65-69,Adult,White,Unemployed,weekday,0,0,0,0,0,0,0,0,0,0
4135,UK,25-29,Adult,White,2,weekday,18,0,0,0,15,0,0,3,0,0
4136,UK,45-49,Adult,Asian,2,weekend,0,0,0,0,0,0,0,0,0,0
4137,UK,50-54,Adult,White,2,weekday,0,0,0,0,0,0,0,0,0,0
4138,UK,45-49,Adult,White,Unknown,weekend,2,0,0,0,0,0,0,0,2,0
4139,UK,70-74,Adult,White,Retired,weekend,0,0,0,0,0,0,0,0,0,0
4140,UK,45-49,Adult,Asian,1,weekday,0,0,0,0,0,0,0,0,0,0
4141,UK,70-74,Adult,White,Retired,weekend,0,0,0,0,0,0,0,0,0,0
4142,UK,55-59,Adult,White,2,weekend,0,0,0,0,0,0,0,0,0,0
4143,UK,45-49,Adult,Asian,3,weekday,4,0,0,0,0,0,0,1,2,1
4144,UK,45-49,Adult,White,3,weekday,30,0,0,0,0,0,0,0,30,0
4145,UK,45-49,Adult,White,2,weekend,16,0,0,0,0,0,0,0,15,1
4146,UK,65-69,Adult,White,Retired,weekday,0,0,0,0,0,0,0,0,0,0
4147,UK,50-54,Adult,White,7,weekday,0,0,0,0,0,0,0,0,0,0
4148,UK,65-69,Adult,White,Retired,weekday,0,0,0,0,0,0,0,0,0,0
4149,UK,55-59,Adult,White,5,weekday,0,0,0,0,0,0,0,0,0,0
4150,UK,45-49,Adult,White,7,weekday,0,0,0,0,0,0,0,0,0,0
4151,UK,45-49,Adult,White,Unemployed,weekend,0,0,0,0,0,0,0,0,0,0
4152,UK,65-69,Adult,White,Retired,weekday,0,0,0,0,0,0,0,0,0,0
4153,UK,70-74,Adult,White,5,weekday,10,0,0,0,0,0,0,0,10,0
4154,UK,50-54,Adult,White,1,weekend,3,0,0,0,0,0,0,0,3,0
4155,UK,45-49,Adult,Black,3,weekday,0,0,0,0,0,0,0,0,0,0
4156,UK,50-54,Adult,White,2,weekday,0,0,0,0,0,0,0,0,0,0
4157,UK,45-49,Adult,Black,1,weekday,0,0,0,0,0,0,0,0,0,0
4158,UK,55-59,Adult,White,Retired,weekday,9,0,0,0,0,0,0,0,7,2
4159,UK,55-59,Adult,White,7,weekday,3,0,0,0,0,0,0,1,1,1
4160,UK,50-54,Adult,White,6,weekday,0,0,0,0,0,0,0,0,0,0
4161,UK,45-49,Adult,White,2,weekday,2,0,0,0,0,0,0,0,2,0
4162,UK,60-64,Adult,Black,2,weekday,0,0,0,0,0,0,0,0,0,0
4163,UK,60-64,Adult,White,Retired,weekend,0,0,0,0,0,0,0,0,0,0
4164,UK,60-64,Adult,White,7,weekday,3,0,0,0,0,0,0,0,2,1
4165,UK,75+,Adult,White,Retired,weekday,0,0,0,0,0,0,0,0,0,0
4166,UK,50-54,Adult,White,6,weekday,2,0,0,0,0,0,0,0,1,1
4167,UK,65-69,Adult,White,6,weekday,0,0,0,0,0,0,0,0,0,0
4168,UK,45-49,Adult,White,Unemployed,weekday,3,0,0,0,0,0,0,0,3,0
4169,UK,45-49,Adult,White,2,weekday,0,0,0,0,0,0,0,0,0,0
4170,UK,55-59,Adult,White,7,weekday,0,0,0,0,0,0,0,0,0,0
4171,UK,45-49,Adult,White,2,weekend,3,0,0,0,0,0,0,1,2,0
4172,UK,60-64,Adult,White,Retired,weekday,0,0,0,0,0,0,0,0,0,0
4173,UK,45-49,Adult,White,2,weekday,0,0,0,0,0,0,0,0,0,0
4174,UK,45-49,Adult,White,6,weekend,0,0,0,0,0,0,0,0,0,0
4175,UK,45-49,Adult,White,3,weekday,0,0,0,0,0,0,0,0,0,0
4176,UK,45-49,Adult,White,6,weekend,0,0,0,0,0,0,0,0,0,0
4177,UK,60-64,Adult,White,7,weekend,0,0,0,0,0,0,0,0,0,0
4178,UK,60-64,Adult,White,Retired,weekend,0,0,0,0,0,0,0,0,0,0
4179,UK,45-49,Adult,White,1,weekday,6,0,0,0,0,0,0,4,2,0
4180,UK,50-54,Adult,White,1,weekend,3,0,0,0,0,0,0,1,1,1
4181,UK,65-69,Adult,White,Unknown,weekday,0,0,0,0,0,0,0,0,0,0
4182,UK,45-49,Adult,Black,Unemployed,weekday,0,0,0,0,0,0,0,0,0,0
4183,UK,45-49,Adult,Black,2,weekday,37,0,20,5,0,0,0,5,5,2
4184,UK,45-49,Adult,White,1,weekend,0,0,0,0,0,0,0,0,0,0
4185,UK,60-64,Adult,White,1,weekday,0,0,0,0,0,0,0,0,0,0
4186,UK,50-54,Adult,Asian,6,weekday,1,0,0,0,0,0,0,0,0,1
4187,UK,45-49,Adult,White,1,weekday,0,0,0,0,0,0,0,0,0,0
4188,UK,50-54,Adult,White,Unemployed,weekend,0,0,0,0,0,0,0,0,0,0
4189,UK,50-54,Adult,White,Unemployed,weekday,0,0,0,0,0,0,0,0,0,0
4190,UK,55-59,Adult,White,Retired,weekday,0,0,0,0,0,0,0,0,0,0
4191,UK,60-64,Adult,White,Retired,weekday,0,0,0,0,0,0,0,0,0,0
4192,UK,60-64,Adult,White,Retired,weekend,0,0,0,0,0,0,0,0,0,0
4193,UK,65-69,Adult,White,Retired,weekday,0,0,0,0,0,0,0,0,0,0
4194,UK,50-54,Adult,White,Unemployed,weekend,3,0,0,0,0,0,0,3,0,0
4195,UK,50-54,Adult,White,1,weekday,1,0,0,0,0,0,0,0,1,0
4196,UK,65-69,Adult,White,Retired,weekday,0,0,0,0,0,0,0,0,0,0
4197,UK,70-74,Adult,White,Retired,weekday,1,0,0,0,0,0,0,0,1,0
4198,UK,50-54,Adult,White,4,weekday,0,0,0,0,0,0,0,0,0,0
4199,UK,60-64,Adult,White,Unemployed,weekend,0,0,0,0,0,0,0,0,0,0
4200,UK,55-59,Adult,White,2,weekend,0,0,0,0,0,0,0,0,0,0
4201,UK,65-69,Adult,White,Retired,weekday,0,0,0,0,0,0,0,0,0,0
4202,UK,55-59,Adult,White,3,weekday,0,0,0,0,0,0,0,0,0,0
4203,UK,55-59,Adult,White,Unemployed,weekday,2,0,0,0,0,0,0,0,2,0
4204,UK,60-64,Adult,White,6,weekend,5,0,0,0,0,0,0,2,3,0
4205,UK,55-59,Adult,White,1,weekday,12,0,0,0,0,0,0,0,12,0
4206,UK,70-74,Adult,White,Retired,weekday,0,0,0,0,0,0,0,0,0,0
4207,UK,60-64,Adult,White,Retired,weekday,0,0,0,0,0,0,0,0,0,0
4208,UK,60-64,Adult,White,Unemployed,weekday,0,0,0,0,0,0,0,0,0,0
4209,UK,65-69,Adult,White,Retired,weekday,0,0,0,0,0,0,0,0,0,0
4210,UK,60-64,Adult,White,7,weekday,0,0,0,0,0,0,0,0,0,0
4211,UK,75+,Adult,White,Retired,weekday,3,0,0,0,0,0,0,0,2,1
4212,UK,55-59,Adult,White,2,weekday,0,0,0,0,0,0,0,0,0,0
4213,UK,65-69,Adult,White,Retired,weekday,1,0,0,0,0,0,0,0,1,0
4214,UK,60-64,Adult,White,Retired,weekday,3,0,0,0,0,0,0,3,0,0
4215,UK,70-74,Adult,White,Retired,weekday,0,0,0,0,0,0,0,0,0,0
4216,UK,75+,Adult,White,Retired,weekend,0,0,0,0,0,0,0,0,0,0
4217,UK,55-59,Adult,Other,1,weekday,0,0,0,0,0,0,0,0,0,0
4218,UK,55-59,Adult,White,1,weekday,0,0,0,0,0,0,0,0,0,0
4219,UK,60-64,Adult,White,Retired,weekday,0,0,0,0,0,0,0,0,0,0
4220,UK,60-64,Adult,White,Unknown,weekday,0,0,0,0,0,0,0,0,0,0
4221,UK,60-64,Adult,White,Unemployed,weekend,0,0,0,0,0,0,0,0,0,0
4222,UK,60-64,Adult,White,Retired,weekday,0,0,0,0,0,0,0,0,0,0
4223,UK,40-44,Adult,White,3,weekday,0,0,0,0,0,0,0,0,0,0
4224,UK,75+,Adult,White,5,weekday,0,0,0,0,0,0,0,0,0,0
4225,UK,60-64,Adult,White,7,weekday,110,0,0,0,0,0,0,10,20,80
4226,UK,75+,Adult,White,Retired,weekend,0,0,0,0,0,0,0,0,0,0
4227,UK,75+,Adult,White,Retired,weekend,0,0,0,0,0,0,0,0,0,0
4228,UK,60-64,Adult,White,1,weekend,0,0,0,0,0,0,0,0,0,0
4229,UK,60-64,Adult,White,Unemployed,weekday,0,0,0,0,0,0,0,0,0,0
4230,UK,25-29,Adult,Black,1,weekday,0,0,0,0,0,0,0,0,0,0
4231,UK,30-34,Adult,White,3,weekday,0,0,0,0,0,0,0,0,0,0
4232,UK,35-39,Adult,White,1,weekend,0,0,0,0,0,0,0,0,0,0
4233,UK,50-54,Adult,White,1,weekday,0,0,0,0,0,0,0,0,0,0
4234,UK,45-49,Adult,White,3,weekday,13,0,0,0,0,0,0,2,10,1
4235,UK,25-29,Adult,White,Unemployed,weekday,0,0,0,0,0,0,0,0,0,0
4236,UK,50-54,Adult,White,1,weekday,0,0,0,0,0,0,0,0,0,0
4237,UK,20-24,Adult,Asian,6,weekday,0,0,0,0,0,0,0,0,0,0
4238,UK,25-29,Adult,Asian,6,weekday,3,0,0,0,0,0,0,0,3,0
4239,UK,30-34,Adult,White,7,weekday,2,0,0,0,0,0,0,0,1,1
4240,UK,45-49,Adult,White,4,weekday,0,0,0,0,0,0,0,0,0,0
4241,UK,35-39,Adult,Mixed,3,weekday,0,0,0,0,0,0,0,0,0,0
4242,UK,25-29,Adult,White,3,weekday,9,0,0,0,0,0,0,0,9,0
4243,UK,50-54,Adult,White,Unemployed,weekday,0,0,0,0,0,0,0,0,0,0
4244,UK,25-29,Adult,White,1,weekday,0,0,0,0,0,0,0,0,0,0
4245,UK,35-39,Adult,White,1,weekday,0,0,0,0,0,0,0,0,0,0
4246,UK,15-19,Adult,Black,6,weekday,0,0,0,0,0,0,0,0,0,0
4247,UK,35-39,Adult,White,2,weekday,0,0,0,0,0,0,0,0,0,0
4248,UK,30-34,Adult,Black,2,weekend,0,0,0,0,0,0,0,0,0,0
4249,UK,30-34,Adult,White,1,weekend,0,0,0,0,0,0,0,0,0,0
4250,UK,50-54,Adult,Asian,1,weekday,7,0,0,0,0,0,0,0,7,0
4251,UK,25-29,Adult,White,2,weekday,40,0,0,0,0,0,0,0,20,20
4252,UK,55-59,Adult,White,4,weekday,0,0,0,0,0,0,0,0,0,0
4253,UK,15-19,Adult,Mixed,2,weekend,0,0,0,0,0,0,0,0,0,0
4254,UK,20-24,Adult,White,3,weekday,0,0,0,0,0,0,0,0,0,0
4255,UK,30-34,Adult,Asian,6,weekday,2,0,0,0,0,0,0,0,2,0
4256,UK,25-29,Adult,White,1,weekday,15,0,0,0,0,0,0,0,15,0
4257,UK,25-29,Adult,White,2,weekday,0,0,0,0,0,0,0,0,0,0
4258,UK,50-54,Adult,White,Unemployed,weekday,0,0,0,0,0,0,0,0,0,0
4259,UK,25-29,Adult,Black,2,weekday,23,0,0,0,0,0,0,0,19,4
4260,UK,35-39,Adult,White,2,weekday,0,0,0,0,0,0,0,0,0,0
4261,UK,20-24,Adult,White,Unknown,weekday,4,0,0,0,0,0,0,0,3,1
4262,UK,35-39,Adult,White,7,weekend,0,0,0,0,0,0,0,0,0,0
4263,UK,50-54,Adult,Black,1,weekday,0,0,0,0,0,0,0,0,0,0
4264,UK,50-54,Adult,White,1,weekday,0,0,0,0,0,0,0,0,0,0
4265,UK,30-34,Adult,White,Unemployed,weekday,3,0,0,0,0,0,0,2,1,0
4266,UK,40-44,Adult,White,2,weekday,0,0,0,0,0,0,0,0,0,0
4267,UK,25-29,Adult,Black,2,weekend,0,0,0,0,0,0,0,0,0,0
4268,UK,35-39,Adult,White,4,weekday,4,0,0,0,0,0,0,1,3,0
4269,UK,40-44,Adult,Black,2,weekday,0,0,0,0,0,0,0,0,0,0
4270,UK,40-44,Adult,White,3,weekday,0,0,0,0,0,0,0,0,0,0
4271,UK,30-34,Adult,Asian,2,weekday,10,0,0,0,0,0,0,2,6,2
4272,UK,30-34,Adult,White,7,weekday,3,0,0,0,0,0,0,2,1,0
4273,UK,40-44,Adult,White,1,weekday,0,0,0,0,0,0,0,0,0,0
4274,UK,40-44,Adult,White,2,weekday,0,0,0,0,0,0,0,0,0,0
4275,UK,40-44,Adult,White,5,weekday,0,0,0,0,0,0,0,0,0,0
4276,UK,15-19,Adult,White,Unemployed,weekend,3,0,0,0,0,0,0,1,2,0
4277,UK,35-39,Adult,Asian,1,weekday,0,0,0,0,0,0,0,0,0,0
4278,UK,70-74,Adult,White,4,weekday,0,0,0,0,0,0,0,0,0,0
4279,UK,40-44,Adult,White,7,weekday,1,0,0,0,0,0,0,0,1,0
4280,UK,35-39,Adult,White,Unknown,weekday,0,0,0,0,0,0,0,0,0,0
4281,UK,35-39,Adult,Black,7,weekday,12,0,6,0,0,4,0,0,2,0
4282,UK,25-29,Adult,White,5,weekday,0,0,0,0,0,0,0,0,0,0
4283,UK,30-34,Adult,White,4,weekday,2,0,0,0,0,0,0,1,1,0
4284,UK,45-49,Adult,White,6,weekday,2,0,0,0,0,0,0,2,0,0
4285,UK,30-34,Adult,White,1,weekday,0,0,0,0,0,0,0,0,0,0
4286,UK,15-19,Adult,White,Unemployed,weekday,3,0,0,0,0,0,0,0,2,1
4287,UK,20-24,Adult,Other,Student,weekday,10,0,0,0,0,0,0,2,1,7
4288,UK,25-29,Adult,White,3,weekend,8,0,0,0,0,0,0,3,5,0
4289,UK,20-24,Adult,White,6,weekend,10,0,0,0,0,0,0,3,7,0
4290,UK,30-34,Adult,White,1,weekday,4,0,0,0,0,0,0,2,2,0
4291,UK,45-49,Adult,White,Unemployed,weekday,0,0,0,0,0,0,0,0,0,0
4292,UK,40-44,Adult,White,1,weekday,4,0,0,0,0,0,0,2,2,0
4293,UK,25-29,Adult,Asian,3,weekday,2,0,0,0,0,0,0,0,2,0
4294,UK,30-34,Adult,White,2,weekday,0,0,0,0,0,0,0,0,0,0
4295,UK,35-39,Adult,White,7,weekend,0,0,0,0,0,0,0,0,0,0
4296,UK,35-39,Adult,White,6,weekday,0,0,0,0,0,0,0,0,0,0
4297,UK,40-44,Adult,White,2,weekday,0,0,0,0,0,0,0,0,0,0
4298,UK,20-24,Adult,Asian,Student,weekday,7,0,0,0,0,0,0,0,5,2
4299,UK,25-29,Adult,Asian,6,weekend,0,0,0,0,0,0,0,0,0,0
4300,UK,50-54,Adult,White,2,weekday,100,0,0,0,100,0,0,0,0,0
4301,UK,35-39,Adult,Asian,2,weekend,3,0,0,0,0,0,0,1,1,1
4302,UK,50-54,Adult,White,Unemployed,weekday,0,0,0,0,0,0,0,0,0,0
4303,UK,40-44,Adult,White,3,weekend,0,0,0,0,0,0,0,0,0,0
4304,UK,25-29,Adult,Black,1,weekend,14,0,0,0,0,0,0,3,10,1
4305,UK,40-44,Adult,White,2,weekday,0,0,0,0,0,0,0,0,0,0
4306,UK,30-34,Adult,Black,2,weekday,9,0,0,0,0,0,0,3,3,3
4307,UK,35-39,Adult,White,1,weekday,0,0,0,0,0,0,0,0,0,0
4308,UK,40-44,Adult,White,3,weekday,1,0,0,0,0,0,0,0,1,0
4309,UK,25-29,Adult,Black,3,weekday,9,0,0,0,0,0,0,5,2,2
4310,UK,25-29,Adult,Black,1,weekday,0,0,0,0,0,0,0,0,0,0
4311,UK,45-49,Adult,White,Unemployed,weekday,0,0,0,0,0,0,0,0,0,0
4312,UK,30-34,Adult,Black,Unemployed,weekday,0,0,0,0,0,0,0,0,0,0
4313,UK,15-19,Adult,White,3,weekday,4,0,0,0,0,0,0,1,2,1
4314,UK,65-69,Adult,White,Retired,weekday,0,0,0,0,0,0,0,0,0,0
4315,UK,75+,Adult,White,Retired,weekday,0,0,0,0,0,0,0,0,0,0
4316,UK,30-34,Adult,Asian,1,weekday,4,0,0,0,0,0,0,2,2,0
4317,UK,30-34,Adult,White,Unemployed,weekday,0,0,0,0,0,0,0,0,0,0
4318,UK,40-44,Adult,White,1,weekday,0,0,0,0,0,0,0,0,0,0
4319,UK,30-34,Adult,Black,1,weekday,1,0,0,0,0,0,0,0,1,0
4320,UK,25-29,Adult,White,2,weekday,0,0,0,0,0,0,0,0,0,0
4321,UK,50-54,Adult,White,Retired,weekday,0,0,0,0,0,0,0,0,0,0
4322,UK,35-39,Adult,Asian,2,weekday,0,0,0,0,0,0,0,0,0,0
4323,UK,40-44,Adult,White,3,weekday,0,0,0,0,0,0,0,0,0,0
4324,UK,35-39,Adult,White,1,weekday,0,0,0,0,0,0,0,0,0,0
4325,UK,25-29,Adult,White,Unknown,weekday,0,0,0,0,0,0,0,0,0,0
4326,UK,25-29,Adult,White,1,weekday,0,0,0,0,0,0,0,0,0,0
4327,UK,25-29,Adult,White,1,weekday,0,0,0,0,0,0,0,0,0,0
4328,UK,30-34,Adult,White,1,weekend,5,0,0,0,0,0,0,0,5,0
4329,UK,35-39,Adult,White,Unemployed,weekday,0,0,0,0,0,0,0,0,0,0
4330,UK,35-39,Adult,Asian,Unemployed,weekday,12,0,0,0,1,6,1,1,1,2
4331,UK,35-39,Adult,Black,5,weekday,3,0,0,0,0,0,0,1,1,1
4332,UK,20-24,Adult,White,6,weekday,0,0,0,0,0,0,0,0,0,0
4333,UK,30-34,Adult,White,Unemployed,weekday,0,0,0,0,0,0,0,0,0,0
4334,UK,20-24,Adult,White,6,weekday,1,0,0,0,0,0,0,0,1,0
4335,UK,35-39,Adult,Asian,6,weekday,3,0,0,0,0,0,0,2,1,0
4336,UK,40-44,Adult,White,7,weekend,0,0,0,0,0,0,0,0,0,0
4337,UK,30-34,Adult,White,5,weekday,0,0,0,0,0,0,0,0,0,0
4338,UK,25-29,Adult,Black,1,weekday,3,0,0,0,0,0,0,2,1,0
4339,UK,40-44,Adult,White,2,weekday,3,0,0,0,0,0,0,0,3,0
4340,UK,20-24,Adult,Asian,Unemployed,weekday,2,0,0,0,0,0,0,0,1,1
4341,UK,45-49,Adult,White,3,weekday,1,0,0,0,0,0,0,1,0,0
4342,UK,35-39,Adult,White,5,weekend,0,0,0,0,0,0,0,0,0,0
4343,UK,50-54,Adult,White,7,weekend,0,0,0,0,0,0,0,0,0,0
4344,UK,35-39,Adult,White,Unemployed,weekday,15,0,0,0,0,0,0,10,5,0
4345,UK,50-54,Adult,White,Unknown,weekday,0,0,0,0,0,0,0,0,0,0
4346,UK,45-49,Adult,White,2,weekday,36,0,0,0,15,3,0,15,3,0
4347,UK,35-39,Adult,White,2,weekday,0,0,0,0,0,0,0,0,0,0
4348,UK,15-19,Adult,White,6,weekday,0,0,0,0,0,0,0,0,0,0
4349,UK,40-44,Adult,Black,1,weekday,0,0,0,0,0,0,0,0,0,0
4350,UK,50-54,Adult,White,Unemployed,weekday,2,0,0,0,0,0,0,0,1,1
4351,UK,30-34,Adult,White,1,weekday,0,0,0,0,0,0,0,0,0,0
4352,UK,35-39,Adult,White,Unemployed,weekday,0,0,0,0,0,0,0,0,0,0
4353,UK,25-29,Adult,Black,3,weekday,0,0,0,0,0,0,0,0,0,0
4354,UK,15-19,Adult,White,2,weekday,4,0,0,0,0,0,0,2,2,0
4355,UK,40-44,Adult,White,3,weekday,10,0,0,0,10,0,0,0,0,0
4356,UK,40-44,Adult,White,6,weekday,0,0,0,0,0,0,0,0,0,0
4357,UK,30-34,Adult,White,1,weekday,0,0,0,0,0,0,0,0,0,0
4358,UK,30-34,Adult,White,7,weekday,0,0,0,0,0,0,0,0,0,0
4359,UK,25-29,Adult,White,6,weekday,5,0,0,0,0,0,0,1,4,0
4360,UK,40-44,Adult,White,2,weekday,0,0,0,0,0,0,0,0,0,0
4361,UK,55-59,Adult,White,1,weekday,0,0,0,0,0,0,0,0,0,0
4362,UK,40-44,Adult,White,3,weekday,0,0,0,0,0,0,0,0,0,0
4363,UK,35-39,Adult,White,2,weekday,0,0,0,0,0,0,0,0,0,0
4364,UK,25-29,Adult,White,2,weekday,0,0,0,0,0,0,0,0,0,0
4365,UK,45-49,Adult,White,5,weekday,15,0,5,0,0,0,0,0,5,5
4366,UK,35-39,Adult,Black,1,weekday,0,0,0,0,0,0,0,0,0,0
4367,UK,35-39,Adult,White,4,weekday,0,0,0,0,0,0,0,0,0,0
4368,UK,20-24,Adult,Black,3,weekday,2,0,0,0,0,0,0,2,0,0
4369,UK,45-49,Adult,Asian,2,weekday,0,0,0,0,0,0,0,0,0,0
4370,UK,25-29,Adult,White,1,weekday,0,0,0,0,0,0,0,0,0,0
4371,UK,35-39,Adult,Asian,3,weekday,0,0,0,0,0,0,0,0,0,0
4372,UK,20-24,Adult,White,Unemployed,weekend,0,0,0,0,0,0,0,0,0,0
4373,UK,25-29,Adult,White,6,weekday,19,0,0,0,0,0,0,8,6,5
4374,UK,35-39,Adult,Asian,2,weekday,0,0,0,0,0,0,0,0,0,0
4375,UK,60-64,Adult,White,6,weekday,0,0,0,0,0,0,0,0,0,0
4376,UK,50-54,Adult,White,Unemployed,weekday,3,0,0,0,0,0,0,2,1,0
4377,UK,40-44,Adult,White,2,weekday,0,0,0,0,0,0,0,0,0,0
4378,UK,40-44,Adult,White,2,weekend,300,0,0,0,0,0,0,100,100,100
4379,UK,30-34,Adult,Asian,1,weekday,8,0,0,0,0,0,0,3,3,2
4380,UK,70-74,Adult,White,Retired,weekday,0,0,0,0,0,0,0,0,0,0
4381,UK,30-34,Adult,Other,3,weekday,0,0,0,0,0,0,0,0,0,0
4382,UK,15-19,Adult,Mixed,1,weekday,0,0,0,0,0,0,0,0,0,0
4383,UK,25-29,Adult,Black,1,weekday,11,0,0,0,0,0,0,1,10,0
4384,UK,25-29,Adult,White,Unemployed,weekend,3,0,0,0,0,0,0,1,2,0
4385,UK,35-39,Adult,White,2,weekday,0,0,0,0,0,0,0,0,0,0
4386,UK,40-44,Adult,White,6,weekday,0,0,0,0,0,0,0,0,0,0
4387,UK,50-54,Adult,White,2,weekday,0,0,0,0,0,0,0,0,0,0
4388,UK,55-59,Adult,White,Unknown,weekend,0,0,0,0,0,0,0,0,0,0
4389,UK,30-34,Adult,White,7,weekday,5,0,0,0,0,0,0,0,5,0
4390,UK,20-24,Adult,Mixed,2,weekday,3,0,0,0,0,0,0,1,2,0
4391,UK,25-29,Adult,White,1,weekday,1,0,0,0,0,0,0,0,1,0
4392,UK,40-44,Adult,White,2,weekday,0,0,0,0,0,0,0,0,0,0
4393,UK,20-24,Adult,White,3,weekend,3,0,0,0,0,0,0,1,1,1
4394,UK,35-39,Adult,Asian,1,weekend,0,0,0,0,0,0,0,0,0,0
4395,UK,35-39,Adult,White,6,weekend,0,0,0,0,0,0,0,0,0,0
4396,UK,25-29,Adult,Black,1,weekday,34,0,0,0,0,0,0,4,20,10
4397,UK,25-29,Adult,White,1,weekend,0,0,0,0,0,0,0,0,0,0
4398,UK,40-44,Adult,White,3,weekday,0,0,0,0,0,0,0,0,0,0
4399,UK,50-54,Adult,White,6,weekend,0,0,0,0,0,0,0,0,0,0
4400,UK,15-19,Adult,White,Unemployed,weekday,0,0,0,0,0,0,0,0,0,0
4401,UK,20-24,Adult,White,Student,weekday,4,0,0,0,0,0,0,0,4,0
4402,UK,35-39,Adult,White,Unemployed,weekday,0,0,0,0,0,0,0,0,0,0
4403,UK,40-44,Adult,White,3,weekend,0,0,0,0,0,0,0,0,0,0
4404,UK,15-19,Adult,White,7,weekday,36,0,0,0,10,8,0,10,8,0
4405,UK,35-39,Adult,White,2,weekday,3,0,0,0,0,0,0,2,1,0
4406,UK,35-39,Adult,White,1,weekday,4,0,0,0,0,0,0,2,2,0
4407,UK,35-39,Adult,White,1,weekday,5,0,0,0,0,0,0,2,2,1
4408,UK,25-29,Adult,White,Unemployed,weekday,0,0,0,0,0,0,0,0,0,0
4409,UK,30-34,Adult,White,Unemployed,weekday,0,0,0,0,0,0,0,0,0,0
4410,UK,35-39,Adult,White,1,weekday,4,0,0,0,0,0,0,2,2,0
4411,UK,25-29,Adult,White,4,weekday,0,0,0,0,0,0,0,0,0,0
4412,UK,40-44,Adult,White,1,weekend,0,0,0,0,0,0,0,0,0,0
4413,UK,25-29,Adult,White,3,weekday,21,0,0,0,0,0,0,15,6,0
4414,UK,45-49,Adult,White,3,weekday,7,0,0,0,0,0,0,3,3,1
4415,UK,25-29,Adult,Black,3,weekday,6,0,0,0,0,0,0,1,5,0
4416,UK,55-59,Adult,White,3,weekday,0,0,0,0,0,0,0,0,0,0
4417,UK,40-44,Adult,White,2,weekday,0,0,0,0,0,0,0,0,0,0
4418,UK,35-39,Adult,White,1,weekday,0,0,0,0,0,0,0,0,0,0
4419,UK,20-24,Adult,Asian,4,weekday,0,0,0,0,0,0,0,0,0,0
4420,UK,35-39,Adult,White,2,weekday,2,0,0,0,0,0,0,2,0,0
4421,UK,30-34,Adult,White,1,weekend,10,0,10,0,0,0,0,0,0,0
4422,UK,25-29,Adult,White,3,weekday,1,0,0,0,0,0,0,1,0,0
4423,UK,45-49,Adult,White,6,weekday,0,0,0,0,0,0,0,0,0,0
4424,UK,20-24,Adult,White,1,weekday,0,0,0,0,0,0,0,0,0,0
4425,UK,50-54,Adult,White,Unemployed,weekday,0,0,0,0,0,0,0,0,0,0
4426,UK,25-29,Adult,White,7,weekday,0,0,0,0,0,0,0,0,0,0
4427,UK,20-24,Adult,Black,Unemployed,weekday,3,0,0,0,0,0,0,0,3,0
4428,UK,20-24,Adult,White,6,weekday,2,0,0,0,2,0,0,0,0,0
4429,UK,30-34,Adult,White,Unemployed,weekend,0,0,0,0,0,0,0,0,0,0
4430,UK,25-29,Adult,White,2,weekday,0,0,0,0,0,0,0,0,0,0
4431,UK,35-39,Adult,White,7,weekday,0,0,0,0,0,0,0,0,0,0
4432,UK,35-39,Adult,White,4,weekend,2,0,0,0,0,0,0,0,2,0
4433,UK,30-34,Adult,White,1,weekday,0,0,0,0,0,0,0,0,0,0
4434,UK,25-29,Adult,White,Unemployed,weekday,4,0,0,0,0,0,0,3,1,0
4435,UK,40-44,Adult,White,6,weekday,0,0,0,0,0,0,0,0,0,0
4436,UK,25-29,Adult,White,3,weekday,1,0,0,0,0,0,0,1,0,0
4437,UK,30-34,Adult,White,6,weekend,0,0,0,0,0,0,0,0,0,0
4438,UK,35-39,Adult,Asian,1,weekend,2,0,0,0,0,0,0,0,2,0
4439,UK,45-49,Adult,White,Student,weekday,0,0,0,0,0,0,0,0,0,0
4440,UK,35-39,Adult,White,3,weekday,7,0,0,0,0,0,0,2,5,0
4441,UK,40-44,Adult,White,2,weekday,0,0,0,0,0,0,0,0,0,0
4442,UK,35-39,Adult,White,3,weekday,2,0,0,0,0,0,0,1,1,0
4443,UK,20-24,Adult,White,Unemployed,weekday,0,0,0,0,0,0,0,0,0,0
4444,UK,25-29,Adult,White,Unemployed,weekday,0,0,0,0,0,0,0,0,0,0
4445,UK,35-39,Adult,Black,6,weekday,2,0,0,0,0,0,0,0,1,1
4446,UK,30-34,Adult,White,2,weekday,10,0,0,0,0,0,0,0,10,0
4447,UK,20-24,Adult,White,6,weekend,0,0,0,0,0,0,0,0,0,0
4448,UK,20-24,Adult,White,2,weekday,0,0,0,0,0,0,0,0,0,0
4449,UK,15-19,Adult,Asian,Student,weekday,0,0,0,0,0,0,0,0,0,0
4450,UK,30-34,Adult,Black,1,weekday,5,0,0,0,0,0,0,2,3,0
4451,UK,15-19,Adult,Mixed,3,weekday,0,0,0,0,0,0,0,0,0,0
4452,UK,30-34,Adult,Black,2,weekday,1,0,0,0,0,0,0,1,0,0
4453,UK,35-39,Adult,White,1,weekday,0,0,0,0,0,0,0,0,0,0
4454,UK,30-34,Adult,White,6,weekend,5,0,0,0,0,0,0,0,5,0
4455,UK,20-24,Adult,White,Student,weekday,22,0,0,0,0,0,0,20,2,0
4456,UK,35-39,Adult,White,7,weekday,0,0,0,0,0,0,0,0,0,0
4457,UK,40-44,Adult,Mixed,2,weekday,0,0,0,0,0,0,0,0,0,0
4458,UK,30-34,Adult,White,6,weekday,190,0,0,0,0,0,0,80,80,30
4459,UK,30-34,Adult,White,1,weekday,0,0,0,0,0,0,0,0,0,0
4460,UK,40-44,Adult,White,2,weekday,30,0,0,0,0,0,0,30,0,0
4461,UK,25-29,Adult,White,1,weekday,0,0,0,0,0,0,0,0,0,0
4462,UK,25-29,Adult,White,2,weekday,0,0,0,0,0,0,0,0,0,0
4463,UK,50-54,Adult,Black,1,weekday,0,0,0,0,0,0,0,0,0,0
4464,UK,55-59,Adult,Other,2,weekday,0,0,0,0,0,0,0,0,0,0
4465,UK,30-34,Adult,White,1,weekend,0,0,0,0,0,0,0,0,0,0
4466,UK,25-29,Adult,White,3,weekday,5,0,0,0,0,0,0,0,5,0
4467,UK,35-39,Adult,White,1,weekday,0,0,0,0,0,0,0,0,0,0
4468,UK,35-39,Adult,White,3,weekday,0,0,0,0,0,0,0,0,0,0
4469,UK,50-54,Adult,White,1,weekday,0,0,0,0,0,0,0,0,0,0
4470,UK,30-34,Adult,White,7,weekday,0,0,0,0,0,0,0,0,0,0
4471,UK,20-24,Adult,White,2,weekend,3,0,0,0,0,0,0,1,2,0
4472,UK,30-34,Adult,White,1,weekday,0,0,0,0,0,0,0,0,0,0
4473,UK,20-24,Adult,White,1,weekday,0,0,0,0,0,0,0,0,0,0
4474,UK,30-34,Adult,White,1,weekday,3,0,0,0,0,0,0,2,1,0
4475,UK,45-49,Adult,White,2,weekday,6,0,0,0,0,0,0,3,3,0
4476,UK,30-34,Adult,White,2,weekday,0,0,0,0,0,0,0,0,0,0
4477,UK,55-59,Adult,White,2,weekend,4,0,0,0,0,0,0,2,1,1
4478,UK,35-39,Adult,White,1,weekday,1,0,0,0,0,0,0,0,0,1
4479,UK,25-29,Adult,White,Unemployed,weekday,0,0,0,0,0,0,0,0,0,0
4480,UK,40-44,Adult,Black,2,weekday,1,0,0,0,0,0,0,0,1,0
4481,UK,20-24,Adult,White,5,weekday,2,0,0,0,0,0,0,0,2,0
4482,UK,30-34,Adult,White,Unemployed,weekday,0,0,0,0,0,0,0,0,0,0
4483,UK,30-34,Adult,White,3,weekday,0,0,0,0,0,0,0,0,0,0
4484,UK,35-39,Adult,White,6,weekday,0,0,0,0,0,0,0,0,0,0
4485,UK,30-34,Adult,White,2,weekday,12,0,0,0,0,0,0,0,9,3
4486,UK,50-54,Adult,White,2,weekend,0,0,0,0,0,0,0,0,0,0
4487,UK,25-29,Adult,Asian,6,weekday,0,0,0,0,0,0,0,0,0,0
4488,UK,50-54,Adult,White,4,weekday,3,0,0,0,0,0,0,0,3,0
4489,UK,50-54,Adult,White,2,weekend,2,0,0,0,0,0,0,0,2,0
4490,UK,15-19,Adult,White,Unemployed,weekday,0,0,0,0,0,0,0,0,0,0
4491,UK,15-19,Adult,White,7,weekday,6,0,0,0,0,0,0,3,3,0
4492,UK,25-29,Adult,White,1,weekday,0,0,0,0,0,0,0,0,0,0
4493,UK,45-49,Adult,White,2,weekday,0,0,0,0,0,0,0,0,0,0
4494,UK,30-34,Adult,White,1,weekday,2,0,0,0,0,0,0,0,2,0
4495,UK,25-29,Adult,Black,2,weekday,2,0,0,0,0,0,0,0,2,0
4496,UK,25-29,Adult,Black,1,weekend,23,0,0,0,0,0,0,0,20,3
4497,UK,30-34,Adult,White,1,weekday,0,0,0,0,0,0,0,0,0,0
4498,UK,15-19,Adult,White,Student,weekday,0,0,0,0,0,0,0,0,0,0
4499,UK,40-44,Adult,White,1,weekday,0,0,0,0,0,0,0,0,0,0
4500,UK,40-44,Adult,Asian,5,weekday,3,0,0,0,0,0,0,2,1,0
4501,UK,35-39,Adult,Black,1,weekday,13,0,0,0,0,0,0,2,7,4
4502,UK,40-44,Adult,White,Unknown,weekday,0,0,0,0,0,0,0,0,0,0
4503,UK,30-34,Adult,White,2,weekday,2,0,0,0,0,0,0,0,2,0
4504,UK,30-34,Adult,White,1,weekday,0,0,0,0,0,0,0,0,0,0
4505,UK,30-34,Adult,White,2,weekday,2,0,0,0,0,0,0,2,0,0
4506,UK,20-24,Adult,Black,Student,weekday,3,0,0,0,0,0,0,0,3,0
4507,UK,25-29,Adult,Asian,3,weekend,2,0,0,0,0,0,0,2,0,0
4508,UK,45-49,Adult,Asian,1,weekend,0,0,0,0,0,0,0,0,0,0
4509,UK,55-59,Adult,Black,7,weekday,0,0,0,0,0,0,0,0,0,0
4510,UK,30-34,Adult,White,Student,weekday,0,0,0,0,0,0,0,0,0,0
4511,UK,40-44,Adult,White,Unemployed,weekday,0,0,0,0,0,0,0,0,0,0
4512,UK,15-19,Adult,White,7,weekend,33,0,0,0,0,0,0,1,30,2
4513,UK,20-24,Adult,Black,2,weekday,0,0,0,0,0,0,0,0,0,0
4514,UK,35-39,Adult,Mixed,1,weekday,0,0,0,0,0,0,0,0,0,0
4515,UK,35-39,Adult,White,1,weekday,0,0,0,0,0,0,0,0,0,0
4516,UK,25-29,Adult,White,4,weekday,20,0,0,0,0,0,0,2,13,5
4517,UK,25-29,Adult,White,2,weekday,0,0,0,0,0,0,0,0,0,0
4518,UK,15-19,Adult,White,7,weekday,0,0,0,0,0,0,0,0,0,0
4519,UK,35-39,Adult,White,3,weekday,3,0,0,0,0,0,0,2,1,0
4520,UK,15-19,Adult,Black,7,weekday,5,3,1,1,0,0,0,0,0,0
4521,UK,65-69,Adult,White,6,weekday,0,0,0,0,0,0,0,0,0,0
4522,UK,40-44,Adult,Asian,3,weekend,14,0,0,0,0,0,0,0,12,2
4523,UK,20-24,Adult,Black,Student,weekday,0,0,0,0,0,0,0,0,0,0
4524,UK,25-29,Adult,Asian,1,weekday,0,0,0,0,0,0,0,0,0,0
4525,UK,40-44,Adult,White,Unknown,weekday,0,0,0,0,0,0,0,0,0,0
4526,UK,35-39,Adult,White,2,weekday,19,0,0,0,15,2,0,0,2,0
4527,UK,15-19,Adult,Asian,Student,weekday,0,0,0,0,0,0,0,0,0,0
4528,UK,25-29,Adult,White,1,weekday,0,0,0,0,0,0,0,0,0,0
4529,UK,20-24,Adult,Black,1,weekend,0,0,0,0,0,0,0,0,0,0
4530,UK,20-24,Adult,White,3,weekday,14,0,0,0,0,0,0,1,10,3
4531,UK,20-24,Adult,Asian,2,weekday,0,0,0,0,0,0,0,0,0,0
4532,UK,30-34,Adult,White,Unemployed,weekday,0,0,0,0,0,0,0,0,0,0
4533,UK,40-44,Adult,White,1,weekday,0,0,0,0,0,0,0,0,0,0
4534,UK,40-44,Adult,Asian,Unknown,weekday,0,0,0,0,0,0,0,0,0,0
4535,UK,25-29,Adult,White,2,weekday,32,0,10,2,0,0,0,0,20,0
4536,UK,35-39,Adult,White,2,weekday,1,0,0,0,0,0,0,0,1,0
4537,UK,45-49,Adult,White,6,weekday,0,0,0,0,0,0,0,0,0,0
4538,UK,50-54,Adult,White,Unemployed,weekday,0,0,0,0,0,0,0,0,0,0
4539,UK,35-39,Adult,Black,Unknown,weekday,0,0,0,0,0,0,0,0,0,0
4540,UK,20-24,Adult,White,3,weekday,1,0,0,0,0,0,0,0,1,0
4541,UK,35-39,Adult,White,1,weekday,0,0,0,0,0,0,0,0,0,0
4542,UK,50-54,Adult,White,3,weekday,0,0,0,0,0,0,0,0,0,0
4543,UK,20-24,Adult,White,3,weekday,110,0,0,0,0,0,0,100,10,0
4544,UK,35-39,Adult,White,7,weekday,110,0,0,0,0,0,0,0,100,10
4545,UK,15-19,Adult,Mixed,Unemployed,weekday,5,0,0,0,0,0,0,3,1,1
4546,UK,30-34,Adult,White,2,weekday,6,0,0,0,0,0,0,1,2,3
4547,UK,40-44,Adult,White,1,weekday,0,0,0,0,0,0,0,0,0,0
4548,UK,20-24,Adult,Asian,6,weekend,0,0,0,0,0,0,0,0,0,0
4549,UK,20-24,Adult,White,1,weekday,16,0,0,0,0,0,0,10,2,4
4550,UK,35-39,Adult,White,4,weekday,0,0,0,0,0,0,0,0,0,0
4551,UK,75+,Adult,White,Retired,weekday,0,0,0,0,0,0,0,0,0,0
4552,UK,45-49,Adult,White,1,weekday,0,0,0,0,0,0,0,0,0,0
4553,UK,40-44,Adult,White,2,weekday,0,0,0,0,0,0,0,0,0,0
4554,UK,20-24,Adult,Asian,Unknown,weekday,0,0,0,0,0,0,0,0,0,0
4555,UK,60-64,Adult,Black,2,weekday,0,0,0,0,0,0,0,0,0,0
4556,UK,30-34,Adult,White,Unemployed,weekday,0,0,0,0,0,0,0,0,0,0
4557,UK,20-24,Adult,Asian,6,weekend,15,0,0,0,0,0,0,0,4,11
4558,UK,45-49,Adult,White,1,weekday,0,0,0,0,0,0,0,0,0,0
4559,UK,50-54,Adult,White,3,weekday,0,0,0,0,0,0,0,0,0,0
4560,UK,50-54,Adult,Black,5,weekday,0,0,0,0,0,0,0,0,0,0
4561,UK,20-24,Adult,White,5,weekday,0,0,0,0,0,0,0,0,0,0
4562,UK,20-24,Adult,White,6,weekday,0,0,0,0,0,0,0,0,0,0
4563,UK,20-24,Adult,Black,Student,weekday,0,0,0,0,0,0,0,0,0,0
4564,UK,20-24,Adult,White,6,weekday,0,0,0,0,0,0,0,0,0,0
4565,UK,15-19,Adult,Asian,Unknown,weekday,0,0,0,0,0,0,0,0,0,0
4566,UK,50-54,Adult,White,1,weekday,0,0,0,0,0,0,0,0,0,0
4567,UK,15-19,Adult,White,3,weekday,0,0,0,0,0,0,0,0,0,0
4568,UK,15-19,Adult,Black,Student,weekend,2,0,0,0,0,0,0,0,2,0
4569,UK,55-59,Adult,White,2,weekday,0,0,0,0,0,0,0,0,0,0
4570,UK,45-49,Adult,White,Unemployed,weekday,1,0,0,0,0,0,0,1,0,0
4571,UK,20-24,Adult,White,Unknown,weekend,4,0,0,0,0,0,0,0,4,0
4572,UK,20-24,Adult,White,4,weekday,0,0,0,0,0,0,0,0,0,0
4573,UK,15-19,Adult,White,Unemployed,weekend,10,0,0,0,0,0,0,0,10,0
4574,UK,65-69,Adult,White,Retired,weekday,1,0,0,0,0,0,0,0,1,0
4575,UK,20-24,Adult,White,Unknown,weekday,0,0,0,0,0,0,0,0,0,0
4576,UK,20-24,Adult,White,Unemployed,weekday,0,0,0,0,0,0,0,0,0,0
4577,UK,50-54,Adult,White,3,weekday,0,0,0,0,0,0,0,0,0,0
4578,UK,60-64,Adult,White,Unemployed,weekend,0,0,0,0,0,0,0,0,0,0
4579,UK,20-24,Adult,White,4,weekday,2,0,0,0,0,0,0,0,2,0
4580,UK,50-54,Adult,White,Unemployed,weekday,0,0,0,0,0,0,0,0,0,0
4581,UK,65-69,Adult,White,2,weekend,0,0,0,0,0,0,0,0,0,0
4582,UK,55-59,Adult,White,5,weekend,8,0,0,0,0,0,0,2,5,1
4583,UK,50-54,Adult,White,4,weekday,2,0,0,0,0,0,0,1,1,0
4584,UK,55-59,Adult,Asian,7,weekday,0,0,0,0,0,0,0,0,0,0
4585,UK,50-54,Adult,White,Unemployed,weekday,0,0,0,0,0,0,0,0,0,0
4586,UK,60-64,Adult,White,3,weekday,3,0,0,0,0,0,0,0,3,0
4587,UK,55-59,Adult,White,Unemployed,weekday,0,0,0,0,0,0,0,0,0,0
4588,UK,45-49,Adult,White,2,weekday,0,0,0,0,0,0,0,0,0,0
4589,UK,50-54,Adult,White,7,weekday,0,0,0,0,0,0,0,0,0,0
4590,UK,60-64,Adult,White,7,weekend,1,0,0,0,0,0,0,0,1,0
4591,UK,55-59,Adult,White,1,weekday,0,0,0,0,0,0,0,0,0,0
4592,UK,45-49,Adult,Black,Unknown,weekday,3,0,0,0,0,0,0,2,1,0
4593,UK,45-49,Adult,White,1,weekday,7,0,0,0,0,0,0,5,1,1
4594,UK,60-64,Adult,White,Retired,weekday,0,0,0,0,0,0,0,0,0,0
4595,UK,45-49,Adult,White,7,weekday,0,0,0,0,0,0,0,0,0,0
4596,UK,45-49,Adult,White,Unemployed,weekday,0,0,0,0,0,0,0,0,0,0
4597,UK,75+,Adult,White,Retired,weekday,0,0,0,0,0,0,0,0,0,0
4598,UK,45-49,Adult,Asian,3,weekend,0,0,0,0,0,0,0,0,0,0
4599,UK,50-54,Adult,White,6,weekday,0,0,0,0,0,0,0,0,0,0
4600,UK,45-49,Adult,White,3,weekday,0,0,0,0,0,0,0,0,0,0
4601,UK,65-69,Adult,White,6,weekend,3,0,0,0,0,0,0,2,0,1
4602,UK,45-49,Adult,White,1,weekday,27,0,0,0,0,0,0,2,20,5
4603,UK,55-59,Adult,White,1,weekday,0,0,0,0,0,0,0,0,0,0
4604,UK,60-64,Adult,White,Unemployed,weekend,0,0,0,0,0,0,0,0,0,0
4605,UK,50-54,Adult,White,6,weekday,6,0,0,0,0,0,0,1,4,1
4606,UK,50-54,Adult,White,6,weekend,0,0,0,0,0,0,0,0,0,0
4607,UK,75+,Adult,White,Retired,weekday,6,0,0,0,0,0,0,0,0,6
4608,UK,50-54,Adult,White,Unemployed,weekday,0,0,0,0,0,0,0,0,0,0
4609,UK,45-49,Adult,White,2,weekday,0,0,0,0,0,0,0,0,0,0
4610,UK,60-64,Adult,White,1,weekday,0,0,0,0,0,0,0,0,0,0
4611,UK,55-59,Adult,White,2,weekday,0,0,0,0,0,0,0,0,0,0
4612,UK,55-59,Adult,White,1,weekday,0,0,0,0,0,0,0,0,0,0
4613,UK,60-64,Adult,White,Unemployed,weekday,0,0,0,0,0,0,0,0,0,0
4614,UK,45-49,Adult,White,6,weekday,0,0,0,0,0,0,0,0,0,0
4615,UK,45-49,Adult,Asian,7,weekday,2,0,0,0,0,0,0,0,1,1
4616,UK,60-64,Adult,White,Unemployed,weekday,0,0,0,0,0,0,0,0,0,0
4617,UK,55-59,Adult,White,2,weekday,0,0,0,0,0,0,0,0,0,0
4618,UK,50-54,Adult,White,Unemployed,weekday,0,0,0,0,0,0,0,0,0,0
4619,UK,45-49,Adult,White,3,weekday,7,0,0,0,0,0,0,0,7,0
4620,UK,60-64,Adult,White,2,weekday,0,0,0,0,0,0,0,0,0,0
4621,UK,65-69,Adult,White,Unknown,weekday,4,0,0,0,0,0,0,0,3,1
4622,UK,50-54,Adult,White,Unemployed,weekday,0,0,0,0,0,0,0,0,0,0
4623,UK,50-54,Adult,Asian,Unemployed,weekday,0,0,0,0,0,0,0,0,0,0
4624,UK,45-49,Adult,White,2,weekday,0,0,0,0,0,0,0,0,0,0
4625,UK,55-59,Adult,White,Unemployed,weekday,0,0,0,0,0,0,0,0,0,0
4626,UK,45-49,Adult,White,2,weekday,0,0,0,0,0,0,0,0,0,0
4627,UK,55-59,Adult,White,Unemployed,weekday,0,0,0,0,0,0,0,0,0,0
4628,UK,60-64,Adult,White,1,weekday,0,0,0,0,0,0,0,0,0,0
4629,UK,50-54,Adult,White,4,weekday,0,0,0,0,0,0,0,0,0,0
4630,UK,65-69,Adult,White,Retired,weekday,0,0,0,0,0,0,0,0,0,0
4631,UK,45-49,Adult,White,2,weekday,0,0,0,0,0,0,0,0,0,0
4632,UK,60-64,Adult,White,5,weekday,5,0,0,0,0,0,0,0,3,2
4633,UK,60-64,Adult,White,Unemployed,weekday,0,0,0,0,0,0,0,0,0,0
4634,UK,50-54,Adult,White,3,weekday,0,0,0,0,0,0,0,0,0,0
4635,UK,50-54,Adult,White,2,weekday,0,0,0,0,0,0,0,0,0,0
4636,UK,55-59,Adult,White,Unknown,weekday,1,0,0,0,0,0,0,0,1,0
4637,UK,65-69,Adult,White,5,weekday,0,0,0,0,0,0,0,0,0,0
4638,UK,45-49,Adult,White,1,weekday,0,0,0,0,0,0,0,0,0,0
4639,UK,45-49,Adult,Asian,1,weekday,110,10,20,5,5,10,20,5,15,20
4640,UK,50-54,Adult,White,3,weekday,0,0,0,0,0,0,0,0,0,0
4641,UK,45-49,Adult,White,1,weekday,0,0,0,0,0,0,0,0,0,0
4642,UK,45-49,Adult,Asian,4,weekday,0,0,0,0,0,0,0,0,0,0
4643,UK,45-49,Adult,White,1,weekday,0,0,0,0,0,0,0,0,0,0
4644,UK,50-54,Adult,White,1,weekday,0,0,0,0,0,0,0,0,0,0
4645,UK,55-59,Adult,White,Unemployed,weekday,0,0,0,0,0,0,0,0,0,0
4646,UK,50-54,Adult,White,3,weekday,0,0,0,0,0,0,0,0,0,0
4647,UK,70-74,Adult,White,Retired,weekday,0,0,0,0,0,0,0,0,0,0
4648,UK,45-49,Adult,White,1,weekday,2,0,0,0,0,0,0,0,0,2
4649,UK,75+,Adult,White,Retired,weekday,0,0,0,0,0,0,0,0,0,0
4650,UK,65-69,Adult,White,Retired,weekday,0,0,0,0,0,0,0,0,0,0
4651,UK,50-54,Adult,White,1,weekday,0,0,0,0,0,0,0,0,0,0
4652,UK,45-49,Adult,White,6,weekend,0,0,0,0,0,0,0,0,0,0
4653,UK,55-59,Adult,White,Unemployed,weekday,0,0,0,0,0,0,0,0,0,0
4654,UK,60-64,Adult,White,Retired,weekday,0,0,0,0,0,0,0,0,0,0
4655,UK,65-69,Adult,White,2,weekday,32,0,0,0,0,0,0,20,2,10
4656,UK,55-59,Adult,White,5,weekday,0,0,0,0,0,0,0,0,0,0
4657,UK,70-74,Adult,White,Retired,weekday,0,0,0,0,0,0,0,0,0,0
4658,UK,65-69,Adult,White,Retired,weekday,1,0,0,0,0,0,0,0,1,0
4659,UK,65-69,Adult,White,Unknown,weekday,5,0,0,0,0,0,0,0,5,0
4660,UK,50-54,Adult,White,5,weekday,0,0,0,0,0,0,0,0,0,0
4661,UK,50-54,Adult,White,Unemployed,weekday,25,0,0,0,0,0,0,0,20,5
4662,UK,40-44,Adult,White,2,weekend,2,0,0,0,0,0,0,0,1,1
4663,UK,35-39,Adult,White,Unemployed,weekday,0,0,0,0,0,0,0,0,0,0
4664,UK,65-69,Adult,White,Retired,weekday,0,0,0,0,0,0,0,0,0,0
4665,UK,25-29,Adult,White,Unknown,weekday,49,0,0,0,0,0,0,2,31,16
4666,UK,20-24,Adult,White,6,weekday,0,0,0,0,0,0,0,0,0,0
4667,UK,55-59,Adult,White,Unemployed,weekend,0,0,0,0,0,0,0,0,0,0
4668,UK,35-39,Adult,Asian,3,weekday,10,0,0,0,0,0,0,5,3,2
4669,UK,30-34,Adult,White,Unemployed,weekday,30,0,0,0,0,0,0,0,3,27
4670,UK,35-39,Adult,White,4,weekday,5,0,0,0,0,0,0,0,5,0
4672,UK,20-24,Adult,White,3,weekday,4,0,3,0,0,0,0,0,1,0
4673,UK,30-34,Adult,Black,1,weekday,3,0,0,0,0,0,0,1,2,0
4674,UK,25-29,Adult,White,1,weekday,0,0,0,0,0,0,0,0,0,0
4675,UK,40-44,Adult,White,3,weekday,0,0,0,0,0,0,0,0,0,0
4676,UK,20-24,Adult,Asian,2,weekday,6,0,0,0,0,0,0,1,5,0
4677,UK,50-54,Adult,White,5,weekday,3,0,0,0,0,0,0,1,2,0
4678,UK,50-54,Adult,Asian,1,weekday,7,0,0,0,0,0,0,0,7,0
4679,UK,30-34,Adult,White,2,weekday,20,0,10,0,0,0,0,0,10,0
4680,UK,30-34,Adult,White,2,weekend,0,0,0,0,0,0,0,0,0,0
4681,UK,35-39,Adult,White,1,weekday,0,0,0,0,0,0,0,0,0,0
4683,UK,50-54,Adult,White,1,weekday,3,0,0,0,0,0,0,0,3,0
4684,UK,40-44,Adult,White,1,weekday,0,0,0,0,0,0,0,0,0,0
4685,UK,30-34,Adult,Black,1,weekday,0,0,0,0,0,0,0,0,0,0
4686,UK,40-44,Adult,White,3,weekday,0,0,0,0,0,0,0,0,0,0
4687,UK,25-29,Adult,Asian,Unemployed,weekday,0,0,0,0,0,0,0,0,0,0
4688,UK,30-34,Adult,Black,2,weekday,7,0,4,0,0,0,0,1,1,1
4689,UK,40-44,Adult,White,Unemployed,weekday,0,0,0,0,0,0,0,0,0,0
4690,UK,40-44,Adult,Black,Unemployed,weekday,0,0,0,0,0,0,0,0,0,0
4691,UK,35-39,Adult,White,2,weekday,0,0,0,0,0,0,0,0,0,0
4692,UK,45-49,Adult,Black,Unknown,weekday,0,0,0,0,0,0,0,0,0,0
4694,UK,45-49,Adult,White,7,weekday,0,0,0,0,0,0,0,0,0,0
4695,UK,35-39,Adult,White,1,weekday,0,0,0,0,0,0,0,0,0,0
4696,UK,20-24,Adult,White,3,weekday,4,0,0,0,0,0,0,1,3,0
4697,UK,30-34,Adult,Asian,1,weekday,0,0,0,0,0,0,0,0,0,0
4698,UK,20-24,Adult,White,6,weekday,0,0,0,0,0,0,0,0,0,0
4699,UK,20-24,Adult,Black,3,weekday,12,0,0,0,0,0,0,3,7,2
4700,UK,30-34,Adult,White,5,weekday,4,0,0,0,0,0,0,0,4,0
4701,UK,20-24,Adult,White,2,weekday,33,5,4,4,0,0,0,5,9,6
4702,UK,25-29,Adult,White,2,weekday,0,0,0,0,0,0,0,0,0,0
4703,UK,60-64,Adult,White,Retired,weekday,0,0,0,0,0,0,0,0,0,0
4705,UK,40-44,Adult,Mixed,2,weekday,0,0,0,0,0,0,0,0,0,0
4706,UK,25-29,Adult,Asian,1,weekday,27,0,0,0,0,0,0,2,25,0
4707,UK,35-39,Adult,White,7,weekend,0,0,0,0,0,0,0,0,0,0
4708,UK,35-39,Adult,White,2,weekday,0,0,0,0,0,0,0,0,0,0
4709,UK,40-44,Adult,White,1,weekend,0,0,0,0,0,0,0,0,0,0
4710,UK,30-34,Adult,White,2,weekday,0,0,0,0,0,0,0,0,0,0
4711,UK,35-39,Adult,White,6,weekday,0,0,0,0,0,0,0,0,0,0
4712,UK,35-39,Adult,White,1,weekday,18,0,0,0,0,0,0,2,7,9
4713,UK,40-44,Adult,White,6,weekday,0,0,0,0,0,0,0,0,0,0
4714,UK,50-54,Adult,White,3,weekday,0,0,0,0,0,0,0,0,0,0
4716,UK,25-29,Adult,White,2,weekday,0,0,0,0,0,0,0,0,0,0
4717,UK,50-54,Adult,White,2,weekday,2,0,0,0,0,0,0,2,0,0
4718,UK,70-74,Adult,White,Retired,weekday,13,0,0,0,0,0,0,1,7,5
4719,UK,30-34,Adult,White,2,weekday,12,0,0,0,0,0,0,5,5,2
4720,UK,45-49,Adult,Asian,3,weekday,4,0,0,0,0,0,0,2,2,0
4721,UK,40-44,Adult,White,1,weekday,0,0,0,0,0,0,0,0,0,0
4722,UK,40-44,Adult,Black,2,weekday,14,0,0,0,0,0,0,3,8,3
4723,UK,50-54,Adult,White,4,weekday,0,0,0,0,0,0,0,0,0,0
4724,UK,40-44,Adult,White,7,weekday,7,0,0,0,0,0,0,4,2,1
4725,UK,35-39,Adult,White,2,weekday,0,0,0,0,0,0,0,0,0,0
4727,UK,35-39,Adult,White,2,weekday,3,0,0,0,0,0,0,2,1,0
4728,UK,20-24,Adult,White,Unemployed,weekday,2,0,0,0,0,0,0,1,1,0
4729,UK,45-49,Adult,White,2,weekday,0,0,0,0,0,0,0,0,0,0
4730,UK,30-34,Adult,White,6,weekday,0,0,0,0,0,0,0,0,0,0
4731,UK,30-34,Adult,White,Unemployed,weekday,13,0,0,0,0,0,0,3,10,0
4732,UK,45-49,Adult,White,2,weekday,0,0,0,0,0,0,0,0,0,0
4733,UK,60-64,Adult,White,Unknown,weekday,0,0,0,0,0,0,0,0,0,0
4734,UK,40-44,Adult,Black,2,weekday,0,0,0,0,0,0,0,0,0,0
4735,UK,45-49,Adult,White,6,weekday,0,0,0,0,0,0,0,0,0,0
4736,UK,30-34,Adult,White,1,weekday,0,0,0,0,0,0,0,0,0,0
4738,UK,25-29,Adult,Asian,Student,weekday,0,0,0,0,0,0,0,0,0,0
4739,UK,20-24,Adult,Black,3,weekend,14,0,5,0,0,0,0,0,7,2
4740,UK,25-29,Adult,White,7,weekday,0,0,0,0,0,0,0,0,0,0
4741,UK,35-39,Adult,White,3,weekday,0,0,0,0,0,0,0,0,0,0
4742,UK,40-44,Adult,White,Unemployed,weekday,0,0,0,0,0,0,0,0,0,0
4743,UK,35-39,Adult,White,1,weekday,25,0,0,0,0,0,0,3,18,4
4744,UK,40-44,Adult,Black,3,weekday,2,0,0,0,0,0,0,2,0,0
4745,UK,40-44,Adult,Black,3,weekday,14,2,6,3,0,0,0,2,1,0
4746,UK,60-64,Adult,White,3,weekday,0,0,0,0,0,0,0,0,0,0
4747,UK,50-54,Adult,Asian,1,weekday,3,0,0,0,0,0,0,1,2,0
4749,UK,25-29,Adult,Black,5,weekday,8,1,2,2,0,0,0,1,1,1
4750,UK,40-44,Adult,White,1,weekday,1,0,0,0,0,0,0,0,1,0
4751,UK,50-54,Adult,White,2,weekday,0,0,0,0,0,0,0,0,0,0
4752,UK,25-29,Adult,White,5,weekday,0,0,0,0,0,0,0,0,0,0
4753,UK,45-49,Adult,White,2,weekday,0,0,0,0,0,0,0,0,0,0
4754,UK,50-54,Adult,White,2,weekday,0,0,0,0,0,0,0,0,0,0
4755,UK,30-34,Adult,White,2,weekday,9,0,0,0,0,0,0,2,7,0
4756,UK,40-44,Adult,White,1,weekday,92,0,45,0,0,0,0,1,45,1
4757,UK,50-54,Adult,White,Unemployed,weekday,0,0,0,0,0,0,0,0,0,0
4758,UK,50-54,Adult,White,3,weekday,0,0,0,0,0,0,0,0,0,0
4760,UK,30-34,Adult,Black,2,weekday,0,0,0,0,0,0,0,0,0,0
4761,UK,25-29,Adult,White,3,weekday,0,0,0,0,0,0,0,0,0,0
4762,UK,25-29,Adult,White,2,weekday,6,0,0,0,0,0,0,0,6,0
4763,UK,35-39,Adult,White,1,weekday,18,2,5,3,0,0,0,3,3,2
4764,UK,75+,Adult,Asian,Retired,weekday,1,0,0,0,0,0,0,0,0,1
4765,UK,45-49,Adult,Black,3,weekday,0,0,0,0,0,0,0,0,0,0
4766,UK,25-29,Adult,White,1,weekday,23,0,0,0,0,0,0,1,20,2
4767,UK,50-54,Adult,White,Unemployed,weekday,0,0,0,0,0,0,0,0,0,0
4768,UK,60-64,Adult,White,5,weekday,0,0,0,0,0,0,0,0,0,0
4769,UK,30-34,Adult,Asian,7,weekday,0,0,0,0,0,0,0,0,0,0
4771,UK,40-44,Adult,White,6,weekday,6,0,2,1,0,0,0,0,2,1
4772,UK,25-29,Adult,Asian,2,weekday,0,0,0,0,0,0,0,0,0,0
4773,UK,25-29,Adult,White,2,weekday,0,0,0,0,0,0,0,0,0,0
4775,UK,35-39,Adult,White,2,weekday,0,0,0,0,0,0,0,0,0,0
4776,UK,20-24,Adult,Black,1,weekday,0,0,0,0,0,0,0,0,0,0
4777,UK,30-34,Adult,White,2,weekday,0,0,0,0,0,0,0,0,0,0
4778,UK,25-29,Adult,White,2,weekday,0,0,0,0,0,0,0,0,0,0
4779,UK,30-34,Adult,White,3,weekend,0,0,0,0,0,0,0,0,0,0
4780,UK,30-34,Adult,White,1,weekend,0,0,0,0,0,0,0,0,0,0
4782,UK,35-39,Adult,White,Unemployed,weekday,0,0,0,0,0,0,0,0,0,0
4783,UK,30-34,Adult,White,2,weekday,0,0,0,0,0,0,0,0,0,0
4784,UK,40-44,Adult,Black,1,weekday,115,0,0,0,0,0,0,5,100,10
4785,UK,20-24,Adult,White,Unknown,weekday,0,0,0,0,0,0,0,0,0,0
4786,UK,20-24,Adult,White,6,weekday,9,0,0,0,0,0,0,2,7,0
4787,UK,30-34,Adult,Black,1,weekday,0,0,0,0,0,0,0,0,0,0
4788,UK,35-39,Adult,White,7,weekday,0,0,0,0,0,0,0,0,0,0
4789,UK,30-34,Adult,White,2,weekday,0,0,0,0,0,0,0,0,0,0
4790,UK,30-34,Adult,Prefer not to say,1,weekday,5,0,0,0,0,0,0,1,4,0
4791,UK,40-44,Adult,Mixed,Unemployed,weekend,0,0,0,0,0,0,0,0,0,0
4793,UK,45-49,Adult,White,Unknown,weekday,0,0,0,0,0,0,0,0,0,0
4794,UK,25-29,Adult,White,4,weekday,1,0,0,0,0,0,0,0,1,0
4795,UK,55-59,Adult,White,2,weekday,0,0,0,0,0,0,0,0,0,0
4796,UK,20-24,Adult,White,Student,weekday,2,0,0,0,0,0,0,0,2,0
4797,UK,20-24,Adult,White,Student,weekday,30,0,0,0,0,25,0,0,5,0
4798,UK,20-24,Adult,White,1,weekday,0,0,0,0,0,0,0,0,0,0
4799,UK,30-34,Adult,Mixed,2,weekday,0,0,0,0,0,0,0,0,0,0
4800,UK,25-29,Adult,White,2,weekday,5,0,0,0,0,0,0,0,5,0
4801,UK,25-29,Adult,White,1,weekday,0,0,0,0,0,0,0,0,0,0
4802,UK,35-39,Adult,White,7,weekday,5,0,0,0,0,0,0,2,3,0
4804,UK,40-44,Adult,Black,3,weekday,1,0,0,0,0,0,0,0,1,0
4805,UK,30-34,Adult,Black,2,weekend,2,0,0,0,0,0,0,1,1,0
4806,UK,30-34,Adult,White,6,weekday,0,0,0,0,0,0,0,0,0,0
4807,UK,35-39,Adult,White,5,weekday,0,0,0,0,0,0,0,0,0,0
4808,UK,25-29,Adult,White,2,weekday,0,0,0,0,0,0,0,0,0,0
4809,UK,35-39,Adult,White,7,weekend,2,0,0,0,0,0,0,1,1,0
4810,UK,20-24,Adult,White,2,weekday,9,0,0,0,0,0,0,0,7,2
4811,UK,25-29,Adult,White,7,weekday,0,0,0,0,0,0,0,0,0,0
4812,UK,20-24,Adult,Prefer not to say,1,weekday,23,0,0,0,3,5,9,1,2,3
4813,UK,20-24,Adult,Asian,2,weekday,0,0,0,0,0,0,0,0,0,0
4815,UK,25-29,Adult,White,Unknown,weekday,2,0,0,0,0,0,0,0,2,0
4816,UK,40-44,Adult,Asian,3,weekday,1,0,0,0,0,0,0,0,1,0
4817,UK,60-64,Adult,White,Retired,weekend,0,0,0,0,0,0,0,0,0,0
4818,UK,45-49,Adult,White,2,weekday,0,0,0,0,0,0,0,0,0,0
4819,UK,35-39,Adult,White,4,weekday,0,0,0,0,0,0,0,0,0,0
4820,UK,50-54,Adult,White,Unemployed,weekday,0,0,0,0,0,0,0,0,0,0
4821,UK,15-19,Adult,White,4,weekday,1,0,0,0,0,0,0,1,0,0
4822,UK,35-39,Adult,Black,2,weekday,0,0,0,0,0,0,0,0,0,0
4823,UK,25-29,Adult,Black,3,weekday,4,0,0,0,0,0,0,1,2,1
4824,UK,30-34,Adult,White,2,weekday,0,0,0,0,0,0,0,0,0,0
4826,UK,25-29,Adult,Mixed,1,weekday,4,0,0,0,0,0,0,2,1,1
4827,UK,25-29,Adult,White,3,weekday,0,0,0,0,0,0,0,0,0,0
4828,UK,30-34,Adult,Black,Unknown,weekday,0,0,0,0,0,0,0,0,0,0
4829,UK,35-39,Adult,White,3,weekend,0,0,0,0,0,0,0,0,0,0
4830,UK,30-34,Adult,White,1,weekday,50,0,0,0,0,0,0,0,50,0
4831,UK,40-44,Adult,White,3,weekday,7,0,0,0,0,0,0,2,4,1
4832,UK,30-34,Adult,White,7,weekday,0,0,0,0,0,0,0,0,0,0
4833,UK,35-39,Adult,Black,3,weekday,0,0,0,0,0,0,0,0,0,0
4834,UK,25-29,Adult,White,1,weekday,10,0,0,0,0,0,0,0,10,0
4835,UK,15-19,Adult,White,6,weekday,17,0,0,0,0,0,0,15,2,0
4837,UK,20-24,Adult,White,Student,weekday,0,0,0,0,0,0,0,0,0,0
4838,UK,40-44,Adult,White,Unemployed,weekday,0,0,0,0,0,0,0,0,0,0
4839,UK,40-44,Adult,White,2,weekend,0,0,0,0,0,0,0,0,0,0
4840,UK,50-54,Adult,White,3,weekend,0,0,0,0,0,0,0,0,0,0
4841,UK,25-29,Adult,White,1,weekend,0,0,0,0,0,0,0,0,0,0
4842,UK,25-29,Adult,White,2,weekend,1,0,0,0,0,0,0,1,0,0
4843,UK,25-29,Adult,White,3,weekday,0,0,0,0,0,0,0,0,0,0
4844,UK,30-34,Adult,Black,2,weekday,0,0,0,0,0,0,0,0,0,0
4845,UK,25-29,Adult,White,4,weekday,0,0,0,0,0,0,0,0,0,0
4846,UK,35-39,Adult,Mixed,1,weekday,2,0,0,0,0,0,0,2,0,0
4848,UK,40-44,Adult,White,1,weekday,0,0,0,0,0,0,0,0,0,0
4849,UK,25-29,Adult,White,Unemployed,weekend,0,0,0,0,0,0,0,0,0,0
4850,UK,35-39,Adult,White,Unemployed,weekday,0,0,0,0,0,0,0,0,0,0
4851,UK,45-49,Adult,White,2,weekday,3,0,0,0,0,0,0,2,1,0
4852,UK,35-39,Adult,Asian,Unemployed,weekday,0,0,0,0,0,0,0,0,0,0
4853,UK,25-29,Adult,White,Unemployed,weekday,0,0,0,0,0,0,0,0,0,0
4854,UK,25-29,Adult,White,1,weekday,0,0,0,0,0,0,0,0,0,0
4855,UK,40-44,Adult,White,6,weekday,0,0,0,0,0,0,0,0,0,0
4856,UK,35-39,Adult,White,7,weekday,0,0,0,0,0,0,0,0,0,0
4857,UK,25-29,Adult,Black,2,weekday,0,0,0,0,0,0,0,0,0,0
4859,UK,30-34,Adult,Black,1,weekday,0,0,0,0,0,0,0,0,0,0
4860,UK,40-44,Adult,White,2,weekday,0,0,0,0,0,0,0,0,0,0
4861,UK,50-54,Adult,White,3,weekday,0,0,0,0,0,0,0,0,0,0
4862,UK,30-34,Adult,Mixed,1,weekday,10,0,0,0,0,0,0,0,10,0
4863,UK,25-29,Adult,Black,3,weekday,4,0,0,0,0,0,0,0,4,0
4864,UK,25-29,Adult,Mixed,4,weekday,0,0,0,0,0,0,0,0,0,0
4865,UK,50-54,Adult,White,3,weekday,0,0,0,0,0,0,0,0,0,0
4866,UK,30-34,Adult,Black,1,weekday,0,0,0,0,0,0,0,0,0,0
4867,UK,35-39,Adult,White,4,weekday,89,0,0,0,0,0,0,0,38,51
4868,UK,40-44,Adult,White,2,weekday,2,0,0,0,0,0,0,0,2,0
4870,UK,35-39,Adult,Asian,1,weekend,0,0,0,0,0,0,0,0,0,0
4871,UK,40-44,Adult,White,Unemployed,weekday,0,0,0,0,0,0,0,0,0,0
4872,UK,55-59,Adult,Mixed,2,weekday,50,0,0,0,0,0,0,0,35,15
4873,UK,35-39,Adult,Asian,2,weekday,0,0,0,0,0,0,0,0,0,0
4874,UK,30-34,Adult,Asian,Unemployed,weekday,3,0,0,0,0,0,0,0,3,0
4875,UK,35-39,Adult,White,7,weekday,0,0,0,0,0,0,0,0,0,0
4876,UK,35-39,Adult,White,6,weekend,0,0,0,0,0,0,0,0,0,0
4877,UK,35-39,Adult,White,2,weekday,0,0,0,0,0,0,0,0,0,0
4878,UK,40-44,Adult,White,Retired,weekday,0,0,0,0,0,0,0,0,0,0
4879,UK,55-59,Adult,Asian,Retired,weekday,0,0,0,0,0,0,0,0,0,0
4881,UK,40-44,Adult,White,2,weekday,0,0,0,0,0,0,0,0,0,0
4882,UK,35-39,Adult,White,3,weekday,0,0,0,0,0,0,0,0,0,0
4883,UK,65-69,Adult,White,7,weekday,0,0,0,0,0,0,0,0,0,0
4884,UK,50-54,Adult,White,2,weekend,0,0,0,0,0,0,0,0,0,0
4885,UK,50-54,Adult,White,6,weekday,0,0,0,0,0,0,0,0,0,0
4886,UK,40-44,Adult,White,3,weekday,0,0,0,0,0,0,0,0,0,0
4887,UK,35-39,Adult,Black,Unemployed,weekday,3,0,0,0,0,0,0,2,1,0
4888,UK,45-49,Adult,White,7,weekday,0,0,0,0,0,0,0,0,0,0
4889,UK,45-49,Adult,Asian,3,weekday,1,0,0,0,0,0,0,0,1,0
4890,UK,35-39,Adult,Black,6,weekday,0,0,0,0,0,0,0,0,0,0
4892,UK,40-44,Adult,White,1,weekday,9,0,0,0,0,0,0,4,5,0
4893,UK,30-34,Adult,White,1,weekday,0,0,0,0,0,0,0,0,0,0
4894,UK,40-44,Adult,White,2,weekday,0,0,0,0,0,0,0,0,0,0
4895,UK,55-59,Adult,White,4,weekday,0,0,0,0,0,0,0,0,0,0
4896,UK,40-44,Adult,White,1,weekday,0,0,0,0,0,0,0,0,0,0
4897,UK,55-59,Adult,White,6,weekday,0,0,0,0,0,0,0,0,0,0
4898,UK,40-44,Adult,White,2,weekday,4,0,0,0,0,0,0,0,4,0
4899,UK,40-44,Adult,White,7,weekday,101,0,0,0,100,0,1,0,0,0
4900,UK,40-44,Adult,White,1,weekday,0,0,0,0,0,0,0,0,0,0
4901,UK,30-34,Adult,White,4,weekend,12,0,0,0,0,0,0,4,6,2
4903,UK,60-64,Adult,White,1,weekday,0,0,0,0,0,0,0,0,0,0
4904,UK,60-64,Adult,White,Unemployed,weekday,0,0,0,0,0,0,0,0,0,0
4905,UK,50-54,Adult,Black,2,weekday,0,0,0,0,0,0,0,0,0,0
4906,UK,40-44,Adult,White,5,weekday,0,0,0,0,0,0,0,0,0,0
4907,UK,50-54,Adult,White,7,weekday,0,0,0,0,0,0,0,0,0,0
4908,UK,45-49,Adult,White,6,weekday,0,0,0,0,0,0,0,0,0,0
4909,UK,50-54,Adult,Asian,5,weekday,0,0,0,0,0,0,0,0,0,0
4910,UK,50-54,Adult,White,2,weekday,4,0,0,0,0,0,0,0,2,2
4911,UK,60-64,Adult,White,2,weekday,15,0,15,0,0,0,0,0,0,0
4912,UK,60-64,Adult,White,1,weekday,2,0,0,1,0,0,0,0,0,1
4914,UK,35-39,Adult,White,6,weekday,0,0,0,0,0,0,0,0,0,0
4915,UK,50-54,Adult,White,1,weekday,0,0,0,0,0,0,0,0,0,0
4916,UK,50-54,Adult,White,3,weekday,0,0,0,0,0,0,0,0,0,0
4917,UK,55-59,Adult,White,3,weekday,0,0,0,0,0,0,0,0,0,0
4918,UK,50-54,Adult,White,2,weekday,0,0,0,0,0,0,0,0,0,0
4919,UK,55-59,Adult,White,7,weekday,0,0,0,0,0,0,0,0,0,0
4920,UK,45-49,Adult,White,Unknown,weekday,0,0,0,0,0,0,0,0,0,0
4921,UK,50-54,Adult,White,7,weekday,0,0,0,0,0,0,0,0,0,0
4922,UK,55-59,Adult,White,Unemployed,weekday,5,0,0,0,0,0,0,0,2,3
4923,UK,60-64,Adult,White,1,weekday,0,0,0,0,0,0,0,0,0,0
4925,UK,55-59,Adult,White,Retired,weekday,0,0,0,0,0,0,0,0,0,0
4926,UK,50-54,Adult,Asian,Unemployed,weekday,1,0,0,0,0,0,0,0,1,0
4927,UK,55-59,Adult,White,2,weekday,0,0,0,0,0,0,0,0,0,0
4928,UK,45-49,Adult,White,1,weekday,3,0,0,0,0,0,0,2,1,0
4929,UK,45-49,Adult,White,5,weekday,1,0,0,0,0,0,0,0,0,1
4930,UK,45-49,Adult,Asian,Unemployed,weekday,0,0,0,0,0,0,0,0,0,0
4931,UK,50-54,Adult,White,2,weekday,5,0,0,0,0,0,0,2,2,1
4932,UK,60-64,Adult,White,3,weekday,0,0,0,0,0,0,0,0,0,0
4933,UK,60-64,Adult,White,Retired,weekday,0,0,0,0,0,0,0,0,0,0
4934,UK,45-49,Adult,White,Unemployed,weekday,0,0,0,0,0,0,0,0,0,0
4936,UK,65-69,Adult,White,Retired,weekday,0,0,0,0,0,0,0,0,0,0
4937,UK,55-59,Adult,White,3,weekday,0,0,0,0,0,0,0,0,0,0
4938,UK,55-59,Adult,White,Unemployed,weekday,0,0,0,0,0,0,0,0,0,0
4939,UK,65-69,Adult,White,Retired,weekday,0,0,0,0,0,0,0,0,0,0
4940,UK,45-49,Adult,White,Unemployed,weekend,0,0,0,0,0,0,0,0,0,0
4941,UK,50-54,Adult,White,2,weekday,0,0,0,0,0,0,0,0,0,0
4942,UK,60-64,Adult,White,Unemployed,weekday,0,0,0,0,0,0,0,0,0,0
4943,UK,55-59,Adult,White,3,weekday,0,0,0,0,0,0,0,0,0,0
4944,UK,60-64,Adult,White,Retired,weekday,2,0,0,0,0,0,0,0,2,0
4945,UK,55-59,Adult,White,1,weekday,0,0,0,0,0,0,0,0,0,0
4947,UK,50-54,Adult,White,Unemployed,weekday,16,0,0,0,0,0,0,0,6,10
4948,UK,50-54,Adult,White,1,weekday,0,0,0,0,0,0,0,0,0,0
4949,UK,50-54,Adult,White,Unknown,weekday,0,0,0,0,0,0,0,0,0,0
4950,UK,55-59,Adult,White,7,weekday,0,0,0,0,0,0,0,0,0,0
4951,UK,50-54,Adult,White,4,weekday,0,0,0,0,0,0,0,0,0,0
4952,UK,55-59,Adult,White,Unknown,weekday,0,0,0,0,0,0,0,0,0,0
4953,UK,50-54,Adult,White,Unemployed,weekday,1,0,0,0,0,0,0,0,1,0
4954,UK,70-74,Adult,White,Retired,weekday,0,0,0,0,0,0,0,0,0,0
4955,UK,50-54,Adult,White,2,weekday,16,0,0,0,0,0,0,1,10,5
4956,UK,50-54,Adult,White,2,weekday,0,0,0,0,0,0,0,0,0,0
4958,UK,70-74,Adult,White,2,weekday,0,0,0,0,0,0,0,0,0,0
4959,UK,60-64,Adult,White,1,weekday,0,0,0,0,0,0,0,0,0,0
4960,UK,50-54,Adult,White,2,weekday,0,0,0,0,0,0,0,0,0,0
4961,UK,45-49,Adult,White,Unemployed,weekend,4,0,0,0,0,0,0,0,3,1
4962,UK,70-74,Adult,White,Retired,weekday,0,0,0,0,0,0,0,0,0,0
4963,UK,50-54,Adult,White,2,weekend,0,0,0,0,0,0,0,0,0,0
4964,UK,55-59,Adult,Asian,2,weekday,0,0,0,0,0,0,0,0,0,0
4965,UK,60-64,Adult,White,Retired,weekday,0,0,0,0,0,0,0,0,0,0
4966,UK,50-54,Adult,White,2,weekday,0,0,0,0,0,0,0,0,0,0
4967,UK,45-49,Adult,White,Unemployed,weekday,0,0,0,0,0,0,0,0,0,0
4969,UK,60-64,Adult,White,Retired,weekday,0,0,0,0,0,0,0,0,0,0
4970,UK,60-64,Adult,White,Unemployed,weekday,2,0,0,0,0,0,0,2,0,0
4971,UK,70-74,Adult,White,Retired,weekday,0,0,0,0,0,0,0,0,0,0
4972,UK,45-49,Adult,White,Unknown,weekday,0,0,0,0,0,0,0,0,0,0
4973,UK,50-54,Adult,White,Unemployed,weekend,1,0,0,0,0,0,0,0,0,1
4974,UK,45-49,Adult,White,2,weekday,0,0,0,0,0,0,0,0,0,0
4975,UK,75+,Adult,White,Retired,weekday,0,0,0,0,0,0,0,0,0,0
5048,UK,35-39,Adult,White,1,weekday,0,0,0,0,0,0,0,0,0,0
5049,UK,40-44,Adult,White,6,weekday,0,0,0,0,0,0,0,0,0,0
5050,UK,25-29,Adult,Black,6,weekday,80,0,0,0,0,0,0,20,30,30
5051,UK,30-34,Adult,White,2,weekday,0,0,0,0,0,0,0,0,0,0
5052,UK,20-24,Adult,White,Unknown,weekday,0,0,0,0,0,0,0,0,0,0
5053,UK,40-44,Adult,Other,1,weekday,0,0,0,0,0,0,0,0,0,0
5054,UK,25-29,Adult,White,2,weekday,0,0,0,0,0,0,0,0,0,0
5055,UK,25-29,Adult,Black,6,weekend,4,0,0,0,0,0,0,2,2,0
5056,UK,45-49,Adult,White,3,weekday,34,0,0,0,0,0,0,30,4,0
5058,UK,25-29,Adult,White,2,weekday,1,0,0,0,0,0,0,0,1,0
5059,UK,25-29,Adult,Asian,Unemployed,weekday,0,0,0,0,0,0,0,0,0,0
5060,UK,35-39,Adult,White,1,weekday,0,0,0,0,0,0,0,0,0,0
5061,UK,20-24,Adult,White,6,weekday,0,0,0,0,0,0,0,0,0,0
5062,UK,35-39,Adult,White,7,weekday,0,0,0,0,0,0,0,0,0,0
5063,UK,30-34,Adult,White,1,weekday,3,0,0,0,0,0,0,2,0,1
5064,UK,30-34,Adult,White,1,weekday,0,0,0,0,0,0,0,0,0,0
5065,UK,70-74,Adult,White,Retired,weekday,0,0,0,0,0,0,0,0,0,0
5066,UK,25-29,Adult,White,1,weekday,2,0,0,0,0,0,0,2,0,0
5067,UK,35-39,Adult,White,Unemployed,weekday,0,0,0,0,0,0,0,0,0,0
5069,UK,30-34,Adult,Black,3,weekday,2,0,0,0,0,0,0,0,2,0
5070,UK,20-24,Adult,White,5,weekend,0,0,0,0,0,0,0,0,0,0
5071,UK,25-29,Adult,White,2,weekday,0,0,0,0,0,0,0,0,0,0
5072,UK,30-34,Adult,White,1,weekend,0,0,0,0,0,0,0,0,0,0
5073,UK,20-24,Adult,Black,2,weekday,22,0,0,0,0,0,0,5,7,10
5074,UK,25-29,Adult,Black,2,weekday,0,0,0,0,0,0,0,0,0,0
5075,UK,40-44,Adult,White,2,weekday,0,0,0,0,0,0,0,0,0,0
5076,UK,15-19,Adult,White,Student,weekday,14,0,0,0,0,0,0,6,8,0
5077,UK,25-29,Adult,White,1,weekday,48,0,0,0,0,0,0,0,45,3
5078,UK,35-39,Adult,White,6,weekday,0,0,0,0,0,0,0,0,0,0
5080,UK,30-34,Adult,Mixed,1,weekday,0,0,0,0,0,0,0,0,0,0
5081,UK,50-54,Adult,White,Unemployed,weekday,0,0,0,0,0,0,0,0,0,0
5082,UK,50-54,Adult,Black,3,weekday,0,0,0,0,0,0,0,0,0,0
5083,UK,40-44,Adult,White,4,weekday,0,0,0,0,0,0,0,0,0,0
5084,UK,25-29,Adult,Black,1,weekday,0,0,0,0,0,0,0,0,0,0
5085,UK,25-29,Adult,White,4,weekday,1,0,0,0,0,0,0,1,0,0
5086,UK,25-29,Adult,White,4,weekend,0,0,0,0,0,0,0,0,0,0
5087,UK,35-39,Adult,Mixed,1,weekday,0,0,0,0,0,0,0,0,0,0
5088,UK,60-64,Adult,White,Retired,weekend,0,0,0,0,0,0,0,0,0,0
5089,UK,25-29,Adult,White,1,weekday,101,0,0,0,0,0,0,1,100,0
5091,UK,15-19,Adult,White,7,weekday,9,0,0,0,0,0,0,7,2,0
5092,UK,15-19,Adult,White,Unemployed,weekday,0,0,0,0,0,0,0,0,0,0
5093,UK,40-44,Adult,Prefer not to say,Unemployed,weekday,0,0,0,0,0,0,0,0,0,0
5094,UK,25-29,Adult,Asian,Unemployed,weekday,3,0,0,0,0,0,0,1,2,0
5095,UK,40-44,Adult,White,Unemployed,weekday,0,0,0,0,0,0,0,0,0,0
5096,UK,35-39,Adult,White,2,weekday,0,0,0,0,0,0,0,0,0,0
5097,UK,25-29,Adult,Asian,Student,weekday,74,0,0,0,0,30,0,0,40,4
5098,UK,55-59,Adult,White,Unemployed,weekday,0,0,0,0,0,0,0,0,0,0
5099,UK,35-39,Adult,White,1,weekend,0,0,0,0,0,0,0,0,0,0
5100,UK,35-39,Adult,Black,3,weekday,14,2,4,0,2,3,1,1,1,0
5102,UK,35-39,Adult,White,1,weekday,0,0,0,0,0,0,0,0,0,0
5103,UK,25-29,Adult,White,Student,weekday,0,0,0,0,0,0,0,0,0,0
5104,UK,45-49,Adult,White,4,weekday,0,0,0,0,0,0,0,0,0,0
5105,UK,20-24,Adult,Black,Unemployed,weekday,7,0,0,0,0,0,0,1,6,0
5106,UK,25-29,Adult,White,6,weekend,0,0,0,0,0,0,0,0,0,0
5107,UK,30-34,Adult,White,Unemployed,weekday,0,0,0,0,0,0,0,0,0,0
5108,UK,30-34,Adult,Black,3,weekend,0,0,0,0,0,0,0,0,0,0
5109,UK,25-29,Adult,White,2,weekday,0,0,0,0,0,0,0,0,0,0
5110,UK,40-44,Adult,White,6,weekday,2,0,0,0,0,0,0,0,2,0
5111,UK,20-24,Adult,White,1,weekday,201,0,0,0,56,23,12,10,97,3
5113,UK,25-29,Adult,White,1,weekday,0,0,0,0,0,0,0,0,0,0
5114,UK,35-39,Adult,White,2,weekday,0,0,0,0,0,0,0,0,0,0
5115,UK,30-34,Adult,White,Unemployed,weekday,0,0,0,0,0,0,0,0,0,0
5116,UK,20-24,Adult,White,2,weekday,0,0,0,0,0,0,0,0,0,0
5117,UK,30-34,Adult,White,2,weekday,6,0,0,0,0,0,0,2,4,0
5118,UK,40-44,Adult,Asian,1,weekday,32,5,9,0,0,0,0,7,9,2
5119,UK,25-29,Adult,White,2,weekday,0,0,0,0,0,0,0,0,0,0
5120,UK,30-34,Adult,White,2,weekday,6,0,0,0,0,0,0,1,4,1
5121,UK,65-69,Adult,White,Retired,weekday,0,0,0,0,0,0,0,0,0,0
5122,UK,25-29,Adult,White,2,weekday,0,0,0,0,0,0,0,0,0,0
5124,UK,20-24,Adult,White,Unknown,weekend,14,0,0,0,0,0,0,2,10,2
5125,UK,30-34,Adult,Black,6,weekend,0,0,0,0,0,0,0,0,0,0
5126,UK,20-24,Adult,White,Unemployed,weekend,0,0,0,0,0,0,0,0,0,0
5127,UK,35-39,Adult,White,1,weekday,0,0,0,0,0,0,0,0,0,0
5128,UK,40-44,Adult,White,4,weekday,24,1,12,0,0,0,0,0,10,1
5129,UK,30-34,Adult,Asian,2,weekday,13,0,0,0,0,0,0,10,3,0
5130,UK,40-44,Adult,White,2,weekday,0,0,0,0,0,0,0,0,0,0
5131,UK,35-39,Adult,White,1,weekday,10,0,0,0,0,0,0,5,4,1
5132,UK,20-24,Adult,White,Unknown,weekday,0,0,0,0,0,0,0,0,0,0
5133,UK,30-34,Adult,White,Unemployed,weekday,4,0,0,0,0,0,0,4,0,0
5135,UK,20-24,Adult,Asian,Student,weekday,0,0,0,0,0,0,0,0,0,0
5136,UK,35-39,Adult,White,2,weekday,20,0,0,0,0,0,0,5,10,5
5137,UK,25-29,Adult,White,1,weekday,0,0,0,0,0,0,0,0,0,0
5138,UK,70-74,Adult,White,6,weekday,0,0,0,0,0,0,0,0,0,0
5139,UK,30-34,Adult,Mixed,2,weekday,0,0,0,0,0,0,0,0,0,0
5140,UK,70-74,Adult,White,7,weekday,0,0,0,0,0,0,0,0,0,0
5141,UK,40-44,Adult,Asian,4,weekday,6,0,0,0,0,0,0,1,5,0
5142,UK,35-39,Adult,Black,1,weekday,0,0,0,0,0,0,0,0,0,0
5143,UK,25-29,Adult,White,6,weekday,0,0,0,0,0,0,0,0,0,0
5144,UK,55-59,Adult,White,Unemployed,weekday,0,0,0,0,0,0,0,0,0,0
5146,UK,30-34,Adult,Black,Unemployed,weekday,0,0,0,0,0,0,0,0,0,0
5147,UK,40-44,Adult,Other,3,weekday,4,0,0,0,0,0,0,2,2,0
5148,UK,20-24,Adult,White,1,weekday,0,0,0,0,0,0,0,0,0,0
5149,UK,20-24,Adult,Asian,Student,weekday,0,0,0,0,0,0,0,0,0,0
5150,UK,30-34,Adult,White,Unemployed,weekend,3,0,0,0,0,0,0,0,3,0
5151,UK,35-39,Adult,Asian,2,weekday,3,0,0,0,0,0,0,2,1,0
5152,UK,25-29,Adult,White,7,weekend,0,0,0,0,0,0,0,0,0,0
5153,UK,70-74,Adult,White,Retired,weekday,0,0,0,0,0,0,0,0,0,0
5154,UK,40-44,Adult,White,2,weekend,0,0,0,0,0,0,0,0,0,0
5155,UK,35-39,Adult,White,Unemployed,weekday,0,0,0,0,0,0,0,0,0,0
5157,UK,40-44,Adult,White,1,weekday,8,0,0,0,0,0,0,1,7,0
5158,UK,40-44,Adult,White,Retired,weekday,0,0,0,0,0,0,0,0,0,0
5159,UK,35-39,Adult,Black,1,weekday,0,0,0,0,0,0,0,0,0,0
5160,UK,20-24,Adult,White,1,weekend,0,0,0,0,0,0,0,0,0,0
5161,UK,20-24,Adult,White,Unemployed,weekday,0,0,0,0,0,0,0,0,0,0
5162,UK,20-24,Adult,White,6,weekend,4,0,0,0,0,0,0,2,2,0
5163,UK,35-39,Adult,White,6,weekday,0,0,0,0,0,0,0,0,0,0
5164,UK,45-49,Adult,White,Unemployed,weekday,0,0,0,0,0,0,0,0,0,0
5165,UK,40-44,Adult,White,1,weekday,0,0,0,0,0,0,0,0,0,0
5166,UK,15-19,Adult,Black,1,weekday,0,0,0,0,0,0,0,0,0,0
5168,UK,65-69,Adult,White,Retired,weekday,0,0,0,0,0,0,0,0,0,0
5169,UK,40-44,Adult,White,3,weekday,10,5,0,0,0,5,0,0,0,0
5170,UK,30-34,Adult,Black,1,weekday,0,0,0,0,0,0,0,0,0,0
5171,UK,35-39,Adult,White,1,weekday,0,0,0,0,0,0,0,0,0,0
5172,UK,25-29,Adult,Asian,7,weekend,1,0,0,0,0,0,0,0,1,0
5173,UK,25-29,Adult,White,4,weekday,0,0,0,0,0,0,0,0,0,0
5174,UK,45-49,Adult,White,2,weekend,3,0,0,0,0,0,0,2,1,0
5175,UK,20-24,Adult,Asian,7,weekend,0,0,0,0,0,0,0,0,0,0
5176,UK,20-24,Adult,Asian,6,weekday,2,0,0,0,0,0,0,1,1,0
5177,UK,15-19,Adult,White,7,weekday,0,0,0,0,0,0,0,0,0,0
5179,UK,25-29,Adult,Black,7,weekday,0,0,0,0,0,0,0,0,0,0
5180,UK,55-59,Adult,White,Unemployed,weekday,0,0,0,0,0,0,0,0,0,0
5181,UK,20-24,Adult,White,2,weekday,0,0,0,0,0,0,0,0,0,0
5182,UK,25-29,Adult,Black,2,weekday,0,0,0,0,0,0,0,0,0,0
5183,UK,30-34,Adult,Black,6,weekend,7,0,0,0,0,0,0,1,5,1
5184,UK,15-19,Adult,White,7,weekday,25,0,0,0,0,0,0,20,5,0
5185,UK,20-24,Adult,Mixed,1,weekday,0,0,0,0,0,0,0,0,0,0
5186,UK,20-24,Adult,White,2,weekday,2,0,0,0,0,0,0,0,2,0
5187,UK,40-44,Adult,White,Unemployed,weekday,26,0,0,0,0,0,0,2,20,4
5188,UK,25-29,Adult,White,2,weekday,0,0,0,0,0,0,0,0,0,0
5190,UK,40-44,Adult,White,2,weekday,0,0,0,0,0,0,0,0,0,0
5191,UK,35-39,Adult,Asian,2,weekday,0,0,0,0,0,0,0,0,0,0
5192,UK,25-29,Adult,Black,6,weekday,5,0,0,0,0,0,0,1,2,2
5193,UK,45-49,Adult,Black,3,weekday,5,0,0,0,0,0,0,0,3,2
5194,UK,20-24,Adult,Asian,1,weekday,7,0,0,0,0,0,0,0,5,2
5195,UK,50-54,Adult,White,1,weekday,8,0,0,0,0,0,0,1,6,1
5196,UK,50-54,Adult,Asian,Unknown,weekend,0,0,0,0,0,0,0,0,0,0
5197,UK,70-74,Adult,White,Retired,weekday,0,0,0,0,0,0,0,0,0,0
5198,UK,45-49,Adult,Asian,1,weekday,0,0,0,0,0,0,0,0,0,0
5199,UK,40-44,Adult,White,2,weekday,0,0,0,0,0,0,0,0,0,0
5201,UK,30-34,Adult,White,Unemployed,weekday,3,0,0,0,0,0,0,1,1,1
5202,UK,25-29,Adult,White,1,weekday,13,0,0,0,0,0,0,1,12,0
5203,UK,50-54,Adult,White,3,weekday,0,0,0,0,0,0,0,0,0,0
5204,UK,30-34,Adult,White,Unemployed,weekday,0,0,0,0,0,0,0,0,0,0
5205,UK,25-29,Adult,White,1,weekend,0,0,0,0,0,0,0,0,0,0
5206,UK,35-39,Adult,White,2,weekday,0,0,0,0,0,0,0,0,0,0
5207,UK,30-34,Adult,Asian,1,weekday,0,0,0,0,0,0,0,0,0,0
5208,UK,65-69,Adult,White,Unemployed,weekday,55,0,0,0,0,0,0,5,25,25
5209,UK,55-59,Adult,White,4,weekday,25,0,0,0,0,0,0,0,10,15
5210,UK,25-29,Adult,White,1,weekday,0,0,0,0,0,0,0,0,0,0
5212,UK,25-29,Adult,Black,1,weekday,0,0,0,0,0,0,0,0,0,0
5213,UK,35-39,Adult,White,1,weekday,0,0,0,0,0,0,0,0,0,0
5214,UK,40-44,Adult,White,7,weekday,0,0,0,0,0,0,0,0,0,0
5215,UK,45-49,Adult,White,3,weekend,0,0,0,0,0,0,0,0,0,0
5216,UK,35-39,Adult,White,Unknown,weekday,0,0,0,0,0,0,0,0,0,0
5217,UK,60-64,Adult,White,Unemployed,weekday,0,0,0,0,0,0,0,0,0,0
5218,UK,40-44,Adult,Asian,Unemployed,weekday,3,0,0,0,0,0,0,0,1,2
5219,UK,15-19,Adult,White,Student,weekday,14,0,0,0,4,6,0,0,4,0
5220,UK,25-29,Adult,Asian,1,weekend,5,0,0,0,0,0,0,1,3,1
5221,UK,30-34,Adult,White,1,weekday,0,0,0,0,0,0,0,0,0,0
5223,UK,35-39,Adult,White,Unemployed,weekday,0,0,0,0,0,0,0,0,0,0
5224,UK,40-44,Adult,White,7,weekday,1,0,0,0,0,0,0,0,1,0
5225,UK,40-44,Adult,White,3,weekend,3,0,0,0,0,0,0,1,2,0
5226,UK,35-39,Adult,White,7,weekend,3,0,0,0,0,0,0,0,1,2
5227,UK,25-29,Adult,Asian,Unemployed,weekday,16,0,0,0,0,0,0,4,10,2
5228,UK,40-44,Adult,White,3,weekday,0,0,0,0,0,0,0,0,0,0
5229,UK,40-44,Adult,White,2,weekday,9,0,0,0,0,0,0,2,5,2
5230,UK,35-39,Adult,White,1,weekday,0,0,0,0,0,0,0,0,0,0
5231,UK,35-39,Adult,White,7,weekday,2,0,0,0,0,0,0,1,1,0
5232,UK,45-49,Adult,Black,1,weekday,48,3,8,0,0,5,8,5,15,4
5234,UK,45-49,Adult,White,1,weekday,0,0,0,0,0,0,0,0,0,0
5235,UK,25-29,Adult,White,1,weekday,0,0,0,0,0,0,0,0,0,0
5236,UK,30-34,Adult,Black,6,weekend,0,0,0,0,0,0,0,0,0,0
5237,UK,25-29,Adult,White,6,weekday,0,0,0,0,0,0,0,0,0,0
5238,UK,25-29,Adult,Asian,Unemployed,weekday,2,0,0,0,0,0,0,0,1,1
5239,UK,25-29,Adult,Asian,Unemployed,weekday,0,0,0,0,0,0,0,0,0,0
5240,UK,35-39,Adult,Black,1,weekday,9,0,0,0,0,0,0,2,5,2
5241,UK,40-44,Adult,White,5,weekday,0,0,0,0,0,0,0,0,0,0
5242,UK,65-69,Adult,White,Retired,weekday,0,0,0,0,0,0,0,0,0,0
5243,UK,45-49,Adult,White,5,weekday,0,0,0,0,0,0,0,0,0,0
5245,UK,60-64,Adult,White,Retired,weekday,0,0,0,0,0,0,0,0,0,0
5246,UK,45-49,Adult,White,Unemployed,weekend,0,0,0,0,0,0,0,0,0,0
5247,UK,35-39,Adult,Asian,2,weekend,0,0,0,0,0,0,0,0,0,0
5248,UK,40-44,Adult,White,5,weekday,5,0,0,0,0,0,0,0,5,0
5249,UK,40-44,Adult,White,2,weekday,0,0,0,0,0,0,0,0,0,0
5250,UK,25-29,Adult,White,1,weekend,0,0,0,0,0,0,0,0,0,0
5251,UK,40-44,Adult,White,1,weekday,0,0,0,0,0,0,0,0,0,0
5252,UK,70-74,Adult,White,Retired,weekday,0,0,0,0,0,0,0,0,0,0
5253,UK,35-39,Adult,Asian,2,weekend,0,0,0,0,0,0,0,0,0,0
5254,UK,35-39,Adult,White,1,weekday,30,0,0,0,0,0,0,20,10,0
5256,UK,50-54,Adult,White,7,weekday,0,0,0,0,0,0,0,0,0,0
5257,UK,40-44,Adult,Asian,2,weekday,14,0,0,0,0,0,0,10,2,2
5258,UK,35-39,Adult,White,3,weekday,0,0,0,0,0,0,0,0,0,0
5259,UK,40-44,Adult,White,3,weekday,0,0,0,0,0,0,0,0,0,0
5260,UK,40-44,Adult,White,3,weekday,12,0,0,0,0,0,0,3,9,0
5261,UK,45-49,Adult,White,3,weekday,0,0,0,0,0,0,0,0,0,0
5262,UK,35-39,Adult,White,Unknown,weekday,0,0,0,0,0,0,0,0,0,0
5263,UK,35-39,Adult,White,2,weekday,0,0,0,0,0,0,0,0,0,0
5264,UK,35-39,Adult,Asian,2,weekday,0,0,0,0,0,0,0,0,0,0
5265,UK,55-59,Adult,White,Retired,weekend,0,0,0,0,0,0,0,0,0,0
5267,UK,50-54,Adult,White,4,weekday,0,0,0,0,0,0,0,0,0,0
5268,UK,50-54,Adult,White,2,weekday,0,0,0,0,0,0,0,0,0,0
5269,UK,75+,Adult,White,Retired,weekday,2,0,0,0,0,0,0,0,1,1
5270,UK,65-69,Adult,Black,2,weekend,0,0,0,0,0,0,0,0,0,0
5271,UK,50-54,Adult,Other,3,weekend,0,0,0,0,0,0,0,0,0,0
5272,UK,55-59,Adult,White,Retired,weekday,0,0,0,0,0,0,0,0,0,0
5273,UK,45-49,Adult,White,1,weekday,1,0,0,0,0,0,0,0,1,0
5274,UK,45-49,Adult,White,Unemployed,weekday,0,0,0,0,0,0,0,0,0,0
5275,UK,50-54,Adult,White,6,weekday,0,0,0,0,0,0,0,0,0,0
5276,UK,45-49,Adult,White,2,weekday,0,0,0,0,0,0,0,0,0,0
5278,UK,50-54,Adult,White,2,weekend,0,0,0,0,0,0,0,0,0,0
5279,UK,60-64,Adult,White,6,weekday,0,0,0,0,0,0,0,0,0,0
5280,UK,45-49,Adult,White,3,weekday,0,0,0,0,0,0,0,0,0,0
5281,UK,50-54,Adult,White,Unemployed,weekday,3,0,0,0,0,0,0,0,3,0
5282,UK,45-49,Adult,White,1,weekday,0,0,0,0,0,0,0,0,0,0
5283,UK,50-54,Adult,White,2,weekday,0,0,0,0,0,0,0,0,0,0
5284,UK,45-49,Adult,White,1,weekend,0,0,0,0,0,0,0,0,0,0
5285,UK,50-54,Adult,Asian,5,weekend,0,0,0,0,0,0,0,0,0,0
5286,UK,45-49,Adult,White,2,weekday,106,0,0,0,0,0,0,100,5,1
5287,UK,55-59,Adult,White,Unemployed,weekend,0,0,0,0,0,0,0,0,0,0
5289,UK,50-54,Adult,White,Unknown,weekday,0,0,0,0,0,0,0,0,0,0
5290,UK,45-49,Adult,White,Unknown,weekday,0,0,0,0,0,0,0,0,0,0
5291,UK,50-54,Adult,Prefer not to say,Unemployed,weekend,3,0,0,0,0,0,0,0,2,1
5292,UK,50-54,Adult,White,4,weekday,17,0,16,1,0,0,0,0,0,0
5293,UK,50-54,Adult,White,4,weekday,0,0,0,0,0,0,0,0,0,0
5294,UK,55-59,Adult,White,2,weekend,30,0,0,0,0,0,0,0,10,20
5295,UK,60-64,Adult,White,3,weekday,0,0,0,0,0,0,0,0,0,0
5296,UK,45-49,Adult,White,3,weekday,0,0,0,0,0,0,0,0,0,0
5297,UK,50-54,Adult,White,Unemployed,weekday,0,0,0,0,0,0,0,0,0,0
5298,UK,65-69,Adult,White,4,weekday,1,0,0,0,0,0,0,0,1,0
5300,UK,15-19,Adult,White,7,weekend,0,0,0,0,0,0,0,0,0,0
5301,UK,75+,Adult,White,Retired,weekday,0,0,0,0,0,0,0,0,0,0
5302,UK,60-64,Adult,White,Unknown,weekday,5,0,0,0,0,0,0,5,0,0
5303,UK,40-44,Adult,White,7,weekend,0,0,0,0,0,0,0,0,0,0
5304,UK,45-49,Adult,Mixed,Unknown,weekend,0,0,0,0,0,0,0,0,0,0
5305,UK,65-69,Adult,White,Unemployed,weekday,0,0,0,0,0,0,0,0,0,0
5306,UK,70-74,Adult,White,Retired,weekday,0,0,0,0,0,0,0,0,0,0
5307,UK,60-64,Adult,White,Unemployed,weekday,5,0,0,0,0,0,0,0,5,0
5308,UK,50-54,Adult,White,Unknown,weekend,0,0,0,0,0,0,0,0,0,0
5309,UK,45-49,Adult,White,6,weekday,37,0,20,5,0,0,0,1,10,1
5311,UK,65-69,Adult,White,Retired,weekday,0,0,0,0,0,0,0,0,0,0
5312,UK,45-49,Adult,White,Unemployed,weekday,9,0,0,0,0,0,0,0,7,2
5313,UK,60-64,Adult,White,1,weekday,9,0,0,0,0,0,0,0,9,0
5314,UK,45-49,Adult,White,Unemployed,weekday,0,0,0,0,0,0,0,0,0,0
5315,UK,55-59,Adult,White,3,weekday,0,0,0,0,0,0,0,0,0,0
5316,UK,70-74,Adult,Other,Retired,weekday,0,0,0,0,0,0,0,0,0,0
5317,UK,35-39,Adult,White,2,weekday,4,0,0,0,0,0,0,2,2,0
5318,UK,45-49,Adult,Mixed,7,weekday,3,0,0,0,0,0,0,1,2,0
5319,UK,45-49,Adult,White,7,weekday,0,0,0,0,0,0,0,0,0,0
5320,UK,45-49,Adult,White,1,weekday,3,0,0,0,0,0,0,0,2,1
5322,UK,50-54,Adult,White,Unknown,weekday,9,0,0,0,0,0,0,9,0,0
5323,UK,65-69,Adult,White,1,weekday,0,0,0,0,0,0,0,0,0,0
5324,UK,60-64,Adult,White,Unknown,weekday,0,0,0,0,0,0,0,0,0,0
5325,UK,55-59,Adult,White,Unemployed,weekday,4,0,0,0,0,0,0,1,1,2
5326,UK,60-64,Adult,White,Unemployed,weekday,0,0,0,0,0,0,0,0,0,0
5327,UK,55-59,Adult,White,1,weekend,0,0,0,0,0,0,0,0,0,0
5328,UK,45-49,Adult,White,Unknown,weekday,0,0,0,0,0,0,0,0,0,0
5329,UK,50-54,Adult,White,Unemployed,weekday,0,0,0,0,0,0,0,0,0,0
5330,UK,45-49,Adult,White,Unemployed,weekday,0,0,0,0,0,0,0,0,0,0
5331,UK,50-54,Adult,White,4,weekday,0,0,0,0,0,0,0,0,0,0
5333,UK,70-74,Adult,White,Retired,weekday,0,0,0,0,0,0,0,0,0,0
5334,UK,65-69,Adult,Other,Retired,weekend,0,0,0,0,0,0,0,0,0,0
5335,UK,55-59,Adult,White,Unknown,weekday,0,0,0,0,0,0,0,0,0,0
5410,UK,30-34,Adult,Asian,1,weekday,4,0,0,0,0,0,0,2,2,0
5411,UK,30-34,Adult,Asian,1,weekday,0,0,0,0,0,0,0,0,0,0
5412,UK,50-54,Adult,White,6,weekday,0,0,0,0,0,0,0,0,0,0
5413,UK,25-29,Adult,Asian,1,weekday,0,0,0,0,0,0,0,0,0,0
5414,UK,30-34,Adult,White,2,weekday,40,0,0,0,0,0,0,22,10,8
5415,UK,25-29,Adult,White,Unknown,weekend,2,0,0,0,0,0,0,1,1,0
5416,UK,35-39,Adult,White,Unknown,weekday,1,0,0,0,0,0,0,0,1,0
5417,UK,60-64,Adult,White,Retired,weekday,0,0,0,0,0,0,0,0,0,0
5418,UK,30-34,Adult,White,1,weekday,0,0,0,0,0,0,0,0,0,0
5420,UK,20-24,Adult,Asian,Student,weekday,7,1,2,0,0,2,0,0,2,0
5421,UK,40-44,Adult,White,2,weekday,0,0,0,0,0,0,0,0,0,0
5422,UK,25-29,Adult,Black,1,weekday,0,0,0,0,0,0,0,0,0,0
5423,UK,30-34,Adult,White,5,weekend,27,0,0,0,0,0,0,0,6,21
5424,UK,40-44,Adult,White,Unemployed,weekend,0,0,0,0,0,0,0,0,0,0
5425,UK,40-44,Adult,White,2,weekday,0,0,0,0,0,0,0,0,0,0
5426,UK,30-34,Adult,Black,3,weekday,0,0,0,0,0,0,0,0,0,0
5427,UK,40-44,Adult,White,7,weekend,0,0,0,0,0,0,0,0,0,0
5428,UK,55-59,Adult,Asian,Unemployed,weekday,2,0,0,0,0,0,0,0,1,1
5429,UK,40-44,Adult,White,6,weekend,0,0,0,0,0,0,0,0,0,0
5431,UK,35-39,Adult,White,1,weekday,4,0,0,0,0,0,0,3,1,0
5432,UK,30-34,Adult,White,2,weekend,0,0,0,0,0,0,0,0,0,0
5433,UK,30-34,Adult,White,1,weekday,1,0,0,0,0,0,0,0,1,0
5434,UK,25-29,Adult,Black,2,weekday,0,0,0,0,0,0,0,0,0,0
5435,UK,45-49,Adult,White,1,weekend,0,0,0,0,0,0,0,0,0,0
5436,UK,20-24,Adult,Asian,Unemployed,weekday,2,0,0,0,0,0,0,0,2,0
5437,UK,75+,Adult,White,Unemployed,weekend,3,0,0,0,0,0,0,0,2,1
5438,UK,20-24,Adult,White,2,weekday,5,0,0,0,0,0,0,0,3,2
5439,UK,40-44,Adult,White,Unemployed,weekday,1,0,0,0,0,0,0,0,1,0
5440,UK,60-64,Adult,White,1,weekday,0,0,0,0,0,0,0,0,0,0
5442,UK,25-29,Adult,White,Unemployed,weekday,0,0,0,0,0,0,0,0,0,0
5443,UK,30-34,Adult,White,2,weekday,0,0,0,0,0,0,0,0,0,0
5444,UK,45-49,Adult,White,7,weekend,0,0,0,0,0,0,0,0,0,0
5445,UK,50-54,Adult,White,Unknown,weekend,0,0,0,0,0,0,0,0,0,0
5446,UK,20-24,Adult,White,4,weekday,2,0,0,0,0,0,0,0,2,0
5447,UK,20-24,Adult,White,5,weekday,1,0,0,0,0,0,0,0,1,0
5448,UK,30-34,Adult,Black,6,weekday,40,0,0,0,0,0,0,0,30,10
5449,UK,45-49,Adult,White,2,weekday,0,0,0,0,0,0,0,0,0,0
5450,UK,35-39,Adult,White,6,weekend,1,0,0,0,0,0,0,0,1,0
5451,UK,40-44,Adult,White,2,weekday,0,0,0,0,0,0,0,0,0,0
5453,UK,35-39,Adult,White,3,weekday,3,1,0,0,1,0,0,1,0,0
5454,UK,60-64,Adult,White,2,weekday,0,0,0,0,0,0,0,0,0,0
5455,UK,60-64,Adult,Other,2,weekend,0,0,0,0,0,0,0,0,0,0
5456,UK,35-39,Adult,Asian,1,weekend,0,0,0,0,0,0,0,0,0,0
5457,UK,15-19,Adult,Mixed,Unemployed,weekend,11,0,0,0,0,0,0,1,10,0
5458,UK,50-54,Adult,White,1,weekend,0,0,0,0,0,0,0,0,0,0
5459,UK,25-29,Adult,Black,6,weekday,6,0,0,0,0,0,0,0,4,2
5460,UK,35-39,Adult,White,1,weekday,5,0,0,0,0,0,0,1,2,2
5461,UK,25-29,Adult,White,3,weekday,3,0,0,0,0,0,0,1,1,1
5462,UK,30-34,Adult,White,2,weekday,0,0,0,0,0,0,0,0,0,0
5464,UK,40-44,Adult,White,5,weekday,0,0,0,0,0,0,0,0,0,0
5465,UK,20-24,Adult,White,1,weekday,0,0,0,0,0,0,0,0,0,0
5466,UK,25-29,Adult,Asian,Unknown,weekend,0,0,0,0,0,0,0,0,0,0
5467,UK,35-39,Adult,White,4,weekday,0,0,0,0,0,0,0,0,0,0
5468,UK,30-34,Adult,White,1,weekday,99,0,0,0,0,0,0,16,18,65
5469,UK,20-24,Adult,Asian,6,weekday,8,0,0,0,0,0,0,4,4,0
5470,UK,30-34,Adult,White,1,weekday,2,0,0,0,0,0,0,0,2,0
5471,UK,40-44,Adult,White,3,weekend,0,0,0,0,0,0,0,0,0,0
5472,UK,25-29,Adult,Asian,Unknown,weekday,0,0,0,0,0,0,0,0,0,0
5473,UK,30-34,Adult,Asian,1,weekday,0,0,0,0,0,0,0,0,0,0
5475,UK,55-59,Adult,White,1,weekend,0,0,0,0,0,0,0,0,0,0
5476,UK,15-19,Adult,White,3,weekday,0,0,0,0,0,0,0,0,0,0
5477,UK,25-29,Adult,White,2,weekday,5,0,0,0,0,0,0,0,5,0
5478,UK,30-34,Adult,White,2,weekday,0,0,0,0,0,0,0,0,0,0
5479,UK,35-39,Adult,White,2,weekday,0,0,0,0,0,0,0,0,0,0
5480,UK,25-29,Adult,Asian,Unemployed,weekend,0,0,0,0,0,0,0,0,0,0
5481,UK,30-34,Adult,White,5,weekday,0,0,0,0,0,0,0,0,0,0
5482,UK,55-59,Adult,White,2,weekday,4,0,0,0,0,0,0,4,0,0
5483,UK,20-24,Adult,Other,1,weekday,30,0,0,0,0,0,0,10,10,10
5484,UK,45-49,Adult,White,2,weekend,9,0,0,0,2,5,2,0,0,0
5486,UK,20-24,Adult,Asian,Student,weekday,10,0,0,0,0,0,0,0,10,0
5487,UK,20-24,Adult,White,4,weekday,6,0,0,0,0,0,0,2,2,2
5488,UK,30-34,Adult,Black,7,weekday,5,0,0,0,0,0,0,0,5,0
5489,UK,65-69,Adult,White,Retired,weekday,0,0,0,0,0,0,0,0,0,0
5490,UK,15-19,Adult,White,Unknown,weekend,3,0,0,0,0,0,0,1,2,0
5491,UK,25-29,Adult,Black,3,weekend,0,0,0,0,0,0,0,0,0,0
5492,UK,30-34,Adult,Asian,2,weekday,20,0,0,0,0,0,0,15,5,0
5493,UK,20-24,Adult,White,Student,weekday,0,0,0,0,0,0,0,0,0,0
5494,UK,30-34,Adult,White,2,weekday,0,0,0,0,0,0,0,0,0,0
5495,UK,35-39,Adult,Asian,1,weekday,1,0,0,0,0,0,0,1,0,0
5497,UK,25-29,Adult,White,2,weekday,12,0,0,0,0,0,0,3,8,1
5498,UK,50-54,Adult,White,1,weekday,0,0,0,0,0,0,0,0,0,0
5499,UK,25-29,Adult,White,Unemployed,weekday,0,0,0,0,0,0,0,0,0,0
5500,UK,25-29,Adult,White,1,weekday,0,0,0,0,0,0,0,0,0,0
5501,UK,30-34,Adult,Black,3,weekday,0,0,0,0,0,0,0,0,0,0
5502,UK,25-29,Adult,White,2,weekend,0,0,0,0,0,0,0,0,0,0
5503,UK,35-39,Adult,White,Unknown,weekend,0,0,0,0,0,0,0,0,0,0
5504,UK,50-54,Adult,White,2,weekday,0,0,0,0,0,0,0,0,0,0
5505,UK,45-49,Adult,White,1,weekday,0,0,0,0,0,0,0,0,0,0
5506,UK,30-34,Adult,White,4,weekday,6,0,0,0,0,0,0,1,5,0
5508,UK,35-39,Adult,White,3,weekend,0,0,0,0,0,0,0,0,0,0
5509,UK,15-19,Adult,Other,3,weekday,0,0,0,0,0,0,0,0,0,0
5510,UK,20-24,Adult,Other,Unemployed,weekday,121,0,0,0,2,24,23,24,24,24
5511,UK,20-24,Adult,Asian,2,weekday,5,0,0,0,0,0,0,0,3,2
5512,UK,25-29,Adult,White,2,weekday,0,0,0,0,0,0,0,0,0,0
5513,UK,40-44,Adult,White,3,weekday,0,0,0,0,0,0,0,0,0,0
5514,UK,25-29,Adult,White,1,weekday,53,0,0,0,0,0,0,26,27,0
5515,UK,30-34,Adult,White,Unemployed,weekday,4,0,0,0,0,0,0,3,1,0
5516,UK,50-54,Adult,White,3,weekday,0,0,0,0,0,0,0,0,0,0
5517,UK,40-44,Adult,White,4,weekday,0,0,0,0,0,0,0,0,0,0
5519,UK,15-19,Adult,Black,6,weekday,63,0,0,0,0,0,0,8,20,35
5520,UK,40-44,Adult,White,Unemployed,weekday,0,0,0,0,0,0,0,0,0,0
5521,UK,20-24,Adult,White,3,weekend,0,0,0,0,0,0,0,0,0,0
5522,UK,30-34,Adult,White,1,weekend,0,0,0,0,0,0,0,0,0,0
5523,UK,20-24,Adult,Black,1,weekend,0,0,0,0,0,0,0,0,0,0
5524,UK,15-19,Adult,White,Student,weekend,0,0,0,0,0,0,0,0,0,0
5525,UK,55-59,Adult,White,Retired,weekend,0,0,0,0,0,0,0,0,0,0
5526,UK,40-44,Adult,Asian,3,weekday,2,0,0,0,0,0,0,0,1,1
5527,UK,35-39,Adult,White,Unemployed,weekday,0,0,0,0,0,0,0,0,0,0
5528,UK,35-39,Adult,White,3,weekend,1,0,0,0,0,0,0,0,1,0
5530,UK,30-34,Adult,White,Unknown,weekday,4,0,0,0,0,0,0,0,4,0
5531,UK,65-69,Adult,White,Retired,weekend,0,0,0,0,0,0,0,0,0,0
5532,UK,60-64,Adult,White,6,weekday,1,0,0,0,0,0,0,1,0,0
5533,UK,15-19,Adult,Asian,5,weekend,0,0,0,0,0,0,0,0,0,0
5534,UK,30-34,Adult,White,3,weekend,3,0,0,0,0,0,0,2,1,0
5535,UK,60-64,Adult,White,Unemployed,weekday,0,0,0,0,0,0,0,0,0,0
5536,UK,50-54,Adult,White,1,weekday,0,0,0,0,0,0,0,0,0,0
5537,UK,25-29,Adult,White,1,weekday,0,0,0,0,0,0,0,0,0,0
5538,UK,25-29,Adult,Mixed,1,weekend,0,0,0,0,0,0,0,0,0,0
5539,UK,35-39,Adult,White,Unemployed,weekend,0,0,0,0,0,0,0,0,0,0
5541,UK,25-29,Adult,White,2,weekday,0,0,0,0,0,0,0,0,0,0
5542,UK,20-24,Adult,White,4,weekday,13,0,0,0,0,0,0,1,3,9
5543,UK,50-54,Adult,White,6,weekday,0,0,0,0,0,0,0,0,0,0
5544,UK,30-34,Adult,White,2,weekday,0,0,0,0,0,0,0,0,0,0
5545,UK,40-44,Adult,White,Unemployed,weekday,0,0,0,0,0,0,0,0,0,0
5546,UK,30-34,Adult,White,7,weekday,1,0,0,0,0,0,0,0,1,0
5547,UK,35-39,Adult,Asian,3,weekend,1,0,0,0,0,0,0,1,0,0
5548,UK,30-34,Adult,White,4,weekday,0,0,0,0,0,0,0,0,0,0
5549,UK,30-34,Adult,White,1,weekday,0,0,0,0,0,0,0,0,0,0
5550,UK,35-39,Adult,Asian,3,weekday,5,0,0,0,0,0,0,3,1,1
5552,UK,25-29,Adult,Black,6,weekday,21,0,5,15,0,0,0,0,0,1
5553,UK,20-24,Adult,Mixed,3,weekday,6,0,0,0,0,0,0,3,3,0
5554,UK,40-44,Adult,White,2,weekday,0,0,0,0,0,0,0,0,0,0
5555,UK,40-44,Adult,White,1,weekend,0,0,0,0,0,0,0,0,0,0
5556,UK,30-34,Adult,White,3,weekday,0,0,0,0,0,0,0,0,0,0
5557,UK,25-29,Adult,White,3,weekday,0,0,0,0,0,0,0,0,0,0
5558,UK,35-39,Adult,White,3,weekday,3,0,0,0,0,0,0,0,3,0
5559,UK,15-19,Adult,Asian,Unemployed,weekday,12,3,3,0,0,0,0,3,3,0
5560,UK,25-29,Adult,White,7,weekend,1,0,0,0,0,0,0,0,1,0
5561,UK,40-44,Adult,White,3,weekend,0,0,0,0,0,0,0,0,0,0
5563,UK,45-49,Adult,White,3,weekday,3,0,0,0,0,0,0,0,3,0
5564,UK,60-64,Adult,White,6,weekday,0,0,0,0,0,0,0,0,0,0
5565,UK,20-24,Adult,White,4,weekday,0,0,0,0,0,0,0,0,0,0
5566,UK,75+,Adult,White,Retired,weekday,16,0,0,0,0,0,0,0,0,16
5567,UK,35-39,Adult,White,7,weekday,4,0,0,0,0,0,0,2,2,0
5568,UK,45-49,Adult,White,Unemployed,weekday,0,0,0,0,0,0,0,0,0,0
5569,UK,25-29,Adult,White,6,weekend,0,0,0,0,0,0,0,0,0,0
5570,UK,35-39,Adult,White,1,weekday,0,0,0,0,0,0,0,0,0,0
5571,UK,35-39,Adult,Asian,1,weekday,11,0,0,0,0,0,0,0,10,1
5572,UK,45-49,Adult,Black,3,weekday,2,0,1,1,0,0,0,0,0,0
5574,UK,45-49,Adult,White,2,weekend,0,0,0,0,0,0,0,0,0,0
5575,UK,40-44,Adult,Other,Unemployed,weekend,5,0,0,0,0,0,0,3,2,0
5576,UK,55-59,Adult,Black,Unemployed,weekday,0,0,0,0,0,0,0,0,0,0
5577,UK,35-39,Adult,White,6,weekday,0,0,0,0,0,0,0,0,0,0
5578,UK,25-29,Adult,Mixed,3,weekday,0,0,0,0,0,0,0,0,0,0
5579,UK,30-34,Adult,White,2,weekday,0,0,0,0,0,0,0,0,0,0
5580,UK,25-29,Adult,Asian,2,weekday,5,0,0,0,0,0,0,2,3,0
5581,UK,40-44,Adult,White,6,weekend,0,0,0,0,0,0,0,0,0,0
5582,UK,70-74,Adult,Asian,Retired,weekday,0,0,0,0,0,0,0,0,0,0
5583,UK,45-49,Adult,White,1,weekend,0,0,0,0,0,0,0,0,0,0
5585,UK,40-44,Adult,White,2,weekday,11,0,0,0,0,0,0,0,10,1
5586,UK,45-49,Adult,Black,2,weekday,5,0,0,0,0,0,0,0,5,0
5587,UK,50-54,Adult,White,2,weekend,0,0,0,0,0,0,0,0,0,0
5588,UK,30-34,Adult,Asian,Unemployed,weekend,15,0,0,0,0,0,0,0,10,5
5589,UK,40-44,Adult,White,3,weekday,2,0,0,0,0,0,0,2,0,0
5590,UK,40-44,Adult,White,Unemployed,weekend,1,0,0,0,0,0,0,1,0,0
5591,UK,40-44,Adult,White,2,weekday,3,0,0,0,0,0,0,0,2,1
5592,UK,55-59,Adult,White,Retired,weekend,0,0,0,0,0,0,0,0,0,0
5593,UK,40-44,Adult,White,3,weekday,0,0,0,0,0,0,0,0,0,0
5594,UK,60-64,Adult,White,1,weekend,0,0,0,0,0,0,0,0,0,0
5596,UK,35-39,Adult,White,Unknown,weekday,0,0,0,0,0,0,0,0,0,0
5597,UK,35-39,Adult,Mixed,3,weekday,6,0,0,0,0,0,0,0,4,2
5598,UK,25-29,Adult,White,2,weekend,0,0,0,0,0,0,0,0,0,0
5599,UK,35-39,Adult,White,6,weekend,0,0,0,0,0,0,0,0,0,0
5600,UK,60-64,Adult,White,6,weekday,58,4,10,15,0,0,0,4,10,15
5601,UK,50-54,Adult,White,6,weekday,5,0,0,0,0,0,0,0,5,0
5602,UK,35-39,Adult,White,2,weekday,5,0,0,0,0,0,0,0,5,0
5603,UK,45-49,Adult,White,4,weekday,1,0,0,0,0,0,0,0,1,0
5604,UK,50-54,Adult,White,1,weekend,1,0,0,0,0,0,0,0,1,0
5605,UK,45-49,Adult,White,2,weekday,3,0,0,0,0,0,0,2,1,0
5607,UK,35-39,Adult,White,6,weekday,0,0,0,0,0,0,0,0,0,0
5608,UK,20-24,Adult,White,6,weekday,0,0,0,0,0,0,0,0,0,0
5609,UK,60-64,Adult,White,3,weekday,0,0,0,0,0,0,0,0,0,0
5610,UK,50-54,Adult,White,2,weekend,0,0,0,0,0,0,0,0,0,0
5611,UK,40-44,Adult,Asian,3,weekend,2,0,0,0,0,0,0,1,1,0
5612,UK,65-69,Adult,White,Retired,weekend,0,0,0,0,0,0,0,0,0,0
5613,UK,35-39,Adult,Black,Unemployed,weekday,7,0,0,0,0,0,0,4,3,0
5614,UK,50-54,Adult,White,3,weekend,0,0,0,0,0,0,0,0,0,0
5615,UK,35-39,Adult,Black,3,weekday,19,0,0,0,0,0,0,5,9,5
5616,UK,40-44,Adult,White,1,weekday,0,0,0,0,0,0,0,0,0,0
5618,UK,50-54,Adult,White,7,weekend,2,0,0,0,0,0,0,0,2,0
5619,UK,50-54,Adult,White,Unknown,weekday,0,0,0,0,0,0,0,0,0,0
5620,UK,50-54,Adult,White,2,weekday,4,0,2,0,0,0,0,0,2,0
5621,UK,45-49,Adult,White,7,weekday,12,0,0,0,0,0,0,3,9,0
5622,UK,50-54,Adult,White,1,weekday,0,0,0,0,0,0,0,0,0,0
5623,UK,60-64,Adult,White,6,weekday,0,0,0,0,0,0,0,0,0,0
5624,UK,55-59,Adult,White,Unemployed,weekday,1,0,0,0,0,0,0,1,0,0
5625,UK,60-64,Adult,White,Unknown,weekend,0,0,0,0,0,0,0,0,0,0
5626,UK,55-59,Adult,Black,1,weekend,17,0,0,0,0,0,0,10,5,2
5627,UK,45-49,Adult,White,2,weekday,2,0,0,0,0,0,0,2,0,0
5629,UK,55-59,Adult,White,3,weekday,0,0,0,0,0,0,0,0,0,0
5630,UK,55-59,Adult,White,3,weekday,1,0,0,0,0,0,0,0,1,0
5631,UK,45-49,Adult,White,2,weekday,20,0,0,0,0,0,0,0,20,0
5632,UK,60-64,Adult,White,1,weekday,0,0,0,0,0,0,0,0,0,0
5633,UK,30-34,Adult,White,2,weekday,4,0,0,0,0,0,0,0,4,0
5634,UK,70-74,Adult,White,Retired,weekend,2,0,0,0,0,0,0,0,1,1
5635,UK,50-54,Adult,White,2,weekday,0,0,0,0,0,0,0,0,0,0
5636,UK,55-59,Adult,White,1,weekday,0,0,0,0,0,0,0,0,0,0
5637,UK,50-54,Adult,White,1,weekend,0,0,0,0,0,0,0,0,0,0
5638,UK,45-49,Adult,Asian,5,weekday,0,0,0,0,0,0,0,0,0,0
5640,UK,65-69,Adult,White,Retired,weekend,0,0,0,0,0,0,0,0,0,0
5641,UK,45-49,Adult,White,Unemployed,weekday,0,0,0,0,0,0,0,0,0,0
5642,UK,50-54,Adult,White,3,weekend,0,0,0,0,0,0,0,0,0,0
5643,UK,50-54,Adult,White,3,weekday,0,0,0,0,0,0,0,0,0,0
5644,UK,70-74,Adult,White,Retired,weekday,0,0,0,0,0,0,0,0,0,0
5645,UK,45-49,Adult,White,Unemployed,weekend,0,0,0,0,0,0,0,0,0,0
5646,UK,75+,Adult,White,Unknown,weekday,0,0,0,0,0,0,0,0,0,0
5647,UK,45-49,Adult,White,6,weekday,0,0,0,0,0,0,0,0,0,0
5648,UK,55-59,Adult,White,2,weekend,25,0,0,0,0,0,0,0,20,5
5649,UK,55-59,Adult,Black,Unemployed,weekend,2,0,0,0,0,0,0,1,1,0
5651,UK,70-74,Adult,White,Retired,weekday,0,0,0,0,0,0,0,0,0,0
5652,UK,50-54,Adult,White,2,weekday,0,0,0,0,0,0,0,0,0,0
5653,UK,75+,Adult,White,Unknown,weekend,0,0,0,0,0,0,0,0,0,0
5654,UK,55-59,Adult,White,3,weekday,0,0,0,0,0,0,0,0,0,0
5655,UK,40-44,Adult,White,Retired,weekday,0,0,0,0,0,0,0,0,0,0
5656,UK,55-59,Adult,White,Retired,weekend,0,0,0,0,0,0,0,0,0,0
5657,UK,65-69,Adult,White,Retired,weekend,0,0,0,0,0,0,0,0,0,0
5658,UK,60-64,Adult,White,6,weekday,0,0,0,0,0,0,0,0,0,0
5659,UK,45-49,Adult,White,Unemployed,weekday,0,0,0,0,0,0,0,0,0,0
5660,UK,75+,Adult,White,1,weekend,0,0,0,0,0,0,0,0,0,0
5662,UK,45-49,Adult,Black,6,weekday,6,0,0,0,0,0,0,0,6,0
5663,UK,55-59,Adult,White,Unemployed,weekday,0,0,0,0,0,0,0,0,0,0
5664,UK,55-59,Adult,White,4,weekday,0,0,0,0,0,0,0,0,0,0
5665,UK,55-59,Adult,White,6,weekday,0,0,0,0,0,0,0,0,0,0
5666,UK,70-74,Adult,White,Retired,weekday,1,0,0,0,0,0,0,0,1,0
5667,UK,45-49,Adult,White,1,weekday,3,0,0,0,0,0,0,0,2,1
5668,UK,50-54,Adult,Asian,Unemployed,weekday,0,0,0,0,0,0,0,0,0,0
5669,UK,45-49,Adult,White,1,weekday,0,0,0,0,0,0,0,0,0,0
5670,UK,65-69,Adult,White,Retired,weekday,0,0,0,0,0,0,0,0,0,0
5671,UK,60-64,Adult,White,4,weekend,0,0,0,0,0,0,0,0,0,0
5673,UK,55-59,Adult,White,Unknown,weekend,0,0,0,0,0,0,0,0,0,0
5674,UK,45-49,Adult,Other,2,weekday,3,0,0,0,0,0,0,1,1,1
5675,UK,45-49,Adult,White,3,weekday,0,0,0,0,0,0,0,0,0,0
5676,UK,55-59,Adult,White,Unemployed,weekday,0,0,0,0,0,0,0,0,0,0
5677,UK,50-54,Adult,White,2,weekday,3,0,0,0,0,0,0,0,3,0
5678,UK,55-59,Adult,White,3,weekday,0,0,0,0,0,0,0,0,0,0
5679,UK,55-59,Adult,White,2,weekday,1,0,0,0,0,0,0,1,0,0
5680,UK,60-64,Adult,White,1,weekday,13,0,0,0,0,0,0,1,10,2
5681,UK,50-54,Adult,White,1,weekday,12,0,0,0,0,0,0,2,7,3
5682,UK,45-49,Adult,White,1,weekend,2,0,0,0,0,0,0,2,0,0
5684,UK,50-54,Adult,White,Unemployed,weekend,0,0,0,0,0,0,0,0,0,0
5685,UK,45-49,Adult,White,3,weekend,0,0,0,0,0,0,0,0,0,0
5686,UK,50-54,Adult,White,3,weekday,0,0,0,0,0,0,0,0,0,0
5687,UK,50-54,Adult,Asian,Unemployed,weekday,5,0,0,0,0,0,0,1,2,2
5688,UK,15-19,Adult,White,1,weekday,0,0,0,0,0,0,0,0,0,0
5689,UK,50-54,Adult,White,Unemployed,weekday,0,0,0,0,0,0,0,0,0,0
5690,UK,60-64,Adult,White,4,weekend,22,0,0,0,0,0,0,3,14,5
5691,UK,60-64,Adult,White,Retired,weekday,25,0,0,0,0,0,0,15,10,0
5692,UK,45-49,Adult,White,3,weekday,6,0,0,0,0,0,0,0,4,2
5693,UK,55-59,Adult,White,Retired,weekend,0,0,0,0,0,0,0,0,0,0
5695,UK,50-54,Adult,White,Unemployed,weekend,2,0,0,0,0,0,0,0,2,0
5696,UK,65-69,Adult,White,Retired,weekday,0,0,0,0,0,0,0,0,0,0
5697,UK,45-49,Adult,White,3,weekend,0,0,0,0,0,0,0,0,0,0
5698,UK,45-49,Adult,White,2,weekday,0,0,0,0,0,0,0,0,0,0
5699,UK,45-49,Adult,Black,2,weekday,110,0,0,0,0,0,0,15,40,55
5700,UK,45-49,Adult,White,5,weekday,0,0,0,0,0,0,0,0,0,0
5701,UK,60-64,Adult,White,Unemployed,weekday,0,0,0,0,0,0,0,0,0,0
5702,UK,50-54,Adult,White,Unemployed,weekday,0,0,0,0,0,0,0,0,0,0
5703,UK,45-49,Adult,White,7,weekday,0,0,0,0,0,0,0,0,0,0
5704,UK,45-49,Adult,Mixed,Unemployed,weekday,1,0,0,0,0,0,0,0,1,0
5706,UK,45-49,Adult,White,Unemployed,weekend,0,0,0,0,0,0,0,0,0,0
5707,UK,55-59,Adult,White,Unemployed,weekend,1,0,0,0,0,0,0,0,0,1
5708,UK,50-54,Adult,Asian,5,weekday,0,0,0,0,0,0,0,0,0,0
5709,UK,50-54,Adult,Asian,2,weekday,1,0,0,0,0,0,0,0,1,0
5710,UK,50-54,Adult,White,7,weekday,0,0,0,0,0,0,0,0,0,0
5711,UK,50-54,Adult,White,5,weekday,0,0,0,0,0,0,0,0,0,0
5712,UK,45-49,Adult,White,4,weekend,0,0,0,0,0,0,0,0,0,0
5713,UK,55-59,Adult,White,4,weekday,0,0,0,0,0,0,0,0,0,0
5714,UK,55-59,Adult,White,2,weekday,45,0,0,0,0,0,0,0,40,5
5715,UK,50-54,Adult,White,Unemployed,weekday,0,0,0,0,0,0,0,0,0,0
5717,UK,55-59,Adult,Asian,1,weekend,0,0,0,0,0,0,0,0,0,0
5718,UK,60-64,Adult,White,1,weekend,0,0,0,0,0,0,0,0,0,0
5719,UK,65-69,Adult,White,Retired,weekend,0,0,0,0,0,0,0,0,0,0
5720,UK,55-59,Adult,White,1,weekday,40,0,0,0,0,0,0,10,10,20
5721,UK,60-64,Adult,White,Retired,weekend,0,0,0,0,0,0,0,0,0,0
5722,UK,60-64,Adult,Black,7,weekend,0,0,0,0,0,0,0,0,0,0
5723,UK,60-64,Adult,White,3,weekend,0,0,0,0,0,0,0,0,0,0
5724,UK,65-69,Adult,White,7,weekday,0,0,0,0,0,0,0,0,0,0
5725,UK,60-64,Adult,White,2,weekend,0,0,0,0,0,0,0,0,0,0
5726,UK,55-59,Adult,White,Unemployed,weekend,0,0,0,0,0,0,0,0,0,0
5728,UK,70-74,Adult,White,Retired,weekend,0,0,0,0,0,0,0,0,0,0
5729,UK,60-64,Adult,White,7,weekday,0,0,0,0,0,0,0,0,0,0
5730,UK,65-69,Adult,White,Retired,weekend,0,0,0,0,0,0,0,0,0,0
5731,UK,60-64,Adult,White,Unemployed,weekday,0,0,0,0,0,0,0,0,0,0
5732,UK,55-59,Adult,White,1,weekday,0,0,0,0,0,0,0,0,0,0
5733,UK,55-59,Adult,White,5,weekend,0,0,0,0,0,0,0,0,0,0
5734,UK,55-59,Adult,White,Retired,weekend,0,0,0,0,0,0,0,0,0,0
5735,UK,55-59,Adult,White,3,weekday,0,0,0,0,0,0,0,0,0,0
5736,UK,65-69,Adult,White,Retired,weekday,0,0,0,0,0,0,0,0,0,0
5737,UK,55-59,Adult,White,Unknown,weekday,0,0,0,0,0,0,0,0,0,0
5739,UK,65-69,Adult,White,2,weekend,0,0,0,0,0,0,0,0,0,0
5740,UK,75+,Adult,White,6,weekend,0,0,0,0,0,0,0,0,0,0
5741,UK,55-59,Adult,White,Unemployed,weekend,0,0,0,0,0,0,0,0,0,0
5742,UK,55-59,Adult,White,2,weekday,0,0,0,0,0,0,0,0,0,0
5743,UK,60-64,Adult,White,1,weekday,0,0,0,0,0,0,0,0,0,0
5744,UK,65-69,Adult,White,Retired,weekend,1,0,0,0,0,0,0,0,1,0
5745,UK,75+,Adult,White,Unemployed,weekday,0,0,0,0,0,0,0,0,0,0
5746,UK,60-64,Adult,White,Retired,weekday,0,0,0,0,0,0,0,0,0,0
5747,UK,60-64,Adult,White,2,weekday,20,0,20,0,0,0,0,0,0,0
5748,UK,55-59,Adult,White,7,weekday,0,0,0,0,0,0,0,0,0,0
5750,UK,55-59,Adult,White,7,weekend,10,0,5,0,0,0,0,0,5,0
5751,UK,55-59,Adult,White,2,weekday,0,0,0,0,0,0,0,0,0,0
5752,UK,65-69,Adult,White,Retired,weekday,0,0,0,0,0,0,0,0,0,0
5753,UK,60-64,Adult,White,Retired,weekday,0,0,0,0,0,0,0,0,0,0
5754,UK,55-59,Adult,White,1,weekend,0,0,0,0,0,0,0,0,0,0
5755,UK,55-59,Adult,White,1,weekend,0,0,0,0,0,0,0,0,0,0
5756,UK,60-64,Adult,White,2,weekend,0,0,0,0,0,0,0,0,0,0
5757,UK,70-74,Adult,White,Retired,weekday,0,0,0,0,0,0,0,0,0,0
5758,UK,65-69,Adult,White,Retired,weekday,0,0,0,0,0,0,0,0,0,0
5759,UK,65-69,Adult,White,Retired,weekend,0,0,0,0,0,0,0,0,0,0
5761,UK,75+,Adult,White,Retired,weekday,0,0,0,0,0,0,0,0,0,0
5830,UK,40-44,Adult,White,3,weekend,0,0,0,0,0,0,0,0,0,0
5831,UK,15-19,Adult,White,Student,weekend,5,0,0,0,0,0,0,0,5,0
5832,UK,15-19,Adult,Asian,Student,weekend,1,0,0,0,0,0,0,0,1,0
5833,UK,25-29,Adult,Black,4,weekday,1,0,0,0,0,0,0,0,1,0
5834,UK,15-19,Adult,White,4,weekday,0,0,0,0,0,0,0,0,0,0
5835,UK,40-44,Adult,White,2,weekday,1,0,0,0,0,0,0,0,0,1
5836,UK,50-54,Adult,White,Unemployed,weekday,0,0,0,0,0,0,0,0,0,0
5837,UK,25-29,Adult,White,1,weekday,7,0,0,0,0,0,0,2,4,1
5838,UK,35-39,Adult,White,3,weekday,4,0,0,0,0,0,0,1,2,1
5840,UK,40-44,Adult,White,2,weekday,0,0,0,0,0,0,0,0,0,0
5841,UK,25-29,Adult,White,4,weekday,0,0,0,0,0,0,0,0,0,0
5842,UK,30-34,Adult,White,1,weekend,2,0,0,0,0,0,0,1,0,1
5843,UK,25-29,Adult,Black,6,weekday,0,0,0,0,0,0,0,0,0,0
5844,UK,25-29,Adult,White,3,weekday,0,0,0,0,0,0,0,0,0,0
5845,UK,30-34,Adult,White,3,weekday,0,0,0,0,0,0,0,0,0,0
5846,UK,35-39,Adult,White,1,weekday,3,0,0,0,0,0,0,1,2,0
5847,UK,20-24,Adult,White,4,weekday,2,0,0,0,0,0,0,0,2,0
5848,UK,40-44,Adult,White,5,weekday,5,0,0,0,0,0,0,1,3,1
5849,UK,25-29,Adult,Asian,4,weekday,10,0,0,0,0,0,0,4,6,0
5851,UK,20-24,Adult,White,2,weekday,2,0,0,0,0,0,0,1,1,0
5852,UK,50-54,Adult,White,Unemployed,weekday,0,0,0,0,0,0,0,0,0,0
5853,UK,35-39,Adult,White,Unemployed,weekday,0,0,0,0,0,0,0,0,0,0
5854,UK,35-39,Adult,Asian,2,weekday,4,0,0,0,0,0,0,2,1,1
5855,UK,30-34,Adult,White,2,weekday,0,0,0,0,0,0,0,0,0,0
5856,UK,25-29,Adult,White,Unknown,weekday,1,0,0,0,0,0,0,1,0,0
5857,UK,15-19,Adult,Other,3,weekday,9,0,0,0,0,0,0,1,8,0
5858,UK,55-59,Adult,White,1,weekday,7,0,0,0,0,0,0,1,4,2
5859,UK,30-34,Adult,White,1,weekend,0,0,0,0,0,0,0,0,0,0
5860,UK,35-39,Adult,White,1,weekday,0,0,0,0,0,0,0,0,0,0
5862,UK,40-44,Adult,White,3,weekday,11,0,0,0,0,0,0,0,10,1
5863,UK,40-44,Adult,Black,Unemployed,weekday,45,0,0,0,0,0,0,10,20,15
5864,UK,40-44,Adult,White,1,weekday,0,0,0,0,0,0,0,0,0,0
5865,UK,25-29,Adult,Black,1,weekday,0,0,0,0,0,0,0,0,0,0
5866,UK,30-34,Adult,Black,6,weekday,4,0,0,0,0,0,0,0,4,0
5867,UK,15-19,Adult,Other,Student,weekday,0,0,0,0,0,0,0,0,0,0
5868,UK,20-24,Adult,White,2,weekday,0,0,0,0,0,0,0,0,0,0
5869,UK,25-29,Adult,White,1,weekday,0,0,0,0,0,0,0,0,0,0
5870,UK,50-54,Adult,White,6,weekday,0,0,0,0,0,0,0,0,0,0
5871,UK,25-29,Adult,White,5,weekday,0,0,0,0,0,0,0,0,0,0
5873,UK,25-29,Adult,White,3,weekday,2,0,0,0,0,0,0,2,0,0
5874,UK,25-29,Adult,White,3,weekday,0,0,0,0,0,0,0,0,0,0
5875,UK,30-34,Adult,Asian,2,weekday,4,0,0,0,0,0,0,0,4,0
5876,UK,35-39,Adult,White,Unemployed,weekday,0,0,0,0,0,0,0,0,0,0
5877,UK,55-59,Adult,White,Retired,weekday,0,0,0,0,0,0,0,0,0,0
5878,UK,50-54,Adult,Asian,1,weekday,0,0,0,0,0,0,0,0,0,0
5879,UK,20-24,Adult,White,2,weekday,5,0,2,0,0,3,0,0,0,0
5880,UK,75+,Adult,White,2,weekday,0,0,0,0,0,0,0,0,0,0
5881,UK,25-29,Adult,White,2,weekend,0,0,0,0,0,0,0,0,0,0
5882,UK,50-54,Adult,White,Unemployed,weekday,0,0,0,0,0,0,0,0,0,0
5884,UK,40-44,Adult,White,5,weekday,0,0,0,0,0,0,0,0,0,0
5885,UK,50-54,Adult,White,Unemployed,weekday,0,0,0,0,0,0,0,0,0,0
5886,UK,40-44,Adult,White,1,weekday,0,0,0,0,0,0,0,0,0,0
5887,UK,25-29,Adult,Black,1,weekday,4,0,0,0,0,0,0,1,2,1
5888,UK,25-29,Adult,Asian,1,weekday,0,0,0,0,0,0,0,0,0,0
5889,UK,30-34,Adult,White,3,weekday,0,0,0,0,0,0,0,0,0,0
5890,UK,30-34,Adult,Black,1,weekend,0,0,0,0,0,0,0,0,0,0
5891,UK,25-29,Adult,White,2,weekday,0,0,0,0,0,0,0,0,0,0
5892,UK,15-19,Adult,Asian,Student,weekday,3,0,0,0,0,0,0,1,2,0
5893,UK,30-34,Adult,White,Unemployed,weekend,0,0,0,0,0,0,0,0,0,0
5895,UK,25-29,Adult,White,3,weekday,0,0,0,0,0,0,0,0,0,0
5896,UK,15-19,Adult,Asian,1,weekday,0,0,0,0,0,0,0,0,0,0
5897,UK,35-39,Adult,White,4,weekday,0,0,0,0,0,0,0,0,0,0
5898,UK,55-59,Adult,Black,Retired,weekday,0,0,0,0,0,0,0,0,0,0
5899,UK,15-19,Adult,Mixed,6,weekday,0,0,0,0,0,0,0,0,0,0
5900,UK,25-29,Adult,Asian,1,weekday,0,0,0,0,0,0,0,0,0,0
5901,UK,30-34,Adult,White,4,weekend,0,0,0,0,0,0,0,0,0,0
5902,UK,20-24,Adult,White,4,weekday,0,0,0,0,0,0,0,0,0,0
5903,UK,45-49,Adult,White,2,weekday,0,0,0,0,0,0,0,0,0,0
5904,UK,40-44,Adult,White,Unemployed,weekday,1,0,0,0,0,0,0,1,0,0
5906,UK,35-39,Adult,White,Unemployed,weekend,0,0,0,0,0,0,0,0,0,0
5907,UK,25-29,Adult,White,2,weekend,0,0,0,0,0,0,0,0,0,0
5908,UK,50-54,Adult,White,2,weekday,0,0,0,0,0,0,0,0,0,0
5909,UK,40-44,Adult,White,1,weekday,0,0,0,0,0,0,0,0,0,0
5910,UK,55-59,Adult,White,3,weekday,0,0,0,0,0,0,0,0,0,0
5911,UK,30-34,Adult,Mixed,Unemployed,weekday,1,0,0,0,0,0,0,1,0,0
5912,UK,30-34,Adult,White,2,weekday,1,0,0,0,0,0,0,0,1,0
5913,UK,25-29,Adult,White,1,weekday,0,0,0,0,0,0,0,0,0,0
5914,UK,20-24,Adult,White,3,weekday,0,0,0,0,0,0,0,0,0,0
5915,UK,45-49,Adult,White,1,weekend,1,0,0,0,0,0,0,0,1,0
5917,UK,35-39,Adult,White,6,weekday,0,0,0,0,0,0,0,0,0,0
5918,UK,25-29,Adult,White,2,weekday,0,0,0,0,0,0,0,0,0,0
5919,UK,15-19,Adult,White,Unemployed,weekday,0,0,0,0,0,0,0,0,0,0
5920,UK,70-74,Adult,White,Retired,weekend,0,0,0,0,0,0,0,0,0,0
5921,UK,25-29,Adult,White,1,weekday,0,0,0,0,0,0,0,0,0,0
5922,UK,25-29,Adult,Mixed,2,weekend,0,0,0,0,0,0,0,0,0,0
5923,UK,20-24,Adult,White,1,weekday,0,0,0,0,0,0,0,0,0,0
5924,UK,25-29,Adult,White,5,weekday,1,0,0,0,0,0,0,0,1,0
5925,UK,40-44,Adult,Mixed,3,weekday,45,0,0,0,0,0,0,10,30,5
5926,UK,35-39,Adult,White,1,weekday,0,0,0,0,0,0,0,0,0,0
5928,UK,30-34,Adult,White,Unemployed,weekday,0,0,0,0,0,0,0,0,0,0
5929,UK,25-29,Adult,White,2,weekday,2,0,0,0,0,0,0,0,2,0
5930,UK,15-19,Adult,White,6,weekday,5,0,0,0,0,0,0,2,3,0
5931,UK,35-39,Adult,White,2,weekend,5,0,0,0,0,0,0,2,1,2
5932,UK,25-29,Adult,White,2,weekend,0,0,0,0,0,0,0,0,0,0
5933,UK,25-29,Adult,Asian,Unemployed,weekday,0,0,0,0,0,0,0,0,0,0
5934,UK,25-29,Adult,Asian,2,weekday,2,0,0,0,0,0,0,0,2,0
5935,UK,15-19,Adult,Asian,Unknown,weekday,35,0,0,0,0,0,0,5,20,10
5936,UK,25-29,Adult,White,1,weekday,0,0,0,0,0,0,0,0,0,0
5937,UK,15-19,Adult,White,7,weekday,0,0,0,0,0,0,0,0,0,0
5939,UK,30-34,Adult,White,1,weekend,5,0,0,0,0,0,0,3,2,0
5940,UK,50-54,Adult,White,1,weekday,4,0,0,0,0,0,0,0,0,4
5941,UK,35-39,Adult,Black,2,weekday,0,0,0,0,0,0,0,0,0,0
5942,UK,55-59,Adult,White,7,weekday,50,0,0,0,0,0,0,0,50,0
5943,UK,40-44,Adult,White,3,weekday,1,0,0,0,0,0,0,1,0,0
5944,UK,20-24,Adult,White,3,weekday,0,0,0,0,0,0,0,0,0,0
5945,UK,20-24,Adult,Black,2,weekday,15,0,0,0,0,5,7,0,2,1
5946,UK,15-19,Adult,White,Student,weekday,0,0,0,0,0,0,0,0,0,0
5947,UK,15-19,Adult,Asian,Unknown,weekday,0,0,0,0,0,0,0,0,0,0
5948,UK,35-39,Adult,White,Unemployed,weekday,5,0,0,0,0,0,0,0,5,0
5950,UK,25-29,Adult,White,6,weekday,0,0,0,0,0,0,0,0,0,0
5951,UK,20-24,Adult,White,Unknown,weekday,7,0,0,0,0,0,0,0,6,1
5952,UK,30-34,Adult,White,2,weekday,0,0,0,0,0,0,0,0,0,0
5953,UK,30-34,Adult,Black,5,weekday,0,0,0,0,0,0,0,0,0,0
5954,UK,15-19,Adult,White,7,weekday,6,0,0,0,0,0,0,2,3,1
5955,UK,25-29,Adult,White,6,weekday,16,0,0,0,0,0,0,1,10,5
5956,UK,35-39,Adult,White,1,weekday,0,0,0,0,0,0,0,0,0,0
5957,UK,35-39,Adult,White,2,weekday,0,0,0,0,0,0,0,0,0,0
5958,UK,35-39,Adult,White,1,weekday,0,0,0,0,0,0,0,0,0,0
5959,UK,35-39,Adult,White,1,weekday,0,0,0,0,0,0,0,0,0,0
5961,UK,40-44,Adult,White,6,weekday,0,0,0,0,0,0,0,0,0,0
5962,UK,35-39,Adult,White,Unemployed,weekday,0,0,0,0,0,0,0,0,0,0
5963,UK,30-34,Adult,Black,1,weekday,0,0,0,0,0,0,0,0,0,0
5964,UK,35-39,Adult,White,Unemployed,weekday,0,0,0,0,0,0,0,0,0,0
5965,UK,55-59,Adult,White,1,weekday,0,0,0,0,0,0,0,0,0,0
5966,UK,30-34,Adult,White,3,weekday,0,0,0,0,0,0,0,0,0,0
5967,UK,55-59,Adult,White,Retired,weekday,0,0,0,0,0,0,0,0,0,0
5968,UK,50-54,Adult,White,2,weekday,3,0,0,0,0,0,0,1,2,0
5969,UK,25-29,Adult,Black,Student,weekend,17,0,0,0,0,0,0,2,10,5
5970,UK,30-34,Adult,White,1,weekday,0,0,0,0,0,0,0,0,0,0
5972,UK,20-24,Adult,White,Student,weekday,0,0,0,0,0,0,0,0,0,0
5973,UK,50-54,Adult,White,Unemployed,weekend,75,0,0,0,0,0,0,10,50,15
5974,UK,25-29,Adult,White,7,weekday,0,0,0,0,0,0,0,0,0,0
5975,UK,55-59,Adult,White,Unemployed,weekday,0,0,0,0,0,0,0,0,0,0
5976,UK,30-34,Adult,White,2,weekday,0,0,0,0,0,0,0,0,0,0
5977,UK,40-44,Adult,White,2,weekend,0,0,0,0,0,0,0,0,0,0
5978,UK,25-29,Adult,White,2,weekday,0,0,0,0,0,0,0,0,0,0
5979,UK,15-19,Adult,White,2,weekday,4,0,0,0,0,0,0,1,2,1
5980,UK,35-39,Adult,Black,Unknown,weekday,0,0,0,0,0,0,0,0,0,0
5981,UK,25-29,Adult,White,3,weekend,3,0,0,0,0,0,0,1,2,0
5983,UK,35-39,Adult,White,6,weekday,25,0,0,0,7,5,0,7,5,1
5984,UK,40-44,Adult,Black,4,weekday,0,0,0,0,0,0,0,0,0,0
5985,UK,20-24,Adult,Black,6,weekday,1,0,0,0,0,0,0,1,0,0
5986,UK,30-34,Adult,White,1,weekday,0,0,0,0,0,0,0,0,0,0
5987,UK,20-24,Adult,Other,1,weekday,0,0,0,0,0,0,0,0,0,0
5988,UK,30-34,Adult,Mixed,2,weekday,0,0,0,0,0,0,0,0,0,0
5989,UK,40-44,Adult,White,5,weekday,0,0,0,0,0,0,0,0,0,0
5990,UK,65-69,Adult,White,Retired,weekday,0,0,0,0,0,0,0,0,0,0
5991,UK,55-59,Adult,White,2,weekday,0,0,0,0,0,0,0,0,0,0
5992,UK,60-64,Adult,White,Unemployed,weekday,0,0,0,0,0,0,0,0,0,0
5994,UK,30-34,Adult,White,3,weekday,1,0,0,0,0,0,0,1,0,0
5995,UK,20-24,Adult,Black,2,weekday,0,0,0,0,0,0,0,0,0,0
5996,UK,15-19,Adult,White,1,weekday,6,0,0,0,0,0,0,2,4,0
5997,UK,20-24,Adult,White,7,weekday,4,0,0,0,0,0,0,0,4,0
5998,UK,30-34,Adult,White,1,weekday,32,0,12,0,0,0,0,0,20,0
5999,UK,30-34,Adult,Asian,Unemployed,weekend,0,0,0,0,0,0,0,0,0,0
6000,UK,40-44,Adult,White,3,weekday,0,0,0,0,0,0,0,0,0,0
6001,UK,30-34,Adult,White,Unknown,weekday,8,0,0,0,0,0,0,0,6,2
6002,UK,30-34,Adult,Black,3,weekday,5,2,0,0,0,0,0,2,0,1
6003,UK,20-24,Adult,White,2,weekday,40,0,0,0,0,0,0,0,40,0
6005,UK,30-34,Adult,Black,2,weekday,2,0,0,0,0,0,0,2,0,0
6006,UK,40-44,Adult,White,1,weekday,6,1,5,0,0,0,0,0,0,0
6007,UK,25-29,Adult,White,4,weekday,29,0,0,0,0,0,0,17,10,2
6008,UK,20-24,Adult,White,6,weekday,0,0,0,0,0,0,0,0,0,0
6009,UK,30-34,Adult,White,Unemployed,weekday,0,0,0,0,0,0,0,0,0,0
6010,UK,35-39,Adult,Mixed,2,weekday,0,0,0,0,0,0,0,0,0,0
6011,UK,30-34,Adult,White,Unemployed,weekday,4,0,0,0,0,0,0,4,0,0
6012,UK,25-29,Adult,White,1,weekday,0,0,0,0,0,0,0,0,0,0
6013,UK,15-19,Adult,Asian,Student,weekday,0,0,0,0,0,0,0,0,0,0
6014,UK,30-34,Adult,White,Unemployed,weekday,0,0,0,0,0,0,0,0,0,0
6016,UK,40-44,Adult,White,3,weekday,90,0,0,0,0,0,0,6,6,78
6017,UK,20-24,Adult,White,6,weekday,0,0,0,0,0,0,0,0,0,0
6018,UK,30-34,Adult,White,6,weekday,0,0,0,0,0,0,0,0,0,0
6019,UK,50-54,Adult,White,2,weekday,0,0,0,0,0,0,0,0,0,0
6020,UK,30-34,Adult,White,Student,weekday,4,0,0,0,0,0,0,1,3,0
6021,UK,30-34,Adult,Black,Unemployed,weekday,2,0,0,0,0,0,0,1,1,0
6022,UK,40-44,Adult,White,Unemployed,weekday,0,0,0,0,0,0,0,0,0,0
6023,UK,20-24,Adult,Black,4,weekday,0,0,0,0,0,0,0,0,0,0
6024,UK,35-39,Adult,White,1,weekday,1,0,0,0,0,0,0,0,1,0
6025,UK,35-39,Adult,White,2,weekday,0,0,0,0,0,0,0,0,0,0
6027,UK,30-34,Adult,Other,2,weekday,0,0,0,0,0,0,0,0,0,0
6028,UK,50-54,Adult,White,Unemployed,weekday,2,0,0,0,0,0,0,0,2,0
6029,UK,30-34,Adult,White,1,weekday,0,0,0,0,0,0,0,0,0,0
6030,UK,35-39,Adult,White,1,weekday,0,0,0,0,0,0,0,0,0,0
6031,UK,45-49,Adult,White,4,weekday,0,0,0,0,0,0,0,0,0,0
6032,UK,25-29,Adult,White,1,weekday,3,0,0,0,0,0,0,1,2,0
6033,UK,50-54,Adult,White,Unemployed,weekday,0,0,0,0,0,0,0,0,0,0
6034,UK,35-39,Adult,Black,1,weekday,0,0,0,0,0,0,0,0,0,0
6035,UK,30-34,Adult,Black,3,weekday,11,1,5,0,0,0,0,0,5,0
6036,UK,35-39,Adult,White,3,weekend,0,0,0,0,0,0,0,0,0,0
6038,UK,20-24,Adult,White,3,weekday,3,0,0,0,0,0,0,2,1,0
6039,UK,25-29,Adult,White,3,weekday,95,0,0,0,0,0,0,20,33,42
6040,UK,30-34,Adult,Black,6,weekday,3,0,0,0,0,0,0,1,1,1
6041,UK,35-39,Adult,White,3,weekday,0,0,0,0,0,0,0,0,0,0
6042,UK,45-49,Adult,White,4,weekday,0,0,0,0,0,0,0,0,0,0
6043,UK,40-44,Adult,Black,3,weekday,3,0,0,0,0,0,0,3,0,0
6044,UK,45-49,Adult,White,Unemployed,weekday,0,0,0,0,0,0,0,0,0,0
6045,UK,35-39,Adult,White,1,weekday,0,0,0,0,0,0,0,0,0,0
6046,UK,45-49,Adult,White,2,weekday,0,0,0,0,0,0,0,0,0,0
6047,UK,35-39,Adult,Black,Unemployed,weekday,0,0,0,0,0,0,0,0,0,0
6049,UK,20-24,Adult,Mixed,Unknown,weekday,1,0,0,0,0,0,0,0,1,0
6050,UK,40-44,Adult,White,1,weekday,11,0,0,0,0,0,0,3,3,5
6051,UK,35-39,Adult,Asian,6,weekday,9,0,0,0,0,0,0,3,2,4
6052,UK,35-39,Adult,White,Unemployed,weekday,30,0,0,0,0,0,0,5,20,5
6053,UK,40-44,Adult,White,1,weekday,0,0,0,0,0,0,0,0,0,0
6054,UK,35-39,Adult,White,2,weekday,5,0,0,0,0,0,0,2,3,0
6055,UK,20-24,Adult,White,Unemployed,weekday,0,0,0,0,0,0,0,0,0,0
6056,UK,45-49,Adult,White,Unknown,weekday,0,0,0,0,0,0,0,0,0,0
6057,UK,60-64,Adult,White,1,weekend,0,0,0,0,0,0,0,0,0,0
6058,UK,55-59,Adult,White,7,weekday,6,0,0,0,0,0,0,0,4,2
6060,UK,55-59,Adult,White,2,weekday,0,0,0,0,0,0,0,0,0,0
6061,UK,50-54,Adult,White,Unemployed,weekday,0,0,0,0,0,0,0,0,0,0
6062,UK,40-44,Adult,Asian,1,weekday,20,0,0,0,0,0,0,10,10,0
6063,UK,35-39,Adult,White,4,weekday,0,0,0,0,0,0,0,0,0,0
6064,UK,45-49,Adult,White,4,weekday,110,0,0,0,0,0,0,5,80,25
6065,UK,55-59,Adult,White,5,weekday,2,0,0,0,0,0,0,0,1,1
6066,UK,45-49,Adult,White,3,weekday,0,0,0,0,0,0,0,0,0,0
6067,UK,40-44,Adult,White,1,weekend,12,0,0,0,0,0,0,0,12,0
6068,UK,45-49,Adult,White,Unemployed,weekday,0,0,0,0,0,0,0,0,0,0
6069,UK,40-44,Adult,White,Unemployed,weekday,0,0,0,0,0,0,0,0,0,0
6071,UK,35-39,Adult,White,1,weekday,9,0,0,0,0,0,0,2,5,2
6072,UK,35-39,Adult,White,3,weekday,0,0,0,0,0,0,0,0,0,0
6073,UK,50-54,Adult,White,6,weekday,0,0,0,0,0,0,0,0,0,0
6074,UK,35-39,Adult,White,1,weekday,4,0,0,0,0,0,0,2,2,0
6075,UK,60-64,Adult,White,1,weekday,0,0,0,0,0,0,0,0,0,0
6076,UK,70-74,Adult,White,Retired,weekend,0,0,0,0,0,0,0,0,0,0
6077,UK,45-49,Adult,Black,1,weekday,9,0,0,0,0,0,0,2,6,1
6078,UK,35-39,Adult,White,Unemployed,weekday,1,0,0,0,0,0,0,0,1,0
6079,UK,35-39,Adult,White,6,weekend,0,0,0,0,0,0,0,0,0,0
6080,UK,35-39,Adult,White,1,weekday,20,0,0,0,0,0,0,10,10,0
6082,UK,35-39,Adult,White,2,weekend,4,0,0,0,0,0,0,1,2,1
6083,UK,65-69,Adult,White,Retired,weekday,0,0,0,0,0,0,0,0,0,0
6084,UK,60-64,Adult,White,Unemployed,weekday,0,0,0,0,0,0,0,0,0,0
6085,UK,60-64,Adult,White,3,weekday,0,0,0,0,0,0,0,0,0,0
6086,UK,45-49,Adult,Asian,1,weekday,0,0,0,0,0,0,0,0,0,0
6087,UK,45-49,Adult,Black,7,weekday,25,0,0,0,0,0,0,5,10,10
6088,UK,75+,Adult,White,Retired,weekday,4,0,0,0,0,0,0,0,3,1
6089,UK,50-54,Adult,White,2,weekday,0,0,0,0,0,0,0,0,0,0
6090,UK,50-54,Adult,White,6,weekday,0,0,0,0,0,0,0,0,0,0
6091,UK,45-49,Adult,Black,3,weekday,0,0,0,0,0,0,0,0,0,0
6093,UK,50-54,Adult,White,6,weekday,0,0,0,0,0,0,0,0,0,0
6094,UK,55-59,Adult,White,Retired,weekday,0,0,0,0,0,0,0,0,0,0
6095,UK,55-59,Adult,White,1,weekday,4,0,0,0,0,0,0,0,2,2
6096,UK,70-74,Adult,White,7,weekday,3,0,0,0,0,0,0,1,1,1
6097,UK,65-69,Adult,White,Retired,weekend,0,0,0,0,0,0,0,0,0,0
6098,UK,55-59,Adult,White,2,weekday,3,0,0,0,0,0,0,1,2,0
6099,UK,50-54,Adult,White,1,weekday,0,0,0,0,0,0,0,0,0,0
6100,UK,55-59,Adult,White,6,weekday,0,0,0,0,0,0,0,0,0,0
6101,UK,75+,Adult,White,Retired,weekend,11,0,0,0,0,0,0,0,4,7
6102,UK,45-49,Adult,White,1,weekday,0,0,0,0,0,0,0,0,0,0
6104,UK,50-54,Adult,White,Unknown,weekday,0,0,0,0,0,0,0,0,0,0
6105,UK,60-64,Adult,White,Retired,weekday,10,0,0,0,0,0,0,0,5,5
6106,UK,50-54,Adult,White,3,weekday,0,0,0,0,0,0,0,0,0,0
6107,UK,45-49,Adult,White,2,weekday,0,0,0,0,0,0,0,0,0,0
6108,UK,50-54,Adult,White,1,weekday,0,0,0,0,0,0,0,0,0,0
6109,UK,45-49,Adult,Mixed,Unemployed,weekday,0,0,0,0,0,0,0,0,0,0
6110,UK,50-54,Adult,White,3,weekday,5,0,0,0,0,0,0,1,4,0
6111,UK,60-64,Adult,Mixed,3,weekday,3,0,0,0,0,0,0,0,3,0
6112,UK,65-69,Adult,White,Unknown,weekday,3,0,0,0,0,0,0,0,1,2
6113,UK,70-74,Adult,White,Retired,weekday,0,0,0,0,0,0,0,0,0,0
6115,UK,45-49,Adult,White,Unknown,weekend,1,0,0,0,0,0,0,0,1,0
6116,UK,45-49,Adult,Black,1,weekend,0,0,0,0,0,0,0,0,0,0
6117,UK,55-59,Adult,White,2,weekday,0,0,0,0,0,0,0,0,0,0
6118,UK,45-49,Adult,Asian,Unemployed,weekday,14,0,0,0,0,0,0,5,7,2
6119,UK,60-64,Adult,White,Retired,weekday,4,0,0,0,0,0,0,0,4,0
6120,UK,50-54,Adult,White,1,weekday,0,0,0,0,0,0,0,0,0,0
6121,UK,55-59,Adult,White,Unemployed,weekday,0,0,0,0,0,0,0,0,0,0
6122,UK,60-64,Adult,White,Unknown,weekend,0,0,0,0,0,0,0,0,0,0
6123,UK,50-54,Adult,Prefer not to say,Unemployed,weekday,3,0,0,0,0,0,0,0,3,0
6124,UK,65-69,Adult,Mixed,3,weekday,0,0,0,0,0,0,0,0,0,0
6126,UK,50-54,Adult,White,6,weekend,0,0,0,0,0,0,0,0,0,0
6127,UK,45-49,Adult,White,2,weekday,1,0,0,0,0,0,0,0,1,0
6128,UK,45-49,Adult,White,3,weekday,0,0,0,0,0,0,0,0,0,0
6129,UK,50-54,Adult,White,2,weekday,8,0,0,0,0,0,0,0,6,2
6130,UK,45-49,Adult,White,Unemployed,weekend,0,0,0,0,0,0,0,0,0,0
6131,UK,55-59,Adult,White,3,weekday,0,0,0,0,0,0,0,0,0,0
6132,UK,45-49,Adult,Black,3,weekday,4,0,0,0,0,0,0,3,1,0
6133,UK,50-54,Adult,White,Retired,weekend,0,0,0,0,0,0,0,0,0,0
6134,UK,45-49,Adult,Mixed,Unknown,weekday,0,0,0,0,0,0,0,0,0,0
6135,UK,50-54,Adult,White,2,weekday,1,0,0,0,0,0,0,0,1,0
6137,UK,50-54,Adult,White,2,weekday,0,0,0,0,0,0,0,0,0,0
6138,UK,60-64,Adult,White,2,weekday,0,0,0,0,0,0,0,0,0,0
6139,UK,45-49,Adult,White,4,weekday,0,0,0,0,0,0,0,0,0,0
6140,UK,50-54,Adult,White,Retired,weekend,0,0,0,0,0,0,0,0,0,0
6141,UK,55-59,Adult,White,3,weekday,0,0,0,0,0,0,0,0,0,0
6142,UK,45-49,Adult,White,Unknown,weekend,0,0,0,0,0,0,0,0,0,0
6143,UK,55-59,Adult,White,3,weekday,0,0,0,0,0,0,0,0,0,0
6144,UK,60-64,Adult,White,3,weekday,0,0,0,0,0,0,0,0,0,0
6145,UK,45-49,Adult,White,Unknown,weekday,0,0,0,0,0,0,0,0,0,0
6146,UK,50-54,Adult,White,7,weekday,7,0,0,0,0,0,0,1,6,0
6148,UK,55-59,Adult,White,6,weekday,0,0,0,0,0,0,0,0,0,0
6149,UK,50-54,Adult,White,Unemployed,weekday,0,0,0,0,0,0,0,0,0,0
6150,UK,45-49,Adult,White,5,weekday,1,0,0,0,0,0,0,0,1,0
6151,UK,45-49,Adult,White,Unemployed,weekday,14,0,0,0,0,0,0,1,10,3
6152,UK,65-69,Adult,White,Retired,weekday,0,0,0,0,0,0,0,0,0,0
6153,UK,50-54,Adult,White,2,weekday,0,0,0,0,0,0,0,0,0,0
6154,UK,50-54,Adult,White,Unemployed,weekday,0,0,0,0,0,0,0,0,0,0
6155,UK,50-54,Adult,White,Unknown,weekday,7,0,0,0,0,0,0,0,2,5
6156,UK,55-59,Adult,White,Retired,weekday,0,0,0,0,0,0,0,0,0,0
6157,UK,45-49,Adult,White,Unemployed,weekday,0,0,0,0,0,0,0,0,0,0
6159,UK,45-49,Adult,White,3,weekday,0,0,0,0,0,0,0,0,0,0
6160,UK,60-64,Adult,White,Retired,weekday,12,0,0,0,0,0,0,0,12,0
6161,UK,45-49,Adult,White,4,weekday,0,0,0,0,0,0,0,0,0,0
6162,UK,60-64,Adult,White,Unemployed,weekday,0,0,0,0,0,0,0,0,0,0
6163,UK,50-54,Adult,White,1,weekday,0,0,0,0,0,0,0,0,0,0
6164,UK,45-49,Adult,White,7,weekday,0,0,0,0,0,0,0,0,0,0
6165,UK,45-49,Adult,Prefer not to say,3,weekday,0,0,0,0,0,0,0,0,0,0
6166,UK,50-54,Adult,White,Unemployed,weekday,0,0,0,0,0,0,0,0,0,0
6167,UK,65-69,Adult,White,Retired,weekday,0,0,0,0,0,0,0,0,0,0
6168,UK,55-59,Adult,White,6,weekday,0,0,0,0,0,0,0,0,0,0
6170,UK,65-69,Adult,White,Retired,weekday,0,0,0,0,0,0,0,0,0,0
6194,UK,40-44,Adult,White,7,weekday,0,0,0,0,0,0,0,0,0,0
6195,UK,25-29,Adult,White,7,weekend,3,0,0,0,0,0,0,0,3,0
6196,UK,50-54,Adult,White,Unemployed,weekday,0,0,0,0,0,0,0,0,0,0
6197,UK,25-29,Adult,White,Unemployed,weekday,5,0,0,0,0,0,0,2,2,1
6198,UK,55-59,Adult,White,6,weekend,0,0,0,0,0,0,0,0,0,0
6199,UK,35-39,Adult,White,1,weekday,0,0,0,0,0,0,0,0,0,0
6200,UK,30-34,Adult,White,4,weekday,0,0,0,0,0,0,0,0,0,0
6201,UK,25-29,Adult,White,2,weekday,1,0,0,0,0,0,0,1,0,0
6202,UK,70-74,Adult,White,Retired,weekday,0,0,0,0,0,0,0,0,0,0
6203,UK,25-29,Adult,White,1,weekday,8,0,0,0,0,0,0,3,4,1
6204,UK,30-34,Adult,White,Unemployed,weekday,0,0,0,0,0,0,0,0,0,0
6205,UK,35-39,Adult,White,6,weekday,0,0,0,0,0,0,0,0,0,0
6206,UK,25-29,Adult,White,7,weekday,0,0,0,0,0,0,0,0,0,0
6207,UK,40-44,Adult,White,1,weekday,28,5,10,0,0,0,0,0,13,0
6208,UK,35-39,Adult,Black,1,weekday,0,0,0,0,0,0,0,0,0,0
6209,UK,30-34,Adult,Asian,6,weekday,4,0,0,0,0,0,0,0,4,0
6210,UK,25-29,Adult,White,2,weekday,0,0,0,0,0,0,0,0,0,0
6211,UK,60-64,Adult,White,2,weekday,0,0,0,0,0,0,0,0,0,0
6212,UK,30-34,Adult,White,1,weekday,0,0,0,0,0,0,0,0,0,0
6213,UK,30-34,Adult,Black,1,weekday,3,0,0,0,0,0,0,2,1,0
6214,UK,35-39,Adult,White,Unemployed,weekday,0,0,0,0,0,0,0,0,0,0
6215,UK,20-24,Adult,Black,1,weekday,0,0,0,0,0,0,0,0,0,0
6216,UK,40-44,Adult,White,1,weekday,0,0,0,0,0,0,0,0,0,0
6217,UK,35-39,Adult,White,1,weekday,0,0,0,0,0,0,0,0,0,0
6218,UK,35-39,Adult,White,Unemployed,weekday,0,0,0,0,0,0,0,0,0,0
6219,UK,25-29,Adult,Mixed,7,weekday,0,0,0,0,0,0,0,0,0,0
6220,UK,35-39,Adult,Black,3,weekday,2,0,0,0,0,0,0,2,0,0
6221,UK,35-39,Adult,White,1,weekday,0,0,0,0,0,0,0,0,0,0
6222,UK,45-49,Adult,White,5,weekday,2,0,0,0,0,0,0,1,1,0
6223,UK,25-29,Adult,White,1,weekday,0,0,0,0,0,0,0,0,0,0
6224,UK,30-34,Adult,White,6,weekday,0,0,0,0,0,0,0,0,0,0
6225,UK,50-54,Adult,White,1,weekday,0,0,0,0,0,0,0,0,0,0
6226,UK,25-29,Adult,Mixed,Unknown,weekday,7,0,0,0,0,0,0,1,5,1
6227,UK,50-54,Adult,Asian,1,weekday,26,0,0,0,0,0,0,4,20,2
6228,UK,25-29,Adult,Black,1,weekday,0,0,0,0,0,0,0,0,0,0
6229,UK,40-44,Adult,White,1,weekday,1,0,0,0,0,0,0,0,1,0
6230,UK,30-34,Adult,Asian,2,weekday,32,0,0,0,0,0,0,0,32,0
6231,UK,50-54,Adult,White,1,weekday,45,0,0,0,0,0,0,0,40,5
6232,UK,30-34,Adult,Black,6,weekday,0,0,0,0,0,0,0,0,0,0
6233,UK,20-24,Adult,White,3,weekday,0,0,0,0,0,0,0,0,0,0
6234,UK,40-44,Adult,White,2,weekday,0,0,0,0,0,0,0,0,0,0
6235,UK,40-44,Adult,White,3,weekday,0,0,0,0,0,0,0,0,0,0
6236,UK,35-39,Adult,White,Unemployed,weekday,0,0,0,0,0,0,0,0,0,0
6237,UK,20-24,Adult,Black,Unemployed,weekday,5,0,0,0,0,0,0,1,4,0
6238,UK,25-29,Adult,Black,1,weekday,0,0,0,0,0,0,0,0,0,0
6239,UK,25-29,Adult,Black,2,weekday,0,0,0,0,0,0,0,0,0,0
6240,UK,40-44,Adult,White,1,weekday,0,0,0,0,0,0,0,0,0,0
6241,UK,35-39,Adult,White,Unemployed,weekday,0,0,0,0,0,0,0,0,0,0
6242,UK,15-19,Adult,White,Unemployed,weekday,0,0,0,0,0,0,0,0,0,0
6243,UK,20-24,Adult,White,2,weekday,8,0,0,0,0,0,0,5,3,0
6244,UK,30-34,Adult,White,Unemployed,weekday,2,0,0,0,0,0,0,0,2,0
6245,UK,20-24,Adult,White,4,weekday,2,0,0,0,0,0,0,0,2,0
6246,UK,20-24,Adult,White,7,weekend,0,0,0,0,0,0,0,0,0,0
6247,UK,25-29,Adult,White,6,weekday,5,0,0,0,0,0,0,2,2,1
6248,UK,20-24,Adult,White,1,weekday,0,0,0,0,0,0,0,0,0,0
6249,UK,30-34,Adult,White,3,weekday,3,0,0,0,0,0,0,0,3,0
6250,UK,35-39,Adult,White,3,weekday,0,0,0,0,0,0,0,0,0,0
6251,UK,30-34,Adult,White,Unemployed,weekday,0,0,0,0,0,0,0,0,0,0
6252,UK,25-29,Adult,Black,1,weekday,18,0,0,0,0,0,0,5,12,1
6253,UK,20-24,Adult,Black,2,weekend,0,0,0,0,0,0,0,0,0,0
6254,UK,30-34,Adult,Black,3,weekday,0,0,0,0,0,0,0,0,0,0
6255,UK,20-24,Adult,White,Unemployed,weekday,2,0,0,0,0,0,0,1,1,0
6256,UK,30-34,Adult,White,1,weekend,0,0,0,0,0,0,0,0,0,0
6257,UK,20-24,Adult,White,7,weekday,5,0,0,0,0,0,0,1,4,0
6258,UK,30-34,Adult,Asian,7,weekday,0,0,0,0,0,0,0,0,0,0
6259,UK,25-29,Adult,White,1,weekday,0,0,0,0,0,0,0,0,0,0
6260,UK,35-39,Adult,Asian,Unemployed,weekday,0,0,0,0,0,0,0,0,0,0
6261,UK,30-34,Adult,White,6,weekend,3,0,0,0,0,0,0,0,3,0
6262,UK,40-44,Adult,White,6,weekend,0,0,0,0,0,0,0,0,0,0
6263,UK,35-39,Adult,White,2,weekday,5,0,0,0,0,0,0,5,0,0
6264,UK,50-54,Adult,White,3,weekday,0,0,0,0,0,0,0,0,0,0
6265,UK,15-19,Adult,White,3,weekend,0,0,0,0,0,0,0,0,0,0
6266,UK,40-44,Adult,White,Unemployed,weekday,0,0,0,0,0,0,0,0,0,0
6267,UK,25-29,Adult,Black,1,weekday,0,0,0,0,0,0,0,0,0,0
6268,UK,30-34,Adult,White,2,weekday,101,0,0,0,75,15,1,0,6,4
6269,UK,25-29,Adult,Asian,1,weekday,0,0,0,0,0,0,0,0,0,0
6270,UK,25-29,Adult,White,2,weekday,0,0,0,0,0,0,0,0,0,0
6271,UK,35-39,Adult,Black,3,weekday,0,0,0,0,0,0,0,0,0,0
6272,UK,20-24,Adult,White,Student,weekday,0,0,0,0,0,0,0,0,0,0
6273,UK,35-39,Adult,White,2,weekday,145,0,0,0,0,0,0,100,35,10
6274,UK,45-49,Adult,White,4,weekend,143,0,0,0,0,0,0,47,46,50
6275,UK,30-34,Adult,White,3,weekday,5,0,0,0,0,0,0,1,4,0
6276,UK,20-24,Adult,Black,1,weekday,1,0,0,0,0,0,0,0,1,0
6277,UK,15-19,Adult,Asian,Student,weekday,0,0,0,0,0,0,0,0,0,0
6278,UK,25-29,Adult,White,Unemployed,weekday,0,0,0,0,0,0,0,0,0,0
6279,UK,25-29,Adult,White,Unemployed,weekday,4,0,0,0,0,0,0,1,2,1
6280,UK,40-44,Adult,Asian,1,weekday,15,0,0,0,0,0,0,1,12,2
6281,UK,25-29,Adult,Asian,2,weekday,4,0,0,0,0,0,0,0,4,0
6282,UK,25-29,Adult,Black,Unemployed,weekday,82,0,0,0,0,0,0,10,49,23
6283,UK,35-39,Adult,White,1,weekday,0,0,0,0,0,0,0,0,0,0
6284,UK,30-34,Adult,White,1,weekend,0,0,0,0,0,0,0,0,0,0
6285,UK,30-34,Adult,Black,1,weekday,8,0,0,0,0,0,0,2,5,1
6286,UK,25-29,Adult,White,4,weekday,3,0,0,0,0,0,0,1,2,0
6287,UK,55-59,Adult,White,3,weekday,0,0,0,0,0,0,0,0,0,0
6288,UK,55-59,Adult,White,4,weekday,0,0,0,0,0,0,0,0,0,0
6289,UK,35-39,Adult,White,4,weekday,0,0,0,0,0,0,0,0,0,0
6290,UK,55-59,Adult,White,Unemployed,weekday,0,0,0,0,0,0,0,0,0,0
6291,UK,45-49,Adult,White,1,weekday,0,0,0,0,0,0,0,0,0,0
6292,UK,30-34,Adult,Asian,3,weekday,5,0,0,0,0,0,0,0,5,0
6293,UK,30-34,Adult,White,7,weekday,0,0,0,0,0,0,0,0,0,0
6294,UK,35-39,Adult,White,2,weekday,7,0,0,0,0,0,0,0,5,2
6295,UK,20-24,Adult,White,6,weekday,0,0,0,0,0,0,0,0,0,0
6296,UK,40-44,Adult,White,2,weekday,0,0,0,0,0,0,0,0,0,0
6297,UK,35-39,Adult,White,2,weekday,22,0,0,0,0,0,0,10,10,2
6298,UK,25-29,Adult,Mixed,3,weekday,3,0,0,0,0,0,0,0,3,0
6299,UK,25-29,Adult,Asian,3,weekend,0,0,0,0,0,0,0,0,0,0
6300,UK,25-29,Adult,White,2,weekday,0,0,0,0,0,0,0,0,0,0
6301,UK,35-39,Adult,White,2,weekday,45,0,0,0,0,0,0,10,30,5
6302,UK,40-44,Adult,White,2,weekend,8,0,0,0,0,0,0,1,2,5
6303,UK,40-44,Adult,White,2,weekday,0,0,0,0,0,0,0,0,0,0
6304,UK,35-39,Adult,White,4,weekday,2,0,0,0,0,0,0,0,2,0
6305,UK,45-49,Adult,White,Unknown,weekday,0,0,0,0,0,0,0,0,0,0
6306,UK,50-54,Adult,White,Unemployed,weekday,2,0,0,0,0,0,0,0,2,0
6307,UK,20-24,Adult,Asian,1,weekday,4,0,0,0,0,0,0,2,1,1
6308,UK,25-29,Adult,White,Unemployed,weekend,2,0,0,0,0,0,0,0,2,0
6309,UK,25-29,Adult,White,3,weekday,0,0,0,0,0,0,0,0,0,0
6310,UK,30-34,Adult,White,2,weekday,7,0,0,0,0,0,0,2,3,2
6311,UK,40-44,Adult,White,2,weekend,0,0,0,0,0,0,0,0,0,0
6312,UK,75+,Adult,White,Retired,weekday,0,0,0,0,0,0,0,0,0,0
6313,UK,35-39,Adult,White,1,weekday,0,0,0,0,0,0,0,0,0,0
6314,UK,25-29,Adult,Black,2,weekday,2,0,0,0,0,0,0,0,2,0
6315,UK,35-39,Adult,Other,3,weekday,0,0,0,0,0,0,0,0,0,0
6316,UK,45-49,Adult,White,Unemployed,weekday,0,0,0,0,0,0,0,0,0,0
6317,UK,20-24,Adult,Black,4,weekday,5,0,0,0,0,0,0,2,3,0
6318,UK,40-44,Adult,Black,3,weekday,5,0,0,0,0,0,0,2,3,0
6319,UK,25-29,Adult,White,Unemployed,weekday,0,0,0,0,0,0,0,0,0,0
6320,UK,45-49,Adult,Asian,2,weekday,16,0,0,0,3,3,2,3,5,0
6321,UK,50-54,Adult,White,1,weekday,0,0,0,0,0,0,0,0,0,0
6322,UK,45-49,Adult,White,1,weekday,0,0,0,0,0,0,0,0,0,0
6323,UK,40-44,Adult,White,Unemployed,weekday,13,0,0,0,0,0,0,3,5,5
6324,UK,30-34,Adult,White,Unemployed,weekend,0,0,0,0,0,0,0,0,0,0
6325,UK,25-29,Adult,Black,1,weekday,0,0,0,0,0,0,0,0,0,0
6326,UK,40-44,Adult,White,Unemployed,weekday,0,0,0,0,0,0,0,0,0,0
6327,UK,60-64,Adult,White,1,weekday,7,0,0,0,0,0,0,0,6,1
6328,UK,30-34,Adult,White,7,weekday,4,0,0,0,0,0,0,1,3,0
6329,UK,40-44,Adult,White,1,weekday,0,0,0,0,0,0,0,0,0,0
6330,UK,45-49,Adult,White,1,weekday,0,0,0,0,0,0,0,0,0,0
6331,UK,25-29,Adult,Black,2,weekday,0,0,0,0,0,0,0,0,0,0
6332,UK,25-29,Adult,White,6,weekday,0,0,0,0,0,0,0,0,0,0
6333,UK,35-39,Adult,Black,1,weekday,0,0,0,0,0,0,0,0,0,0
6334,UK,35-39,Adult,White,3,weekday,4,0,0,0,0,0,0,2,2,0
6335,UK,30-34,Adult,White,2,weekday,0,0,0,0,0,0,0,0,0,0
6336,UK,30-34,Adult,White,2,weekday,3,0,0,0,0,0,0,1,2,0
6337,UK,30-34,Adult,Black,2,weekday,3,0,0,0,0,0,0,2,1,0
6338,UK,30-34,Adult,Mixed,1,weekday,0,0,0,0,0,0,0,0,0,0
6339,UK,30-34,Adult,White,7,weekday,0,0,0,0,0,0,0,0,0,0
6340,UK,30-34,Adult,White,1,weekday,112,0,0,0,20,20,2,0,50,20
6341,UK,15-19,Adult,White,2,weekday,7,0,0,0,0,0,0,5,2,0
6342,UK,25-29,Adult,White,1,weekday,6,0,0,0,0,0,0,0,6,0
6343,UK,30-34,Adult,White,Unemployed,weekday,0,0,0,0,0,0,0,0,0,0
6344,UK,25-29,Adult,White,3,weekday,0,0,0,0,0,0,0,0,0,0
6345,UK,30-34,Adult,Black,1,weekday,0,0,0,0,0,0,0,0,0,0
6346,UK,30-34,Adult,White,1,weekday,0,0,0,0,0,0,0,0,0,0
6347,UK,25-29,Adult,Black,1,weekday,1,0,0,0,0,0,0,1,0,0
6348,UK,30-34,Adult,White,2,weekday,3,0,0,0,0,0,0,0,3,0
6349,UK,35-39,Adult,White,2,weekday,0,0,0,0,0,0,0,0,0,0
6350,UK,20-24,Adult,Mixed,2,weekday,106,0,0,0,0,0,0,2,100,4
6351,UK,15-19,Adult,White,Student,weekday,2,0,0,0,0,0,0,0,2,0
6352,UK,35-39,Adult,White,2,weekday,0,0,0,0,0,0,0,0,0,0
6353,UK,20-24,Adult,Black,4,weekday,0,0,0,0,0,0,0,0,0,0
6354,UK,25-29,Adult,Black,7,weekday,8,0,0,0,0,0,0,1,7,0
6355,UK,40-44,Adult,White,Unknown,weekday,0,0,0,0,0,0,0,0,0,0
6356,UK,40-44,Adult,Asian,2,weekday,20,0,0,0,0,0,0,0,20,0
6357,UK,30-34,Adult,Black,2,weekday,0,0,0,0,0,0,0,0,0,0
6358,UK,30-34,Adult,White,1,weekday,0,0,0,0,0,0,0,0,0,0
6359,UK,25-29,Adult,White,6,weekday,0,0,0,0,0,0,0,0,0,0
6360,UK,25-29,Adult,White,6,weekday,0,0,0,0,0,0,0,0,0,0
6361,UK,15-19,Adult,White,Unemployed,weekday,3,0,0,0,0,0,0,2,1,0
6362,UK,35-39,Adult,Black,2,weekday,0,0,0,0,0,0,0,0,0,0
6363,UK,20-24,Adult,White,7,weekday,2,0,0,0,0,0,0,0,2,0
6364,UK,20-24,Adult,Asian,Unemployed,weekday,2,0,0,0,0,0,0,0,0,2
6365,UK,25-29,Adult,White,6,weekday,7,0,0,0,0,0,0,2,5,0
6366,UK,25-29,Adult,White,1,weekday,0,0,0,0,0,0,0,0,0,0
6367,UK,40-44,Adult,Mixed,1,weekday,8,0,0,0,0,0,0,0,8,0
6368,UK,30-34,Adult,White,Unemployed,weekday,0,0,0,0,0,0,0,0,0,0
6369,UK,45-49,Adult,Asian,2,weekday,0,0,0,0,0,0,0,0,0,0
6370,UK,45-49,Adult,White,Unemployed,weekday,0,0,0,0,0,0,0,0,0,0
6371,UK,30-34,Adult,Asian,Unemployed,weekday,1,0,0,0,0,0,0,0,1,0
6372,UK,40-44,Adult,White,3,weekday,0,0,0,0,0,0,0,0,0,0
6373,UK,30-34,Adult,White,5,weekday,0,0,0,0,0,0,0,0,0,0
6374,UK,15-19,Adult,White,2,weekday,15,0,0,0,0,0,0,5,10,0
6375,UK,40-44,Adult,White,1,weekday,0,0,0,0,0,0,0,0,0,0
6376,UK,25-29,Adult,Black,2,weekday,0,0,0,0,0,0,0,0,0,0
6377,UK,30-34,Adult,White,1,weekday,0,0,0,0,0,0,0,0,0,0
6378,UK,30-34,Adult,White,3,weekend,0,0,0,0,0,0,0,0,0,0
6379,UK,25-29,Adult,White,3,weekday,0,0,0,0,0,0,0,0,0,0
6380,UK,30-34,Adult,White,7,weekday,0,0,0,0,0,0,0,0,0,0
6381,UK,25-29,Adult,White,2,weekday,0,0,0,0,0,0,0,0,0,0
6382,UK,30-34,Adult,White,1,weekday,0,0,0,0,0,0,0,0,0,0
6383,UK,40-44,Adult,White,5,weekend,6,0,0,0,0,0,0,0,2,4
6384,UK,30-34,Adult,White,2,weekend,0,0,0,0,0,0,0,0,0,0
6385,UK,40-44,Adult,Asian,1,weekday,0,0,0,0,0,0,0,0,0,0
6386,UK,50-54,Adult,White,2,weekday,0,0,0,0,0,0,0,0,0,0
6387,UK,30-34,Adult,White,2,weekend,0,0,0,0,0,0,0,0,0,0
6388,UK,25-29,Adult,Asian,6,weekday,5,0,0,0,0,0,0,1,4,0
6389,UK,45-49,Adult,Black,1,weekday,8,1,5,2,0,0,0,0,0,0
6390,UK,25-29,Adult,White,Unemployed,weekday,0,0,0,0,0,0,0,0,0,0
6391,UK,20-24,Adult,White,Unknown,weekend,6,0,0,0,0,0,0,0,6,0
6392,UK,50-54,Adult,White,6,weekday,0,0,0,0,0,0,0,0,0,0
6393,UK,30-34,Adult,White,2,weekday,0,0,0,0,0,0,0,0,0,0
6394,UK,20-24,Adult,White,3,weekday,0,0,0,0,0,0,0,0,0,0
6395,UK,35-39,Adult,White,6,weekday,3,0,0,0,0,0,0,3,0,0
6396,UK,65-69,Adult,White,1,weekday,6,0,0,0,0,0,0,0,6,0
6397,UK,25-29,Adult,Black,2,weekday,0,0,0,0,0,0,0,0,0,0
6398,UK,20-24,Adult,Black,1,weekday,0,0,0,0,0,0,0,0,0,0
6399,UK,35-39,Adult,White,6,weekday,0,0,0,0,0,0,0,0,0,0
6400,UK,45-49,Adult,White,1,weekday,0,0,0,0,0,0,0,0,0,0
6401,UK,40-44,Adult,White,Unemployed,weekend,0,0,0,0,0,0,0,0,0,0
6402,UK,30-34,Adult,White,1,weekday,1,0,0,0,0,0,0,0,1,0
6403,UK,25-29,Adult,White,1,weekday,20,0,20,0,0,0,0,0,0,0
6404,UK,40-44,Adult,White,1,weekday,0,0,0,0,0,0,0,0,0,0
6405,UK,40-44,Adult,White,2,weekday,13,3,5,5,0,0,0,0,0,0
6406,UK,35-39,Adult,Black,6,weekday,20,0,0,0,0,0,0,10,7,3
6407,UK,30-34,Adult,White,4,weekday,1,0,0,0,0,0,0,0,1,0
6408,UK,35-39,Adult,White,3,weekday,0,0,0,0,0,0,0,0,0,0
6409,UK,35-39,Adult,White,2,weekend,3,0,0,0,0,0,0,2,1,0
6410,UK,65-69,Adult,Mixed,Unknown,weekday,0,0,0,0,0,0,0,0,0,0
6411,UK,30-34,Adult,White,2,weekday,2,0,0,0,0,0,0,0,2,0
6412,UK,20-24,Adult,Asian,Unemployed,weekend,0,0,0,0,0,0,0,0,0,0
6413,UK,20-24,Adult,Mixed,2,weekday,0,0,0,0,0,0,0,0,0,0
6414,UK,25-29,Adult,White,2,weekday,0,0,0,0,0,0,0,0,0,0
6415,UK,35-39,Adult,White,1,weekday,1,0,0,0,0,0,0,0,1,0
6416,UK,15-19,Adult,White,3,weekday,0,0,0,0,0,0,0,0,0,0
6417,UK,15-19,Adult,Black,2,weekday,5,0,0,0,0,0,0,1,4,0
6418,UK,45-49,Adult,White,2,weekday,0,0,0,0,0,0,0,0,0,0
6419,UK,35-39,Adult,White,2,weekday,0,0,0,0,0,0,0,0,0,0
6420,UK,40-44,Adult,White,2,weekday,3,0,0,0,0,0,0,1,1,1
6421,UK,20-24,Adult,White,2,weekday,0,0,0,0,0,0,0,0,0,0
6422,UK,40-44,Adult,White,2,weekday,0,0,0,0,0,0,0,0,0,0
6423,UK,50-54,Adult,White,1,weekday,0,0,0,0,0,0,0,0,0,0
6424,UK,45-49,Adult,White,Unemployed,weekday,0,0,0,0,0,0,0,0,0,0
6425,UK,35-39,Adult,White,3,weekday,0,0,0,0,0,0,0,0,0,0
6426,UK,20-24,Adult,White,Student,weekday,6,0,0,0,0,0,0,2,3,1
6427,UK,40-44,Adult,White,2,weekday,0,0,0,0,0,0,0,0,0,0
6428,UK,55-59,Adult,White,6,weekend,12,0,0,0,0,0,0,12,0,0
6429,UK,20-24,Adult,White,2,weekday,0,0,0,0,0,0,0,0,0,0
6430,UK,20-24,Adult,White,2,weekday,3,0,0,0,0,0,0,2,1,0
6431,UK,45-49,Adult,White,Unemployed,weekday,2,0,0,0,0,0,0,0,0,2
6432,UK,20-24,Adult,White,1,weekday,18,2,3,1,0,0,0,3,3,6
6433,UK,40-44,Adult,White,2,weekday,0,0,0,0,0,0,0,0,0,0
6434,UK,35-39,Adult,White,3,weekday,0,0,0,0,0,0,0,0,0,0
6435,UK,35-39,Adult,White,3,weekday,0,0,0,0,0,0,0,0,0,0
6436,UK,40-44,Adult,White,1,weekend,0,0,0,0,0,0,0,0,0,0
6437,UK,40-44,Adult,White,Unemployed,weekday,200,0,0,0,0,0,0,0,100,100
6438,UK,35-39,Adult,Mixed,Unemployed,weekday,5,0,0,0,0,0,0,0,2,3
6439,UK,35-39,Adult,White,1,weekday,0,0,0,0,0,0,0,0,0,0
6440,UK,20-24,Adult,Asian,Student,weekday,0,0,0,0,0,0,0,0,0,0
6441,UK,15-19,Adult,Asian,7,weekday,35,0,0,0,0,0,0,0,30,5
6442,UK,55-59,Adult,White,2,weekday,0,0,0,0,0,0,0,0,0,0
6443,UK,35-39,Adult,White,2,weekday,6,0,0,0,0,0,0,0,6,0
6444,UK,40-44,Adult,White,Unemployed,weekday,0,0,0,0,0,0,0,0,0,0
6445,UK,50-54,Adult,Asian,2,weekday,0,0,0,0,0,0,0,0,0,0
6446,UK,50-54,Adult,White,1,weekday,14,0,0,0,0,0,0,3,5,6
6447,UK,40-44,Adult,White,Unknown,weekday,0,0,0,0,0,0,0,0,0,0
6448,UK,35-39,Adult,White,2,weekday,10,0,0,0,0,0,0,5,5,0
6449,UK,35-39,Adult,White,4,weekday,7,0,0,0,0,0,0,0,7,0
6450,UK,35-39,Adult,Asian,1,weekday,3,0,0,0,0,0,0,1,2,0
6451,UK,45-49,Adult,White,1,weekday,0,0,0,0,0,0,0,0,0,0
6452,UK,35-39,Adult,White,7,weekday,0,0,0,0,0,0,0,0,0,0
6453,UK,35-39,Adult,White,2,weekday,23,0,0,0,0,0,0,5,18,0
6454,UK,35-39,Adult,Black,2,weekday,0,0,0,0,0,0,0,0,0,0
6455,UK,55-59,Adult,White,2,weekday,0,0,0,0,0,0,0,0,0,0
6456,UK,40-44,Adult,White,1,weekday,0,0,0,0,0,0,0,0,0,0
6457,UK,50-54,Adult,Black,1,weekday,8,1,3,0,0,0,0,1,3,0
6458,UK,40-44,Adult,White,5,weekday,0,0,0,0,0,0,0,0,0,0
6459,UK,35-39,Adult,White,1,weekday,0,0,0,0,0,0,0,0,0,0
6460,UK,35-39,Adult,White,1,weekday,0,0,0,0,0,0,0,0,0,0
6461,UK,50-54,Adult,White,1,weekday,0,0,0,0,0,0,0,0,0,0
6462,UK,40-44,Adult,Black,Unknown,weekday,107,0,0,0,0,0,0,7,45,55
6463,UK,35-39,Adult,Asian,1,weekday,4,0,0,0,0,0,0,1,2,1
6464,UK,40-44,Adult,White,Unemployed,weekday,0,0,0,0,0,0,0,0,0,0
6465,UK,50-54,Adult,White,1,weekday,0,0,0,0,0,0,0,0,0,0
6466,UK,45-49,Adult,White,2,weekday,12,0,0,0,0,0,0,0,12,0
6467,UK,50-54,Adult,White,3,weekday,0,0,0,0,0,0,0,0,0,0
6468,UK,45-49,Adult,White,6,weekday,0,0,0,0,0,0,0,0,0,0
6469,UK,55-59,Adult,White,2,weekday,2,0,0,0,0,0,0,1,1,0
6470,UK,55-59,Adult,White,Retired,weekday,8,0,0,0,0,0,0,0,6,2
6471,UK,50-54,Adult,White,Unemployed,weekday,0,0,0,0,0,0,0,0,0,0
6472,UK,45-49,Adult,White,Unemployed,weekday,0,0,0,0,0,0,0,0,0,0
6473,UK,70-74,Adult,White,Retired,weekday,0,0,0,0,0,0,0,0,0,0
6474,UK,60-64,Adult,White,Retired,weekend,0,0,0,0,0,0,0,0,0,0
6475,UK,60-64,Adult,White,5,weekday,0,0,0,0,0,0,0,0,0,0
6476,UK,45-49,Adult,White,Unemployed,weekday,0,0,0,0,0,0,0,0,0,0
6477,UK,55-59,Adult,White,3,weekday,1,0,0,0,0,0,0,0,1,0
6478,UK,55-59,Adult,White,6,weekday,0,0,0,0,0,0,0,0,0,0
6479,UK,55-59,Adult,White,4,weekday,0,0,0,0,0,0,0,0,0,0
6480,UK,50-54,Adult,White,4,weekday,0,0,0,0,0,0,0,0,0,0
6481,UK,45-49,Adult,White,4,weekday,0,0,0,0,0,0,0,0,0,0
6482,UK,50-54,Adult,White,4,weekday,0,0,0,0,0,0,0,0,0,0
6483,UK,45-49,Adult,White,Unemployed,weekday,0,0,0,0,0,0,0,0,0,0
6484,UK,50-54,Adult,White,3,weekday,0,0,0,0,0,0,0,0,0,0
6485,UK,45-49,Adult,White,1,weekday,34,0,0,0,0,0,0,2,30,2
6486,UK,50-54,Adult,White,2,weekday,14,0,0,0,0,0,0,0,10,4
6487,UK,45-49,Adult,White,Unemployed,weekday,0,0,0,0,0,0,0,0,0,0
6488,UK,55-59,Adult,White,1,weekday,0,0,0,0,0,0,0,0,0,0
6489,UK,55-59,Adult,White,6,weekday,3,0,0,0,0,0,0,0,3,0
6490,UK,55-59,Adult,White,6,weekday,0,0,0,0,0,0,0,0,0,0
6491,UK,55-59,Adult,White,1,weekday,10,0,0,0,0,0,0,0,10,0
6492,UK,55-59,Adult,White,Unknown,weekday,0,0,0,0,0,0,0,0,0,0
6493,UK,45-49,Adult,White,Unemployed,weekday,1,0,0,0,0,0,0,0,1,0
6494,UK,50-54,Adult,White,2,weekday,0,0,0,0,0,0,0,0,0,0
6495,UK,45-49,Adult,White,1,weekday,1,0,0,0,0,0,0,1,0,0
6496,UK,55-59,Adult,White,2,weekday,0,0,0,0,0,0,0,0,0,0
6497,UK,50-54,Adult,White,4,weekday,0,0,0,0,0,0,0,0,0,0
6498,UK,60-64,Adult,White,Unemployed,weekday,0,0,0,0,0,0,0,0,0,0
6499,UK,55-59,Adult,White,2,weekday,2,0,0,0,0,0,0,0,2,0
6500,UK,65-69,Adult,White,Retired,weekday,5,0,0,0,0,0,0,5,0,0
6501,UK,60-64,Adult,White,Unknown,weekend,0,0,0,0,0,0,0,0,0,0
6502,UK,60-64,Adult,White,Unemployed,weekday,0,0,0,0,0,0,0,0,0,0
6503,UK,50-54,Adult,White,7,weekday,30,0,0,0,0,0,0,0,30,0
6504,UK,20-24,Adult,White,Unemployed,weekday,0,0,0,0,0,0,0,0,0,0
6505,UK,60-64,Adult,White,Retired,weekday,0,0,0,0,0,0,0,0,0,0
6506,UK,35-39,Adult,White,2,weekday,0,0,0,0,0,0,0,0,0,0
6507,UK,15-19,Adult,White,Unemployed,weekday,0,0,0,0,0,0,0,0,0,0
6508,UK,20-24,Adult,White,Unemployed,weekday,2,0,0,0,0,0,0,0,2,0
6509,UK,30-34,Adult,White,2,weekday,0,0,0,0,0,0,0,0,0,0
6510,UK,20-24,Adult,White,7,weekday,0,0,0,0,0,0,0,0,0,0
6511,UK,25-29,Adult,White,1,weekday,5,0,0,0,0,0,0,2,2,1
6512,UK,35-39,Adult,White,3,weekday,12,0,0,0,0,0,0,0,10,2
6513,UK,30-34,Adult,White,2,weekday,41,0,0,0,0,0,0,6,30,5
6514,UK,30-34,Adult,White,2,weekday,0,0,0,0,0,0,0,0,0,0
6515,UK,30-34,Adult,White,2,weekday,100,0,0,0,0,0,0,11,18,71
6516,UK,20-24,Adult,Black,2,weekday,0,0,0,0,0,0,0,0,0,0
6517,UK,25-29,Adult,White,2,weekday,0,0,0,0,0,0,0,0,0,0
6518,UK,30-34,Adult,White,3,weekend,18,0,0,0,0,0,0,15,2,1
6519,UK,60-64,Adult,White,Unemployed,weekday,0,0,0,0,0,0,0,0,0,0
6520,UK,40-44,Adult,White,2,weekday,0,0,0,0,0,0,0,0,0,0
6521,UK,30-34,Adult,White,1,weekend,0,0,0,0,0,0,0,0,0,0
6522,UK,30-34,Adult,Black,3,weekday,0,0,0,0,0,0,0,0,0,0
6523,UK,65-69,Adult,Black,1,weekday,3,0,0,0,0,0,0,1,2,0
6524,UK,40-44,Adult,Black,6,weekday,0,0,0,0,0,0,0,0,0,0
6525,UK,60-64,Adult,White,Unemployed,weekday,0,0,0,0,0,0,0,0,0,0
6526,UK,25-29,Adult,White,1,weekday,5,0,2,0,0,0,0,0,3,0
6527,UK,50-54,Adult,White,2,weekday,0,0,0,0,0,0,0,0,0,0
6528,UK,45-49,Adult,White,2,weekday,0,0,0,0,0,0,0,0,0,0
6529,UK,60-64,Adult,White,Unemployed,weekday,0,0,0,0,0,0,0,0,0,0
6530,UK,25-29,Adult,White,2,weekday,0,0,0,0,0,0,0,0,0,0
6531,UK,60-64,Adult,White,Retired,weekday,0,0,0,0,0,0,0,0,0,0
6532,UK,30-34,Adult,White,2,weekday,7,0,5,0,0,0,0,0,2,0
6533,UK,25-29,Adult,White,Student,weekday,8,0,0,0,0,0,0,2,6,0
6534,UK,25-29,Adult,Mixed,2,weekend,7,0,0,0,0,0,0,1,5,1
6535,UK,25-29,Adult,Black,3,weekday,23,0,5,10,0,0,0,0,5,3
6536,UK,20-24,Adult,White,2,weekday,2,0,0,0,0,0,0,0,2,0
6537,UK,35-39,Adult,White,Unemployed,weekday,0,0,0,0,0,0,0,0,0,0
6538,UK,25-29,Adult,White,1,weekday,10,0,0,0,0,0,0,10,0,0
6539,UK,55-59,Adult,White,7,weekday,8,0,0,0,0,0,0,4,4,0
6540,UK,35-39,Adult,White,4,weekday,0,0,0,0,0,0,0,0,0,0
6541,UK,30-34,Adult,White,1,weekday,5,0,0,0,0,0,0,0,5,0
6542,UK,15-19,Adult,White,1,weekday,0,0,0,0,0,0,0,0,0,0
6543,UK,25-29,Adult,Black,1,weekday,2,0,0,0,0,0,0,0,2,0
6544,UK,20-24,Adult,White,Student,weekday,0,0,0,0,0,0,0,0,0,0
6545,UK,20-24,Adult,White,Unemployed,weekday,2,0,0,0,0,0,0,0,2,0
6546,UK,30-34,Adult,White,2,weekday,0,0,0,0,0,0,0,0,0,0
6547,UK,30-34,Adult,White,Unemployed,weekday,0,0,0,0,0,0,0,0,0,0
6548,UK,40-44,Adult,Asian,1,weekday,0,0,0,0,0,0,0,0,0,0
6549,UK,55-59,Adult,White,7,weekday,0,0,0,0,0,0,0,0,0,0
6550,UK,45-49,Adult,White,2,weekday,0,0,0,0,0,0,0,0,0,0
6551,UK,30-34,Adult,Mixed,Unemployed,weekday,0,0,0,0,0,0,0,0,0,0
6552,UK,35-39,Adult,White,Unemployed,weekday,7,0,0,0,0,0,0,2,2,3
6553,UK,20-24,Adult,White,1,weekday,6,0,4,0,0,0,0,0,2,0
6554,UK,50-54,Adult,White,7,weekday,0,0,0,0,0,0,0,0,0,0
6555,UK,40-44,Adult,White,2,weekday,0,0,0,0,0,0,0,0,0,0
6556,UK,40-44,Adult,White,3,weekend,8,0,0,0,0,0,0,3,5,0
6557,UK,25-29,Adult,Black,1,weekday,0,0,0,0,0,0,0,0,0,0
6558,UK,30-34,Adult,White,3,weekday,1,0,0,0,0,0,0,0,1,0
6559,UK,25-29,Adult,White,1,weekday,2,0,0,0,0,0,0,0,2,0
6560,UK,25-29,Adult,Black,1,weekday,66,0,0,0,0,0,0,20,30,16
6561,UK,30-34,Adult,White,7,weekday,3,0,0,0,0,0,0,2,1,0
6562,UK,30-34,Adult,White,Unemployed,weekday,0,0,0,0,0,0,0,0,0,0
6563,UK,20-24,Adult,Black,1,weekend,5,0,0,0,0,0,0,0,5,0
6564,UK,20-24,Adult,Black,7,weekday,0,0,0,0,0,0,0,0,0,0
6565,UK,35-39,Adult,White,4,weekday,6,0,0,0,0,0,0,1,3,2
6566,UK,30-34,Adult,White,7,weekday,4,0,0,0,0,0,0,0,3,1
6567,UK,60-64,Adult,White,Unemployed,weekday,0,0,0,0,0,0,0,0,0,0
6568,UK,50-54,Adult,Asian,1,weekday,0,0,0,0,0,0,0,0,0,0
6569,UK,20-24,Adult,Black,6,weekday,0,0,0,0,0,0,0,0,0,0
6570,UK,30-34,Adult,White,3,weekend,0,0,0,0,0,0,0,0,0,0
6571,UK,25-29,Adult,White,1,weekday,30,0,0,0,0,0,0,10,13,7
6572,UK,25-29,Adult,White,Unemployed,weekday,0,0,0,0,0,0,0,0,0,0
6573,UK,30-34,Adult,Asian,3,weekday,4,0,0,0,1,1,0,0,2,0
6574,UK,45-49,Adult,White,6,weekday,0,0,0,0,0,0,0,0,0,0
6575,UK,35-39,Adult,White,2,weekday,0,0,0,0,0,0,0,0,0,0
6576,UK,30-34,Adult,White,1,weekday,0,0,0,0,0,0,0,0,0,0
6577,UK,35-39,Adult,White,3,weekday,0,0,0,0,0,0,0,0,0,0
6578,UK,25-29,Adult,White,Unemployed,weekday,5,0,0,0,0,0,0,1,4,0
6579,UK,25-29,Adult,White,2,weekday,0,0,0,0,0,0,0,0,0,0
6580,UK,35-39,Adult,Black,3,weekday,6,0,0,0,0,0,0,1,5,0
6581,UK,25-29,Adult,White,6,weekday,0,0,0,0,0,0,0,0,0,0
6582,UK,35-39,Adult,White,2,weekday,0,0,0,0,0,0,0,0,0,0
6583,UK,30-34,Adult,Black,1,weekday,15,0,0,0,0,0,0,4,10,1
6584,UK,20-24,Adult,Asian,2,weekday,0,0,0,0,0,0,0,0,0,0
6585,UK,25-29,Adult,Asian,6,weekday,5,0,0,0,0,0,0,0,4,1
6586,UK,30-34,Adult,White,1,weekday,2,0,0,0,0,0,0,2,0,0
6587,UK,20-24,Adult,White,Student,weekday,0,0,0,0,0,0,0,0,0,0
6588,UK,35-39,Adult,White,1,weekday,0,0,0,0,0,0,0,0,0,0
6589,UK,30-34,Adult,White,4,weekday,0,0,0,0,0,0,0,0,0,0
6590,UK,35-39,Adult,White,2,weekday,0,0,0,0,0,0,0,0,0,0
6591,UK,20-24,Adult,White,5,weekend,40,0,20,20,0,0,0,0,0,0
6592,UK,40-44,Adult,White,2,weekday,0,0,0,0,0,0,0,0,0,0
6593,UK,50-54,Adult,White,3,weekday,2,0,0,0,0,0,0,2,0,0
6594,UK,40-44,Adult,White,2,weekday,0,0,0,0,0,0,0,0,0,0
6595,UK,20-24,Adult,Black,1,weekday,0,0,0,0,0,0,0,0,0,0
6596,UK,20-24,Adult,White,2,weekday,0,0,0,0,0,0,0,0,0,0
6597,UK,60-64,Adult,White,Retired,weekday,0,0,0,0,0,0,0,0,0,0
6598,UK,35-39,Adult,White,1,weekday,0,0,0,0,0,0,0,0,0,0
6599,UK,40-44,Adult,White,3,weekday,0,0,0,0,0,0,0,0,0,0
6600,UK,20-24,Adult,White,3,weekday,0,0,0,0,0,0,0,0,0,0
6601,UK,35-39,Adult,Mixed,6,weekday,48,0,0,0,0,0,0,40,6,2
6602,UK,20-24,Adult,White,Unemployed,weekday,0,0,0,0,0,0,0,0,0,0
6603,UK,25-29,Adult,White,Unemployed,weekend,1,0,0,0,0,0,0,0,1,0
6604,UK,20-24,Adult,White,Unemployed,weekday,5,0,0,0,0,0,0,0,5,0
6605,UK,30-34,Adult,White,1,weekday,0,0,0,0,0,0,0,0,0,0
6606,UK,20-24,Adult,White,Unemployed,weekday,1,0,0,0,0,0,0,0,1,0
6607,UK,65-69,Adult,White,Unemployed,weekday,19,0,0,0,0,0,0,3,6,10
6608,UK,55-59,Adult,White,7,weekday,0,0,0,0,0,0,0,0,0,0
6609,UK,40-44,Adult,White,3,weekday,8,0,0,0,0,0,0,0,3,5
6610,UK,35-39,Adult,Black,1,weekday,0,0,0,0,0,0,0,0,0,0
6611,UK,20-24,Adult,White,3,weekday,33,0,0,0,10,15,4,2,2,0
6612,UK,20-24,Adult,Asian,Unemployed,weekday,0,0,0,0,0,0,0,0,0,0
6613,UK,35-39,Adult,Black,1,weekday,0,0,0,0,0,0,0,0,0,0
6614,UK,30-34,Adult,White,3,weekday,7,0,0,0,0,0,0,1,5,1
6615,UK,15-19,Adult,White,Student,weekday,1,0,0,0,0,0,0,0,1,0
6616,UK,35-39,Adult,Black,4,weekday,75,0,0,0,0,0,0,15,20,40
6617,UK,50-54,Adult,White,3,weekday,0,0,0,0,0,0,0,0,0,0
6618,UK,20-24,Adult,White,6,weekday,9,0,0,0,0,0,0,3,3,3
6619,UK,55-59,Adult,White,Unemployed,weekday,0,0,0,0,0,0,0,0,0,0
6620,UK,25-29,Adult,White,Unemployed,weekday,0,0,0,0,0,0,0,0,0,0
6621,UK,55-59,Adult,White,2,weekday,0,0,0,0,0,0,0,0,0,0
6622,UK,25-29,Adult,White,Student,weekday,0,0,0,0,0,0,0,0,0,0
6623,UK,20-24,Adult,White,3,weekday,1,0,0,0,0,0,0,1,0,0
6624,UK,45-49,Adult,Asian,1,weekday,74,0,0,0,0,0,0,20,50,4
6625,UK,45-49,Adult,Asian,3,weekday,4,0,0,0,0,0,0,2,2,0
6626,UK,30-34,Adult,Black,Student,weekday,91,0,0,0,0,0,0,4,19,68
6627,UK,35-39,Adult,Black,3,weekday,0,0,0,0,0,0,0,0,0,0
6628,UK,25-29,Adult,Asian,1,weekday,59,0,0,0,0,0,0,9,30,20
6629,UK,25-29,Adult,White,2,weekday,10,0,0,0,0,0,0,0,10,0
6630,UK,30-34,Adult,White,5,weekday,1,0,0,0,0,0,0,0,1,0
6631,UK,35-39,Adult,White,6,weekday,0,0,0,0,0,0,0,0,0,0
6632,UK,30-34,Adult,White,2,weekday,0,0,0,0,0,0,0,0,0,0
6633,UK,35-39,Adult,Black,2,weekday,0,0,0,0,0,0,0,0,0,0
6634,UK,25-29,Adult,White,3,weekday,24,0,0,0,0,0,0,12,12,0
6635,UK,25-29,Adult,Mixed,2,weekday,6,0,6,0,0,0,0,0,0,0
6636,UK,45-49,Adult,White,1,weekday,0,0,0,0,0,0,0,0,0,0
6637,UK,25-29,Adult,White,1,weekend,0,0,0,0,0,0,0,0,0,0
6638,UK,55-59,Adult,White,6,weekday,3,0,0,0,0,0,0,0,3,0
6639,UK,40-44,Adult,White,7,weekday,115,0,0,0,0,0,0,100,15,0
6640,UK,65-69,Adult,White,2,weekday,0,0,0,0,0,0,0,0,0,0
6641,UK,50-54,Adult,White,2,weekday,0,0,0,0,0,0,0,0,0,0
6642,UK,35-39,Adult,Mixed,2,weekday,0,0,0,0,0,0,0,0,0,0
6643,UK,35-39,Adult,White,Unemployed,weekday,0,0,0,0,0,0,0,0,0,0
6644,UK,35-39,Adult,White,3,weekday,0,0,0,0,0,0,0,0,0,0
6645,UK,20-24,Adult,White,2,weekday,0,0,0,0,0,0,0,0,0,0
6646,UK,20-24,Adult,White,3,weekday,1,0,0,0,0,0,0,1,0,0
6647,UK,35-39,Adult,White,7,weekday,8,0,0,0,0,0,0,0,8,0
6648,UK,20-24,Adult,White,4,weekday,1,0,0,0,0,0,0,0,1,0
6650,UK,25-29,Adult,Mixed,2,weekend,6,0,0,0,0,0,0,1,4,1
6651,UK,25-29,Adult,Mixed,1,weekend,0,0,0,0,0,0,0,0,0,0
6652,UK,30-34,Adult,White,1,weekday,0,0,0,0,0,0,0,0,0,0
6653,UK,15-19,Adult,White,6,weekday,1,0,0,0,0,0,0,0,1,0
6654,UK,40-44,Adult,White,2,weekday,0,0,0,0,0,0,0,0,0,0
6655,UK,35-39,Adult,White,1,weekday,0,0,0,0,0,0,0,0,0,0
6656,UK,25-29,Adult,Black,1,weekday,2,0,0,0,0,0,0,0,2,0
6657,UK,45-49,Adult,Black,7,weekday,25,0,0,0,0,0,0,10,10,5
6658,UK,25-29,Adult,White,Unemployed,weekday,0,0,0,0,0,0,0,0,0,0
6659,UK,20-24,Adult,Asian,Unknown,weekend,5,0,0,0,0,0,0,2,1,2
6660,UK,30-34,Adult,White,4,weekday,0,0,0,0,0,0,0,0,0,0
6661,UK,40-44,Adult,White,3,weekday,3,0,0,0,0,0,0,0,3,0
6662,UK,30-34,Adult,White,6,weekday,1,0,0,0,0,0,0,0,1,0
6663,UK,35-39,Adult,White,1,weekday,0,0,0,0,0,0,0,0,0,0
6664,UK,35-39,Adult,Black,3,weekday,0,0,0,0,0,0,0,0,0,0
6665,UK,30-34,Adult,White,2,weekday,2,0,0,0,0,0,0,0,2,0
6666,UK,30-34,Adult,Other,1,weekday,9,0,0,0,0,0,0,2,5,2
6667,UK,45-49,Adult,Asian,1,weekday,0,0,0,0,0,0,0,0,0,0
6668,UK,30-34,Adult,White,Unemployed,weekday,3,0,0,0,0,0,0,1,2,0
6669,UK,30-34,Adult,Black,2,weekend,0,0,0,0,0,0,0,0,0,0
6670,UK,35-39,Adult,Black,2,weekend,16,0,0,0,0,0,0,2,5,9
6671,UK,15-19,Adult,White,1,weekday,2,0,0,0,0,0,0,1,1,0
6672,UK,30-34,Adult,White,1,weekday,0,0,0,0,0,0,0,0,0,0
6673,UK,15-19,Adult,White,Unemployed,weekend,0,0,0,0,0,0,0,0,0,0
6674,UK,25-29,Adult,White,2,weekday,7,0,0,0,0,0,0,0,7,0
6675,UK,40-44,Adult,White,6,weekday,0,0,0,0,0,0,0,0,0,0
6676,UK,40-44,Adult,Black,1,weekend,0,0,0,0,0,0,0,0,0,0
6677,UK,35-39,Adult,White,1,weekday,0,0,0,0,0,0,0,0,0,0
6678,UK,30-34,Adult,Black,1,weekday,0,0,0,0,0,0,0,0,0,0
6679,UK,25-29,Adult,White,7,weekday,0,0,0,0,0,0,0,0,0,0
6680,UK,30-34,Adult,White,1,weekday,0,0,0,0,0,0,0,0,0,0
6681,UK,30-34,Adult,White,2,weekday,0,0,0,0,0,0,0,0,0,0
6682,UK,30-34,Adult,Asian,2,weekday,56,0,0,0,0,0,0,2,50,4
6683,UK,40-44,Adult,White,3,weekday,0,0,0,0,0,0,0,0,0,0
6684,UK,35-39,Adult,White,1,weekday,0,0,0,0,0,0,0,0,0,0
6685,UK,40-44,Adult,Black,2,weekend,21,0,0,0,0,0,0,1,20,0
6686,UK,35-39,Adult,White,5,weekday,1,0,0,0,0,0,0,1,0,0
6687,UK,25-29,Adult,White,1,weekday,0,0,0,0,0,0,0,0,0,0
6688,UK,55-59,Adult,White,2,weekday,0,0,0,0,0,0,0,0,0,0
6689,UK,35-39,Adult,White,1,weekday,4,0,0,0,0,0,0,2,2,0
6690,UK,25-29,Adult,Black,2,weekday,0,0,0,0,0,0,0,0,0,0
6691,UK,25-29,Adult,White,Unemployed,weekend,6,0,0,0,0,0,0,3,3,0
6692,UK,30-34,Adult,White,3,weekday,0,0,0,0,0,0,0,0,0,0
6693,UK,30-34,Adult,White,2,weekday,0,0,0,0,0,0,0,0,0,0
6694,UK,35-39,Adult,White,Unemployed,weekend,1,0,0,0,0,0,0,1,0,0
6695,UK,30-34,Adult,White,3,weekend,0,0,0,0,0,0,0,0,0,0
6696,UK,20-24,Adult,Asian,2,weekday,7,0,0,0,0,0,0,1,4,2
6697,UK,35-39,Adult,White,2,weekday,10,3,2,0,0,0,0,2,3,0
6698,UK,35-39,Adult,White,3,weekday,0,0,0,0,0,0,0,0,0,0
6699,UK,40-44,Adult,White,6,weekday,9,0,0,0,0,0,0,0,0,9
6700,UK,30-34,Adult,White,3,weekday,8,0,0,0,0,0,0,0,8,0
6701,UK,35-39,Adult,White,6,weekday,0,0,0,0,0,0,0,0,0,0
6702,UK,20-24,Adult,White,3,weekday,22,0,0,0,0,0,0,20,2,0
6703,UK,40-44,Adult,White,6,weekday,5,0,0,0,0,0,0,3,1,1
6704,UK,50-54,Adult,White,2,weekday,0,0,0,0,0,0,0,0,0,0
6705,UK,20-24,Adult,Asian,1,weekday,2,0,0,0,0,0,0,2,0,0
6706,UK,25-29,Adult,Black,Unemployed,weekday,44,0,0,0,5,4,0,30,5,0
6707,UK,20-24,Adult,Asian,Student,weekday,0,0,0,0,0,0,0,0,0,0
6708,UK,45-49,Adult,White,3,weekday,0,0,0,0,0,0,0,0,0,0
6709,UK,45-49,Adult,White,1,weekday,0,0,0,0,0,0,0,0,0,0
6710,UK,40-44,Adult,White,2,weekday,0,0,0,0,0,0,0,0,0,0
6711,UK,30-34,Adult,White,3,weekday,30,0,0,0,0,0,0,20,10,0
6712,UK,30-34,Adult,White,Unemployed,weekday,0,0,0,0,0,0,0,0,0,0
6713,UK,35-39,Adult,White,3,weekday,0,0,0,0,0,0,0,0,0,0
6714,UK,20-24,Adult,White,6,weekday,0,0,0,0,0,0,0,0,0,0
6715,UK,35-39,Adult,White,Unemployed,weekday,0,0,0,0,0,0,0,0,0,0
6716,UK,40-44,Adult,White,3,weekday,0,0,0,0,0,0,0,0,0,0
6717,UK,35-39,Adult,White,5,weekday,0,0,0,0,0,0,0,0,0,0
6718,UK,35-39,Adult,White,1,weekend,10,0,0,0,0,0,0,2,6,2
6719,UK,35-39,Adult,White,2,weekday,0,0,0,0,0,0,0,0,0,0
6720,UK,40-44,Adult,Asian,3,weekday,6,0,0,0,0,0,0,4,2,0
6721,UK,40-44,Adult,White,Unknown,weekday,2,0,0,0,0,0,0,1,1,0
6722,UK,45-49,Adult,White,3,weekday,0,0,0,0,0,0,0,0,0,0
6723,UK,35-39,Adult,Black,1,weekday,6,0,0,0,0,0,0,1,4,1
6724,UK,60-64,Adult,White,7,weekend,6,0,1,2,0,0,0,0,1,2
6725,UK,45-49,Adult,Mixed,2,weekday,0,0,0,0,0,0,0,0,0,0
6726,UK,60-64,Adult,White,Unemployed,weekday,2,0,0,0,0,0,0,0,2,0
6727,UK,40-44,Adult,White,2,weekday,0,0,0,0,0,0,0,0,0,0
6728,UK,40-44,Adult,White,2,weekday,6,0,0,0,0,0,0,0,5,1
6729,UK,35-39,Adult,White,1,weekday,5,0,0,0,0,0,0,0,5,0
6730,UK,40-44,Adult,White,Unemployed,weekday,0,0,0,0,0,0,0,0,0,0
6731,UK,35-39,Adult,White,6,weekday,0,0,0,0,0,0,0,0,0,0
6732,UK,60-64,Adult,White,3,weekday,5,0,0,0,0,0,0,2,2,1
6733,UK,75+,Adult,White,Retired,weekday,0,0,0,0,0,0,0,0,0,0
6734,UK,40-44,Adult,Black,3,weekday,4,0,0,0,0,0,0,2,2,0
6735,UK,55-59,Adult,White,Unemployed,weekday,10,0,0,0,0,0,0,0,10,0
6736,UK,50-54,Adult,White,2,weekday,0,0,0,0,0,0,0,0,0,0
6737,UK,50-54,Adult,White,1,weekday,0,0,0,0,0,0,0,0,0,0
6738,UK,55-59,Adult,White,6,weekday,0,0,0,0,0,0,0,0,0,0
6739,UK,45-49,Adult,Mixed,2,weekday,0,0,0,0,0,0,0,0,0,0
6740,UK,60-64,Adult,White,5,weekday,0,0,0,0,0,0,0,0,0,0
6741,UK,70-74,Adult,White,Retired,weekday,0,0,0,0,0,0,0,0,0,0
6742,UK,60-64,Adult,White,1,weekday,3,0,0,0,0,0,0,0,3,0
6743,UK,60-64,Adult,White,Unemployed,weekday,0,0,0,0,0,0,0,0,0,0
6744,UK,70-74,Adult,White,Retired,weekday,0,0,0,0,0,0,0,0,0,0
6745,UK,50-54,Adult,Black,3,weekday,6,0,0,0,0,0,0,2,3,1
6746,UK,45-49,Adult,White,Unemployed,weekday,6,0,0,0,0,0,0,1,5,0
6747,UK,55-59,Adult,White,Unemployed,weekend,0,0,0,0,0,0,0,0,0,0
6748,UK,55-59,Adult,White,Unemployed,weekday,7,0,5,2,0,0,0,0,0,0
6749,UK,50-54,Adult,White,2,weekday,12,0,0,0,0,0,0,2,10,0
6750,UK,55-59,Adult,White,Retired,weekday,22,0,0,0,0,0,0,0,12,10
6751,UK,55-59,Adult,White,Unemployed,weekday,0,0,0,0,0,0,0,0,0,0
6752,UK,45-49,Adult,White,4,weekday,1,0,0,0,0,0,0,0,0,1
6753,UK,50-54,Adult,White,1,weekday,0,0,0,0,0,0,0,0,0,0
6754,UK,50-54,Adult,White,Unemployed,weekday,0,0,0,0,0,0,0,0,0,0
6755,UK,60-64,Adult,White,Retired,weekday,0,0,0,0,0,0,0,0,0,0
6756,UK,45-49,Adult,White,Unemployed,weekday,0,0,0,0,0,0,0,0,0,0
6757,UK,65-69,Adult,White,2,weekday,2,0,0,0,0,0,0,0,2,0
6758,UK,50-54,Adult,White,2,weekday,0,0,0,0,0,0,0,0,0,0
6759,UK,50-54,Adult,White,Unemployed,weekday,0,0,0,0,0,0,0,0,0,0
6760,UK,50-54,Adult,White,Unemployed,weekend,0,0,0,0,0,0,0,0,0,0
6761,UK,30-34,Adult,Asian,1,weekend,1,0,0,0,0,0,0,1,0,0
6762,UK,30-34,Adult,White,Unemployed,weekday,1,0,0,0,0,0,0,0,1,0
6763,UK,60-64,Adult,White,Retired,weekend,0,0,0,0,0,0,0,0,0,0
6764,UK,25-29,Adult,White,Unemployed,weekend,0,0,0,0,0,0,0,0,0,0
6765,UK,40-44,Adult,Asian,3,weekend,3,0,0,0,0,0,0,3,0,0
6766,UK,25-29,Adult,White,3,weekday,115,0,0,0,0,0,0,17,38,60
6767,UK,35-39,Adult,Asian,Unemployed,weekend,4,0,0,0,0,0,0,2,2,0
6768,UK,45-49,Adult,White,Unemployed,weekend,0,0,0,0,0,0,0,0,0,0
6769,UK,40-44,Adult,White,1,weekend,0,0,0,0,0,0,0,0,0,0
6770,UK,65-69,Adult,White,Retired,weekday,0,0,0,0,0,0,0,0,0,0
6771,UK,70-74,Adult,White,Retired,weekday,6,0,0,0,0,0,0,0,5,1
6772,UK,60-64,Adult,White,7,weekend,0,0,0,0,0,0,0,0,0,0
6773,UK,65-69,Adult,White,Retired,weekend,0,0,0,0,0,0,0,0,0,0
6774,UK,20-24,Adult,Asian,6,weekend,0,0,0,0,0,0,0,0,0,0
6775,UK,25-29,Adult,Mixed,4,weekday,0,0,0,0,0,0,0,0,0,0
6776,UK,30-34,Adult,White,4,weekend,1,0,0,0,0,0,0,0,1,0
6777,UK,15-19,Adult,Asian,3,weekday,4,0,2,0,0,0,0,0,2,0
6778,UK,45-49,Adult,Black,1,weekday,0,0,0,0,0,0,0,0,0,0
6779,UK,25-29,Adult,White,Unemployed,weekend,0,0,0,0,0,0,0,0,0,0
6780,UK,50-54,Adult,White,1,weekend,4,0,0,0,0,0,0,0,4,0
6781,UK,35-39,Adult,Asian,1,weekend,0,0,0,0,0,0,0,0,0,0
6782,UK,35-39,Adult,White,1,weekend,0,0,0,0,0,0,0,0,0,0
6783,UK,20-24,Adult,White,2,weekend,0,0,0,0,0,0,0,0,0,0
6784,UK,20-24,Adult,White,7,weekend,0,0,0,0,0,0,0,0,0,0
6785,UK,20-24,Adult,Mixed,1,weekend,0,0,0,0,0,0,0,0,0,0
6786,UK,40-44,Adult,White,7,weekend,0,0,0,0,0,0,0,0,0,0
6787,UK,35-39,Adult,White,Unknown,weekend,2,0,0,0,0,0,0,1,1,0
6788,UK,60-64,Adult,White,1,weekend,0,0,0,0,0,0,0,0,0,0
6789,UK,30-34,Adult,Asian,Student,weekday,3,0,0,0,0,0,0,0,3,0
6790,UK,70-74,Adult,White,6,weekend,0,0,0,0,0,0,0,0,0,0
6791,UK,25-29,Adult,Asian,2,weekday,0,0,0,0,0,0,0,0,0,0
6792,UK,35-39,Adult,White,3,weekday,3,0,0,0,0,0,0,0,2,1
6793,UK,30-34,Adult,White,1,weekday,0,0,0,0,0,0,0,0,0,0
6794,UK,40-44,Adult,White,3,weekend,0,0,0,0,0,0,0,0,0,0
6795,UK,40-44,Adult,White,Unemployed,weekday,0,0,0,0,0,0,0,0,0,0
6796,UK,25-29,Adult,Asian,6,weekday,0,0,0,0,0,0,0,0,0,0
6797,UK,40-44,Adult,White,1,weekday,9,0,0,0,0,0,0,5,2,2
6798,UK,30-34,Adult,Black,2,weekday,12,0,0,0,0,0,0,8,4,0
6799,UK,20-24,Adult,Black,3,weekday,0,0,0,0,0,0,0,0,0,0
6800,UK,40-44,Adult,White,Unemployed,weekday,0,0,0,0,0,0,0,0,0,0
6801,UK,30-34,Adult,White,3,weekend,0,0,0,0,0,0,0,0,0,0
6802,UK,30-34,Adult,White,1,weekday,0,0,0,0,0,0,0,0,0,0
6803,UK,40-44,Adult,White,7,weekend,1,0,0,0,0,0,0,0,1,0
6804,UK,25-29,Adult,White,1,weekend,8,0,0,0,0,0,0,0,7,1
6805,UK,35-39,Adult,White,2,weekday,0,0,0,0,0,0,0,0,0,0
6806,UK,35-39,Adult,Black,2,weekend,6,0,3,0,0,0,0,0,3,0
6807,UK,30-34,Adult,White,2,weekday,0,0,0,0,0,0,0,0,0,0
6808,UK,20-24,Adult,Black,1,weekday,0,0,0,0,0,0,0,0,0,0
6809,UK,20-24,Adult,White,2,weekend,0,0,0,0,0,0,0,0,0,0
6810,UK,25-29,Adult,White,1,weekend,0,0,0,0,0,0,0,0,0,0
6811,UK,45-49,Adult,White,2,weekday,80,0,0,0,0,0,0,30,30,20
6812,UK,40-44,Adult,White,Unemployed,weekend,2,0,0,0,0,0,0,0,2,0
6813,UK,65-69,Adult,White,Retired,weekend,0,0,0,0,0,0,0,0,0,0
6814,UK,45-49,Adult,Asian,1,weekend,1,0,0,0,0,0,0,0,1,0
6815,UK,50-54,Adult,White,4,weekday,0,0,0,0,0,0,0,0,0,0
6816,UK,15-19,Adult,Black,Student,weekend,0,0,0,0,0,0,0,0,0,0
6817,UK,60-64,Adult,White,2,weekday,6,0,0,0,0,0,0,0,6,0
6818,UK,30-34,Adult,White,2,weekday,0,0,0,0,0,0,0,0,0,0
6819,UK,30-34,Adult,White,1,weekend,0,0,0,0,0,0,0,0,0,0
6820,UK,25-29,Adult,White,2,weekend,0,0,0,0,0,0,0,0,0,0
6821,UK,25-29,Adult,White,2,weekend,3,0,0,0,0,0,0,1,2,0
6822,UK,60-64,Adult,White,Retired,weekday,0,0,0,0,0,0,0,0,0,0
6823,UK,45-49,Adult,White,1,weekday,0,0,0,0,0,0,0,0,0,0
6824,UK,35-39,Adult,White,1,weekday,0,0,0,0,0,0,0,0,0,0
6825,UK,30-34,Adult,White,2,weekend,0,0,0,0,0,0,0,0,0,0
6826,UK,45-49,Adult,White,7,weekend,9,0,0,0,0,0,0,0,6,3
6827,UK,25-29,Adult,White,1,weekend,2,0,0,0,0,0,0,1,1,0
6828,UK,30-34,Adult,White,Unemployed,weekday,0,0,0,0,0,0,0,0,0,0
6829,UK,70-74,Adult,White,Retired,weekday,0,0,0,0,0,0,0,0,0,0
6830,UK,20-24,Adult,White,3,weekend,0,0,0,0,0,0,0,0,0,0
6831,UK,25-29,Adult,White,4,weekend,0,0,0,0,0,0,0,0,0,0
6832,UK,50-54,Adult,Asian,3,weekday,2,0,0,0,0,0,0,0,2,0
6833,UK,25-29,Adult,White,2,weekday,0,0,0,0,0,0,0,0,0,0
6834,UK,25-29,Adult,Black,1,weekday,0,0,0,0,0,0,0,0,0,0
6835,UK,60-64,Adult,White,2,weekend,0,0,0,0,0,0,0,0,0,0
6836,UK,55-59,Adult,Black,2,weekend,0,0,0,0,0,0,0,0,0,0
6837,UK,45-49,Adult,White,3,weekend,0,0,0,0,0,0,0,0,0,0
6838,UK,25-29,Adult,White,1,weekend,2,0,0,0,0,0,0,0,2,0
6839,UK,25-29,Adult,White,1,weekend,32,0,0,0,0,0,0,25,2,5
6840,UK,55-59,Adult,Asian,Unemployed,weekend,0,0,0,0,0,0,0,0,0,0
6841,UK,60-64,Adult,White,7,weekend,1,0,0,0,0,0,0,0,1,0
6842,UK,30-34,Adult,White,7,weekend,0,0,0,0,0,0,0,0,0,0
6843,UK,15-19,Adult,White,Student,weekday,2,0,0,0,0,0,0,0,2,0
6844,UK,60-64,Adult,White,Retired,weekday,10,0,0,0,0,0,0,10,0,0
6845,UK,40-44,Adult,White,2,weekend,25,0,0,0,0,0,0,5,20,0
6846,UK,50-54,Adult,White,Unemployed,weekend,0,0,0,0,0,0,0,0,0,0
6847,UK,35-39,Adult,White,2,weekend,50,0,0,0,0,0,0,20,20,10
6848,UK,40-44,Adult,White,4,weekend,4,0,0,0,0,0,0,0,4,0
6849,UK,30-34,Adult,White,3,weekend,3,0,0,0,0,0,0,2,1,0
6850,UK,25-29,Adult,White,2,weekend,5,0,0,0,0,0,0,2,3,0
6851,UK,25-29,Adult,Black,7,weekend,0,0,0,0,0,0,0,0,0,0
6852,UK,25-29,Adult,White,1,weekend,5,0,0,0,0,0,0,2,2,1
6853,UK,40-44,Adult,White,6,weekend,8,0,0,0,0,0,0,2,4,2
6854,UK,35-39,Adult,White,1,weekend,0,0,0,0,0,0,0,0,0,0
6855,UK,20-24,Adult,White,2,weekend,10,0,0,0,0,0,0,2,6,2
6856,UK,25-29,Adult,White,5,weekday,2,0,0,0,0,0,0,2,0,0
6857,UK,35-39,Adult,Black,2,weekend,0,0,0,0,0,0,0,0,0,0
6858,UK,35-39,Adult,White,1,weekend,0,0,0,0,0,0,0,0,0,0
6859,UK,45-49,Adult,White,3,weekend,0,0,0,0,0,0,0,0,0,0
6860,UK,40-44,Adult,White,2,weekday,1,0,0,0,0,0,0,0,1,0
6861,UK,35-39,Adult,White,1,weekend,15,0,0,0,0,0,0,4,4,7
6862,UK,20-24,Adult,Black,4,weekend,10,0,0,0,0,0,0,4,5,1
6863,UK,15-19,Adult,White,7,weekend,2,0,0,0,0,0,0,1,1,0
6864,UK,20-24,Adult,Other,Student,weekday,11,0,0,0,3,6,0,2,0,0
6865,UK,35-39,Adult,White,2,weekend,0,0,0,0,0,0,0,0,0,0
6866,UK,35-39,Adult,White,Unemployed,weekday,0,0,0,0,0,0,0,0,0,0
6867,UK,20-24,Adult,White,2,weekday,5,0,0,0,0,0,0,0,4,1
6868,UK,40-44,Adult,White,Unknown,weekend,0,0,0,0,0,0,0,0,0,0
6869,UK,20-24,Adult,Asian,Unemployed,weekend,0,0,0,0,0,0,0,0,0,0
6870,UK,20-24,Adult,White,Student,weekday,19,0,0,0,0,0,0,4,10,5
6871,UK,65-69,Adult,White,Retired,weekday,4,0,0,0,0,0,0,1,2,1
6872,UK,50-54,Adult,Asian,1,weekend,4,0,0,0,0,0,0,2,1,1
6873,UK,25-29,Adult,Black,1,weekday,0,0,0,0,0,0,0,0,0,0
6874,UK,60-64,Adult,White,7,weekday,0,0,0,0,0,0,0,0,0,0
6875,UK,45-49,Adult,White,6,weekday,280,30,100,10,0,0,0,30,100,10
6876,UK,70-74,Adult,White,Retired,weekday,0,0,0,0,0,0,0,0,0,0
6877,UK,55-59,Adult,White,6,weekday,0,0,0,0,0,0,0,0,0,0
6878,UK,20-24,Adult,Asian,2,weekend,0,0,0,0,0,0,0,0,0,0
6879,UK,20-24,Adult,White,4,weekend,0,0,0,0,0,0,0,0,0,0
6880,UK,25-29,Adult,White,1,weekend,2,0,0,0,0,0,0,2,0,0
6881,UK,65-69,Adult,White,Retired,weekend,0,0,0,0,0,0,0,0,0,0
6882,UK,50-54,Adult,White,3,weekend,0,0,0,0,0,0,0,0,0,0
6883,UK,70-74,Adult,White,3,weekend,0,0,0,0,0,0,0,0,0,0
6884,UK,35-39,Adult,White,6,weekend,3,0,0,0,0,0,0,0,3,0
6885,UK,45-49,Adult,White,2,weekday,0,0,0,0,0,0,0,0,0,0
6886,UK,30-34,Adult,Asian,2,weekend,0,0,0,0,0,0,0,0,0,0
6887,UK,30-34,Adult,White,2,weekday,0,0,0,0,0,0,0,0,0,0
6888,UK,35-39,Adult,White,3,weekend,0,0,0,0,0,0,0,0,0,0
6889,UK,45-49,Adult,White,7,weekend,0,0,0,0,0,0,0,0,0,0
6890,UK,45-49,Adult,White,2,weekend,2,0,0,0,0,0,0,0,2,0
6891,UK,65-69,Adult,White,Retired,weekday,0,0,0,0,0,0,0,0,0,0
6892,UK,30-34,Adult,Black,6,weekend,9,0,0,0,0,0,0,9,0,0
6893,UK,30-34,Adult,White,3,weekend,0,0,0,0,0,0,0,0,0,0
6894,UK,45-49,Adult,White,1,weekend,0,0,0,0,0,0,0,0,0,0
6895,UK,35-39,Adult,Black,1,weekend,0,0,0,0,0,0,0,0,0,0
6896,UK,65-69,Adult,White,Retired,weekend,3,0,0,0,0,0,0,0,1,2
6897,UK,40-44,Adult,White,2,weekend,0,0,0,0,0,0,0,0,0,0
6898,UK,35-39,Adult,Black,3,weekday,0,0,0,0,0,0,0,0,0,0
6899,UK,35-39,Adult,White,4,weekday,36,10,20,5,0,0,0,0,1,0
6900,UK,30-34,Adult,White,Unknown,weekend,4,0,0,0,0,0,0,1,2,1
6901,UK,35-39,Adult,White,2,weekend,4,0,0,0,0,0,0,3,1,0
6902,UK,40-44,Adult,White,Unknown,weekday,3,0,0,0,0,0,0,1,1,1
6903,UK,20-24,Adult,White,2,weekend,0,0,0,0,0,0,0,0,0,0
6904,UK,35-39,Adult,Mixed,7,weekend,0,0,0,0,0,0,0,0,0,0
6905,UK,15-19,Adult,White,Student,weekend,1,0,0,0,0,0,0,0,0,1
6906,UK,35-39,Adult,White,7,weekend,0,0,0,0,0,0,0,0,0,0
6907,UK,20-24,Adult,White,2,weekend,1,0,0,0,0,0,0,1,0,0
6908,UK,30-34,Adult,White,7,weekend,0,0,0,0,0,0,0,0,0,0
6909,UK,35-39,Adult,Asian,2,weekend,2,0,0,0,0,0,0,0,2,0
6910,UK,35-39,Adult,White,2,weekday,0,0,0,0,0,0,0,0,0,0
6911,UK,35-39,Adult,Asian,1,weekend,3,1,0,0,0,0,0,0,2,0
6912,UK,20-24,Adult,Black,6,weekend,0,0,0,0,0,0,0,0,0,0
6913,UK,50-54,Adult,White,Unemployed,weekday,2,0,0,0,0,0,0,0,0,2
6914,UK,30-34,Adult,Black,2,weekend,7,0,0,0,0,0,0,3,2,2
6915,UK,45-49,Adult,White,5,weekday,0,0,0,0,0,0,0,0,0,0
6916,UK,30-34,Adult,White,1,weekend,9,0,0,0,0,0,0,3,4,2
6917,UK,60-64,Adult,White,Retired,weekend,0,0,0,0,0,0,0,0,0,0
6918,UK,25-29,Adult,White,3,weekday,1,0,0,0,0,0,0,1,0,0
6919,UK,75+,Adult,White,Unknown,weekend,4,0,0,0,0,0,0,0,2,2
6920,UK,60-64,Adult,White,1,weekend,0,0,0,0,0,0,0,0,0,0
6921,UK,20-24,Adult,Black,Unemployed,weekday,0,0,0,0,0,0,0,0,0,0
6922,UK,55-59,Adult,White,2,weekend,2,0,0,0,0,0,0,0,2,0
6923,UK,15-19,Adult,White,6,weekend,3,0,0,0,0,0,0,0,2,1
6924,UK,45-49,Adult,White,Unknown,weekend,4,0,0,0,0,0,0,2,2,0
6925,UK,20-24,Adult,Asian,Unemployed,weekend,3,0,0,0,0,0,0,0,3,0
6926,UK,20-24,Adult,White,Unemployed,weekend,13,0,0,0,0,0,0,1,8,4
6927,UK,30-34,Adult,White,2,weekday,20,0,0,0,0,0,0,0,15,5
6928,UK,40-44,Adult,White,3,weekday,0,0,0,0,0,0,0,0,0,0
6929,UK,55-59,Adult,White,1,weekday,0,0,0,0,0,0,0,0,0,0
6930,UK,30-34,Adult,White,6,weekend,0,0,0,0,0,0,0,0,0,0
6931,UK,55-59,Adult,White,1,weekend,0,0,0,0,0,0,0,0,0,0
6932,UK,25-29,Adult,White,2,weekend,3,0,0,0,0,0,0,2,1,0
6933,UK,25-29,Adult,White,6,weekend,2,0,0,0,0,0,0,0,2,0
6934,UK,40-44,Adult,White,Unknown,weekday,0,0,0,0,0,0,0,0,0,0
6935,UK,30-34,Adult,White,2,weekend,7,0,0,0,0,0,0,3,2,2
6936,UK,25-29,Adult,White,2,weekend,0,0,0,0,0,0,0,0,0,0
6937,UK,30-34,Adult,White,Unemployed,weekend,0,0,0,0,0,0,0,0,0,0
6938,UK,40-44,Adult,White,1,weekday,0,0,0,0,0,0,0,0,0,0
6939,UK,50-54,Adult,White,2,weekday,0,0,0,0,0,0,0,0,0,0
6940,UK,30-34,Adult,Asian,2,weekend,0,0,0,0,0,0,0,0,0,0
6941,UK,40-44,Adult,White,3,weekday,0,0,0,0,0,0,0,0,0,0
6942,UK,70-74,Adult,White,Retired,weekend,1,0,0,0,0,0,0,0,0,1
6943,UK,40-44,Adult,White,2,weekend,10,0,0,0,0,0,0,0,5,5
6944,UK,50-54,Adult,White,7,weekday,0,0,0,0,0,0,0,0,0,0
6945,UK,60-64,Adult,White,2,weekend,90,0,0,0,0,0,0,0,60,30
6946,UK,40-44,Adult,Asian,1,weekend,0,0,0,0,0,0,0,0,0,0
6947,UK,25-29,Adult,White,6,weekend,0,0,0,0,0,0,0,0,0,0
6948,UK,30-34,Adult,White,3,weekend,4,0,0,0,0,0,0,0,3,1
6949,UK,25-29,Adult,Asian,Student,weekend,2,0,0,0,0,0,0,0,2,0
6950,UK,45-49,Adult,White,3,weekend,0,0,0,0,0,0,0,0,0,0
6951,UK,20-24,Adult,White,2,weekend,0,0,0,0,0,0,0,0,0,0
6952,UK,55-59,Adult,Asian,2,weekend,0,0,0,0,0,0,0,0,0,0
6953,UK,40-44,Adult,White,6,weekend,0,0,0,0,0,0,0,0,0,0
6954,UK,45-49,Adult,White,5,weekend,0,0,0,0,0,0,0,0,0,0
6955,UK,40-44,Adult,White,2,weekend,0,0,0,0,0,0,0,0,0,0
6956,UK,30-34,Adult,White,1,weekend,0,0,0,0,0,0,0,0,0,0
6957,UK,30-34,Adult,White,Unemployed,weekend,0,0,0,0,0,0,0,0,0,0
6958,UK,45-49,Adult,White,Unemployed,weekday,2,0,0,0,0,0,0,0,2,0
6959,UK,50-54,Adult,White,Unemployed,weekday,0,0,0,0,0,0,0,0,0,0
6960,UK,20-24,Adult,White,4,weekend,0,0,0,0,0,0,0,0,0,0
6961,UK,20-24,Adult,White,3,weekend,18,0,0,0,0,0,0,2,7,9
6962,UK,55-59,Adult,White,5,weekend,0,0,0,0,0,0,0,0,0,0
6963,UK,35-39,Adult,White,Unemployed,weekend,0,0,0,0,0,0,0,0,0,0
6964,UK,45-49,Adult,White,1,weekday,0,0,0,0,0,0,0,0,0,0
6965,UK,60-64,Adult,White,Retired,weekend,0,0,0,0,0,0,0,0,0,0
6966,UK,55-59,Adult,White,1,weekend,1,0,0,0,0,0,0,0,1,0
6967,UK,50-54,Adult,White,2,weekend,0,0,0,0,0,0,0,0,0,0
6968,UK,55-59,Adult,White,7,weekday,0,0,0,0,0,0,0,0,0,0
6969,UK,35-39,Adult,White,1,weekend,0,0,0,0,0,0,0,0,0,0
6970,UK,60-64,Adult,White,2,weekend,0,0,0,0,0,0,0,0,0,0
6971,UK,25-29,Adult,White,3,weekend,2,0,0,0,0,0,0,0,2,0
6972,UK,25-29,Adult,White,1,weekday,2,0,0,0,0,0,0,0,2,0
6973,UK,25-29,Adult,White,3,weekend,7,0,0,0,0,0,0,1,6,0
6974,UK,30-34,Adult,Other,3,weekday,0,0,0,0,0,0,0,0,0,0
6975,UK,35-39,Adult,Asian,1,weekday,1,0,0,0,0,0,0,0,1,0
6976,UK,30-34,Adult,Asian,1,weekday,0,0,0,0,0,0,0,0,0,0
6977,UK,30-34,Adult,White,1,weekend,0,0,0,0,0,0,0,0,0,0
6978,UK,25-29,Adult,White,3,weekend,8,0,0,0,0,0,0,2,5,1
6979,UK,25-29,Adult,White,3,weekend,0,0,0,0,0,0,0,0,0,0
6980,UK,60-64,Adult,Black,Unemployed,weekday,0,0,0,0,0,0,0,0,0,0
6981,UK,15-19,Adult,White,3,weekday,15,0,0,0,0,0,0,6,9,0
6982,UK,40-44,Adult,White,1,weekday,0,0,0,0,0,0,0,0,0,0
6983,UK,30-34,Adult,Mixed,2,weekend,0,0,0,0,0,0,0,0,0,0
6984,UK,30-34,Adult,White,2,weekend,0,0,0,0,0,0,0,0,0,0
6985,UK,40-44,Adult,White,2,weekend,0,0,0,0,0,0,0,0,0,0
6986,UK,65-69,Adult,White,Retired,weekday,2,0,0,0,0,0,0,0,2,0
6987,UK,45-49,Adult,White,3,weekend,0,0,0,0,0,0,0,0,0,0
6988,UK,40-44,Adult,White,3,weekend,2,0,0,0,0,0,0,1,1,0
6989,UK,25-29,Adult,White,3,weekend,0,0,0,0,0,0,0,0,0,0
6990,UK,30-34,Adult,Black,6,weekend,0,0,0,0,0,0,0,0,0,0
6991,UK,35-39,Adult,Mixed,Unknown,weekend,3,0,0,0,0,0,0,2,1,0
6992,UK,25-29,Adult,White,Unemployed,weekend,0,0,0,0,0,0,0,0,0,0
6993,UK,45-49,Adult,White,1,weekday,0,0,0,0,0,0,0,0,0,0
6994,UK,30-34,Adult,Asian,1,weekend,3,0,0,0,0,0,0,3,0,0
6995,UK,45-49,Adult,White,1,weekend,17,0,0,0,0,0,0,3,8,6
6996,UK,15-19,Adult,White,1,weekend,0,0,0,0,0,0,0,0,0,0
6997,UK,30-34,Adult,White,1,weekend,0,0,0,0,0,0,0,0,0,0
6998,UK,25-29,Adult,White,5,weekend,3,0,0,0,0,0,0,2,1,0
6999,UK,25-29,Adult,Black,1,weekday,6,0,0,0,0,0,0,2,4,0
7000,UK,15-19,Adult,White,Student,weekend,0,0,0,0,0,0,0,0,0,0
7001,UK,50-54,Adult,White,Unknown,weekday,0,0,0,0,0,0,0,0,0,0
7002,UK,30-34,Adult,White,2,weekday,0,0,0,0,0,0,0,0,0,0
7003,UK,30-34,Adult,Black,1,weekend,0,0,0,0,0,0,0,0,0,0
7004,UK,35-39,Adult,Asian,2,weekend,5,0,0,0,0,0,0,0,5,0
7005,UK,45-49,Adult,White,4,weekend,3,0,0,0,0,0,0,2,1,0
7006,UK,35-39,Adult,White,3,weekend,0,0,0,0,0,0,0,0,0,0
7007,UK,25-29,Adult,Black,Student,weekend,0,0,0,0,0,0,0,0,0,0
7008,UK,30-34,Adult,White,2,weekend,0,0,0,0,0,0,0,0,0,0
7009,UK,25-29,Adult,White,6,weekday,10,0,0,0,0,0,0,0,10,0
7010,UK,25-29,Adult,White,4,weekend,18,0,0,0,0,0,0,3,15,0
7011,UK,50-54,Adult,White,3,weekend,3,0,0,0,0,0,0,1,2,0
7012,UK,40-44,Adult,Black,5,weekend,2,0,0,0,0,0,0,2,0,0
7013,UK,25-29,Adult,White,Unemployed,weekday,0,0,0,0,0,0,0,0,0,0
7014,UK,40-44,Adult,White,2,weekend,1,0,0,0,0,0,0,0,1,0
7015,UK,40-44,Adult,White,Unemployed,weekday,0,0,0,0,0,0,0,0,0,0
7016,UK,15-19,Adult,White,7,weekend,0,0,0,0,0,0,0,0,0,0
7017,UK,65-69,Adult,White,Retired,weekday,0,0,0,0,0,0,0,0,0,0
7018,UK,35-39,Adult,White,1,weekend,4,0,0,0,0,0,0,3,1,0
7019,UK,35-39,Adult,White,2,weekend,0,0,0,0,0,0,0,0,0,0
7020,UK,35-39,Adult,Asian,4,weekend,1,0,0,0,0,0,0,1,0,0
7021,UK,75+,Adult,White,Retired,weekend,3,0,0,0,0,0,0,2,1,0
7022,UK,35-39,Adult,White,1,weekend,0,0,0,0,0,0,0,0,0,0
7023,UK,75+,Adult,White,Unknown,weekend,0,0,0,0,0,0,0,0,0,0
7024,UK,55-59,Adult,White,2,weekend,0,0,0,0,0,0,0,0,0,0
7025,UK,35-39,Adult,White,Unemployed,weekend,0,0,0,0,0,0,0,0,0,0
7026,UK,55-59,Adult,White,4,weekday,0,0,0,0,0,0,0,0,0,0
7027,UK,45-49,Adult,White,4,weekend,0,0,0,0,0,0,0,0,0,0
7028,UK,60-64,Adult,White,1,weekday,0,0,0,0,0,0,0,0,0,0
7029,UK,40-44,Adult,White,3,weekday,0,0,0,0,0,0,0,0,0,0
7030,UK,50-54,Adult,White,Unemployed,weekend,0,0,0,0,0,0,0,0,0,0
7031,UK,65-69,Adult,White,Retired,weekend,0,0,0,0,0,0,0,0,0,0
7032,UK,35-39,Adult,Black,2,weekend,4,0,0,0,0,0,0,0,4,0
7033,UK,60-64,Adult,White,2,weekday,0,0,0,0,0,0,0,0,0,0
7034,UK,40-44,Adult,White,Unemployed,weekday,18,0,0,0,0,0,0,6,7,5
7035,UK,35-39,Adult,White,1,weekend,0,0,0,0,0,0,0,0,0,0
7036,UK,40-44,Adult,White,1,weekday,0,0,0,0,0,0,0,0,0,0
7037,UK,35-39,Adult,Asian,1,weekend,0,0,0,0,0,0,0,0,0,0
7038,UK,35-39,Adult,White,1,weekday,1,0,0,0,0,0,0,0,1,0
7039,UK,35-39,Adult,Asian,7,weekday,4,0,0,0,0,0,0,2,2,0
7040,UK,50-54,Adult,White,Unemployed,weekday,0,0,0,0,0,0,0,0,0,0
7041,UK,40-44,Adult,White,2,weekend,4,0,0,0,0,0,0,2,2,0
7042,UK,40-44,Adult,White,Unknown,weekday,0,0,0,0,0,0,0,0,0,0
7043,UK,35-39,Adult,White,2,weekend,0,0,0,0,0,0,0,0,0,0
7044,UK,45-49,Adult,White,2,weekend,0,0,0,0,0,0,0,0,0,0
7045,UK,35-39,Adult,Asian,3,weekend,3,0,0,0,0,0,0,1,2,0
7046,UK,45-49,Adult,White,1,weekend,0,0,0,0,0,0,0,0,0,0
7047,UK,45-49,Adult,White,1,weekday,2,0,0,0,0,0,0,1,1,0
7048,UK,50-54,Adult,White,2,weekend,6,0,0,0,0,0,0,2,4,0
7049,UK,65-69,Adult,White,6,weekday,0,0,0,0,0,0,0,0,0,0
7050,UK,45-49,Adult,White,7,weekday,0,0,0,0,0,0,0,0,0,0
7051,UK,65-69,Adult,White,7,weekday,0,0,0,0,0,0,0,0,0,0
7052,UK,45-49,Adult,White,4,weekend,0,0,0,0,0,0,0,0,0,0
7053,UK,50-54,Adult,White,7,weekday,6,0,0,0,0,0,0,4,1,1
7054,UK,50-54,Adult,White,5,weekend,3,0,0,0,0,0,0,0,1,2
7055,UK,55-59,Adult,White,2,weekday,2,0,0,0,0,0,0,0,2,0
7056,UK,70-74,Adult,White,Retired,weekend,0,0,0,0,0,0,0,0,0,0
7057,UK,60-64,Adult,White,6,weekend,1,0,0,0,0,0,0,0,1,0
7058,UK,45-49,Adult,White,7,weekend,0,0,0,0,0,0,0,0,0,0
7059,UK,45-49,Adult,White,2,weekend,3,0,0,0,0,0,0,1,2,0
7060,UK,50-54,Adult,White,6,weekday,40,0,0,0,0,0,0,10,20,10
7061,UK,65-69,Adult,White,Retired,weekday,1,0,0,0,0,0,0,0,1,0
7062,UK,65-69,Adult,Asian,Unknown,weekend,0,0,0,0,0,0,0,0,0,0
7063,UK,65-69,Adult,White,3,weekday,0,0,0,0,0,0,0,0,0,0
7064,UK,50-54,Adult,White,3,weekend,0,0,0,0,0,0,0,0,0,0
7065,UK,50-54,Adult,White,2,weekday,22,0,0,0,0,0,0,6,10,6
7066,UK,70-74,Adult,White,Retired,weekday,3,0,0,0,0,0,0,1,1,1
7067,UK,70-74,Adult,White,Retired,weekday,3,0,0,0,0,0,0,0,2,1
7068,UK,50-54,Adult,White,1,weekend,0,0,0,0,0,0,0,0,0,0
7069,UK,75+,Adult,White,Retired,weekday,1,0,0,0,0,0,0,0,1,0
7070,UK,60-64,Adult,White,Retired,weekday,25,5,10,10,0,0,0,0,0,0
7071,UK,45-49,Adult,White,Unemployed,weekend,1,0,0,0,0,0,0,0,1,0
7072,UK,60-64,Adult,White,6,weekday,0,0,0,0,0,0,0,0,0,0
7073,UK,50-54,Adult,Mixed,2,weekday,0,0,0,0,0,0,0,0,0,0
7074,UK,65-69,Adult,White,Unknown,weekday,0,0,0,0,0,0,0,0,0,0
7075,UK,45-49,Adult,White,Unemployed,weekday,0,0,0,0,0,0,0,0,0,0
7076,UK,55-59,Adult,White,3,weekend,0,0,0,0,0,0,0,0,0,0
7077,UK,65-69,Adult,White,Unemployed,weekday,0,0,0,0,0,0,0,0,0,0
7078,UK,60-64,Adult,White,1,weekday,0,0,0,0,0,0,0,0,0,0
7079,UK,50-54,Adult,White,Unemployed,weekday,0,0,0,0,0,0,0,0,0,0
7080,UK,50-54,Adult,White,7,weekday,0,0,0,0,0,0,0,0,0,0
7081,UK,45-49,Adult,White,Unemployed,weekend,4,0,0,0,0,0,0,1,2,1
7082,UK,45-49,Adult,White,4,weekend,0,0,0,0,0,0,0,0,0,0
7083,UK,55-59,Adult,White,6,weekend,2,0,0,0,0,0,0,0,2,0
7084,UK,65-69,Adult,White,Unemployed,weekend,0,0,0,0,0,0,0,0,0,0
7085,UK,60-64,Adult,White,Retired,weekday,0,0,0,0,0,0,0,0,0,0
7086,UK,60-64,Adult,White,6,weekday,1,0,0,0,0,0,0,0,0,1
7087,UK,50-54,Adult,White,5,weekend,0,0,0,0,0,0,0,0,0,0
7088,UK,50-54,Adult,Mixed,2,weekend,35,0,0,0,0,0,0,4,25,6
7089,UK,55-59,Adult,Black,2,weekend,5,0,0,0,0,0,0,5,0,0
7090,UK,55-59,Adult,White,4,weekend,0,0,0,0,0,0,0,0,0,0
7091,UK,45-49,Adult,White,1,weekday,0,0,0,0,0,0,0,0,0,0
7092,UK,45-49,Adult,White,2,weekday,0,0,0,0,0,0,0,0,0,0
7093,UK,65-69,Adult,White,Retired,weekend,0,0,0,0,0,0,0,0,0,0
7094,UK,75+,Adult,White,Retired,weekend,0,0,0,0,0,0,0,0,0,0
7095,UK,45-49,Adult,White,3,weekday,0,0,0,0,0,0,0,0,0,0
7096,UK,45-49,Adult,White,2,weekday,0,0,0,0,0,0,0,0,0,0
7097,UK,50-54,Adult,Asian,1,weekend,0,0,0,0,0,0,0,0,0,0
7098,UK,45-49,Adult,White,Unemployed,weekday,0,0,0,0,0,0,0,0,0,0
7099,UK,60-64,Adult,White,2,weekend,0,0,0,0,0,0,0,0,0,0
7100,UK,45-49,Adult,White,2,weekend,9,0,0,0,0,0,0,2,5,2
7101,UK,50-54,Adult,White,1,weekend,0,0,0,0,0,0,0,0,0,0
7102,UK,45-49,Adult,White,Unemployed,weekend,0,0,0,0,0,0,0,0,0,0
7103,UK,45-49,Adult,Mixed,1,weekday,0,0,0,0,0,0,0,0,0,0
7104,UK,50-54,Adult,White,Unemployed,weekend,0,0,0,0,0,0,0,0,0,0
7105,UK,45-49,Adult,White,Unemployed,weekend,3,0,0,0,0,0,0,2,1,0
7106,UK,50-54,Adult,White,2,weekday,0,0,0,0,0,0,0,0,0,0
7107,UK,55-59,Adult,White,Retired,weekend,0,0,0,0,0,0,0,0,0,0
7108,UK,65-69,Adult,White,Unemployed,weekend,2,0,0,0,0,0,0,0,1,1
7109,UK,65-69,Adult,White,Retired,weekend,0,0,0,0,0,0,0,0,0,0
7110,UK,45-49,Adult,White,2,weekend,18,0,0,0,0,0,0,5,10,3
7111,UK,45-49,Adult,White,Unemployed,weekday,1,0,0,0,0,0,0,1,0,0
7112,UK,50-54,Adult,White,2,weekend,0,0,0,0,0,0,0,0,0,0
7113,UK,60-64,Adult,White,Unemployed,weekday,0,0,0,0,0,0,0,0,0,0
7114,UK,50-54,Adult,White,2,weekend,0,0,0,0,0,0,0,0,0,0
7115,UK,65-69,Adult,White,Retired,weekday,0,0,0,0,0,0,0,0,0,0
7116,UK,50-54,Adult,White,3,weekend,1,0,0,0,0,0,0,0,1,0
7117,UK,45-49,Adult,White,2,weekend,0,0,0,0,0,0,0,0,0,0
7118,UK,65-69,Adult,White,Retired,weekday,0,0,0,0,0,0,0,0,0,0
7119,UK,45-49,Adult,White,Unemployed,weekend,1,0,0,0,0,0,0,0,1,0
7120,UK,45-49,Adult,White,2,weekday,18,0,0,0,0,0,0,18,0,0
7121,UK,45-49,Adult,White,7,weekend,17,0,0,0,0,0,0,5,10,2
7122,UK,45-49,Adult,White,1,weekend,0,0,0,0,0,0,0,0,0,0
7123,UK,60-64,Adult,White,5,weekend,2,0,0,0,0,0,0,0,1,1
7124,UK,45-49,Adult,White,7,weekday,0,0,0,0,0,0,0,0,0,0
7125,UK,60-64,Adult,White,1,weekend,10,0,5,0,0,0,0,0,5,0
7126,UK,70-74,Adult,White,Retired,weekday,0,0,0,0,0,0,0,0,0,0
7127,UK,55-59,Adult,White,1,weekend,3,0,0,0,0,0,0,2,1,0
7128,UK,70-74,Adult,White,Retired,weekday,1,0,0,0,0,0,0,0,1,0
7129,UK,45-49,Adult,White,3,weekday,0,0,0,0,0,0,0,0,0,0
7130,UK,55-59,Adult,White,2,weekend,0,0,0,0,0,0,0,0,0,0
7131,UK,60-64,Adult,White,Retired,weekend,0,0,0,0,0,0,0,0,0,0
7132,UK,70-74,Adult,White,Retired,weekend,0,0,0,0,0,0,0,0,0,0
7133,UK,60-64,Adult,White,Retired,weekend,0,0,0,0,0,0,0,0,0,0
7134,UK,50-54,Adult,White,1,weekday,0,0,0,0,0,0,0,0,0,0
7135,UK,45-49,Adult,White,2,weekend,11,0,0,0,0,0,0,0,10,1
7136,UK,45-49,Adult,White,6,weekend,5,0,0,0,0,0,0,0,5,0
7137,UK,50-54,Adult,White,6,weekend,0,0,0,0,0,0,0,0,0,0
7138,UK,55-59,Adult,White,2,weekend,0,0,0,0,0,0,0,0,0,0
7139,UK,75+,Adult,White,Retired,weekend,0,0,0,0,0,0,0,0,0,0
7140,UK,50-54,Adult,White,2,weekend,2,0,0,0,0,0,0,0,2,0
7141,UK,55-59,Adult,White,2,weekend,4,0,0,0,0,0,0,3,1,0
7142,UK,50-54,Adult,White,3,weekend,0,0,0,0,0,0,0,0,0,0
7143,UK,55-59,Adult,White,Unemployed,weekend,0,0,0,0,0,0,0,0,0,0
7144,UK,65-69,Adult,White,Retired,weekday,35,0,0,0,0,0,0,0,5,30
7145,UK,60-64,Adult,White,2,weekend,0,0,0,0,0,0,0,0,0,0
7146,UK,55-59,Adult,White,Unemployed,weekday,1,0,0,0,0,0,0,0,1,0
7147,UK,70-74,Adult,White,Retired,weekend,0,0,0,0,0,0,0,0,0,0
7148,UK,55-59,Adult,White,Retired,weekday,0,0,0,0,0,0,0,0,0,0
7149,UK,45-49,Adult,White,3,weekend,0,0,0,0,0,0,0,0,0,0
7150,UK,25-29,Adult,White,2,weekday,0,0,0,0,0,0,0,0,0,0
7151,UK,35-39,Adult,White,1,weekday,0,0,0,0,0,0,0,0,0,0
7152,UK,35-39,Adult,Black,1,weekend,0,0,0,0,0,0,0,0,0,0
7153,UK,35-39,Adult,White,2,weekday,0,0,0,0,0,0,0,0,0,0
7154,UK,30-34,Adult,White,1,weekend,0,0,0,0,0,0,0,0,0,0
7155,UK,20-24,Adult,Asian,Student,weekday,7,0,0,0,0,0,0,0,7,0
7156,UK,35-39,Adult,Black,6,weekday,0,0,0,0,0,0,0,0,0,0
7157,UK,50-54,Adult,White,6,weekday,0,0,0,0,0,0,0,0,0,0
7158,UK,45-49,Adult,White,Unemployed,weekend,0,0,0,0,0,0,0,0,0,0
7159,UK,20-24,Adult,White,3,weekday,0,0,0,0,0,0,0,0,0,0
7160,UK,20-24,Adult,White,6,weekend,0,0,0,0,0,0,0,0,0,0
7161,UK,15-19,Adult,Asian,Student,weekday,0,0,0,0,0,0,0,0,0,0
7162,UK,25-29,Adult,White,3,weekend,0,0,0,0,0,0,0,0,0,0
7163,UK,25-29,Adult,White,5,weekday,0,0,0,0,0,0,0,0,0,0
7164,UK,40-44,Adult,White,2,weekend,25,0,0,0,0,0,0,5,10,10
7165,UK,15-19,Adult,Asian,3,weekday,0,0,0,0,0,0,0,0,0,0
7166,UK,40-44,Adult,White,2,weekend,0,0,0,0,0,0,0,0,0,0
7167,UK,30-34,Adult,White,3,weekday,0,0,0,0,0,0,0,0,0,0
7168,UK,35-39,Adult,Asian,1,weekday,4,0,0,0,0,0,0,2,2,0
7169,UK,50-54,Adult,White,2,weekday,0,0,0,0,0,0,0,0,0,0
7170,UK,40-44,Adult,White,Unemployed,weekend,0,0,0,0,0,0,0,0,0,0
7171,UK,40-44,Adult,White,Unemployed,weekday,0,0,0,0,0,0,0,0,0,0
7172,UK,40-44,Adult,White,2,weekday,0,0,0,0,0,0,0,0,0,0
7173,UK,35-39,Adult,White,Unemployed,weekday,0,0,0,0,0,0,0,0,0,0
7174,UK,30-34,Adult,Mixed,7,weekday,0,0,0,0,0,0,0,0,0,0
7175,UK,30-34,Adult,White,6,weekend,0,0,0,0,0,0,0,0,0,0
7176,UK,30-34,Adult,White,3,weekend,0,0,0,0,0,0,0,0,0,0
7177,UK,35-39,Adult,White,4,weekend,0,0,0,0,0,0,0,0,0,0
7178,UK,45-49,Adult,White,Unemployed,weekend,0,0,0,0,0,0,0,0,0,0
7179,UK,35-39,Adult,White,1,weekend,0,0,0,0,0,0,0,0,0,0
7180,UK,70-74,Adult,White,Retired,weekend,0,0,0,0,0,0,0,0,0,0
7181,UK,15-19,Adult,White,1,weekday,0,0,0,0,0,0,0,0,0,0
7182,UK,40-44,Adult,White,1,weekend,0,0,0,0,0,0,0,0,0,0
7183,UK,30-34,Adult,Asian,2,weekday,0,0,0,0,0,0,0,0,0,0
7184,UK,45-49,Adult,White,1,weekday,0,0,0,0,0,0,0,0,0,0
7185,UK,30-34,Adult,Black,1,weekday,4,0,0,0,0,0,0,1,2,1
7186,UK,30-34,Adult,White,Unemployed,weekend,0,0,0,0,0,0,0,0,0,0
7187,UK,55-59,Adult,White,1,weekend,1,0,0,0,0,0,0,0,1,0
7188,UK,60-64,Adult,White,7,weekday,0,0,0,0,0,0,0,0,0,0
7189,UK,25-29,Adult,White,2,weekend,0,0,0,0,0,0,0,0,0,0
7190,UK,50-54,Adult,Asian,Retired,weekend,0,0,0,0,0,0,0,0,0,0
7191,UK,50-54,Adult,Asian,4,weekday,3,0,0,0,0,0,0,0,3,0
7192,UK,40-44,Adult,White,7,weekend,0,0,0,0,0,0,0,0,0,0
7193,UK,30-34,Adult,White,2,weekend,0,0,0,0,0,0,0,0,0,0
7194,UK,35-39,Adult,White,3,weekday,11,0,0,0,0,0,0,5,4,2
7195,UK,45-49,Adult,White,Unemployed,weekday,0,0,0,0,0,0,0,0,0,0
7196,UK,60-64,Adult,White,Unknown,weekday,0,0,0,0,0,0,0,0,0,0
7197,UK,30-34,Adult,White,1,weekend,8,0,0,0,0,0,0,2,6,0
7198,UK,25-29,Adult,White,1,weekend,0,0,0,0,0,0,0,0,0,0
7199,UK,15-19,Adult,Asian,Student,weekday,0,0,0,0,0,0,0,0,0,0
7200,UK,55-59,Adult,White,Unemployed,weekend,2,0,0,0,0,0,0,0,2,0
7201,UK,35-39,Adult,White,Unknown,weekend,40,0,0,0,0,0,0,20,20,0
7202,UK,20-24,Adult,Asian,1,weekday,0,0,0,0,0,0,0,0,0,0
7203,UK,25-29,Adult,White,Unemployed,weekday,3,0,0,0,0,0,0,1,1,1
7204,UK,25-29,Adult,White,2,weekday,3,0,0,0,0,0,0,0,1,2
7205,UK,25-29,Adult,White,3,weekend,0,0,0,0,0,0,0,0,0,0
7206,UK,45-49,Adult,Asian,1,weekday,0,0,0,0,0,0,0,0,0,0
7207,UK,50-54,Adult,White,Unemployed,weekend,0,0,0,0,0,0,0,0,0,0
7208,UK,45-49,Adult,White,Unemployed,weekday,193,10,60,40,0,0,0,20,60,3
7209,UK,45-49,Adult,White,5,weekday,0,0,0,0,0,0,0,0,0,0
7210,UK,30-34,Adult,White,4,weekend,0,0,0,0,0,0,0,0,0,0
7211,UK,30-34,Adult,Mixed,Unemployed,weekday,8,0,0,0,0,0,0,1,7,0
7212,UK,30-34,Adult,Black,2,weekend,3,0,0,0,0,0,0,0,3,0
7213,UK,15-19,Adult,White,2,weekend,0,0,0,0,0,0,0,0,0,0
7214,UK,30-34,Adult,Black,7,weekday,0,0,0,0,0,0,0,0,0,0
7215,UK,55-59,Adult,White,4,weekday,2,0,0,0,0,0,0,2,0,0
7216,UK,35-39,Adult,White,2,weekday,0,0,0,0,0,0,0,0,0,0
7217,UK,35-39,Adult,White,2,weekday,3,0,0,0,0,0,0,1,2,0
7218,UK,35-39,Adult,White,Unemployed,weekday,4,0,0,0,0,0,0,1,2,1
7219,UK,30-34,Adult,White,2,weekday,0,0,0,0,0,0,0,0,0,0
7220,UK,40-44,Adult,White,Unemployed,weekday,0,0,0,0,0,0,0,0,0,0
7221,UK,40-44,Adult,Black,2,weekend,0,0,0,0,0,0,0,0,0,0
7222,UK,30-34,Adult,White,6,weekend,0,0,0,0,0,0,0,0,0,0
7223,UK,15-19,Adult,White,Student,weekend,0,0,0,0,0,0,0,0,0,0
7224,UK,40-44,Adult,White,2,weekday,1,0,0,0,0,0,0,0,1,0
7225,UK,30-34,Adult,White,1,weekday,0,0,0,0,0,0,0,0,0,0
7226,UK,40-44,Adult,Mixed,Unemployed,weekday,0,0,0,0,0,0,0,0,0,0
7227,UK,55-59,Adult,White,2,weekday,0,0,0,0,0,0,0,0,0,0
7228,UK,50-54,Adult,White,Unknown,weekday,0,0,0,0,0,0,0,0,0,0
7229,UK,45-49,Adult,White,2,weekend,60,0,0,0,0,0,0,20,20,20
7230,UK,20-24,Adult,White,6,weekend,3,0,0,0,0,0,0,0,2,1
7231,UK,25-29,Adult,White,1,weekday,0,0,0,0,0,0,0,0,0,0
7232,UK,30-34,Adult,Asian,2,weekend,0,0,0,0,0,0,0,0,0,0
7233,UK,35-39,Adult,White,4,weekday,0,0,0,0,0,0,0,0,0,0
7234,UK,30-34,Adult,White,2,weekend,40,0,0,0,0,0,0,20,20,0
7235,UK,55-59,Adult,White,7,weekend,2,0,0,0,0,0,0,0,2,0
7236,UK,25-29,Adult,Asian,Student,weekday,0,0,0,0,0,0,0,0,0,0
7237,UK,30-34,Adult,Black,3,weekend,10,0,0,0,0,0,0,6,4,0
7238,UK,35-39,Adult,Black,1,weekend,0,0,0,0,0,0,0,0,0,0
7239,UK,35-39,Adult,Other,1,weekday,0,0,0,0,0,0,0,0,0,0
7240,UK,70-74,Adult,White,Retired,weekend,0,0,0,0,0,0,0,0,0,0
7241,UK,40-44,Adult,White,7,weekday,0,0,0,0,0,0,0,0,0,0
7242,UK,45-49,Adult,White,Unknown,weekday,6,0,0,0,0,0,0,2,4,0
7243,UK,30-34,Adult,Black,6,weekday,8,0,0,0,0,0,0,3,4,1
7244,UK,40-44,Adult,Mixed,2,weekend,40,0,0,0,0,0,0,0,40,0
7245,UK,25-29,Adult,Black,1,weekday,0,0,0,0,0,0,0,0,0,0
7246,UK,35-39,Adult,Black,1,weekday,7,0,0,0,0,0,0,0,7,0
7247,UK,20-24,Adult,Asian,2,weekend,0,0,0,0,0,0,0,0,0,0
7248,UK,30-34,Adult,Black,7,weekday,0,0,0,0,0,0,0,0,0,0
7249,UK,20-24,Adult,Asian,3,weekday,0,0,0,0,0,0,0,0,0,0
7250,UK,30-34,Adult,White,2,weekday,3,0,3,0,0,0,0,0,0,0
7251,UK,60-64,Adult,White,2,weekday,0,0,0,0,0,0,0,0,0,0
7252,UK,25-29,Adult,Black,3,weekend,23,4,5,3,0,0,0,4,4,3
7253,UK,20-24,Adult,White,2,weekday,0,0,0,0,0,0,0,0,0,0
7254,UK,40-44,Adult,Other,Unemployed,weekday,0,0,0,0,0,0,0,0,0,0
7255,UK,40-44,Adult,Mixed,2,weekend,0,0,0,0,0,0,0,0,0,0
7256,UK,30-34,Adult,White,2,weekend,0,0,0,0,0,0,0,0,0,0
7257,UK,55-59,Adult,White,Unemployed,weekend,0,0,0,0,0,0,0,0,0,0
7258,UK,30-34,Adult,White,Unknown,weekday,0,0,0,0,0,0,0,0,0,0
7259,UK,30-34,Adult,Black,2,weekend,0,0,0,0,0,0,0,0,0,0
7260,UK,35-39,Adult,White,2,weekend,2,0,0,0,0,0,0,1,1,0
7261,UK,35-39,Adult,Black,5,weekday,0,0,0,0,0,0,0,0,0,0
7262,UK,55-59,Adult,White,2,weekday,0,0,0,0,0,0,0,0,0,0
7263,UK,45-49,Adult,White,Unemployed,weekend,3,0,0,0,0,0,0,0,2,1
7264,UK,35-39,Adult,White,1,weekday,0,0,0,0,0,0,0,0,0,0
7265,UK,45-49,Adult,White,3,weekend,0,0,0,0,0,0,0,0,0,0
7266,UK,30-34,Adult,White,2,weekend,0,0,0,0,0,0,0,0,0,0
7267,UK,20-24,Adult,White,2,weekend,0,0,0,0,0,0,0,0,0,0
7268,UK,30-34,Adult,White,Unknown,weekend,2,0,0,0,0,0,0,2,0,0
7269,UK,25-29,Adult,White,1,weekend,10,0,0,0,0,0,0,3,5,2
7270,UK,20-24,Adult,White,Unemployed,weekday,0,0,0,0,0,0,0,0,0,0
7271,UK,25-29,Adult,Asian,1,weekend,0,0,0,0,0,0,0,0,0,0
7272,UK,20-24,Adult,White,1,weekend,20,0,0,0,0,0,0,6,14,0
7273,UK,35-39,Adult,White,3,weekday,0,0,0,0,0,0,0,0,0,0
7274,UK,20-24,Adult,Asian,Unemployed,weekday,0,0,0,0,0,0,0,0,0,0
7275,UK,55-59,Adult,White,Retired,weekend,0,0,0,0,0,0,0,0,0,0
7276,UK,65-69,Adult,White,Unemployed,weekday,0,0,0,0,0,0,0,0,0,0
7277,UK,25-29,Adult,White,3,weekend,0,0,0,0,0,0,0,0,0,0
7278,UK,35-39,Adult,Asian,Unemployed,weekday,3,0,0,0,0,0,0,1,2,0
7279,UK,35-39,Adult,White,1,weekday,0,0,0,0,0,0,0,0,0,0
7280,UK,35-39,Adult,White,1,weekday,0,0,0,0,0,0,0,0,0,0
7281,UK,55-59,Adult,White,2,weekend,0,0,0,0,0,0,0,0,0,0
7282,UK,35-39,Adult,Asian,Student,weekend,0,0,0,0,0,0,0,0,0,0
7283,UK,15-19,Adult,Asian,6,weekend,0,0,0,0,0,0,0,0,0,0
7284,UK,40-44,Adult,White,Unknown,weekend,0,0,0,0,0,0,0,0,0,0
7285,UK,35-39,Adult,White,1,weekend,0,0,0,0,0,0,0,0,0,0
7286,UK,20-24,Adult,Asian,1,weekday,3,0,0,0,0,0,0,0,3,0
7287,UK,15-19,Adult,Asian,Student,weekend,0,0,0,0,0,0,0,0,0,0
7288,UK,40-44,Adult,White,Unemployed,weekday,3,0,0,0,0,0,0,2,1,0
7289,UK,35-39,Adult,White,2,weekend,10,0,0,0,0,0,0,0,8,2
7290,UK,50-54,Adult,White,2,weekday,0,0,0,0,0,0,0,0,0,0
7291,UK,45-49,Adult,White,4,weekend,0,0,0,0,0,0,0,0,0,0
7292,UK,50-54,Adult,White,3,weekend,0,0,0,0,0,0,0,0,0,0
7293,UK,50-54,Adult,White,Unemployed,weekday,0,0,0,0,0,0,0,0,0,0
7294,UK,45-49,Adult,Black,6,weekday,0,0,0,0,0,0,0,0,0,0
7295,UK,65-69,Adult,White,1,weekday,0,0,0,0,0,0,0,0,0,0
7296,UK,55-59,Adult,White,2,weekday,6,0,0,0,0,0,0,2,4,0
7297,UK,50-54,Adult,White,2,weekend,0,0,0,0,0,0,0,0,0,0
7298,UK,50-54,Adult,White,1,weekday,1,0,0,0,0,0,0,0,1,0
7299,UK,60-64,Adult,White,Unemployed,weekend,2,0,0,0,0,0,0,0,2,0
7300,UK,55-59,Adult,White,3,weekday,0,0,0,0,0,0,0,0,0,0
7301,UK,35-39,Adult,Black,3,weekday,0,0,0,0,0,0,0,0,0,0
7302,UK,45-49,Adult,White,3,weekday,0,0,0,0,0,0,0,0,0,0
7303,UK,45-49,Adult,White,3,weekend,0,0,0,0,0,0,0,0,0,0
7304,UK,55-59,Adult,White,2,weekend,0,0,0,0,0,0,0,0,0,0
7305,UK,45-49,Adult,White,2,weekend,0,0,0,0,0,0,0,0,0,0
7306,UK,55-59,Adult,White,Unemployed,weekend,0,0,0,0,0,0,0,0,0,0
7307,UK,50-54,Adult,White,2,weekend,1,0,0,0,0,0,0,0,1,0
7308,UK,50-54,Adult,White,Unemployed,weekend,0,0,0,0,0,0,0,0,0,0
7309,UK,45-49,Adult,Mixed,1,weekend,35,0,0,0,0,0,0,1,30,4
7310,UK,55-59,Adult,White,Retired,weekday,0,0,0,0,0,0,0,0,0,0
7311,UK,55-59,Adult,White,7,weekend,2,0,0,0,0,0,0,0,2,0
7312,UK,50-54,Adult,White,4,weekend,0,0,0,0,0,0,0,0,0,0
7313,UK,55-59,Adult,White,1,weekday,0,0,0,0,0,0,0,0,0,0
7314,UK,50-54,Adult,White,7,weekday,1,0,0,0,0,0,0,0,1,0
7315,UK,55-59,Adult,White,1,weekend,0,0,0,0,0,0,0,0,0,0
7316,UK,55-59,Adult,White,Unemployed,weekend,2,0,0,0,0,0,0,0,0,2
7317,UK,45-49,Adult,White,1,weekend,0,0,0,0,0,0,0,0,0,0
7318,UK,60-64,Adult,White,3,weekday,3,0,0,0,0,0,0,0,3,0
7319,UK,60-64,Adult,White,Retired,weekend,0,0,0,0,0,0,0,0,0,0
7320,UK,55-59,Adult,White,6,weekday,0,0,0,0,0,0,0,0,0,0
7321,UK,45-49,Adult,White,7,weekend,0,0,0,0,0,0,0,0,0,0
7322,UK,45-49,Adult,White,2,weekday,0,0,0,0,0,0,0,0,0,0
7323,UK,45-49,Adult,White,5,weekend,0,0,0,0,0,0,0,0,0,0
7324,UK,50-54,Adult,Mixed,2,weekday,0,0,0,0,0,0,0,0,0,0
7325,UK,50-54,Adult,White,6,weekday,0,0,0,0,0,0,0,0,0,0
7326,UK,55-59,Adult,Mixed,Unemployed,weekend,1,0,0,0,0,0,0,0,1,0
7327,UK,55-59,Adult,White,Retired,weekend,0,0,0,0,0,0,0,0,0,0
7328,UK,50-54,Adult,Mixed,2,weekend,0,0,0,0,0,0,0,0,0,0
7329,UK,65-69,Adult,White,2,weekend,0,0,0,0,0,0,0,0,0,0
7330,UK,55-59,Adult,White,1,weekday,0,0,0,0,0,0,0,0,0,0
7331,UK,65-69,Adult,White,Retired,weekend,0,0,0,0,0,0,0,0,0,0
7332,UK,45-49,Adult,White,1,weekend,0,0,0,0,0,0,0,0,0,0
7333,UK,45-49,Adult,Asian,5,weekend,0,0,0,0,0,0,0,0,0,0
7334,UK,60-64,Adult,White,Unemployed,weekend,0,0,0,0,0,0,0,0,0,0
7335,UK,75+,Adult,White,Retired,weekday,5,0,0,0,0,0,0,0,0,5
7336,UK,60-64,Adult,Asian,1,weekend,1,0,0,0,0,0,0,1,0,0
7337,UK,55-59,Adult,Mixed,Retired,weekday,1,0,0,0,0,0,0,0,0,1
7338,UK,60-64,Adult,Mixed,Retired,weekend,0,0,0,0,0,0,0,0,0,0
20001,UK,75+,Adult,White,2,weekend,0,0,0,0,0,0,0,0,0,0
20002,UK,70-74,Adult,White,Retired,weekend,0,0,0,0,0,0,0,0,0,0
20003,UK,70-74,Adult,White,Retired,weekend,0,0,0,0,0,0,0,0,0,0
20004,UK,70-74,Adult,White,Retired,weekday,0,0,0,0,0,0,0,0,0,0
20005,UK,75+,Adult,White,7,weekend,0,0,0,0,0,0,0,0,0,0
20006,UK,75+,Adult,White,Retired,weekend,0,0,0,0,0,0,0,0,0,0
20007,UK,70-74,Adult,White,Retired,weekend,0,0,0,0,0,0,0,0,0,0
20008,UK,70-74,Adult,White,Retired,weekday,0,0,0,0,0,0,0,0,0,0
20009,UK,70-74,Adult,White,Retired,weekday,0,0,0,0,0,0,0,0,0,0
20010,UK,70-74,Adult,White,Retired,weekday,0,0,0,0,0,0,0,0,0,0
20011,UK,65-69,Adult,White,Retired,weekday,0,0,0,0,0,0,0,0,0,0
20012,UK,70-74,Adult,White,Retired,weekday,0,0,0,0,0,0,0,0,0,0
20013,UK,70-74,Adult,White,Retired,weekday,0,0,0,0,0,0,0,0,0,0
20014,UK,75+,Adult,White,Unemployed,weekday,1,0,0,0,0,0,0,0,1,0
20015,UK,70-74,Adult,White,Retired,weekend,0,0,0,0,0,0,0,0,0,0
20016,UK,70-74,Adult,White,Retired,weekday,0,0,0,0,0,0,0,0,0,0
20017,UK,75+,Adult,White,Retired,weekday,0,0,0,0,0,0,0,0,0,0
20018,UK,75+,Adult,White,Retired,weekday,0,0,0,0,0,0,0,0,0,0
20019,UK,75+,Adult,White,Unemployed,weekend,2,0,0,0,0,0,0,0,1,1
20020,UK,75+,Adult,White,Unknown,weekend,10,0,0,0,0,0,0,0,4,6
20021,UK,70-74,Adult,White,Retired,weekday,10,0,0,0,0,0,0,0,5,5
20022,UK,70-74,Adult,White,Retired,weekday,0,0,0,0,0,0,0,0,0,0
20023,UK,75+,Adult,White,Retired,weekend,0,0,0,0,0,0,0,0,0,0
20024,UK,75+,Adult,White,Retired,weekend,0,0,0,0,0,0,0,0,0,0
20025,UK,70-74,Adult,White,Retired,weekday,0,0,0,0,0,0,0,0,0,0
20026,UK,70-74,Adult,White,Retired,weekday,4,0,0,0,0,0,0,0,2,2
20027,UK,75+,Adult,White,Retired,weekend,0,0,0,0,0,0,0,0,0,0
20028,UK,70-74,Adult,White,Retired,weekend,0,0,0,0,0,0,0,0,0,0
20029,UK,75+,Adult,White,Retired,weekend,0,0,0,0,0,0,0,0,0,0
20030,UK,75+,Adult,White,Retired,weekend,0,0,0,0,0,0,0,0,0,0
20031,UK,75+,Adult,White,Retired,weekend,0,0,0,0,0,0,0,0,0,0
20032,UK,70-74,Adult,White,Retired,weekend,0,0,0,0,0,0,0,0,0,0
20033,UK,75+,Adult,White,Retired,weekday,0,0,0,0,0,0,0,0,0,0
20034,UK,75+,Adult,White,Retired,weekday,0,0,0,0,0,0,0,0,0,0
20035,UK,70-74,Adult,White,Retired,weekend,4,0,0,0,0,0,0,0,2,2
20036,UK,75+,Adult,White,Retired,weekday,0,0,0,0,0,0,0,0,0,0
20037,UK,75+,Adult,White,Retired,weekend,0,0,0,0,0,0,0,0,0,0
20038,UK,70-74,Adult,White,2,weekend,0,0,0,0,0,0,0,0,0,0
20039,UK,75+,Adult,White,Retired,weekend,0,0,0,0,0,0,0,0,0,0
20040,UK,75+,Adult,White,Retired,weekday,0,0,0,0,0,0,0,0,0,0
20041,UK,70-74,Adult,White,Retired,weekday,0,0,0,0,0,0,0,0,0,0
20042,UK,70-74,Adult,White,Retired,weekend,0,0,0,0,0,0,0,0,0,0
20043,UK,70-74,Adult,White,2,weekday,0,0,0,0,0,0,0,0,0,0
20044,UK,75+,Adult,White,1,weekend,0,0,0,0,0,0,0,0,0,0
20045,UK,75+,Adult,White,Retired,weekend,0,0,0,0,0,0,0,0,0,0
20046,UK,75+,Adult,White,6,weekend,0,0,0,0,0,0,0,0,0,0
20047,UK,70-74,Adult,White,Retired,weekend,0,0,0,0,0,0,0,0,0,0
20048,UK,75+,Adult,White,Retired,weekend,0,0,0,0,0,0,0,0,0,0
20049,UK,75+,Adult,White,Retired,weekday,0,0,0,0,0,0,0,0,0,0
20050,UK,75+,Adult,White,Retired,weekday,0,0,0,0,0,0,0,0,0,0
20051,UK,75+,Adult,White,Retired,weekend,13,0,0,0,0,0,0,0,10,3
20052,UK,70-74,Adult,White,Retired,weekday,0,0,0,0,0,0,0,0,0,0
20053,UK,70-74,Adult,White,Retired,weekday,0,0,0,0,0,0,0,0,0,0
20054,UK,75+,Adult,White,Retired,weekend,1,0,0,0,0,0,0,0,1,0
20055,UK,70-74,Adult,White,Retired,weekday,0,0,0,0,0,0,0,0,0,0
20056,UK,75+,Adult,White,Retired,weekend,0,0,0,0,0,0,0,0,0,0
20057,UK,75+,Adult,White,Retired,weekend,0,0,0,0,0,0,0,0,0,0
20058,UK,75+,Adult,White,3,weekday,13,0,0,0,0,0,0,1,5,7
20059,UK,70-74,Adult,White,Retired,weekend,0,0,0,0,0,0,0,0,0,0
20060,UK,70-74,Adult,White,Retired,weekend,0,0,0,0,0,0,0,0,0,0
20061,UK,70-74,Adult,White,Retired,weekday,0,0,0,0,0,0,0,0,0,0
20062,UK,75+,Adult,White,Retired,weekend,0,0,0,0,0,0,0,0,0,0
20063,UK,70-74,Adult,White,Retired,weekend,0,0,0,0,0,0,0,0,0,0
20064,UK,75+,Adult,White,Retired,weekend,0,0,0,0,0,0,0,0,0,0
20065,UK,70-74,Adult,White,Retired,weekday,0,0,0,0,0,0,0,0,0,0
20066,UK,75+,Adult,White,Retired,weekend,1,0,0,0,0,0,0,0,0,1
20067,UK,75+,Adult,White,Retired,weekend,0,0,0,0,0,0,0,0,0,0
20068,UK,75+,Adult,White,Retired,weekend,0,0,0,0,0,0,0,0,0,0
20069,UK,75+,Adult,White,Retired,weekend,0,0,0,0,0,0,0,0,0,0
20070,UK,75+,Adult,White,Retired,weekend,0,0,0,0,0,0,0,0,0,0
20071,UK,75+,Adult,Asian,Retired,weekend,0,0,0,0,0,0,0,0,0,0
20072,UK,75+,Adult,White,Retired,weekend,0,0,0,0,0,0,0,0,0,0
20073,UK,75+,Adult,White,Retired,weekend,0,0,0,0,0,0,0,0,0,0
20074,UK,70-74,Adult,White,Retired,weekend,0,0,0,0,0,0,0,0,0,0
20075,UK,70-74,Adult,White,3,weekday,0,0,0,0,0,0,0,0,0,0
20076,UK,75+,Adult,White,Retired,weekend,0,0,0,0,0,0,0,0,0,0
20077,UK,70-74,Adult,White,2,weekend,0,0,0,0,0,0,0,0,0,0
20078,UK,70-74,Adult,White,Retired,weekday,0,0,0,0,0,0,0,0,0,0
20079,UK,70-74,Adult,White,Retired,weekday,0,0,0,0,0,0,0,0,0,0
20080,UK,75+,Adult,White,Retired,weekend,0,0,0,0,0,0,0,0,0,0
20081,UK,70-74,Adult,White,4,weekend,0,0,0,0,0,0,0,0,0,0
20082,UK,70-74,Adult,White,Retired,weekend,2,0,0,0,0,0,0,0,1,1
20083,UK,70-74,Adult,White,Retired,weekend,75,0,0,0,0,0,0,0,0,75
20084,UK,75+,Adult,White,Retired,weekend,0,0,0,0,0,0,0,0,0,0
20085,UK,70-74,Adult,White,Retired,weekend,0,0,0,0,0,0,0,0,0,0
20086,UK,75+,Adult,White,Retired,weekend,0,0,0,0,0,0,0,0,0,0
20087,UK,70-74,Adult,Black,Retired,weekday,0,0,0,0,0,0,0,0,0,0
20088,UK,75+,Adult,White,Retired,weekend,0,0,0,0,0,0,0,0,0,0
20089,UK,75+,Adult,White,Retired,weekend,0,0,0,0,0,0,0,0,0,0
20090,UK,75+,Adult,White,Retired,weekend,0,0,0,0,0,0,0,0,0,0
20091,UK,70-74,Adult,White,Retired,weekend,0,0,0,0,0,0,0,0,0,0
20092,UK,75+,Adult,White,Retired,weekend,0,0,0,0,0,0,0,0,0,0
20093,UK,75+,Adult,White,Retired,weekend,0,0,0,0,0,0,0,0,0,0
20094,UK,75+,Adult,White,Retired,weekday,0,0,0,0,0,0,0,0,0,0
20095,UK,70-74,Adult,White,2,weekend,0,0,0,0,0,0,0,0,0,0
20096,UK,70-74,Adult,White,Retired,weekend,0,0,0,0,0,0,0,0,0,0
20097,UK,70-74,Adult,Asian,Retired,weekday,0,0,0,0,0,0,0,0,0,0
20098,UK,70-74,Adult,White,Retired,weekday,0,0,0,0,0,0,0,0,0,0
20099,UK,75+,Adult,White,Retired,weekend,0,0,0,0,0,0,0,0,0,0
20100,UK,75+,Adult,White,Retired,weekday,0,0,0,0,0,0,0,0,0,0
20101,UK,75+,Adult,White,Retired,weekend,1,0,0,0,0,0,0,0,0,1
20102,UK,70-74,Adult,White,2,weekend,0,0,0,0,0,0,0,0,0,0
20103,UK,70-74,Adult,White,Retired,weekend,0,0,0,0,0,0,0,0,0,0
20104,UK,75+,Adult,White,Retired,weekday,10,0,0,0,0,0,0,0,10,0
20105,UK,70-74,Adult,White,2,weekend,0,0,0,0,0,0,0,0,0,0
20106,UK,75+,Adult,White,2,weekend,0,0,0,0,0,0,0,0,0,0
20107,UK,75+,Adult,White,Retired,weekend,0,0,0,0,0,0,0,0,0,0
20108,UK,75+,Adult,White,Retired,weekend,0,0,0,0,0,0,0,0,0,0
20109,UK,75+,Adult,White,Retired,weekend,0,0,0,0,0,0,0,0,0,0
20110,UK,70-74,Adult,White,Retired,weekday,1,0,0,0,0,0,0,0,1,0
20111,UK,75+,Adult,White,Retired,weekday,0,0,0,0,0,0,0,0,0,0
20112,UK,70-74,Adult,White,Retired,weekend,0,0,0,0,0,0,0,0,0,0
20113,UK,75+,Adult,White,Retired,weekday,0,0,0,0,0,0,0,0,0,0
20114,UK,70-74,Adult,White,Retired,weekday,0,0,0,0,0,0,0,0,0,0
20115,UK,70-74,Adult,White,3,weekend,2,0,0,0,0,0,0,2,0,0
20116,UK,70-74,Adult,White,Retired,weekend,0,0,0,0,0,0,0,0,0,0
20117,UK,75+,Adult,White,Retired,weekend,0,0,0,0,0,0,0,0,0,0
20118,UK,70-74,Adult,White,Retired,weekend,0,0,0,0,0,0,0,0,0,0
20119,UK,75+,Adult,White,Retired,weekday,0,0,0,0,0,0,0,0,0,0
20120,UK,75+,Adult,White,Retired,weekend,0,0,0,0,0,0,0,0,0,0
20121,UK,75+,Adult,White,Retired,weekday,0,0,0,0,0,0,0,0,0,0
20122,UK,70-74,Adult,White,Retired,weekend,0,0,0,0,0,0,0,0,0,0
20123,UK,70-74,Adult,White,Retired,weekday,0,0,0,0,0,0,0,0,0,0
20124,UK,75+,Adult,White,Retired,weekday,0,0,0,0,0,0,0,0,0,0
20125,UK,70-74,Adult,White,Retired,weekend,0,0,0,0,0,0,0,0,0,0
20126,UK,75+,Adult,White,Retired,weekend,0,0,0,0,0,0,0,0,0,0
20127,UK,75+,Adult,White,Retired,weekend,0,0,0,0,0,0,0,0,0,0
20128,UK,70-74,Adult,Asian,Retired,weekend,1,0,0,0,0,0,0,0,1,0
20129,UK,70-74,Adult,White,Retired,weekday,0,0,0,0,0,0,0,0,0,0
20130,UK,70-74,Adult,White,Retired,weekday,0,0,0,0,0,0,0,0,0,0
20131,UK,70-74,Adult,White,Retired,weekend,2,0,0,0,0,0,0,0,2,0
20132,UK,75+,Adult,White,Retired,weekday,0,0,0,0,0,0,0,0,0,0
20133,UK,70-74,Adult,White,Retired,weekday,0,0,0,0,0,0,0,0,0,0
20134,UK,70-74,Adult,White,Retired,weekend,4,0,0,0,0,0,0,0,3,1
20135,UK,70-74,Adult,White,Retired,weekday,0,0,0,0,0,0,0,0,0,0
20136,UK,75+,Adult,White,Retired,weekday,0,0,0,0,0,0,0,0,0,0
20137,UK,75+,Adult,White,Retired,weekday,1,0,0,0,0,0,0,0,0,1
20138,UK,70-74,Adult,White,Retired,weekday,0,0,0,0,0,0,0,0,0,0
20139,UK,70-74,Adult,White,Retired,weekday,0,0,0,0,0,0,0,0,0,0
20140,UK,75+,Adult,White,Retired,weekend,0,0,0,0,0,0,0,0,0,0
20141,UK,70-74,Adult,White,Retired,weekday,0,0,0,0,0,0,0,0,0,0
20142,UK,70-74,Adult,White,Retired,weekday,0,0,0,0,0,0,0,0,0,0
20143,UK,70-74,Adult,White,Retired,weekday,0,0,0,0,0,0,0,0,0,0
20144,UK,75+,Adult,White,Retired,weekend,5,0,0,0,0,0,0,0,2,3
20145,UK,75+,Adult,White,Retired,weekday,0,0,0,0,0,0,0,0,0,0
20146,UK,70-74,Adult,White,Retired,weekday,0,0,0,0,0,0,0,0,0,0
20147,UK,70-74,Adult,White,Unknown,weekday,0,0,0,0,0,0,0,0,0,0
20148,UK,70-74,Adult,White,Retired,weekend,0,0,0,0,0,0,0,0,0,0
20149,UK,70-74,Adult,White,Retired,weekday,0,0,0,0,0,0,0,0,0,0
20150,UK,75+,Adult,White,Retired,weekday,0,0,0,0,0,0,0,0,0,0
20151,UK,70-74,Adult,White,Unemployed,weekday,0,0,0,0,0,0,0,0,0,0
20152,UK,75+,Adult,White,Retired,weekday,0,0,0,0,0,0,0,0,0,0
20153,UK,70-74,Adult,White,Retired,weekday,0,0,0,0,0,0,0,0,0,0
20154,UK,75+,Adult,White,Unknown,weekday,30,0,0,0,0,0,0,0,0,30
20155,UK,70-74,Adult,White,Retired,weekday,0,0,0,0,0,0,0,0,0,0
20156,UK,75+,Adult,White,Retired,weekend,0,0,0,0,0,0,0,0,0,0
20157,UK,70-74,Adult,White,Retired,weekday,0,0,0,0,0,0,0,0,0,0
20158,UK,70-74,Adult,White,Retired,weekday,0,0,0,0,0,0,0,0,0,0
20159,UK,70-74,Adult,White,Retired,weekend,0,0,0,0,0,0,0,0,0,0
20160,UK,75+,Adult,White,Retired,weekend,0,0,0,0,0,0,0,0,0,0
20161,UK,70-74,Adult,White,Retired,weekend,0,0,0,0,0,0,0,0,0,0
20162,UK,70-74,Adult,White,Retired,weekend,0,0,0,0,0,0,0,0,0,0
20163,UK,70-74,Adult,White,Retired,weekday,0,0,0,0,0,0,0,0,0,0
20164,UK,75+,Adult,White,Retired,weekday,0,0,0,0,0,0,0,0,0,0
20165,UK,70-74,Adult,White,Retired,weekday,1,0,0,0,0,0,0,0,0,1
20166,UK,75+,Adult,White,Retired,weekend,0,0,0,0,0,0,0,0,0,0
20167,UK,75+,Adult,White,Retired,weekend,0,0,0,0,0,0,0,0,0,0
20168,UK,75+,Adult,White,Retired,weekday,0,0,0,0,0,0,0,0,0,0
20169,UK,75+,Adult,White,Retired,weekday,0,0,0,0,0,0,0,0,0,0
20170,UK,70-74,Adult,White,Retired,weekday,0,0,0,0,0,0,0,0,0,0
20171,UK,70-74,Adult,White,Retired,weekday,0,0,0,0,0,0,0,0,0,0
20172,UK,70-74,Adult,White,Retired,weekday,0,0,0,0,0,0,0,0,0,0
20173,UK,75+,Adult,White,Retired,weekday,0,0,0,0,0,0,0,0,0,0
20174,UK,65-69,Adult,White,Retired,weekday,1,0,0,0,0,0,0,0,1,0
20175,UK,70-74,Adult,White,Retired,weekend,0,0,0,0,0,0,0,0,0,0
20176,UK,70-74,Adult,White,Retired,weekday,0,0,0,0,0,0,0,0,0,0
20177,UK,75+,Adult,White,Retired,weekend,1,0,0,0,0,0,0,0,0,1
20178,UK,75+,Adult,White,Retired,weekend,0,0,0,0,0,0,0,0,0,0
20179,UK,70-74,Adult,Mixed,Retired,weekday,0,0,0,0,0,0,0,0,0,0
20180,UK,70-74,Adult,White,Retired,weekend,55,0,0,0,0,0,0,5,30,20
20181,UK,70-74,Adult,White,Retired,weekday,4,0,0,0,0,0,0,0,3,1
20182,UK,70-74,Adult,White,Retired,weekday,0,0,0,0,0,0,0,0,0,0
20183,UK,75+,Adult,White,Retired,weekend,0,0,0,0,0,0,0,0,0,0
20184,UK,70-74,Adult,White,Retired,weekend,0,0,0,0,0,0,0,0,0,0
20185,UK,70-74,Adult,White,Retired,weekday,0,0,0,0,0,0,0,0,0,0
20186,UK,70-74,Adult,White,Unknown,weekday,8,0,0,0,0,0,0,1,4,3
20187,UK,70-74,Adult,White,Retired,weekday,0,0,0,0,0,0,0,0,0,0
20188,UK,70-74,Adult,White,Retired,weekday,1,0,0,0,0,0,0,0,0,1
20189,UK,70-74,Adult,White,Retired,weekend,0,0,0,0,0,0,0,0,0,0
20190,UK,70-74,Adult,White,Retired,weekend,0,0,0,0,0,0,0,0,0,0
20191,UK,75+,Adult,White,Retired,weekday,0,0,0,0,0,0,0,0,0,0
20192,UK,70-74,Adult,White,Retired,weekend,6,0,0,0,0,0,0,0,1,5
20193,UK,70-74,Adult,White,Retired,weekday,0,0,0,0,0,0,0,0,0,0
20194,UK,75+,Adult,White,Retired,weekday,0,0,0,0,0,0,0,0,0,0
20195,UK,75+,Adult,White,Retired,weekday,0,0,0,0,0,0,0,0,0,0
20196,UK,70-74,Adult,White,Retired,weekday,0,0,0,0,0,0,0,0,0,0
20197,UK,75+,Adult,White,Unknown,weekend,0,0,0,0,0,0,0,0,0,0
20198,UK,75+,Adult,White,Retired,weekday,0,0,0,0,0,0,0,0,0,0
20199,UK,70-74,Adult,Asian,Retired,weekend,0,0,0,0,0,0,0,0,0,0
20200,UK,70-74,Adult,White,Retired,weekday,0,0,0,0,0,0,0,0,0,0
20201,UK,75+,Adult,White,Retired,weekend,0,0,0,0,0,0,0,0,0,0
20202,UK,70-74,Adult,White,Retired,weekend,3,0,0,0,0,0,0,1,1,1
20203,UK,75+,Adult,White,Retired,weekend,9,0,0,0,0,0,0,5,3,1
20204,UK,75+,Adult,White,Retired,weekend,0,0,0,0,0,0,0,0,0,0
20205,UK,70-74,Adult,White,Retired,weekend,0,0,0,0,0,0,0,0,0,0
20206,UK,75+,Adult,White,Retired,weekday,0,0,0,0,0,0,0,0,0,0
20207,UK,70-74,Adult,White,Retired,weekday,0,0,0,0,0,0,0,0,0,0
20208,UK,70-74,Adult,White,Retired,weekday,0,0,0,0,0,0,0,0,0,0
20209,UK,75+,Adult,White,Unknown,weekend,1,0,0,0,0,0,0,0,0,1
20210,UK,75+,Adult,White,Retired,weekend,0,0,0,0,0,0,0,0,0,0
20211,UK,75+,Adult,White,Retired,weekend,0,0,0,0,0,0,0,0,0,0
20212,UK,75+,Adult,White,3,weekday,0,0,0,0,0,0,0,0,0,0
20213,UK,75+,Adult,White,Retired,weekend,0,0,0,0,0,0,0,0,0,0
20214,UK,75+,Adult,White,7,weekend,0,0,0,0,0,0,0,0,0,0
20215,UK,70-74,Adult,White,Retired,weekday,0,0,0,0,0,0,0,0,0,0
20216,UK,75+,Adult,White,Retired,weekday,20,0,0,0,0,0,0,0,10,10
20217,UK,75+,Adult,White,Retired,weekday,1,0,0,0,0,0,0,0,0,1
20218,UK,75+,Adult,White,Retired,weekday,0,0,0,0,0,0,0,0,0,0
20219,UK,75+,Adult,White,Retired,weekday,0,0,0,0,0,0,0,0,0,0
20220,UK,70-74,Adult,White,Retired,weekend,0,0,0,0,0,0,0,0,0,0
20221,UK,75+,Adult,White,Retired,weekend,0,0,0,0,0,0,0,0,0,0
20222,UK,70-74,Adult,White,Retired,weekend,0,0,0,0,0,0,0,0,0,0
20223,UK,75+,Adult,White,Retired,weekend,0,0,0,0,0,0,0,0,0,0
20224,UK,70-74,Adult,White,Retired,weekend,0,0,0,0,0,0,0,0,0,0
20225,UK,70-74,Adult,White,Retired,weekend,0,0,0,0,0,0,0,0,0,0
20226,UK,65-69,Adult,White,5,weekend,0,0,0,0,0,0,0,0,0,0
20227,UK,75+,Adult,White,Retired,weekend,1,0,0,0,0,0,0,0,0,1
20228,UK,70-74,Adult,White,Retired,weekday,0,0,0,0,0,0,0,0,0,0
20229,UK,70-74,Adult,White,2,weekend,0,0,0,0,0,0,0,0,0,0
20230,UK,75+,Adult,White,Unknown,weekend,0,0,0,0,0,0,0,0,0,0
20231,UK,70-74,Adult,White,Retired,weekend,1,0,0,0,0,0,0,0,1,0
20232,UK,75+,Adult,White,1,weekend,0,0,0,0,0,0,0,0,0,0
20233,UK,70-74,Adult,White,2,weekday,0,0,0,0,0,0,0,0,0,0
20234,UK,70-74,Adult,White,Retired,weekend,0,0,0,0,0,0,0,0,0,0
20235,UK,75+,Adult,White,Retired,weekend,15,0,0,0,0,0,0,0,10,5
20236,UK,70-74,Adult,White,1,weekday,0,0,0,0,0,0,0,0,0,0
20237,UK,75+,Adult,White,Retired,weekend,0,0,0,0,0,0,0,0,0,0
20238,UK,75+,Adult,White,Retired,weekend,0,0,0,0,0,0,0,0,0,0
20239,UK,75+,Adult,White,Unemployed,weekday,0,0,0,0,0,0,0,0,0,0
20240,UK,70-74,Adult,White,Retired,weekend,0,0,0,0,0,0,0,0,0,0
20241,UK,70-74,Adult,White,6,weekday,0,0,0,0,0,0,0,0,0,0
20242,UK,70-74,Adult,White,Retired,weekend,0,0,0,0,0,0,0,0,0,0
20243,UK,75+,Adult,White,Retired,weekday,0,0,0,0,0,0,0,0,0,0
20244,UK,70-74,Adult,White,Unknown,weekend,0,0,0,0,0,0,0,0,0,0
20245,UK,75+,Adult,White,Retired,weekend,0,0,0,0,0,0,0,0,0,0
20246,UK,70-74,Adult,White,Retired,weekend,0,0,0,0,0,0,0,0,0,0
20247,UK,75+,Adult,White,Retired,weekend,0,0,0,0,0,0,0,0,0,0
20248,UK,75+,Adult,White,Retired,weekend,1,0,0,0,0,0,0,0,0,1
20249,UK,75+,Adult,White,Retired,weekday,40,0,0,0,0,0,0,0,25,15
20250,UK,70-74,Adult,White,Retired,weekend,0,0,0,0,0,0,0,0,0,0
20251,UK,70-74,Adult,White,Retired,weekend,0,0,0,0,0,0,0,0,0,0
20252,UK,75+,Adult,Asian,Retired,weekend,7,0,0,0,0,0,0,0,5,2
20253,UK,70-74,Adult,White,Retired,weekday,2,0,0,0,0,0,0,0,0,2
20254,UK,75+,Adult,White,Retired,weekend,12,0,0,0,0,0,0,2,3,7
20255,UK,70-74,Adult,White,1,weekday,0,0,0,0,0,0,0,0,0,0
20256,UK,75+,Adult,White,Retired,weekend,0,0,0,0,0,0,0,0,0,0
20257,UK,70-74,Adult,White,2,weekday,2,0,0,0,0,0,0,0,2,0
20258,UK,70-74,Adult,White,Retired,weekend,0,0,0,0,0,0,0,0,0,0
20259,UK,70-74,Adult,White,Retired,weekday,1,0,0,0,0,0,0,0,1,0
20260,UK,75+,Adult,White,Retired,weekday,0,0,0,0,0,0,0,0,0,0
20261,UK,75+,Adult,White,Retired,weekend,0,0,0,0,0,0,0,0,0,0
20262,UK,70-74,Adult,White,Retired,weekday,8,0,0,0,0,0,0,0,0,8
20263,UK,70-74,Adult,White,Retired,weekend,0,0,0,0,0,0,0,0,0,0
20264,UK,70-74,Adult,White,Retired,weekend,0,0,0,0,0,0,0,0,0,0
20265,UK,70-74,Adult,White,Retired,weekend,0,0,0,0,0,0,0,0,0,0
20266,UK,70-74,Adult,Asian,Retired,weekend,2,0,2,0,0,0,0,0,0,0
20267,UK,75+,Adult,White,Retired,weekend,0,0,0,0,0,0,0,0,0,0
20268,UK,70-74,Adult,White,Retired,weekend,0,0,0,0,0,0,0,0,0,0
20269,UK,70-74,Adult,White,Retired,weekday,0,0,0,0,0,0,0,0,0,0
20270,UK,70-74,Adult,Black,Retired,weekend,2,0,0,0,0,0,0,0,2,0
20271,UK,70-74,Adult,White,Retired,weekend,0,0,0,0,0,0,0,0,0,0
20272,UK,75+,Adult,White,Retired,weekend,0,0,0,0,0,0,0,0,0,0
20273,UK,70-74,Adult,White,Retired,weekend,0,0,0,0,0,0,0,0,0,0
20274,UK,70-74,Adult,White,Retired,weekend,0,0,0,0,0,0,0,0,0,0
20275,UK,75+,Adult,White,Retired,weekend,13,0,0,0,0,0,0,9,3,1
20276,UK,75+,Adult,White,Retired,weekday,0,0,0,0,0,0,0,0,0,0
20277,UK,70-74,Adult,White,Retired,weekday,0,0,0,0,0,0,0,0,0,0
20278,UK,70-74,Adult,White,Retired,weekday,0,0,0,0,0,0,0,0,0,0
20279,UK,70-74,Adult,White,Retired,weekend,0,0,0,0,0,0,0,0,0,0
20280,UK,75+,Adult,White,Retired,weekend,0,0,0,0,0,0,0,0,0,0
20281,UK,75+,Adult,White,Retired,weekday,0,0,0,0,0,0,0,0,0,0
20282,UK,70-74,Adult,White,Retired,weekday,0,0,0,0,0,0,0,0,0,0
20283,UK,70-74,Adult,White,Retired,weekday,0,0,0,0,0,0,0,0,0,0
20284,UK,70-74,Adult,White,Retired,weekend,0,0,0,0,0,0,0,0,0,0
20285,UK,75+,Adult,White,Retired,weekend,35,0,0,0,0,0,0,0,20,15
20286,UK,70-74,Adult,White,2,weekend,0,0,0,0,0,0,0,0,0,0
20287,UK,70-74,Adult,White,Retired,weekend,0,0,0,0,0,0,0,0,0,0
20288,UK,70-74,Adult,White,Retired,weekday,0,0,0,0,0,0,0,0,0,0
20289,UK,70-74,Adult,White,Retired,weekend,0,0,0,0,0,0,0,0,0,0
20290,UK,70-74,Adult,White,Retired,weekday,0,0,0,0,0,0,0,0,0,0
20291,UK,70-74,Adult,White,Retired,weekday,0,0,0,0,0,0,0,0,0,0
20292,UK,75+,Adult,White,4,weekday,0,0,0,0,0,0,0,0,0,0
20293,UK,70-74,Adult,White,Retired,weekend,0,0,0,0,0,0,0,0,0,0
20294,UK,75+,Adult,White,Retired,weekend,0,0,0,0,0,0,0,0,0,0
20295,UK,75+,Adult,White,Retired,weekend,0,0,0,0,0,0,0,0,0,0
20296,UK,70-74,Adult,White,Retired,weekend,0,0,0,0,0,0,0,0,0,0
20297,UK,75+,Adult,White,Retired,weekday,0,0,0,0,0,0,0,0,0,0
20298,UK,75+,Adult,White,Retired,weekend,2,0,0,0,0,0,0,0,1,1
20299,UK,75+,Adult,White,Retired,weekend,0,0,0,0,0,0,0,0,0,0
20300,UK,70-74,Adult,White,Retired,weekend,0,0,0,0,0,0,0,0,0,0
20301,UK,75+,Adult,Black,Retired,weekend,1,0,0,0,0,0,0,0,0,1
20302,UK,70-74,Adult,White,Retired,weekend,0,0,0,0,0,0,0,0,0,0
20303,UK,70-74,Adult,White,Retired,weekend,0,0,0,0,0,0,0,0,0,0
20304,UK,70-74,Adult,White,Retired,weekend,0,0,0,0,0,0,0,0,0,0
20305,UK,70-74,Adult,White,Retired,weekend,18,0,0,0,0,0,0,0,6,12
20306,UK,70-74,Adult,White,Retired,weekend,0,0,0,0,0,0,0,0,0,0
20307,UK,70-74,Adult,White,Retired,weekend,7,0,0,0,0,0,0,0,7,0
20308,UK,70-74,Adult,White,Unknown,weekday,0,0,0,0,0,0,0,0,0,0
20309,UK,75+,Adult,White,Retired,weekday,0,0,0,0,0,0,0,0,0,0
20310,UK,70-74,Adult,White,Retired,weekend,0,0,0,0,0,0,0,0,0,0
20311,UK,75+,Adult,White,Retired,weekend,0,0,0,0,0,0,0,0,0,0
20312,UK,70-74,Adult,White,Retired,weekend,0,0,0,0,0,0,0,0,0,0
20313,UK,75+,Adult,White,Retired,weekday,0,0,0,0,0,0,0,0,0,0
20314,UK,70-74,Adult,White,Retired,weekday,3,0,0,0,0,0,0,1,1,1
20315,UK,70-74,Adult,White,Retired,weekday,1,0,0,0,0,0,0,0,1,0
20316,UK,75+,Adult,White,Retired,weekday,17,0,0,0,0,0,0,0,12,5
20317,UK,75+,Adult,White,Retired,weekend,0,0,0,0,0,0,0,0,0,0
20318,UK,70-74,Adult,White,Retired,weekend,0,0,0,0,0,0,0,0,0,0
20319,UK,70-74,Adult,White,Retired,weekday,0,0,0,0,0,0,0,0,0,0
20320,UK,70-74,Adult,White,3,weekend,0,0,0,0,0,0,0,0,0,0
20321,UK,75+,Adult,White,2,weekend,0,0,0,0,0,0,0,0,0,0
20322,UK,70-74,Adult,White,Retired,weekday,0,0,0,0,0,0,0,0,0,0
20323,UK,70-74,Adult,White,7,weekday,2,0,0,0,0,0,0,0,0,2
20324,UK,70-74,Adult,White,Retired,weekend,0,0,0,0,0,0,0,0,0,0
20325,UK,75+,Adult,White,Retired,weekend,0,0,0,0,0,0,0,0,0,0
20326,UK,70-74,Adult,White,3,weekday,0,0,0,0,0,0,0,0,0,0
20327,UK,70-74,Adult,White,Retired,weekend,0,0,0,0,0,0,0,0,0,0
20328,UK,70-74,Adult,White,Retired,weekday,0,0,0,0,0,0,0,0,0,0
20329,UK,75+,Adult,White,Retired,weekday,0,0,0,0,0,0,0,0,0,0
20330,UK,70-74,Adult,White,Retired,weekday,19,0,0,0,0,0,0,0,15,4
20331,UK,70-74,Adult,White,3,weekend,0,0,0,0,0,0,0,0,0,0
20332,UK,75+,Adult,White,Retired,weekday,40,0,0,0,0,0,0,0,10,30
20333,UK,70-74,Adult,White,Retired,weekday,0,0,0,0,0,0,0,0,0,0
20334,UK,75+,Adult,White,Retired,weekday,0,0,0,0,0,0,0,0,0,0
20335,UK,75+,Adult,White,Retired,weekday,0,0,0,0,0,0,0,0,0,0
20336,UK,70-74,Adult,White,Retired,weekend,0,0,0,0,0,0,0,0,0,0
20337,UK,70-74,Adult,White,Retired,weekend,0,0,0,0,0,0,0,0,0,0
20338,UK,75+,Adult,White,Retired,weekday,0,0,0,0,0,0,0,0,0,0
20339,UK,70-74,Adult,White,Retired,weekday,0,0,0,0,0,0,0,0,0,0
20340,UK,70-74,Adult,White,Retired,weekend,0,0,0,0,0,0,0,0,0,0
20341,UK,70-74,Adult,Asian,Retired,weekday,0,0,0,0,0,0,0,0,0,0
20342,UK,75+,Adult,White,Retired,weekend,0,0,0,0,0,0,0,0,0,0
20343,UK,70-74,Adult,White,Retired,weekday,2,0,0,0,0,0,0,0,2,0
20344,UK,70-74,Adult,White,Retired,weekend,0,0,0,0,0,0,0,0,0,0
20345,UK,70-74,Adult,White,Retired,weekday,0,0,0,0,0,0,0,0,0,0
20346,UK,75+,Adult,White,1,weekday,0,0,0,0,0,0,0,0,0,0
20347,UK,75+,Adult,White,Retired,weekday,0,0,0,0,0,0,0,0,0,0
20348,UK,75+,Adult,White,Retired,weekday,11,0,0,0,0,0,0,9,2,0
20349,UK,70-74,Adult,White,Retired,weekday,1,0,0,0,0,0,0,0,1,0
20350,UK,70-74,Adult,White,Retired,weekend,0,0,0,0,0,0,0,0,0,0
20351,UK,75+,Adult,White,Retired,weekend,0,0,0,0,0,0,0,0,0,0
20352,UK,70-74,Adult,White,Retired,weekend,0,0,0,0,0,0,0,0,0,0
20353,UK,70-74,Adult,White,Retired,weekday,0,0,0,0,0,0,0,0,0,0
20354,UK,70-74,Adult,White,Retired,weekend,1,0,0,0,0,0,0,0,1,0
20355,UK,75+,Adult,White,Retired,weekend,0,0,0,0,0,0,0,0,0,0
20356,UK,75+,Adult,White,Retired,weekday,12,0,5,1,0,5,1,0,0,0
20357,UK,70-74,Adult,White,Retired,weekday,0,0,0,0,0,0,0,0,0,0
20358,UK,75+,Adult,White,Retired,weekend,0,0,0,0,0,0,0,0,0,0
20359,UK,75+,Adult,White,Retired,weekday,0,0,0,0,0,0,0,0,0,0
20360,UK,75+,Adult,White,Retired,weekday,0,0,0,0,0,0,0,0,0,0
20361,UK,75+,Adult,White,Retired,weekday,0,0,0,0,0,0,0,0,0,0
20362,UK,75+,Adult,White,Retired,weekday,0,0,0,0,0,0,0,0,0,0
20363,UK,75+,Adult,White,Unemployed,weekday,0,0,0,0,0,0,0,0,0,0
20364,UK,70-74,Adult,White,Retired,weekday,10,0,0,0,0,0,0,3,5,2
20365,UK,70-74,Adult,White,Retired,weekend,1,0,0,0,0,0,0,0,1,0
20366,UK,75+,Adult,White,Retired,weekend,0,0,0,0,0,0,0,0,0,0
20367,UK,75+,Adult,White,Retired,weekend,2,0,0,0,0,0,0,0,1,1
20368,UK,75+,Adult,White,Retired,weekday,0,0,0,0,0,0,0,0,0,0
20369,UK,75+,Adult,White,Unknown,weekday,5,0,0,0,0,0,0,0,5,0
20370,UK,75+,Adult,White,Retired,weekend,0,0,0,0,0,0,0,0,0,0
20371,UK,75+,Adult,White,Retired,weekend,0,0,0,0,0,0,0,0,0,0
20372,UK,75+,Adult,White,3,weekday,0,0,0,0,0,0,0,0,0,0
20373,UK,75+,Adult,White,Retired,weekday,0,0,0,0,0,0,0,0,0,0
20374,UK,70-74,Adult,White,Retired,weekend,0,0,0,0,0,0,0,0,0,0
20375,UK,75+,Adult,White,Retired,weekend,5,0,0,0,0,0,0,0,5,0
20376,UK,70-74,Adult,White,2,weekday,0,0,0,0,0,0,0,0,0,0
20377,UK,70-74,Adult,White,Retired,weekend,0,0,0,0,0,0,0,0,0,0
20378,UK,75+,Adult,White,Retired,weekday,0,0,0,0,0,0,0,0,0,0
20379,UK,70-74,Adult,White,Retired,weekend,1,0,0,0,0,0,0,0,0,1
20380,UK,70-74,Adult,White,Retired,weekend,0,0,0,0,0,0,0,0,0,0
20381,UK,75+,Adult,White,Retired,weekend,0,0,0,0,0,0,0,0,0,0
20382,UK,75+,Adult,White,Retired,weekday,0,0,0,0,0,0,0,0,0,0
20383,UK,70-74,Adult,White,Retired,weekday,0,0,0,0,0,0,0,0,0,0
20384,UK,75+,Adult,White,Retired,weekday,0,0,0,0,0,0,0,0,0,0
20385,UK,75+,Adult,White,Retired,weekday,0,0,0,0,0,0,0,0,0,0
20386,UK,75+,Adult,White,Retired,weekend,0,0,0,0,0,0,0,0,0,0
20387,UK,70-74,Adult,White,Retired,weekend,0,0,0,0,0,0,0,0,0,0
20388,UK,70-74,Adult,White,Retired,weekend,0,0,0,0,0,0,0,0,0,0
20389,UK,70-74,Adult,White,Retired,weekend,0,0,0,0,0,0,0,0,0,0
20390,UK,70-74,Adult,White,Retired,weekday,0,0,0,0,0,0,0,0,0,0
20391,UK,70-74,Adult,White,Retired,weekend,0,0,0,0,0,0,0,0,0,0
20392,UK,70-74,Adult,White,Retired,weekday,0,0,0,0,0,0,0,0,0,0
20393,UK,70-74,Adult,White,Retired,weekday,0,0,0,0,0,0,0,0,0,0
20394,UK,70-74,Adult,White,Retired,weekend,0,0,0,0,0,0,0,0,0,0
20395,UK,75+,Adult,White,Retired,weekday,0,0,0,0,0,0,0,0,0,0
20396,UK,75+,Adult,White,Retired,weekend,0,0,0,0,0,0,0,0,0,0
20397,UK,75+,Adult,White,Retired,weekend,0,0,0,0,0,0,0,0,0,0
20398,UK,70-74,Adult,White,Retired,weekend,0,0,0,0,0,0,0,0,0,0
20399,UK,70-74,Adult,White,Retired,weekend,1,0,0,0,0,0,0,0,1,0
20400,UK,75+,Adult,White,Retired,weekend,0,0,0,0,0,0,0,0,0,0
20401,UK,75+,Adult,White,Retired,weekend,0,0,0,0,0,0,0,0,0,0
20402,UK,70-74,Adult,White,Retired,weekday,0,0,0,0,0,0,0,0,0,0
20403,UK,70-74,Adult,White,Retired,weekday,4,0,0,0,0,0,0,0,2,2
20404,UK,70-74,Adult,White,Retired,weekend,25,0,0,0,0,0,0,0,20,5
20405,UK,70-74,Adult,White,Retired,weekday,0,0,0,0,0,0,0,0,0,0
20406,UK,75+,Adult,White,Retired,weekend,0,0,0,0,0,0,0,0,0,0
20407,UK,70-74,Adult,White,Retired,weekend,0,0,0,0,0,0,0,0,0,0
20408,UK,70-74,Adult,White,Retired,weekend,0,0,0,0,0,0,0,0,0,0
20409,UK,70-74,Adult,White,Retired,weekend,10,0,0,0,0,0,0,0,0,10
20410,UK,75+,Adult,White,Retired,weekend,9,0,0,0,0,0,0,0,4,5
20411,UK,70-74,Adult,White,Retired,weekend,0,0,0,0,0,0,0,0,0,0
20412,UK,70-74,Adult,White,Retired,weekend,0,0,0,0,0,0,0,0,0,0
20413,UK,75+,Adult,White,Retired,weekday,0,0,0,0,0,0,0,0,0,0
20414,UK,70-74,Adult,White,Retired,weekend,0,0,0,0,0,0,0,0,0,0
20415,UK,75+,Adult,White,Retired,weekday,0,0,0,0,0,0,0,0,0,0
20416,UK,70-74,Adult,White,Retired,weekend,0,0,0,0,0,0,0,0,0,0
20417,UK,70-74,Adult,White,Unknown,weekday,45,0,0,0,0,0,0,5,30,10
20418,UK,70-74,Adult,White,Retired,weekday,0,0,0,0,0,0,0,0,0,0
20419,UK,75+,Adult,White,Retired,weekend,7,0,0,0,0,0,0,0,7,0
20420,UK,75+,Adult,White,Retired,weekday,0,0,0,0,0,0,0,0,0,0
20421,UK,70-74,Adult,White,Retired,weekend,0,0,0,0,0,0,0,0,0,0
20422,UK,70-74,Adult,White,Retired,weekend,0,0,0,0,0,0,0,0,0,0
20423,UK,70-74,Adult,White,1,weekend,0,0,0,0,0,0,0,0,0,0
20424,UK,70-74,Adult,White,Retired,weekday,0,0,0,0,0,0,0,0,0,0
20425,UK,75+,Adult,White,Retired,weekday,0,0,0,0,0,0,0,0,0,0
20426,UK,70-74,Adult,White,Retired,weekend,0,0,0,0,0,0,0,0,0,0
20427,UK,70-74,Adult,White,Retired,weekend,0,0,0,0,0,0,0,0,0,0
20428,UK,70-74,Adult,White,Retired,weekend,0,0,0,0,0,0,0,0,0,0
20429,UK,75+,Adult,White,Retired,weekday,0,0,0,0,0,0,0,0,0,0
20430,UK,75+,Adult,White,Retired,weekend,0,0,0,0,0,0,0,0,0,0
20431,UK,70-74,Adult,White,Retired,weekend,0,0,0,0,0,0,0,0,0,0
20432,UK,75+,Adult,White,Retired,weekday,0,0,0,0,0,0,0,0,0,0
20433,UK,70-74,Adult,White,Retired,weekday,0,0,0,0,0,0,0,0,0,0
20434,UK,70-74,Adult,White,Retired,weekend,0,0,0,0,0,0,0,0,0,0
20435,UK,70-74,Adult,White,Retired,weekend,0,0,0,0,0,0,0,0,0,0
20436,UK,75+,Adult,White,Retired,weekend,0,0,0,0,0,0,0,0,0,0
20437,UK,75+,Adult,White,Retired,weekday,25,0,0,0,0,0,0,0,15,10
20438,UK,70-74,Adult,White,Retired,weekend,0,0,0,0,0,0,0,0,0,0
20439,UK,70-74,Adult,White,Retired,weekend,0,0,0,0,0,0,0,0,0,0
20440,UK,70-74,Adult,White,Retired,weekday,10,0,0,0,0,0,0,2,5,3
20441,UK,75+,Adult,White,Retired,weekend,0,0,0,0,0,0,0,0,0,0
20442,UK,75+,Adult,White,Retired,weekday,10,0,0,0,0,0,0,0,10,0
20443,UK,70-74,Adult,White,Retired,weekday,0,0,0,0,0,0,0,0,0,0
20444,UK,75+,Adult,White,Retired,weekday,0,0,0,0,0,0,0,0,0,0
20445,UK,70-74,Adult,White,Retired,weekend,0,0,0,0,0,0,0,0,0,0
20446,UK,70-74,Adult,White,Retired,weekend,0,0,0,0,0,0,0,0,0,0
20447,UK,70-74,Adult,White,Retired,weekend,0,0,0,0,0,0,0,0,0,0
20448,UK,70-74,Adult,White,Retired,weekend,0,0,0,0,0,0,0,0,0,0
20449,UK,75+,Adult,White,Retired,weekday,0,0,0,0,0,0,0,0,0,0
20450,UK,75+,Adult,White,Retired,weekday,0,0,0,0,0,0,0,0,0,0
20451,UK,75+,Adult,White,Retired,weekend,0,0,0,0,0,0,0,0,0,0
20452,UK,75+,Adult,White,Retired,weekday,0,0,0,0,0,0,0,0,0,0
20453,UK,70-74,Adult,White,2,weekend,0,0,0,0,0,0,0,0,0,0
20454,UK,75+,Adult,White,Retired,weekday,0,0,0,0,0,0,0,0,0,0
20455,UK,75+,Adult,White,Retired,weekend,0,0,0,0,0,0,0,0,0,0
20456,UK,75+,Adult,White,Retired,weekday,0,0,0,0,0,0,0,0,0,0
20457,UK,75+,Adult,White,Unemployed,weekday,0,0,0,0,0,0,0,0,0,0
20458,UK,70-74,Adult,White,Retired,weekday,0,0,0,0,0,0,0,0,0,0
20459,UK,70-74,Adult,White,Retired,weekend,0,0,0,0,0,0,0,0,0,0
20460,UK,70-74,Adult,White,Retired,weekend,0,0,0,0,0,0,0,0,0,0
20461,UK,70-74,Adult,White,Retired,weekend,0,0,0,0,0,0,0,0,0,0
20462,UK,70-74,Adult,White,Retired,weekend,0,0,0,0,0,0,0,0,0,0
20463,UK,75+,Adult,White,2,weekend,0,0,0,0,0,0,0,0,0,0
20464,UK,70-74,Adult,White,Retired,weekday,0,0,0,0,0,0,0,0,0,0
20465,UK,70-74,Adult,White,Retired,weekend,1,0,0,0,0,0,0,0,0,1
20466,UK,75+,Adult,White,Retired,weekday,0,0,0,0,0,0,0,0,0,0
20467,UK,75+,Adult,White,Retired,weekend,0,0,0,0,0,0,0,0,0,0
20468,UK,70-74,Adult,White,Retired,weekend,1,0,0,0,0,0,0,0,0,1
20469,UK,70-74,Adult,White,Retired,weekend,0,0,0,0,0,0,0,0,0,0
20470,UK,75+,Adult,White,Retired,weekend,0,0,0,0,0,0,0,0,0,0
20471,UK,75+,Adult,White,Retired,weekend,1,0,0,0,0,0,0,0,0,1
20472,UK,75+,Adult,White,Retired,weekend,0,0,0,0,0,0,0,0,0,0
20473,UK,75+,Adult,White,Retired,weekend,0,0,0,0,0,0,0,0,0,0
20474,UK,70-74,Adult,White,Retired,weekend,0,0,0,0,0,0,0,0,0,0
20475,UK,75+,Adult,White,Retired,weekday,0,0,0,0,0,0,0,0,0,0
20476,UK,70-74,Adult,Prefer not to say,Retired,weekend,0,0,0,0,0,0,0,0,0,0
20477,UK,70-74,Adult,White,Retired,weekday,0,0,0,0,0,0,0,0,0,0
20478,UK,75+,Adult,White,Unknown,weekday,0,0,0,0,0,0,0,0,0,0
20479,UK,75+,Adult,White,Retired,weekend,0,0,0,0,0,0,0,0,0,0
20480,UK,75+,Adult,White,Retired,NA,0,0,0,0,0,0,0,0,0,0
20481,UK,75+,Adult,White,Retired,weekday,2,0,0,0,0,0,0,0,1,1
20482,UK,75+,Adult,White,Retired,weekday,0,0,0,0,0,0,0,0,0,0
20483,UK,70-74,Adult,White,Unknown,weekday,0,0,0,0,0,0,0,0,0,0
20484,UK,70-74,Adult,White,Retired,weekday,0,0,0,0,0,0,0,0,0,0
20485,UK,70-74,Adult,White,Retired,weekday,0,0,0,0,0,0,0,0,0,0
20486,UK,75+,Adult,White,Retired,weekend,0,0,0,0,0,0,0,0,0,0
20487,UK,75+,Adult,White,Retired,weekday,7,0,0,0,0,0,0,0,6,1
20488,UK,75+,Adult,White,Retired,weekday,0,0,0,0,0,0,0,0,0,0
20489,UK,70-74,Adult,White,Retired,weekday,0,0,0,0,0,0,0,0,0,0
20490,UK,70-74,Adult,White,Retired,weekday,0,0,0,0,0,0,0,0,0,0
20491,UK,75+,Adult,White,Retired,weekend,1,0,0,0,0,0,0,0,0,1
20492,UK,70-74,Adult,White,Retired,weekend,0,0,0,0,0,0,0,0,0,0
20493,UK,75+,Adult,White,Retired,weekend,0,0,0,0,0,0,0,0,0,0
20494,UK,75+,Adult,White,Retired,weekday,0,0,0,0,0,0,0,0,0,0
20495,UK,75+,Adult,White,Retired,weekday,0,0,0,0,0,0,0,0,0,0
20496,UK,70-74,Adult,White,Retired,weekend,40,0,0,0,0,0,0,0,0,40
20497,UK,75+,Adult,White,Retired,weekend,0,0,0,0,0,0,0,0,0,0
20498,UK,75+,Adult,White,Retired,weekend,0,0,0,0,0,0,0,0,0,0
20499,UK,70-74,Adult,Other,Retired,weekend,2,0,0,0,0,0,0,0,1,1
20500,UK,75+,Adult,White,Retired,weekday,0,0,0,0,0,0,0,0,0,0
20501,UK,75+,Adult,White,Retired,weekend,0,0,0,0,0,0,0,0,0,0
20502,UK,70-74,Adult,White,Retired,weekend,0,0,0,0,0,0,0,0,0,0
20503,UK,70-74,Adult,White,Retired,weekday,0,0,0,0,0,0,0,0,0,0
20504,UK,75+,Adult,White,Retired,weekday,0,0,0,0,0,0,0,0,0,0
20505,UK,75+,Adult,White,Unknown,weekend,0,0,0,0,0,0,0,0,0,0
20506,UK,75+,Adult,White,Retired,weekday,21,0,0,0,0,0,0,0,20,1
20507,UK,75+,Adult,White,Retired,weekday,2,0,0,0,0,0,0,0,0,2
20508,UK,75+,Adult,White,Retired,weekday,0,0,0,0,0,0,0,0,0,0
20509,UK,70-74,Adult,White,Retired,weekday,0,0,0,0,0,0,0,0,0,0
20510,UK,70-74,Adult,White,Retired,weekday,0,0,0,0,0,0,0,0,0,0
20511,UK,70-74,Adult,White,7,weekday,0,0,0,0,0,0,0,0,0,0
20512,UK,75+,Adult,White,Retired,weekend,0,0,0,0,0,0,0,0,0,0
20513,UK,70-74,Adult,White,Retired,weekend,0,0,0,0,0,0,0,0,0,0
20514,UK,75+,Adult,White,Retired,weekday,1,0,0,0,0,0,0,0,0,1
20515,UK,75+,Adult,White,Retired,weekday,3,0,0,0,0,0,0,0,2,1
20516,UK,70-74,Adult,White,Retired,weekend,0,0,0,0,0,0,0,0,0,0
20517,UK,75+,Adult,White,Retired,weekday,7,0,0,0,0,0,0,0,0,7
20518,UK,75+,Adult,White,Retired,weekday,0,0,0,0,0,0,0,0,0,0
20519,UK,70-74,Adult,White,Retired,weekday,0,0,0,0,0,0,0,0,0,0
20520,UK,70-74,Adult,White,Retired,weekend,0,0,0,0,0,0,0,0,0,0
20521,UK,75+,Adult,White,Unknown,weekend,0,0,0,0,0,0,0,0,0,0
20522,UK,70-74,Adult,Mixed,Unknown,weekday,0,0,0,0,0,0,0,0,0,0
20523,UK,75+,Adult,White,Retired,weekday,0,0,0,0,0,0,0,0,0,0
20524,UK,75+,Adult,White,Retired,weekday,10,0,0,0,0,0,0,10,0,0
20525,UK,70-74,Adult,White,Retired,weekday,0,0,0,0,0,0,0,0,0,0
20526,UK,75+,Adult,White,Retired,weekday,0,0,0,0,0,0,0,0,0,0
20527,UK,70-74,Adult,White,Retired,weekend,0,0,0,0,0,0,0,0,0,0
20528,UK,75+,Adult,White,Retired,weekday,0,0,0,0,0,0,0,0,0,0
20529,UK,75+,Adult,White,Retired,weekday,0,0,0,0,0,0,0,0,0,0
20530,UK,70-74,Adult,White,Retired,weekday,0,0,0,0,0,0,0,0,0,0
20531,UK,70-74,Adult,White,2,weekday,0,0,0,0,0,0,0,0,0,0
20532,UK,70-74,Adult,White,Retired,weekday,18,0,0,0,0,0,0,0,10,8
20533,UK,75+,Adult,White,Retired,weekday,0,0,0,0,0,0,0,0,0,0
20534,UK,75+,Adult,White,Retired,weekend,0,0,0,0,0,0,0,0,0,0
20535,UK,75+,Adult,White,Retired,weekend,17,0,0,0,0,0,0,0,12,5
20536,UK,70-74,Adult,White,Retired,weekday,0,0,0,0,0,0,0,0,0,0
20537,UK,70-74,Adult,White,Retired,weekday,6,0,0,0,0,0,0,0,6,0
20538,UK,75+,Adult,White,Retired,weekday,0,0,0,0,0,0,0,0,0,0
20539,UK,75+,Adult,White,Retired,weekday,0,0,0,0,0,0,0,0,0,0
20540,UK,70-74,Adult,White,Retired,weekend,0,0,0,0,0,0,0,0,0,0
20541,UK,70-74,Adult,White,Retired,weekday,0,0,0,0,0,0,0,0,0,0
20542,UK,70-74,Adult,White,Retired,weekday,0,0,0,0,0,0,0,0,0,0
20543,UK,70-74,Adult,White,Retired,weekday,0,0,0,0,0,0,0,0,0,0
20544,UK,75+,Adult,White,Retired,weekday,0,0,0,0,0,0,0,0,0,0
20545,UK,70-74,Adult,White,Retired,weekend,0,0,0,0,0,0,0,0,0,0
20546,UK,70-74,Adult,White,Retired,weekday,0,0,0,0,0,0,0,0,0,0
20547,UK,70-74,Adult,White,1,weekday,0,0,0,0,0,0,0,0,0,0
20548,UK,70-74,Adult,White,Retired,weekend,0,0,0,0,0,0,0,0,0,0
20549,UK,75+,Adult,White,Retired,weekday,67,0,0,0,0,0,0,2,20,45
15010,UK,10-14,Child,White,Under 17,weekday,0,0,0,0,0,0,0,0,0,0
15021,UK,0-4,Child,White,Under 17,weekend,0,0,0,0,0,0,0,0,0,0
15032,UK,5-9,Child,White,Under 17,weekday,0,0,0,0,0,0,0,0,0,0
15035,UK,15-19,Child,Black,Student,weekday,0,0,0,0,0,0,0,0,0,0
15036,UK,15-19,Child,White,Under 17,weekday,0,0,0,0,0,0,0,0,0,0
15037,UK,5-9,Child,Black,Under 17,weekday,0,0,0,0,0,0,0,0,0,0
15038,UK,10-14,Child,White,Under 17,weekday,8,0,0,0,0,0,0,4,4,0
15039,UK,5-9,Child,Asian,Under 17,weekend,0,0,0,0,0,0,0,0,0,0
15040,UK,15-19,Child,White,Student,weekend,0,0,0,0,0,0,0,0,0,0
15041,UK,5-9,Child,Asian,Under 17,weekday,3,0,0,0,0,0,0,1,2,0
15042,UK,15-19,Child,White,Under 17,weekday,0,0,0,0,0,0,0,0,0,0
15043,UK,15-19,Child,White,Under 17,weekday,0,0,0,0,0,0,0,0,0,0
15044,UK,10-14,Child,White,Under 17,weekday,0,0,0,0,0,0,0,0,0,0
15045,UK,15-19,Child,White,Student,weekday,0,0,0,0,0,0,0,0,0,0
15046,UK,15-19,Child,White,Student,weekend,0,0,0,0,0,0,0,0,0,0
15047,UK,15-19,Child,Asian,Under 17,weekday,0,0,0,0,0,0,0,0,0,0
15048,UK,5-9,Child,Black,Under 17,weekend,5,0,0,0,0,0,0,0,5,0
15049,UK,5-9,Child,Asian,Under 17,weekend,0,0,0,0,0,0,0,0,0,0
15050,UK,15-19,Child,White,Under 17,weekday,0,0,0,0,0,0,0,0,0,0
15051,UK,15-19,Child,White,Under 17,weekend,1,0,0,0,0,0,0,0,1,0
15052,UK,10-14,Child,White,Under 17,weekend,5,0,0,0,0,0,0,2,2,1
15053,UK,5-9,Child,White,Under 17,weekday,0,0,0,0,0,0,0,0,0,0
15054,UK,10-14,Child,White,Under 17,weekday,0,0,0,0,0,0,0,0,0,0
15055,UK,10-14,Child,White,Under 17,weekday,110,0,0,0,0,0,0,100,10,0
15056,UK,0-4,Child,Asian,Under 17,weekday,0,0,0,0,0,0,0,0,0,0
15057,UK,15-19,Child,Asian,Under 17,weekend,2,0,0,0,0,0,0,1,1,0
15058,UK,5-9,Child,Black,Under 17,weekday,0,0,0,0,0,0,0,0,0,0
15059,UK,10-14,Child,White,Under 17,weekday,0,0,0,0,0,0,0,0,0,0
15060,UK,10-14,Child,White,Under 17,weekday,0,0,0,0,0,0,0,0,0,0
15061,UK,15-19,Child,White,Under 17,weekday,0,0,0,0,0,0,0,0,0,0
15062,UK,10-14,Child,White,Under 17,weekday,0,0,0,0,0,0,0,0,0,0
15063,UK,15-19,Child,Asian,Under 17,weekend,0,0,0,0,0,0,0,0,0,0
15064,UK,10-14,Child,White,Under 17,weekend,0,0,0,0,0,0,0,0,0,0
15065,UK,0-4,Child,White,Under 17,weekday,4,0,0,0,0,0,0,2,2,0
15066,UK,5-9,Child,White,Under 17,weekday,6,0,0,0,0,0,0,2,2,2
15067,UK,10-14,Child,Asian,Under 17,weekday,5,0,0,0,0,0,0,2,2,1
15068,UK,5-9,Child,White,Under 17,weekday,0,0,0,0,0,0,0,0,0,0
15069,UK,5-9,Child,White,Under 17,weekday,0,0,0,0,0,0,0,0,0,0
15070,UK,10-14,Child,White,Under 17,weekend,32,0,0,0,0,0,0,25,7,0
15071,UK,10-14,Child,White,Under 17,weekday,30,0,0,0,0,0,0,30,0,0
15072,UK,5-9,Child,Black,Under 17,weekday,0,0,0,0,0,0,0,0,0,0
15691,UK,5-9,Child,White,Under 17,weekday,10,0,0,0,0,0,0,3,5,2
15702,UK,10-14,Child,Asian,Under 17,weekday,0,0,0,0,0,0,0,0,0,0
15713,UK,5-9,Child,White,Under 17,weekday,0,0,0,0,0,0,0,0,0,0
15724,UK,0-4,Child,White,Under 17,weekday,0,0,0,0,0,0,0,0,0,0
15735,UK,5-9,Child,White,Under 17,weekday,0,0,0,0,0,0,0,0,0,0
15746,UK,10-14,Child,White,Under 17,weekday,12,0,0,0,0,0,0,10,2,0
15756,UK,5-9,Child,White,Under 17,weekday,17,0,0,0,0,0,0,5,10,2
15757,UK,5-9,Child,White,Under 17,weekday,0,0,0,0,0,0,0,0,0,0
15758,UK,10-14,Child,White,Under 17,weekday,2,0,0,0,0,0,0,0,2,0
15759,UK,15-19,Child,Asian,Under 17,weekday,0,0,0,0,0,0,0,0,0,0
15760,UK,15-19,Child,White,Student,weekday,14,0,0,0,0,0,0,10,4,0
15761,UK,10-14,Child,Asian,Under 17,weekday,0,0,0,0,0,0,0,0,0,0
15762,UK,5-9,Child,White,Under 17,weekday,0,0,0,0,0,0,0,0,0,0
15763,UK,5-9,Child,Asian,Under 17,weekday,1,0,0,0,0,0,0,1,0,0
15764,UK,0-4,Child,Black,Under 17,weekday,0,0,0,0,0,0,0,0,0,0
15765,UK,15-19,Child,Asian,Under 17,weekday,0,0,0,0,0,0,0,0,0,0
15766,UK,10-14,Child,White,Under 17,weekend,120,0,0,0,0,0,0,100,20,0
15767,UK,5-9,Child,White,Under 17,weekday,8,0,0,0,0,0,0,2,5,1
15768,UK,15-19,Child,White,Under 17,weekday,0,0,0,0,0,0,0,0,0,0
15769,UK,10-14,Child,Black,Under 17,weekday,29,0,0,0,0,0,0,23,6,0
15770,UK,10-14,Child,White,Under 17,weekday,0,0,0,0,0,0,0,0,0,0
15771,UK,0-4,Child,White,Under 17,weekday,12,0,0,0,0,0,0,10,2,0
15772,UK,5-9,Child,White,Under 17,weekend,0,0,0,0,0,0,0,0,0,0
15773,UK,5-9,Child,White,Under 17,weekday,0,0,0,0,0,0,0,0,0,0
15774,UK,5-9,Child,White,Under 17,weekday,0,0,0,0,0,0,0,0,0,0
15775,UK,0-4,Child,Asian,Under 17,weekday,0,0,0,0,0,0,0,0,0,0
16295,UK,15-19,Child,White,Under 17,weekday,0,0,0,0,0,0,0,0,0,0
16296,UK,10-14,Child,White,Under 17,weekday,0,0,0,0,0,0,0,0,0,0
16297,UK,15-19,Child,White,Under 17,weekday,0,0,0,0,0,0,0,0,0,0
16298,UK,10-14,Child,Mixed,Under 17,weekday,0,0,0,0,0,0,0,0,0,0
16299,UK,5-9,Child,White,Under 17,weekday,0,0,0,0,0,0,0,0,0,0
16300,UK,10-14,Child,White,Under 17,weekday,0,0,0,0,0,0,0,0,0,0
16301,UK,15-19,Child,Mixed,Under 17,weekday,0,0,0,0,0,0,0,0,0,0
16302,UK,15-19,Child,Asian,Under 17,weekday,10,0,0,0,0,0,0,5,5,0
16303,UK,10-14,Child,White,Under 17,weekday,0,0,0,0,0,0,0,0,0,0
16304,UK,10-14,Child,White,Under 17,weekday,102,0,0,0,100,2,0,0,0,0
16305,UK,5-9,Child,White,Under 17,weekday,80,0,0,0,60,20,0,0,0,0
16306,UK,15-19,Child,Asian,Under 17,weekday,3,0,0,0,0,0,0,1,2,0
16307,UK,10-14,Child,Asian,Under 17,weekday,0,0,0,0,0,0,0,0,0,0
16308,UK,15-19,Child,White,Under 17,weekday,0,0,0,0,0,0,0,0,0,0
16309,UK,15-19,Child,White,Under 17,weekday,20,0,0,0,15,3,0,0,2,0
16310,UK,10-14,Child,Mixed,Under 17,weekday,0,0,0,0,0,0,0,0,0,0
16311,UK,10-14,Child,White,Under 17,weekday,11,0,0,0,0,0,0,6,5,0
16312,UK,5-9,Child,Black,Under 17,weekday,16,0,0,0,12,4,0,0,0,0
16313,UK,5-9,Child,White,Under 17,weekday,0,0,0,0,0,0,0,0,0,0
16314,UK,0-4,Child,White,Under 17,weekday,5,0,0,0,0,0,0,0,4,1
16315,UK,10-14,Child,White,Under 17,weekday,32,0,0,0,30,2,0,0,0,0
16316,UK,10-14,Child,White,Under 17,weekday,0,0,0,0,0,0,0,0,0,0
16317,UK,10-14,Child,White,Under 17,weekday,0,0,0,0,0,0,0,0,0,0
16318,UK,15-19,Child,White,Student,weekday,0,0,0,0,0,0,0,0,0,0
16319,UK,10-14,Child,White,Under 17,weekday,0,0,0,0,0,0,0,0,0,0
16320,UK,0-4,Child,White,Under 17,weekday,0,0,0,0,0,0,0,0,0,0
16321,UK,5-9,Child,White,Under 17,weekday,0,0,0,0,0,0,0,0,0,0
16322,UK,5-9,Child,Asian,Under 17,weekday,5,0,0,0,0,0,0,0,5,0
16323,UK,10-14,Child,White,Under 17,weekday,0,0,0,0,0,0,0,0,0,0
16324,UK,5-9,Child,White,Under 17,weekday,0,0,0,0,0,0,0,0,0,0
16325,UK,15-19,Child,White,Under 17,weekday,1,0,0,0,0,0,0,0,1,0
16326,UK,15-19,Child,White,Student,weekday,0,0,0,0,0,0,0,0,0,0
16327,UK,5-9,Child,White,Under 17,weekday,4,0,0,0,0,0,0,2,2,0
16328,UK,5-9,Child,Black,Under 17,weekday,3,0,0,0,0,0,0,1,2,0
16329,UK,5-9,Child,Asian,Under 17,weekday,2,0,0,0,0,0,0,0,2,0
16330,UK,0-4,Child,Black,Under 17,weekday,0,0,0,0,0,0,0,0,0,0
16331,UK,0-4,Child,White,Under 17,weekday,4,0,0,0,0,0,0,3,1,0
16332,UK,15-19,Child,White,Under 17,weekday,0,0,0,0,0,0,0,0,0,0
16333,UK,10-14,Child,White,Under 17,weekday,3,0,0,0,0,0,0,2,1,0
16334,UK,10-14,Child,White,Under 17,weekday,3,0,0,0,1,1,0,0,1,0
16335,UK,10-14,Child,White,Under 17,weekday,1,0,0,0,0,0,0,1,0,0
16336,UK,10-14,Child,White,Under 17,weekday,34,0,0,0,0,0,0,30,3,1
16337,UK,0-4,Child,White,Under 17,weekday,10,0,0,0,0,0,0,5,3,2
16338,UK,5-9,Child,White,Under 17,weekday,0,0,0,0,0,0,0,0,0,0
16339,UK,0-4,Child,White,Under 17,weekday,0,0,0,0,0,0,0,0,0,0
16340,UK,15-19,Child,White,Under 17,weekday,0,0,0,0,0,0,0,0,0,0
16341,UK,5-9,Child,White,Under 17,weekend,0,0,0,0,0,0,0,0,0,0
16342,UK,10-14,Child,White,Under 17,weekday,0,0,0,0,0,0,0,0,0,0
16343,UK,10-14,Child,White,Under 17,weekend,0,0,0,0,0,0,0,0,0,0
16344,UK,10-14,Child,White,Under 17,weekday,0,0,0,0,0,0,0,0,0,0
16345,UK,10-14,Child,White,Under 17,weekday,4,0,0,0,0,0,0,3,1,0
16346,UK,15-19,Child,White,Under 17,weekday,3,0,0,0,0,0,0,1,1,1
16347,UK,5-9,Child,Black,Under 17,weekend,0,0,0,0,0,0,0,0,0,0
16348,UK,10-14,Child,White,Under 17,weekday,0,0,0,0,0,0,0,0,0,0
16349,UK,10-14,Child,White,Under 17,weekday,80,0,0,0,20,20,0,20,20,0
16350,UK,15-19,Child,White,Under 17,weekday,0,0,0,0,0,0,0,0,0,0
16351,UK,5-9,Child,White,Under 17,weekday,5,0,0,0,0,0,0,1,4,0
16352,UK,10-14,Child,White,Under 17,weekday,0,0,0,0,0,0,0,0,0,0
16353,UK,15-19,Child,White,Under 17,weekend,0,0,0,0,0,0,0,0,0,0
16354,UK,10-14,Child,White,Under 17,weekday,0,0,0,0,0,0,0,0,0,0
16355,UK,0-4,Child,White,Under 17,weekday,3,0,0,0,0,0,0,1,2,0
16356,UK,5-9,Child,White,Under 17,weekday,0,0,0,0,0,0,0,0,0,0
16357,UK,15-19,Child,White,Student,weekday,8,0,0,0,0,0,0,2,4,2
16358,UK,10-14,Child,White,Under 17,weekend,0,0,0,0,0,0,0,0,0,0
16359,UK,15-19,Child,White,Under 17,weekday,4,0,0,0,0,0,0,2,2,0
16360,UK,10-14,Child,White,Under 17,weekday,0,0,0,0,0,0,0,0,0,0
16361,UK,5-9,Child,White,Under 17,weekday,0,0,0,0,0,0,0,0,0,0
16362,UK,0-4,Child,White,Under 17,weekday,0,0,0,0,0,0,0,0,0,0
16363,UK,5-9,Child,White,Under 17,weekday,9,0,0,0,0,0,0,2,5,2
16364,UK,5-9,Child,Black,Under 17,weekday,78,0,0,0,0,0,0,8,30,40
16365,UK,10-14,Child,White,Under 17,weekend,0,0,0,0,0,0,0,0,0,0
16366,UK,10-14,Child,White,Under 17,weekday,0,0,0,0,0,0,0,0,0,0
16367,UK,15-19,Child,White,Student,weekend,8,0,0,0,0,0,0,3,5,0
16368,UK,10-14,Child,Other,Under 17,weekday,8,0,0,0,0,0,0,5,2,1
16369,UK,10-14,Child,Asian,Under 17,weekend,0,0,0,0,0,0,0,0,0,0
16370,UK,5-9,Child,White,Under 17,weekday,0,0,0,0,0,0,0,0,0,0
16371,UK,5-9,Child,Black,Under 17,weekday,0,0,0,0,0,0,0,0,0,0
16372,UK,15-19,Child,Asian,Under 17,weekday,4,0,0,0,0,0,0,2,2,0
16373,UK,15-19,Child,White,Under 17,weekday,0,0,0,0,0,0,0,0,0,0
16374,UK,0-4,Child,Asian,Under 17,weekday,2,0,0,0,0,0,0,0,2,0
16375,UK,10-14,Child,White,Under 17,weekday,0,0,0,0,0,0,0,0,0,0
16376,UK,10-14,Child,White,Under 17,weekday,4,0,0,0,0,0,0,3,1,0
16377,UK,15-19,Child,White,Under 17,weekday,0,0,0,0,0,0,0,0,0,0
16378,UK,0-4,Child,White,Under 17,weekday,2,0,0,0,0,0,0,1,1,0
16379,UK,5-9,Child,Asian,Under 17,weekday,2,0,0,0,0,0,0,0,2,0
16380,UK,10-14,Child,Mixed,Under 17,weekday,0,0,0,0,0,0,0,0,0,0
16381,UK,15-19,Child,White,Under 17,weekday,0,0,0,0,0,0,0,0,0,0
16382,UK,10-14,Child,White,Under 17,weekday,0,0,0,0,0,0,0,0,0,0
16383,UK,10-14,Child,White,Under 17,weekday,0,0,0,0,0,0,0,0,0,0
16384,UK,10-14,Child,Asian,Under 17,weekday,14,0,0,0,0,0,0,8,3,3
16385,UK,10-14,Child,White,Under 17,weekday,3,0,0,0,0,0,0,1,2,0
16386,UK,15-19,Child,White,Under 17,weekend,0,0,0,0,0,0,0,0,0,0
16387,UK,10-14,Child,White,Under 17,weekday,0,0,0,0,0,0,0,0,0,0
16388,UK,0-4,Child,White,Under 17,weekday,3,0,0,0,0,0,0,1,2,0
16389,UK,0-4,Child,Black,Under 17,weekday,0,0,0,0,0,0,0,0,0,0
16390,UK,15-19,Child,White,Student,weekday,0,0,0,0,0,0,0,0,0,0
16391,UK,10-14,Child,White,Under 17,weekday,0,0,0,0,0,0,0,0,0,0
16392,UK,5-9,Child,Asian,Under 17,weekday,0,0,0,0,0,0,0,0,0,0
16393,UK,0-4,Child,White,Under 17,weekday,1,0,0,0,0,0,0,0,0,1
16394,UK,15-19,Child,Asian,Under 17,weekday,22,0,0,0,0,0,0,8,8,6
16395,UK,15-19,Child,Mixed,Under 17,weekday,0,0,0,0,0,0,0,0,0,0
16396,UK,10-14,Child,White,Under 17,weekday,0,0,0,0,0,0,0,0,0,0
16397,UK,15-19,Child,White,Under 17,weekday,3,0,0,0,0,0,0,1,2,0
16398,UK,0-4,Child,White,Under 17,weekday,0,0,0,0,0,0,0,0,0,0
16399,UK,5-9,Child,White,Under 17,weekend,15,0,0,0,0,0,0,10,5,0
16400,UK,0-4,Child,White,Under 17,weekday,4,0,0,0,0,0,0,1,3,0
16401,UK,10-14,Child,White,Under 17,weekday,0,0,0,0,0,0,0,0,0,0
16402,UK,15-19,Child,Black,Student,weekday,0,0,0,0,0,0,0,0,0,0
16403,UK,5-9,Child,White,Under 17,weekday,0,0,0,0,0,0,0,0,0,0
16404,UK,5-9,Child,Asian,Under 17,weekday,0,0,0,0,0,0,0,0,0,0
16405,UK,5-9,Child,Mixed,Under 17,weekday,0,0,0,0,0,0,0,0,0,0
16406,UK,15-19,Child,White,Student,weekday,0,0,0,0,0,0,0,0,0,0
16407,UK,10-14,Child,White,Under 17,weekday,0,0,0,0,0,0,0,0,0,0
16408,UK,5-9,Child,White,Under 17,weekday,25,0,0,0,25,0,0,0,0,0
16409,UK,0-4,Child,Black,Under 17,weekday,17,0,0,0,0,0,0,15,1,1
16410,UK,5-9,Child,White,Under 17,weekday,3,0,0,0,0,0,0,1,2,0
16411,UK,5-9,Child,White,Under 17,weekday,0,0,0,0,0,0,0,0,0,0
16412,UK,10-14,Child,White,Under 17,weekend,0,0,0,0,0,0,0,0,0,0
16413,UK,5-9,Child,White,Under 17,weekday,9,0,0,0,0,0,0,5,3,1
16414,UK,10-14,Child,White,Under 17,weekend,0,0,0,0,0,0,0,0,0,0
16415,UK,15-19,Child,White,Student,weekday,0,0,0,0,0,0,0,0,0,0
16416,UK,5-9,Child,White,Under 17,weekday,0,0,0,0,0,0,0,0,0,0
16417,UK,15-19,Child,White,Student,weekend,0,0,0,0,0,0,0,0,0,0
16418,UK,5-9,Child,White,Under 17,weekday,3,0,0,0,0,0,0,3,0,0
16419,UK,10-14,Child,White,Under 17,weekday,7,0,0,0,0,0,0,3,4,0
16420,UK,15-19,Child,Mixed,Student,weekend,14,0,0,0,0,0,0,10,4,0
16421,UK,15-19,Child,White,Under 17,weekend,6,0,0,0,0,0,0,6,0,0
16422,UK,10-14,Child,White,Under 17,weekday,4,0,0,0,0,0,0,1,2,1
16423,UK,10-14,Child,White,Under 17,weekday,0,0,0,0,0,0,0,0,0,0
16424,UK,10-14,Child,Asian,Under 17,weekday,0,0,0,0,0,0,0,0,0,0
16425,UK,15-19,Child,White,Under 17,weekday,1,0,0,0,0,0,0,1,0,0
16426,UK,5-9,Child,Asian,Under 17,weekday,5,0,0,0,0,0,0,3,2,0
16427,UK,5-9,Child,White,Under 17,weekday,4,0,0,0,0,0,0,0,2,2
16428,UK,10-14,Child,White,Under 17,weekday,0,0,0,0,0,0,0,0,0,0
16429,UK,10-14,Child,White,Under 17,weekday,0,0,0,0,0,0,0,0,0,0
16430,UK,10-14,Child,White,Under 17,weekday,20,0,0,0,0,0,0,20,0,0
16431,UK,0-4,Child,White,Under 17,weekday,6,0,0,0,0,0,0,1,5,0
16432,UK,0-4,Child,White,Under 17,weekday,7,0,0,0,0,0,0,5,2,0
16433,UK,10-14,Child,White,Under 17,weekday,0,0,0,0,0,0,0,0,0,0
16434,UK,0-4,Child,Mixed,Under 17,weekday,1,0,0,0,0,0,0,1,0,0
16435,UK,10-14,Child,White,Under 17,weekday,0,0,0,0,0,0,0,0,0,0
16436,UK,15-19,Child,White,Under 17,weekday,0,0,0,0,0,0,0,0,0,0
16437,UK,10-14,Child,White,Under 17,weekend,0,0,0,0,0,0,0,0,0,0
16438,UK,5-9,Child,White,Under 17,weekday,0,0,0,0,0,0,0,0,0,0
16439,UK,5-9,Child,Asian,Under 17,weekday,0,0,0,0,0,0,0,0,0,0
16440,UK,5-9,Child,Asian,Under 17,weekday,0,0,0,0,0,0,0,0,0,0
16441,UK,15-19,Child,White,Under 17,weekday,25,0,0,0,0,0,0,25,0,0
16442,UK,15-19,Child,White,Under 17,weekday,8,0,0,0,0,0,0,7,1,0
16443,UK,5-9,Child,White,Under 17,weekend,0,0,0,0,0,0,0,0,0,0
16444,UK,10-14,Child,White,Under 17,weekday,65,0,0,0,0,0,0,30,15,20
16445,UK,5-9,Child,White,Under 17,weekday,5,0,0,0,0,0,0,2,3,0
16446,UK,5-9,Child,White,Under 17,weekend,0,0,0,0,0,0,0,0,0,0
16447,UK,15-19,Child,White,Under 17,weekend,127,0,0,0,100,25,0,0,2,0
16448,UK,5-9,Child,White,Under 17,weekday,12,0,0,0,0,0,0,10,2,0
16449,UK,5-9,Child,Mixed,Under 17,weekday,0,0,0,0,0,0,0,0,0,0
16450,UK,0-4,Child,White,Under 17,weekday,0,0,0,0,0,0,0,0,0,0
16451,UK,10-14,Child,White,Under 17,weekend,0,0,0,0,0,0,0,0,0,0
16452,UK,0-4,Child,Black,Under 17,weekday,18,0,0,0,0,0,0,6,6,6
16453,UK,10-14,Child,Mixed,Under 17,weekend,10,0,0,0,0,0,0,10,0,0
16454,UK,0-4,Child,White,Under 17,weekday,0,0,0,0,0,0,0,0,0,0
16455,UK,5-9,Child,Black,Under 17,weekday,2,0,0,0,0,0,0,1,1,0
16456,UK,0-4,Child,Black,Under 17,weekend,5,0,0,0,0,0,0,3,2,0
16457,UK,5-9,Child,White,Under 17,weekday,38,0,0,0,19,5,0,10,4,0
16458,UK,10-14,Child,Black,Under 17,weekday,45,0,0,0,30,10,1,0,2,2
16459,UK,5-9,Child,White,Under 17,weekday,0,0,0,0,0,0,0,0,0,0
16460,UK,10-14,Child,White,Under 17,weekday,0,0,0,0,0,0,0,0,0,0
16461,UK,10-14,Child,White,Under 17,weekday,0,0,0,0,0,0,0,0,0,0
16462,UK,10-14,Child,Asian,Under 17,weekday,0,0,0,0,0,0,0,0,0,0
16463,UK,10-14,Child,Asian,Under 17,weekday,12,0,0,0,0,0,0,10,2,0
16464,UK,10-14,Child,White,Under 17,weekday,45,0,0,0,0,0,0,45,0,0
16465,UK,10-14,Child,White,Under 17,weekday,10,0,0,0,0,0,0,10,0,0
16466,UK,0-4,Child,Black,Under 17,weekday,3,0,0,0,0,0,0,1,2,0
16467,UK,15-19,Child,White,Student,weekday,2,0,0,0,0,0,0,1,1,0
16468,UK,0-4,Child,White,Under 17,weekday,0,0,0,0,0,0,0,0,0,0
16469,UK,10-14,Child,White,Under 17,weekday,0,0,0,0,0,0,0,0,0,0
16470,UK,5-9,Child,Asian,Under 17,weekday,3,0,0,0,0,0,0,2,1,0
16471,UK,5-9,Child,White,Under 17,weekday,0,0,0,0,0,0,0,0,0,0
16472,UK,5-9,Child,White,Under 17,weekday,0,0,0,0,0,0,0,0,0,0
16473,UK,10-14,Child,White,Under 17,weekday,2,0,0,0,0,0,0,2,0,0
16474,UK,15-19,Child,Black,Student,weekday,32,0,0,0,0,0,0,20,10,2
16475,UK,15-19,Child,White,Under 17,weekday,0,0,0,0,0,0,0,0,0,0
16476,UK,15-19,Child,Black,Under 17,weekday,0,0,0,0,0,0,0,0,0,0
16477,UK,15-19,Child,White,Under 17,weekday,1,0,0,0,0,0,0,1,0,0
16478,UK,15-19,Child,Mixed,Student,weekday,5,0,0,0,0,0,0,3,1,1
16479,UK,10-14,Child,White,Under 17,weekday,0,0,0,0,0,0,0,0,0,0
16480,UK,10-14,Child,Black,Under 17,weekday,7,0,0,0,0,0,0,0,4,3
16481,UK,0-4,Child,Black,Under 17,weekday,11,0,0,0,0,0,0,11,0,0
16482,UK,15-19,Child,Asian,Under 17,weekday,24,0,0,0,0,0,0,17,4,3
16483,UK,5-9,Child,White,Under 17,weekend,0,0,0,0,0,0,0,0,0,0
16484,UK,15-19,Child,Black,Under 17,weekday,0,0,0,0,0,0,0,0,0,0
16485,UK,15-19,Child,Asian,Student,weekday,5,0,0,0,0,0,0,3,2,0
16486,UK,10-14,Child,White,Under 17,weekday,5,0,0,0,0,0,0,2,3,0
16487,UK,5-9,Child,Black,Under 17,weekday,67,0,0,0,30,10,0,20,7,0
16488,UK,15-19,Child,White,Student,weekday,0,0,0,0,0,0,0,0,0,0
16489,UK,0-4,Child,White,Under 17,weekday,0,0,0,0,0,0,0,0,0,0
16490,UK,0-4,Child,White,Under 17,weekday,2,0,0,0,0,0,0,0,2,0
16491,UK,15-19,Child,White,Under 17,weekday,110,0,0,0,100,10,0,0,0,0
16492,UK,5-9,Child,White,Under 17,weekday,31,0,0,0,0,0,0,29,2,0
16493,UK,10-14,Child,White,Under 17,weekday,0,0,0,0,0,0,0,0,0,0
16494,UK,10-14,Child,White,Under 17,weekday,0,0,0,0,0,0,0,0,0,0
16495,UK,10-14,Child,Asian,Under 17,weekday,0,0,0,0,0,0,0,0,0,0
16496,UK,5-9,Child,White,Under 17,weekday,0,0,0,0,0,0,0,0,0,0
16497,UK,5-9,Child,Asian,Under 17,weekday,0,0,0,0,0,0,0,0,0,0
16498,UK,5-9,Child,Black,Under 17,weekday,0,0,0,0,0,0,0,0,0,0
16499,UK,10-14,Child,Black,Under 17,weekday,0,0,0,0,0,0,0,0,0,0
16500,UK,5-9,Child,Mixed,Under 17,weekday,0,0,0,0,0,0,0,0,0,0
16501,UK,0-4,Child,White,Under 17,weekday,0,0,0,0,0,0,0,0,0,0
16502,UK,10-14,Child,White,Under 17,weekday,1,0,0,0,0,0,0,1,0,0
16503,UK,5-9,Child,Black,Under 17,weekday,0,0,0,0,0,0,0,0,0,0
16504,UK,5-9,Child,Mixed,Under 17,weekday,0,0,0,0,0,0,0,0,0,0
16505,UK,5-9,Child,Mixed,Under 17,weekend,7,0,0,0,0,0,0,4,3,0
16506,UK,5-9,Child,White,Under 17,weekday,40,0,0,0,0,0,0,20,10,10
16507,UK,5-9,Child,White,Under 17,weekday,0,0,0,0,0,0,0,0,0,0
16508,UK,5-9,Child,White,Under 17,weekday,8,0,0,0,0,0,0,5,3,0
16509,UK,10-14,Child,White,Under 17,weekday,117,0,0,0,0,0,0,7,100,10
16510,UK,10-14,Child,White,Under 17,weekend,3,0,0,0,0,0,0,1,2,0
16511,UK,5-9,Child,White,Under 17,weekday,0,0,0,0,0,0,0,0,0,0
16512,UK,10-14,Child,White,Under 17,weekend,35,0,0,0,26,4,0,3,2,0
16513,UK,5-9,Child,White,Under 17,weekday,0,0,0,0,0,0,0,0,0,0
16514,UK,5-9,Child,Asian,Under 17,weekday,0,0,0,0,0,0,0,0,0,0
16515,UK,10-14,Child,White,Under 17,weekend,3,0,0,0,0,0,0,0,3,0
16516,UK,5-9,Child,Black,Under 17,weekday,0,0,0,0,0,0,0,0,0,0
16517,UK,10-14,Child,Asian,Under 17,weekday,0,0,0,0,0,0,0,0,0,0
16518,UK,10-14,Child,White,Under 17,weekend,0,0,0,0,0,0,0,0,0,0
16519,UK,15-19,Child,White,Student,weekday,0,0,0,0,0,0,0,0,0,0
16520,UK,15-19,Child,White,Student,weekday,3,0,0,0,0,0,0,1,2,0
16521,UK,10-14,Child,White,Under 17,weekday,0,0,0,0,0,0,0,0,0,0
16522,UK,10-14,Child,White,Under 17,weekday,0,0,0,0,0,0,0,0,0,0
16523,UK,5-9,Child,Black,Under 17,weekday,1,0,0,0,0,0,0,1,0,0
16524,UK,10-14,Child,White,Under 17,weekday,0,0,0,0,0,0,0,0,0,0
16525,UK,10-14,Child,White,Under 17,weekday,0,0,0,0,0,0,0,0,0,0
16526,UK,5-9,Child,White,Under 17,weekday,0,0,0,0,0,0,0,0,0,0
16527,UK,10-14,Child,Black,Under 17,weekday,6,0,0,0,0,0,0,0,3,3
16528,UK,0-4,Child,White,Under 17,weekday,3,0,0,0,0,0,0,1,2,0
16529,UK,0-4,Child,White,Under 17,weekend,30,0,0,0,20,10,0,0,0,0
16530,UK,10-14,Child,White,Under 17,weekday,0,0,0,0,0,0,0,0,0,0
16531,UK,10-14,Child,Asian,Under 17,weekday,6,0,0,0,0,0,0,3,3,0
16532,UK,5-9,Child,Black,Under 17,weekday,5,0,0,0,5,0,0,0,0,0
16533,UK,15-19,Child,White,Under 17,weekday,0,0,0,0,0,0,0,0,0,0
16534,UK,10-14,Child,Black,Under 17,weekday,0,0,0,0,0,0,0,0,0,0
16535,UK,10-14,Child,Black,Under 17,weekend,0,0,0,0,0,0,0,0,0,0
16536,UK,0-4,Child,White,Under 17,weekend,0,0,0,0,0,0,0,0,0,0
16537,UK,5-9,Child,White,Under 17,weekday,12,0,0,0,0,0,0,10,0,2
16538,UK,15-19,Child,White,Student,weekday,3,0,0,0,0,0,0,2,1,0
16539,UK,10-14,Child,Asian,Under 17,weekday,49,0,0,0,40,7,0,0,2,0
16540,UK,15-19,Child,White,Student,weekday,8,0,0,0,0,0,0,0,7,1
16541,UK,10-14,Child,White,Under 17,weekday,0,0,0,0,0,0,0,0,0,0
16542,UK,15-19,Child,White,Under 17,weekday,0,0,0,0,0,0,0,0,0,0
16543,UK,15-19,Child,White,Student,weekday,0,0,0,0,0,0,0,0,0,0
16544,UK,15-19,Child,White,Under 17,weekday,0,0,0,0,0,0,0,0,0,0
16545,UK,15-19,Child,White,Under 17,weekday,0,0,0,0,0,0,0,0,0,0
16546,UK,0-4,Child,White,Under 17,weekend,0,0,0,0,0,0,0,0,0,0
16547,UK,0-4,Child,White,Under 17,weekday,0,0,0,0,0,0,0,0,0,0
16548,UK,10-14,Child,White,Under 17,weekday,0,0,0,0,0,0,0,0,0,0
16549,UK,5-9,Child,White,Under 17,weekend,0,0,0,0,0,0,0,0,0,0
16550,UK,0-4,Child,Black,Under 17,weekday,0,0,0,0,0,0,0,0,0,0
16551,UK,10-14,Child,White,Under 17,weekday,0,0,0,0,0,0,0,0,0,0
16552,UK,0-4,Child,White,Under 17,weekday,0,0,0,0,0,0,0,0,0,0
16553,UK,0-4,Child,Asian,Under 17,weekday,0,0,0,0,0,0,0,0,0,0
16554,UK,0-4,Child,White,Under 17,weekday,0,0,0,0,0,0,0,0,0,0
16555,UK,5-9,Child,White,Under 17,weekend,5,0,0,0,0,0,0,1,4,0
16556,UK,10-14,Child,White,Under 17,weekday,0,0,0,0,0,0,0,0,0,0
16557,UK,15-19,Child,Black,Student,weekday,0,0,0,0,0,0,0,0,0,0
16558,UK,15-19,Child,White,Under 17,weekend,0,0,0,0,0,0,0,0,0,0
16559,UK,10-14,Child,White,Under 17,weekend,7,0,0,0,0,0,0,4,2,1
16560,UK,5-9,Child,Black,Under 17,weekday,10,0,0,0,0,0,0,5,4,1
16561,UK,10-14,Child,Asian,Under 17,weekend,0,0,0,0,0,0,0,0,0,0
16562,UK,5-9,Child,White,Under 17,weekday,0,0,0,0,0,0,0,0,0,0
16563,UK,10-14,Child,White,Under 17,weekday,0,0,0,0,0,0,0,0,0,0
16564,UK,5-9,Child,Asian,Under 17,weekday,0,0,0,0,0,0,0,0,0,0
16565,UK,15-19,Child,White,Under 17,weekend,0,0,0,0,0,0,0,0,0,0
16566,UK,15-19,Child,White,Student,weekday,0,0,0,0,0,0,0,0,0,0
16567,UK,10-14,Child,White,Under 17,weekend,0,0,0,0,0,0,0,0,0,0
16568,UK,0-4,Child,White,Under 17,weekday,0,0,0,0,0,0,0,0,0,0
16569,UK,5-9,Child,White,Under 17,weekday,5,0,0,0,0,0,0,3,2,0
16570,UK,0-4,Child,Black,Under 17,weekend,0,0,0,0,0,0,0,0,0,0
16571,UK,5-9,Child,White,Under 17,weekday,99,0,0,0,90,9,0,0,0,0
16572,UK,10-14,Child,White,Under 17,weekday,80,0,0,0,0,0,0,80,0,0
16573,UK,5-9,Child,White,Under 17,weekend,0,0,0,0,0,0,0,0,0,0
16574,UK,10-14,Child,White,Under 17,weekend,50,0,0,0,0,0,0,50,0,0
16575,UK,10-14,Child,White,Under 17,weekday,8,0,0,0,0,0,0,7,1,0
16576,UK,15-19,Child,White,Student,weekend,0,0,0,0,0,0,0,0,0,0
16577,UK,10-14,Child,Asian,Under 17,weekday,0,0,0,0,0,0,0,0,0,0
16578,UK,5-9,Child,White,Under 17,weekday,4,0,0,0,0,0,0,2,2,0
16579,UK,10-14,Child,White,Under 17,weekend,0,0,0,0,0,0,0,0,0,0
16580,UK,10-14,Child,White,Under 17,weekday,0,0,0,0,0,0,0,0,0,0
16581,UK,0-4,Child,White,Under 17,weekday,10,0,0,0,0,0,0,0,2,8
16582,UK,10-14,Child,White,Under 17,weekday,9,0,0,0,0,0,0,8,1,0
16583,UK,10-14,Child,White,Under 17,weekday,20,0,0,0,0,0,0,15,5,0
16584,UK,5-9,Child,Black,Under 17,weekday,9,0,0,0,0,0,0,3,4,2
16585,UK,5-9,Child,White,Under 17,weekday,0,0,0,0,0,0,0,0,0,0
16586,UK,5-9,Child,White,Under 17,weekday,5,0,0,0,0,0,0,2,2,1
16587,UK,5-9,Child,Black,Under 17,weekend,0,0,0,0,0,0,0,0,0,0
16588,UK,10-14,Child,White,Under 17,weekday,0,0,0,0,0,0,0,0,0,0
16589,UK,10-14,Child,White,Under 17,weekend,0,0,0,0,0,0,0,0,0,0
16590,UK,5-9,Child,White,Under 17,weekday,0,0,0,0,0,0,0,0,0,0
16591,UK,5-9,Child,White,Under 17,weekday,16,0,0,0,0,0,0,13,2,1
16592,UK,5-9,Child,Asian,Under 17,weekday,13,0,0,0,0,0,0,0,12,1
16593,UK,5-9,Child,Black,Under 17,weekday,26,0,0,0,10,2,0,12,2,0
16594,UK,15-19,Child,White,Student,weekend,0,0,0,0,0,0,0,0,0,0
16595,UK,5-9,Child,Black,Under 17,weekday,0,0,0,0,0,0,0,0,0,0
16596,UK,10-14,Child,Mixed,Under 17,weekday,2,0,0,0,0,0,0,2,0,0
16597,UK,5-9,Child,Black,Under 17,weekday,0,0,0,0,0,0,0,0,0,0
16598,UK,5-9,Child,Asian,Under 17,weekday,0,0,0,0,0,0,0,0,0,0
16599,UK,10-14,Child,White,Under 17,weekend,0,0,0,0,0,0,0,0,0,0
16600,UK,0-4,Child,White,Under 17,weekday,0,0,0,0,0,0,0,0,0,0
16601,UK,15-19,Child,Black,Student,weekday,1,0,0,0,0,0,0,0,0,1
16602,UK,0-4,Child,White,Under 17,weekend,4,0,0,0,0,0,0,2,2,0
16603,UK,10-14,Child,White,Under 17,weekday,0,0,0,0,0,0,0,0,0,0
16604,UK,15-19,Child,White,Student,weekday,110,0,0,0,100,10,0,0,0,0
16605,UK,5-9,Child,White,Under 17,weekday,0,0,0,0,0,0,0,0,0,0
16606,UK,15-19,Child,Black,Under 17,weekday,0,0,0,0,0,0,0,0,0,0
16607,UK,15-19,Child,White,Under 17,weekday,0,0,0,0,0,0,0,0,0,0
16608,UK,10-14,Child,White,Under 17,weekday,0,0,0,0,0,0,0,0,0,0
16609,UK,5-9,Child,Black,Under 17,weekday,1,0,0,0,0,0,0,1,0,0
16610,UK,10-14,Child,White,Under 17,weekday,0,0,0,0,0,0,0,0,0,0
16611,UK,5-9,Child,White,Under 17,weekday,5,0,0,0,0,0,0,0,5,0
16612,UK,10-14,Child,Black,Under 17,weekday,0,0,0,0,0,0,0,0,0,0
16613,UK,0-4,Child,White,Under 17,weekday,0,0,0,0,0,0,0,0,0,0
16614,UK,15-19,Child,White,Under 17,weekday,104,0,0,0,0,0,0,100,4,0
16615,UK,5-9,Child,White,Under 17,weekday,29,0,0,0,0,0,0,25,4,0
16616,UK,0-4,Child,White,Under 17,weekday,0,0,0,0,0,0,0,0,0,0
16617,UK,0-4,Child,Black,Under 17,weekday,0,0,0,0,0,0,0,0,0,0
16618,UK,15-19,Child,White,Under 17,weekday,0,0,0,0,0,0,0,0,0,0
16619,UK,0-4,Child,White,Under 17,weekend,0,0,0,0,0,0,0,0,0,0
16620,UK,10-14,Child,White,Under 17,weekday,0,0,0,0,0,0,0,0,0,0
16621,UK,10-14,Child,White,Under 17,weekend,0,0,0,0,0,0,0,0,0,0
16622,UK,5-9,Child,White,Under 17,weekday,0,0,0,0,0,0,0,0,0,0
16623,UK,5-9,Child,White,Under 17,weekday,2,0,0,0,0,0,0,2,0,0
16624,UK,5-9,Child,Black,Under 17,weekend,0,0,0,0,0,0,0,0,0,0
16625,UK,0-4,Child,Black,Under 17,weekday,0,0,0,0,0,0,0,0,0,0
16626,UK,15-19,Child,White,Under 17,weekday,0,0,0,0,0,0,0,0,0,0
16627,UK,5-9,Child,Black,Under 17,weekday,8,0,0,0,0,0,0,4,4,0
16628,UK,10-14,Child,White,Under 17,weekday,0,0,0,0,0,0,0,0,0,0
16629,UK,10-14,Child,White,Under 17,weekday,10,0,0,0,0,0,0,5,5,0
16630,UK,10-14,Child,White,Under 17,weekday,0,0,0,0,0,0,0,0,0,0
16631,UK,5-9,Child,White,Under 17,weekday,26,0,0,0,25,1,0,0,0,0
16632,UK,0-4,Child,White,Under 17,weekday,6,0,0,0,0,0,0,2,2,2
16633,UK,0-4,Child,White,Under 17,weekday,8,0,0,0,0,0,0,0,8,0
15001,UK,15-19,Child,White,Under 17,weekday,2,0,0,0,0,0,0,1,1,0
15002,UK,10-14,Child,White,Under 17,weekday,41,0,0,0,0,0,0,31,10,0
15003,UK,5-9,Child,Black,Under 17,weekday,0,0,0,0,0,0,0,0,0,0
15004,UK,15-19,Child,White,Under 17,weekday,102,0,0,0,0,0,0,100,2,0
15005,UK,10-14,Child,White,Under 17,weekday,45,0,0,0,40,5,0,0,0,0
15006,UK,15-19,Child,Asian,Student,weekend,3,0,0,0,0,0,0,1,2,0
15007,UK,10-14,Child,White,Under 17,weekday,0,0,0,0,0,0,0,0,0,0
15008,UK,10-14,Child,White,Under 17,weekday,47,0,0,0,0,0,0,7,26,14
15009,UK,15-19,Child,White,Under 17,weekday,83,0,0,0,0,0,0,75,8,0
15011,UK,15-19,Child,Black,Student,weekday,10,0,0,0,0,0,0,9,1,0
15012,UK,5-9,Child,Black,Under 17,weekday,2,0,0,0,0,0,0,1,1,0
15013,UK,10-14,Child,Asian,Under 17,weekend,15,0,0,0,0,0,0,6,9,0
15014,UK,10-14,Child,White,Under 17,weekday,0,0,0,0,0,0,0,0,0,0
15015,UK,5-9,Child,Mixed,Under 17,weekday,0,0,0,0,0,0,0,0,0,0
15016,UK,10-14,Child,Black,Under 17,weekday,41,0,0,0,20,9,0,10,2,0
15017,UK,5-9,Child,White,Under 17,weekday,0,0,0,0,0,0,0,0,0,0
15018,UK,5-9,Child,White,Under 17,weekday,2,0,0,0,0,0,0,0,2,0
15019,UK,10-14,Child,White,Under 17,weekday,10,0,0,0,0,0,0,6,4,0
15020,UK,5-9,Child,White,Under 17,weekday,3,0,0,0,0,0,0,1,2,0
15022,UK,15-19,Child,White,Under 17,weekday,30,0,0,0,0,0,0,30,0,0
15023,UK,0-4,Child,White,Under 17,weekday,0,0,0,0,0,0,0,0,0,0
15024,UK,15-19,Child,White,Student,weekday,1,0,0,0,0,0,0,0,0,1
15025,UK,5-9,Child,White,Under 17,weekday,0,0,0,0,0,0,0,0,0,0
15026,UK,10-14,Child,White,Under 17,weekday,0,0,0,0,0,0,0,0,0,0
15027,UK,5-9,Child,White,Under 17,weekday,24,0,0,0,0,0,0,10,10,4
15028,UK,10-14,Child,White,Under 17,weekday,6,0,0,0,0,0,0,0,6,0
15029,UK,10-14,Child,White,Under 17,weekday,110,0,0,0,0,0,0,100,10,0
15030,UK,0-4,Child,White,Under 17,weekend,0,0,0,0,0,0,0,0,0,0
15031,UK,10-14,Child,White,Under 17,weekend,49,0,0,0,0,0,0,5,20,24
15033,UK,5-9,Child,White,Under 17,weekday,0,0,0,0,0,0,0,0,0,0
15034,UK,10-14,Child,White,Under 17,weekday,20,0,0,0,5,5,0,5,5,0
15073,UK,10-14,Child,Asian,Under 17,weekday,0,0,0,0,0,0,0,0,0,0
15074,UK,15-19,Child,Mixed,Student,weekday,0,0,0,0,0,0,0,0,0,0
15075,UK,5-9,Child,White,Under 17,weekday,3,0,0,0,0,0,0,2,1,0
15076,UK,5-9,Child,Black,Under 17,weekday,28,0,0,0,0,0,0,20,5,3
15077,UK,15-19,Child,Asian,Under 17,weekday,16,0,0,0,0,0,0,16,0,0
15078,UK,5-9,Child,White,Under 17,weekday,8,0,0,0,0,0,0,3,5,0
15079,UK,5-9,Child,White,Under 17,weekday,2,0,0,0,0,0,0,1,1,0
15080,UK,15-19,Child,Black,Under 17,weekday,0,0,0,0,0,0,0,0,0,0
15081,UK,0-4,Child,Black,Under 17,weekday,0,0,0,0,0,0,0,0,0,0
15082,UK,15-19,Child,White,Under 17,weekday,0,0,0,0,0,0,0,0,0,0
15083,UK,15-19,Child,White,Student,weekday,39,0,0,0,0,0,0,7,24,8
15084,UK,15-19,Child,White,Under 17,weekday,0,0,0,0,0,0,0,0,0,0
15085,UK,10-14,Child,White,Under 17,weekday,3,0,0,0,0,0,0,3,0,0
15086,UK,10-14,Child,Mixed,Under 17,weekday,0,0,0,0,0,0,0,0,0,0
15087,UK,10-14,Child,White,Under 17,weekday,0,0,0,0,0,0,0,0,0,0
15088,UK,15-19,Child,White,Under 17,weekday,0,0,0,0,0,0,0,0,0,0
15089,UK,10-14,Child,White,Under 17,weekday,20,0,0,0,0,0,0,20,0,0
15090,UK,5-9,Child,Black,Under 17,weekday,36,0,0,0,0,0,0,22,8,6
15091,UK,5-9,Child,White,Under 17,weekday,0,0,0,0,0,0,0,0,0,0
15092,UK,15-19,Child,White,Under 17,weekday,0,0,0,0,0,0,0,0,0,0
15093,UK,5-9,Child,White,Under 17,weekend,30,0,0,0,0,0,0,30,0,0
15094,UK,10-14,Child,White,Under 17,weekday,0,0,0,0,0,0,0,0,0,0
15095,UK,10-14,Child,White,Under 17,weekday,11,0,0,0,0,0,0,2,6,3
15096,UK,5-9,Child,White,Under 17,weekday,0,0,0,0,0,0,0,0,0,0
15097,UK,0-4,Child,White,Under 17,weekday,0,0,0,0,0,0,0,0,0,0
15098,UK,15-19,Child,White,Under 17,weekday,0,0,0,0,0,0,0,0,0,0
15099,UK,10-14,Child,White,Under 17,weekday,0,0,0,0,0,0,0,0,0,0
15100,UK,10-14,Child,Black,Under 17,weekend,15,0,0,0,0,0,0,10,4,1
15101,UK,10-14,Child,Black,Under 17,weekday,0,0,0,0,0,0,0,0,0,0
15102,UK,0-4,Child,White,Under 17,weekday,0,0,0,0,0,0,0,0,0,0
15103,UK,10-14,Child,White,Under 17,weekday,0,0,0,0,0,0,0,0,0,0
15104,UK,10-14,Child,White,Under 17,weekend,0,0,0,0,0,0,0,0,0,0
15105,UK,5-9,Child,White,Under 17,weekday,0,0,0,0,0,0,0,0,0,0
15106,UK,15-19,Child,White,Under 17,weekday,0,0,0,0,0,0,0,0,0,0
15107,UK,5-9,Child,White,Under 17,weekday,10,0,0,0,0,0,0,4,6,0
15108,UK,10-14,Child,Asian,Under 17,weekday,2,0,0,0,0,0,0,1,1,0
15109,UK,10-14,Child,White,Under 17,weekday,0,0,0,0,0,0,0,0,0,0
15110,UK,15-19,Child,Black,Under 17,weekday,0,0,0,0,0,0,0,0,0,0
15111,UK,5-9,Child,White,Under 17,weekday,57,0,0,0,0,0,0,19,25,13
15112,UK,0-4,Child,White,Under 17,weekday,3,0,0,0,0,0,0,1,2,0
15113,UK,5-9,Child,White,Under 17,weekday,0,0,0,0,0,0,0,0,0,0
15114,UK,0-4,Child,Mixed,Under 17,weekday,0,0,0,0,0,0,0,0,0,0
15115,UK,10-14,Child,White,Under 17,weekday,5,0,0,0,0,0,0,1,4,0
15116,UK,15-19,Child,White,Student,weekday,0,0,0,0,0,0,0,0,0,0
15117,UK,10-14,Child,White,Under 17,weekday,22,0,0,0,0,0,0,20,2,0
15118,UK,15-19,Child,White,Student,weekday,0,0,0,0,0,0,0,0,0,0
15119,UK,10-14,Child,White,Under 17,weekend,0,0,0,0,0,0,0,0,0,0
15120,UK,0-4,Child,Black,Under 17,weekday,0,0,0,0,0,0,0,0,0,0
15121,UK,5-9,Child,White,Under 17,weekday,3,0,0,0,0,0,0,1,2,0
15122,UK,10-14,Child,White,Under 17,weekday,0,0,0,0,0,0,0,0,0,0
15123,UK,10-14,Child,White,Under 17,weekday,0,0,0,0,0,0,0,0,0,0
15124,UK,5-9,Child,White,Under 17,weekday,9,0,0,0,5,4,0,0,0,0
15125,UK,5-9,Child,Black,Under 17,weekday,0,0,0,0,0,0,0,0,0,0
15126,UK,15-19,Child,White,Under 17,weekend,0,0,0,0,0,0,0,0,0,0
15127,UK,10-14,Child,White,Under 17,weekend,19,0,0,0,0,0,0,14,5,0
15128,UK,0-4,Child,White,Under 17,weekday,0,0,0,0,0,0,0,0,0,0
15129,UK,15-19,Child,Black,Student,weekday,0,0,0,0,0,0,0,0,0,0
15130,UK,10-14,Child,Black,Under 17,weekday,11,0,0,0,0,0,0,1,10,0
15131,UK,5-9,Child,White,Under 17,weekday,16,0,0,0,0,0,0,12,4,0
15132,UK,10-14,Child,White,Under 17,weekday,0,0,0,0,0,0,0,0,0,0
15133,UK,10-14,Child,White,Under 17,weekday,0,0,0,0,0,0,0,0,0,0
15134,UK,10-14,Child,White,Under 17,weekday,39,0,0,0,20,4,0,15,0,0
15135,UK,0-4,Child,Mixed,Under 17,weekend,0,0,0,0,0,0,0,0,0,0
15136,UK,10-14,Child,White,Under 17,weekday,0,0,0,0,0,0,0,0,0,0
15137,UK,10-14,Child,Black,Under 17,weekday,0,0,0,0,0,0,0,0,0,0
15138,UK,15-19,Child,White,Under 17,weekend,0,0,0,0,0,0,0,0,0,0
15139,UK,10-14,Child,Asian,Under 17,weekday,12,0,0,0,0,0,0,5,5,2
15140,UK,15-19,Child,White,Under 17,weekday,0,0,0,0,0,0,0,0,0,0
15141,UK,5-9,Child,White,Under 17,weekday,55,0,0,0,0,0,0,20,30,5
15142,UK,5-9,Child,Mixed,Under 17,weekday,3,0,0,0,0,0,0,1,2,0
15143,UK,10-14,Child,White,Under 17,weekday,0,0,0,0,0,0,0,0,0,0
15144,UK,5-9,Child,Black,Under 17,weekday,0,0,0,0,0,0,0,0,0,0
15145,UK,5-9,Child,White,Under 17,weekday,0,0,0,0,0,0,0,0,0,0
15146,UK,15-19,Child,Black,Student,weekday,0,0,0,0,0,0,0,0,0,0
15147,UK,0-4,Child,White,Under 17,weekday,0,0,0,0,0,0,0,0,0,0
15148,UK,10-14,Child,White,Under 17,weekday,6,0,0,0,0,0,0,3,3,0
15149,UK,5-9,Child,Black,Under 17,weekend,12,0,0,0,0,0,0,7,5,0
15150,UK,0-4,Child,Mixed,Under 17,weekday,0,0,0,0,0,0,0,0,0,0
15151,UK,5-9,Child,Mixed,Under 17,weekend,3,0,0,0,0,0,0,3,0,0
15152,UK,10-14,Child,White,Under 17,weekday,26,0,0,0,0,0,0,25,1,0
15153,UK,10-14,Child,Asian,Under 17,weekday,0,0,0,0,0,0,0,0,0,0
15154,UK,10-14,Child,White,Under 17,weekend,0,0,0,0,0,0,0,0,0,0
15155,UK,10-14,Child,Black,Under 17,weekday,5,0,0,0,0,0,0,3,2,0
15156,UK,10-14,Child,Asian,Under 17,weekend,3,0,0,0,0,0,0,1,2,0
15157,UK,0-4,Child,White,Under 17,weekend,1,0,0,0,0,0,0,0,1,0
15158,UK,5-9,Child,White,Under 17,weekday,120,0,0,0,0,0,0,100,20,0
15159,UK,10-14,Child,Asian,Under 17,weekday,0,0,0,0,0,0,0,0,0,0
15160,UK,15-19,Child,White,Under 17,weekday,0,0,0,0,0,0,0,0,0,0
15161,UK,15-19,Child,White,Student,weekend,0,0,0,0,0,0,0,0,0,0
15162,UK,15-19,Child,Black,Under 17,weekday,30,0,0,0,20,10,0,0,0,0
15163,UK,15-19,Child,White,Under 17,weekday,0,0,0,0,0,0,0,0,0,0
15164,UK,10-14,Child,White,Under 17,weekday,60,0,0,0,0,0,0,10,30,20
15165,UK,15-19,Child,White,Under 17,weekend,0,0,0,0,0,0,0,0,0,0
15166,UK,5-9,Child,White,Under 17,weekday,8,0,0,0,0,0,0,6,2,0
15167,UK,10-14,Child,White,Under 17,weekday,0,0,0,0,0,0,0,0,0,0
15168,UK,15-19,Child,White,Under 17,weekday,0,0,0,0,0,0,0,0,0,0
15169,UK,10-14,Child,White,Under 17,weekday,2,0,0,0,0,0,0,2,0,0
15170,UK,5-9,Child,White,Under 17,weekday,0,0,0,0,0,0,0,0,0,0
15171,UK,10-14,Child,White,Under 17,weekday,0,0,0,0,0,0,0,0,0,0
15172,UK,15-19,Child,White,Under 17,weekend,0,0,0,0,0,0,0,0,0,0
15173,UK,15-19,Child,White,Under 17,weekday,0,0,0,0,0,0,0,0,0,0
15174,UK,5-9,Child,White,Under 17,weekday,32,0,0,0,0,0,0,30,2,0
15175,UK,5-9,Child,Mixed,Under 17,weekend,0,0,0,0,0,0,0,0,0,0
15176,UK,15-19,Child,White,Under 17,weekday,0,0,0,0,0,0,0,0,0,0
15177,UK,5-9,Child,Black,Under 17,weekday,9,0,0,0,0,0,0,5,4,0
15178,UK,10-14,Child,Black,Under 17,weekday,17,0,0,0,10,4,0,1,2,0
15179,UK,5-9,Child,White,Under 17,weekend,40,0,0,0,0,0,0,30,10,0
15180,UK,5-9,Child,White,Under 17,weekend,0,0,0,0,0,0,0,0,0,0
15181,UK,0-4,Child,White,Under 17,weekday,0,0,0,0,0,0,0,0,0,0
15182,UK,10-14,Child,Black,Under 17,weekday,0,0,0,0,0,0,0,0,0,0
15183,UK,5-9,Child,White,Under 17,weekday,15,0,0,0,0,0,0,15,0,0
15184,UK,10-14,Child,White,Under 17,weekday,1,0,0,0,0,0,0,1,0,0
15185,UK,15-19,Child,White,Under 17,weekday,0,0,0,0,0,0,0,0,0,0
15186,UK,0-4,Child,White,Under 17,weekday,113,0,0,0,70,10,0,3,20,10
15187,UK,15-19,Child,Black,Student,weekday,12,0,0,0,0,0,0,5,4,3
15188,UK,5-9,Child,White,Under 17,weekday,0,0,0,0,0,0,0,0,0,0
15189,UK,15-19,Child,Mixed,Student,weekday,12,0,0,0,0,0,0,0,10,2
15190,UK,10-14,Child,White,Under 17,weekday,0,0,0,0,0,0,0,0,0,0
15191,UK,10-14,Child,White,Under 17,weekday,0,0,0,0,0,0,0,0,0,0
15192,UK,15-19,Child,White,Student,weekday,0,0,0,0,0,0,0,0,0,0
15193,UK,15-19,Child,White,Under 17,weekday,0,0,0,0,0,0,0,0,0,0
15194,UK,10-14,Child,Black,Under 17,weekday,0,0,0,0,0,0,0,0,0,0
15195,UK,10-14,Child,White,Under 17,weekend,0,0,0,0,0,0,0,0,0,0
15196,UK,15-19,Child,White,Under 17,weekend,0,0,0,0,0,0,0,0,0,0
15197,UK,15-19,Child,White,Under 17,weekday,0,0,0,0,0,0,0,0,0,0
15198,UK,5-9,Child,White,Under 17,weekend,0,0,0,0,0,0,0,0,0,0
15199,UK,10-14,Child,White,Under 17,weekday,0,0,0,0,0,0,0,0,0,0
15200,UK,10-14,Child,White,Under 17,weekday,0,0,0,0,0,0,0,0,0,0
15201,UK,10-14,Child,White,Under 17,weekday,0,0,0,0,0,0,0,0,0,0
15202,UK,5-9,Child,White,Under 17,weekday,0,0,0,0,0,0,0,0,0,0
15203,UK,0-4,Child,White,Under 17,weekend,0,0,0,0,0,0,0,0,0,0
15204,UK,10-14,Child,White,Under 17,weekday,0,0,0,0,0,0,0,0,0,0
15205,UK,0-4,Child,White,Under 17,weekday,0,0,0,0,0,0,0,0,0,0
15206,UK,10-14,Child,White,Under 17,weekday,0,0,0,0,0,0,0,0,0,0
15207,UK,10-14,Child,White,Under 17,weekday,0,0,0,0,0,0,0,0,0,0
15208,UK,5-9,Child,White,Under 17,weekday,0,0,0,0,0,0,0,0,0,0
15209,UK,5-9,Child,White,Under 17,weekend,0,0,0,0,0,0,0,0,0,0
15210,UK,15-19,Child,White,Under 17,weekday,0,0,0,0,0,0,0,0,0,0
15211,UK,10-14,Child,White,Under 17,weekday,23,0,0,0,0,0,0,17,6,0
15212,UK,15-19,Child,Black,Under 17,weekday,10,0,0,0,0,0,0,4,6,0
15213,UK,10-14,Child,White,Under 17,weekend,6,0,0,0,0,0,0,5,1,0
15214,UK,15-19,Child,Asian,Under 17,weekend,5,0,0,0,0,0,0,3,2,0
15215,UK,0-4,Child,White,Under 17,weekday,0,0,0,0,0,0,0,0,0,0
15216,UK,10-14,Child,White,Under 17,weekday,4,0,0,0,0,0,0,4,0,0
15217,UK,15-19,Child,Asian,Student,weekday,28,0,0,0,0,0,0,16,4,8
15218,UK,15-19,Child,White,Under 17,weekday,0,0,0,0,0,0,0,0,0,0
15219,UK,15-19,Child,White,Under 17,weekday,0,0,0,0,0,0,0,0,0,0
15220,UK,10-14,Child,White,Under 17,weekday,0,0,0,0,0,0,0,0,0,0
15221,UK,15-19,Child,White,Under 17,weekend,12,0,0,0,0,0,0,5,7,0
15222,UK,5-9,Child,Black,Under 17,weekday,0,0,0,0,0,0,0,0,0,0
15223,UK,10-14,Child,White,Under 17,weekday,0,0,0,0,0,0,0,0,0,0
15224,UK,15-19,Child,Asian,Under 17,weekday,8,0,0,0,0,0,0,2,6,0
15225,UK,15-19,Child,White,Under 17,weekday,9,0,0,0,0,0,0,9,0,0
15226,UK,10-14,Child,Black,Under 17,weekday,9,0,0,0,0,0,0,5,3,1
15227,UK,10-14,Child,Mixed,Under 17,weekend,15,0,0,0,0,0,0,12,3,0
15228,UK,5-9,Child,White,Under 17,weekday,0,0,0,0,0,0,0,0,0,0
15229,UK,5-9,Child,White,Under 17,weekend,0,0,0,0,0,0,0,0,0,0
15230,UK,5-9,Child,White,Under 17,weekday,5,0,0,0,0,0,0,5,0,0
15231,UK,5-9,Child,White,Under 17,weekend,0,0,0,0,0,0,0,0,0,0
15232,UK,0-4,Child,Asian,Under 17,weekday,0,0,0,0,0,0,0,0,0,0
15233,UK,5-9,Child,White,Under 17,weekday,0,0,0,0,0,0,0,0,0,0
15234,UK,10-14,Child,Black,Under 17,weekday,4,0,0,0,0,0,0,0,4,0
15235,UK,5-9,Child,Black,Under 17,weekday,1,0,0,0,0,0,0,1,0,0
15236,UK,10-14,Child,White,Under 17,weekday,0,0,0,0,0,0,0,0,0,0
15237,UK,10-14,Child,Asian,Under 17,weekday,0,0,0,0,0,0,0,0,0,0
15238,UK,0-4,Child,Asian,Under 17,weekday,3,0,0,0,0,0,0,1,2,0
15239,UK,5-9,Child,White,Under 17,weekday,0,0,0,0,0,0,0,0,0,0
15240,UK,5-9,Child,Black,Under 17,weekend,31,0,0,0,25,6,0,0,0,0
15241,UK,5-9,Child,White,Under 17,weekday,7,0,0,0,0,0,0,5,2,0
15242,UK,0-4,Child,Black,Under 17,weekend,3,0,0,0,0,0,0,0,3,0
15243,UK,5-9,Child,White,Under 17,weekend,0,0,0,0,0,0,0,0,0,0
15244,UK,10-14,Child,White,Under 17,weekday,20,0,0,0,0,0,0,20,0,0
15245,UK,0-4,Child,Asian,Under 17,weekday,59,0,0,0,0,0,0,9,30,20
15246,UK,5-9,Child,White,Under 17,weekday,0,0,0,0,0,0,0,0,0,0
15247,UK,10-14,Child,White,Under 17,weekday,2,0,0,0,0,0,0,1,1,0
15248,UK,15-19,Child,Asian,Student,weekday,0,0,0,0,0,0,0,0,0,0
15249,UK,5-9,Child,Black,Under 17,weekend,0,0,0,0,0,0,0,0,0,0
15250,UK,15-19,Child,White,Student,weekday,0,0,0,0,0,0,0,0,0,0
15251,UK,10-14,Child,Black,Under 17,weekday,3,0,0,0,0,0,0,2,1,0
15252,UK,5-9,Child,Black,Under 17,weekday,0,0,0,0,0,0,0,0,0,0
15253,UK,5-9,Child,White,Under 17,weekend,0,0,0,0,0,0,0,0,0,0
15254,UK,15-19,Child,White,Under 17,weekday,0,0,0,0,0,0,0,0,0,0
15255,UK,5-9,Child,White,Under 17,weekday,17,0,0,0,0,0,0,15,2,0
15256,UK,10-14,Child,Black,Under 17,weekday,0,0,0,0,0,0,0,0,0,0
15257,UK,5-9,Child,Asian,Under 17,weekday,0,0,0,0,0,0,0,0,0,0
15258,UK,10-14,Child,Asian,Under 17,weekday,0,0,0,0,0,0,0,0,0,0
15259,UK,5-9,Child,White,Under 17,weekday,0,0,0,0,0,0,0,0,0,0
15260,UK,0-4,Child,Black,Under 17,weekday,0,0,0,0,0,0,0,0,0,0
15261,UK,0-4,Child,White,Under 17,weekday,0,0,0,0,0,0,0,0,0,0
15262,UK,10-14,Child,Asian,Under 17,weekday,0,0,0,0,0,0,0,0,0,0
15263,UK,15-19,Child,Asian,Under 17,weekday,10,0,0,0,0,0,0,0,10,0
15264,UK,10-14,Child,White,Under 17,weekday,0,0,0,0,0,0,0,0,0,0
15265,UK,10-14,Child,Black,Under 17,weekday,4,0,0,0,0,0,0,1,2,1
15266,UK,0-4,Child,Asian,Under 17,weekday,0,0,0,0,0,0,0,0,0,0
15267,UK,15-19,Child,Asian,Student,weekend,7,0,0,0,0,0,0,0,7,0
15268,UK,0-4,Child,Other,Under 17,weekday,3,0,0,0,0,0,0,0,3,0
15269,UK,15-19,Child,Asian,Under 17,weekday,30,0,0,0,10,5,0,10,5,0
15270,UK,15-19,Child,White,Student,weekday,3,0,0,0,0,0,0,0,1,2
15271,UK,5-9,Child,White,Under 17,weekday,26,0,0,0,0,0,0,25,1,0
15272,UK,5-9,Child,White,Under 17,weekday,40,0,0,0,15,5,0,15,5,0
15273,UK,5-9,Child,White,Under 17,weekday,0,0,0,0,0,0,0,0,0,0
15274,UK,10-14,Child,White,Under 17,weekday,3,0,0,0,0,0,0,1,2,0
15275,UK,5-9,Child,White,Under 17,weekday,3,0,0,0,0,0,0,1,2,0
15276,UK,10-14,Child,Mixed,Under 17,weekday,0,0,0,0,0,0,0,0,0,0
15277,UK,0-4,Child,White,Under 17,weekday,3,0,0,0,0,0,0,1,2,0
15278,UK,0-4,Child,White,Under 17,weekday,22,0,0,0,0,0,0,20,2,0
15279,UK,10-14,Child,Black,Under 17,weekday,0,0,0,0,0,0,0,0,0,0
15280,UK,10-14,Child,White,Under 17,weekday,65,0,0,0,0,0,0,50,10,5
15281,UK,0-4,Child,White,Under 17,weekday,100,0,0,0,0,0,0,0,100,0
15282,UK,5-9,Child,White,Under 17,weekday,0,0,0,0,0,0,0,0,0,0
15283,UK,5-9,Child,White,Under 17,weekday,0,0,0,0,0,0,0,0,0,0
15284,UK,0-4,Child,White,Under 17,weekday,4,0,0,0,0,0,0,4,0,0
15285,UK,0-4,Child,White,Under 17,weekday,0,0,0,0,0,0,0,0,0,0
15286,UK,5-9,Child,Mixed,Under 17,weekend,0,0,0,0,0,0,0,0,0,0
15287,UK,5-9,Child,White,Under 17,weekday,32,0,0,0,0,0,0,20,12,0
15288,UK,15-19,Child,Mixed,Student,weekday,0,0,0,0,0,0,0,0,0,0
15289,UK,5-9,Child,White,Under 17,weekend,0,0,0,0,0,0,0,0,0,0
15290,UK,10-14,Child,Black,Under 17,weekday,36,0,0,0,20,10,0,4,2,0
15291,UK,10-14,Child,Black,Under 17,weekday,27,0,0,0,0,0,0,4,14,9
15292,UK,10-14,Child,White,Under 17,weekday,0,0,0,0,0,0,0,0,0,0
15293,UK,15-19,Child,White,Student,weekday,28,0,0,0,0,0,0,25,3,0
15294,UK,0-4,Child,Asian,Under 17,weekday,3,0,0,0,0,0,0,1,2,0
15295,UK,5-9,Child,White,Under 17,weekend,8,0,0,0,0,0,0,1,5,2
15296,UK,10-14,Child,White,Under 17,weekday,140,0,0,0,0,0,0,100,40,0
15297,UK,5-9,Child,Black,Under 17,weekend,5,0,0,0,0,0,0,5,0,0
15298,UK,15-19,Child,Black,Under 17,weekday,0,0,0,0,0,0,0,0,0,0
15299,UK,15-19,Child,White,Student,weekday,45,0,0,0,20,8,0,5,10,2
15300,UK,15-19,Child,Black,Student,weekday,0,0,0,0,0,0,0,0,0,0
15301,UK,10-14,Child,Black,Under 17,weekend,9,0,0,0,0,0,0,8,1,0
15302,UK,15-19,Child,White,Student,weekday,8,0,0,0,0,0,0,3,5,0
15303,UK,10-14,Child,Black,Under 17,weekday,0,0,0,0,0,0,0,0,0,0
15304,UK,15-19,Child,White,Under 17,weekend,25,0,0,0,0,0,0,4,16,5
15305,UK,10-14,Child,White,Under 17,weekday,6,0,0,0,0,0,0,3,2,1
15306,UK,5-9,Child,Asian,Under 17,weekday,0,0,0,0,0,0,0,0,0,0
15307,UK,15-19,Child,White,Under 17,weekday,0,0,0,0,0,0,0,0,0,0
15308,UK,15-19,Child,Mixed,Under 17,weekday,3,0,0,0,0,0,0,1,2,0
15309,UK,10-14,Child,White,Under 17,weekday,0,0,0,0,0,0,0,0,0,0
15310,UK,10-14,Child,White,Under 17,weekday,0,0,0,0,0,0,0,0,0,0
15311,UK,10-14,Child,White,Under 17,weekday,1,0,0,0,0,0,0,1,0,0
15312,UK,10-14,Child,White,Under 17,weekday,0,0,0,0,0,0,0,0,0,0
15313,UK,10-14,Child,White,Under 17,weekday,0,0,0,0,0,0,0,0,0,0
15314,UK,5-9,Child,White,Under 17,weekday,3,0,0,0,0,0,0,1,2,0
15315,UK,10-14,Child,White,Under 17,weekday,0,0,0,0,0,0,0,0,0,0
15316,UK,10-14,Child,White,Under 17,weekday,35,0,0,0,30,5,0,0,0,0
15317,UK,15-19,Child,Asian,Under 17,weekday,0,0,0,0,0,0,0,0,0,0
15318,UK,0-4,Child,White,Under 17,weekday,1,0,0,0,0,0,0,1,0,0
15319,UK,0-4,Child,White,Under 17,weekday,0,0,0,0,0,0,0,0,0,0
15320,UK,0-4,Child,White,Under 17,weekday,0,0,0,0,0,0,0,0,0,0
15321,UK,10-14,Child,White,Under 17,weekday,0,0,0,0,0,0,0,0,0,0
15322,UK,5-9,Child,Mixed,Under 17,weekday,4,0,0,0,0,0,0,3,0,1
15323,UK,5-9,Child,Mixed,Under 17,weekday,60,0,0,0,60,0,0,0,0,0
15324,UK,0-4,Child,White,Under 17,weekday,4,0,0,0,0,0,0,0,3,1
15325,UK,10-14,Child,White,Under 17,weekend,0,0,0,0,0,0,0,0,0,0
15326,UK,0-4,Child,Asian,Under 17,weekday,35,0,0,0,0,0,0,10,20,5
15327,UK,0-4,Child,White,Under 17,weekday,15,0,0,0,12,3,0,0,0,0
15328,UK,15-19,Child,White,Student,weekend,0,0,0,0,0,0,0,0,0,0
15329,UK,10-14,Child,Asian,Under 17,weekday,4,0,0,0,0,0,0,2,2,0
15330,UK,15-19,Child,White,Under 17,weekday,0,0,0,0,0,0,0,0,0,0
15331,UK,0-4,Child,Asian,Under 17,weekday,0,0,0,0,0,0,0,0,0,0
15332,UK,10-14,Child,Mixed,Under 17,weekday,1,0,0,0,0,0,0,0,0,1
15333,UK,5-9,Child,White,Under 17,weekday,0,0,0,0,0,0,0,0,0,0
15334,UK,0-4,Child,White,Under 17,weekend,0,0,0,0,0,0,0,0,0,0
15335,UK,0-4,Child,White,Under 17,weekend,0,0,0,0,0,0,0,0,0,0
15336,UK,15-19,Child,White,Under 17,weekday,23,0,0,0,0,0,0,12,8,3
15337,UK,15-19,Child,Asian,Student,weekday,3,0,0,0,0,0,0,1,2,0
15338,UK,15-19,Child,Asian,Under 17,weekend,7,0,0,0,0,0,0,2,5,0
15339,UK,10-14,Child,White,Under 17,weekday,9,0,0,0,0,0,0,6,2,1
15340,UK,10-14,Child,Black,Under 17,weekend,0,0,0,0,0,0,0,0,0,0
15341,UK,10-14,Child,Asian,Under 17,weekday,30,0,0,0,0,0,0,20,4,6
15342,UK,5-9,Child,Black,Under 17,weekday,0,0,0,0,0,0,0,0,0,0
15343,UK,10-14,Child,White,Under 17,weekend,8,0,0,0,0,0,0,4,4,0
15344,UK,10-14,Child,White,Under 17,weekend,0,0,0,0,0,0,0,0,0,0
15345,UK,10-14,Child,Black,Under 17,weekday,2,0,0,0,0,0,0,0,2,0
15346,UK,5-9,Child,White,Under 17,weekend,0,0,0,0,0,0,0,0,0,0
15347,UK,10-14,Child,White,Under 17,weekday,4,0,0,0,0,0,0,3,1,0
15348,UK,15-19,Child,White,Under 17,weekday,0,0,0,0,0,0,0,0,0,0
15349,UK,10-14,Child,White,Under 17,weekday,0,0,0,0,0,0,0,0,0,0
15350,UK,10-14,Child,White,Under 17,weekday,35,0,0,0,0,0,0,30,5,0
15351,UK,0-4,Child,Asian,Under 17,weekend,6,0,0,0,0,0,0,2,4,0
15352,UK,5-9,Child,White,Under 17,weekend,5,0,0,0,0,0,0,2,2,1
15353,UK,0-4,Child,White,Under 17,weekend,0,0,0,0,0,0,0,0,0,0
15354,UK,10-14,Child,White,Under 17,weekend,0,0,0,0,0,0,0,0,0,0
15355,UK,0-4,Child,White,Under 17,weekday,0,0,0,0,0,0,0,0,0,0
15356,UK,10-14,Child,White,Under 17,weekday,2,0,0,0,0,0,0,0,2,0
15357,UK,10-14,Child,White,Under 17,weekday,3,0,0,0,0,0,0,2,1,0
15358,UK,10-14,Child,White,Under 17,weekend,2,0,0,0,0,0,0,2,0,0
15359,UK,5-9,Child,White,Under 17,weekday,7,0,0,0,0,0,0,5,2,0
15360,UK,0-4,Child,Mixed,Under 17,weekday,0,0,0,0,0,0,0,0,0,0
15361,UK,5-9,Child,Black,Under 17,weekday,0,0,0,0,0,0,0,0,0,0
15362,UK,5-9,Child,Asian,Under 17,weekday,0,0,0,0,0,0,0,0,0,0
15363,UK,5-9,Child,White,Under 17,weekday,9,0,0,0,5,1,1,0,1,1
15364,UK,15-19,Child,White,Under 17,weekday,0,0,0,0,0,0,0,0,0,0
15365,UK,10-14,Child,White,Under 17,weekday,0,0,0,0,0,0,0,0,0,0
15366,UK,15-19,Child,White,Under 17,weekday,4,0,0,0,0,0,0,3,1,0
15367,UK,5-9,Child,White,Under 17,weekday,0,0,0,0,0,0,0,0,0,0
15368,UK,5-9,Child,White,Under 17,weekend,27,0,0,0,0,0,0,2,20,5
15369,UK,0-4,Child,White,Under 17,weekend,0,0,0,0,0,0,0,0,0,0
15370,UK,10-14,Child,White,Under 17,weekday,0,0,0,0,0,0,0,0,0,0
15371,UK,10-14,Child,White,Under 17,weekday,0,0,0,0,0,0,0,0,0,0
15372,UK,15-19,Child,Asian,Student,weekday,6,0,0,0,0,0,0,6,0,0
15373,UK,15-19,Child,Asian,Under 17,weekend,0,0,0,0,0,0,0,0,0,0
15374,UK,15-19,Child,White,Under 17,weekday,0,0,0,0,0,0,0,0,0,0
15375,UK,0-4,Child,Asian,Under 17,weekday,4,0,0,0,0,0,0,0,4,0
15376,UK,10-14,Child,White,Under 17,weekend,1,0,0,0,0,0,0,0,1,0
15377,UK,10-14,Child,White,Under 17,weekday,0,0,0,0,0,0,0,0,0,0
15378,UK,5-9,Child,White,Under 17,weekday,5,0,0,0,0,0,0,1,2,2
15379,UK,15-19,Child,White,Under 17,weekday,0,0,0,0,0,0,0,0,0,0
15380,UK,15-19,Child,White,Under 17,weekday,0,0,0,0,0,0,0,0,0,0
15381,UK,15-19,Child,Black,Student,weekend,2,0,0,0,0,0,0,2,0,0
15382,UK,0-4,Child,Asian,Under 17,weekend,0,0,0,0,0,0,0,0,0,0
15383,UK,10-14,Child,White,Under 17,weekend,0,0,0,0,0,0,0,0,0,0
15384,UK,5-9,Child,White,Under 17,weekday,0,0,0,0,0,0,0,0,0,0
15385,UK,5-9,Child,White,Under 17,weekday,10,0,0,0,0,0,0,2,5,3
15386,UK,5-9,Child,White,Under 17,weekend,8,0,0,0,0,0,0,4,2,2
15387,UK,10-14,Child,White,Under 17,weekday,0,0,0,0,0,0,0,0,0,0
15388,UK,5-9,Child,Mixed,Under 17,weekday,0,0,0,0,0,0,0,0,0,0
15389,UK,5-9,Child,Black,Under 17,weekend,14,0,0,0,0,0,0,7,5,2
15390,UK,10-14,Child,White,Under 17,weekday,0,0,0,0,0,0,0,0,0,0
15391,UK,10-14,Child,White,Under 17,weekday,0,0,0,0,0,0,0,0,0,0
15392,UK,5-9,Child,Asian,Under 17,weekday,9,0,0,0,0,0,0,3,3,3
15393,UK,15-19,Child,White,Under 17,weekend,0,0,0,0,0,0,0,0,0,0
15394,UK,10-14,Child,White,Under 17,weekend,0,0,0,0,0,0,0,0,0,0
15395,UK,15-19,Child,White,Under 17,weekend,0,0,0,0,0,0,0,0,0,0
15396,UK,0-4,Child,White,Under 17,weekend,0,0,0,0,0,0,0,0,0,0
15397,UK,15-19,Child,White,Under 17,weekend,0,0,0,0,0,0,0,0,0,0
15398,UK,5-9,Child,White,Under 17,weekend,0,0,0,0,0,0,0,0,0,0
15399,UK,5-9,Child,Asian,Under 17,weekend,0,0,0,0,0,0,0,0,0,0
15400,UK,10-14,Child,White,Under 17,weekend,0,0,0,0,0,0,0,0,0,0
15401,UK,5-9,Child,White,Under 17,weekday,8,0,0,0,0,0,0,1,7,0
15402,UK,10-14,Child,Asian,Under 17,weekend,9,0,0,0,0,0,0,2,4,3
15403,UK,0-4,Child,Asian,Under 17,weekend,0,0,0,0,0,0,0,0,0,0
15404,UK,5-9,Child,Mixed,Under 17,weekday,0,0,0,0,0,0,0,0,0,0
15405,UK,15-19,Child,White,Student,weekend,0,0,0,0,0,0,0,0,0,0
15406,UK,5-9,Child,White,Under 17,weekday,65,0,0,0,30,10,0,0,15,10
15407,UK,0-4,Child,White,Under 17,weekend,0,0,0,0,0,0,0,0,0,0
15408,UK,10-14,Child,White,Under 17,weekday,0,0,0,0,0,0,0,0,0,0
15409,UK,10-14,Child,White,Under 17,weekend,0,0,0,0,0,0,0,0,0,0
15410,UK,15-19,Child,White,Under 17,weekend,0,0,0,0,0,0,0,0,0,0
15411,UK,15-19,Child,White,Student,weekend,0,0,0,0,0,0,0,0,0,0
15412,UK,10-14,Child,White,Under 17,weekend,0,0,0,0,0,0,0,0,0,0
15413,UK,10-14,Child,White,Under 17,weekday,13,0,0,0,0,0,0,5,6,2
15414,UK,0-4,Child,Black,Under 17,weekday,0,0,0,0,0,0,0,0,0,0
15415,UK,10-14,Child,White,Under 17,weekend,0,0,0,0,0,0,0,0,0,0
15416,UK,10-14,Child,Black,Under 17,weekend,64,0,0,0,0,0,0,16,25,23
15417,UK,5-9,Child,White,Under 17,weekday,55,0,0,0,0,0,0,50,5,0
15418,UK,0-4,Child,White,Under 17,weekday,0,0,0,0,0,0,0,0,0,0
15419,UK,15-19,Child,Prefer not to say,Student,weekday,1,0,0,0,0,0,0,0,1,0
15420,UK,10-14,Child,Mixed,Under 17,weekend,110,0,0,0,0,0,0,10,50,50
15421,UK,0-4,Child,Mixed,Under 17,weekday,10,0,0,0,0,0,0,10,0,0
15422,UK,5-9,Child,Asian,Under 17,weekend,0,0,0,0,0,0,0,0,0,0
15423,UK,0-4,Child,Black,Under 17,weekday,0,0,0,0,0,0,0,0,0,0
15424,UK,10-14,Child,White,Under 17,weekend,2,0,0,0,0,0,0,0,2,0
15425,UK,5-9,Child,Black,Under 17,weekday,7,0,0,0,0,0,0,2,1,4
15426,UK,5-9,Child,White,Under 17,weekend,1,0,0,0,0,0,0,0,1,0
15427,UK,5-9,Child,White,Under 17,weekday,0,0,0,0,0,0,0,0,0,0
15428,UK,10-14,Child,Asian,Under 17,weekday,0,0,0,0,0,0,0,0,0,0
15429,UK,15-19,Child,Asian,Student,weekday,5,0,0,0,0,0,0,3,2,0
15430,UK,10-14,Child,Black,Under 17,weekday,0,0,0,0,0,0,0,0,0,0
15431,UK,15-19,Child,White,Student,weekend,0,0,0,0,0,0,0,0,0,0
15432,UK,10-14,Child,White,Under 17,weekend,0,0,0,0,0,0,0,0,0,0
15433,UK,5-9,Child,White,Under 17,weekend,0,0,0,0,0,0,0,0,0,0
15434,UK,5-9,Child,Black,Under 17,weekday,9,0,0,0,0,0,0,2,5,2
15435,UK,5-9,Child,White,Under 17,weekend,1,0,0,0,0,0,0,0,1,0
15436,UK,5-9,Child,White,Under 17,weekday,30,0,0,0,0,0,0,30,0,0
15437,UK,5-9,Child,White,Under 17,weekend,50,0,0,0,0,0,0,20,20,10
15438,UK,0-4,Child,Asian,Under 17,weekend,0,0,0,0,0,0,0,0,0,0
15439,UK,15-19,Child,White,Under 17,weekday,13,0,0,0,10,2,1,0,0,0
15440,UK,15-19,Child,White,Under 17,weekend,0,0,0,0,0,0,0,0,0,0
15441,UK,10-14,Child,White,Under 17,weekday,87,0,0,0,0,0,0,10,32,45
15442,UK,0-4,Child,White,Under 17,weekend,0,0,0,0,0,0,0,0,0,0
15443,UK,5-9,Child,White,Under 17,weekend,0,0,0,0,0,0,0,0,0,0
15444,UK,15-19,Child,White,Student,weekday,0,0,0,0,0,0,0,0,0,0
15445,UK,5-9,Child,White,Under 17,weekday,6,0,0,0,0,0,0,2,4,0
15446,UK,0-4,Child,White,Under 17,weekday,0,0,0,0,0,0,0,0,0,0
15447,UK,5-9,Child,White,Under 17,weekend,0,0,0,0,0,0,0,0,0,0
15448,UK,15-19,Child,White,Under 17,weekday,0,0,0,0,0,0,0,0,0,0
15449,UK,10-14,Child,White,Under 17,weekend,0,0,0,0,0,0,0,0,0,0
15450,UK,5-9,Child,White,Under 17,weekend,0,0,0,0,0,0,0,0,0,0
15451,UK,5-9,Child,Asian,Under 17,weekday,1,0,0,0,0,1,0,0,0,0
15452,UK,15-19,Child,Black,Student,weekend,0,0,0,0,0,0,0,0,0,0
15453,UK,15-19,Child,White,Student,weekday,35,0,0,0,0,0,0,30,5,0
15454,UK,5-9,Child,White,Under 17,weekend,0,0,0,0,0,0,0,0,0,0
15455,UK,0-4,Child,White,Under 17,weekend,0,0,0,0,0,0,0,0,0,0
15456,UK,10-14,Child,White,Under 17,weekday,0,0,0,0,0,0,0,0,0,0
15457,UK,10-14,Child,White,Under 17,weekday,18,0,0,0,0,0,0,15,3,0
15458,UK,5-9,Child,Asian,Under 17,weekend,0,0,0,0,0,0,0,0,0,0
15459,UK,10-14,Child,White,Under 17,weekday,0,0,0,0,0,0,0,0,0,0
15460,UK,15-19,Child,White,Under 17,weekday,0,0,0,0,0,0,0,0,0,0
15461,UK,10-14,Child,White,Under 17,weekend,0,0,0,0,0,0,0,0,0,0
15462,UK,10-14,Child,Asian,Under 17,weekday,0,0,0,0,0,0,0,0,0,0
15463,UK,10-14,Child,Mixed,Under 17,weekend,0,0,0,0,0,0,0,0,0,0
15464,UK,10-14,Child,White,Under 17,weekend,20,0,0,0,0,0,0,10,10,0
15465,UK,5-9,Child,White,Under 17,weekend,0,0,0,0,0,0,0,0,0,0
15466,UK,5-9,Child,Black,Under 17,weekday,0,0,0,0,0,0,0,0,0,0
15467,UK,10-14,Child,Asian,Under 17,weekend,45,0,0,0,0,0,0,30,10,5
15468,UK,15-19,Child,White,Under 17,weekday,4,0,0,0,0,0,0,3,1,0
15469,UK,15-19,Child,White,Under 17,weekend,0,0,0,0,0,0,0,0,0,0
15470,UK,15-19,Child,White,Under 17,weekday,0,0,0,0,0,0,0,0,0,0
15471,UK,10-14,Child,Black,Under 17,weekend,35,0,0,0,0,0,0,15,10,10
15472,UK,5-9,Child,White,Under 17,weekday,3,0,0,0,0,0,0,1,2,0
15473,UK,0-4,Child,White,Under 17,weekday,0,0,0,0,0,0,0,0,0,0
15474,UK,15-19,Child,White,Under 17,weekday,0,0,0,0,0,0,0,0,0,0
15475,UK,5-9,Child,White,Under 17,weekday,0,0,0,0,0,0,0,0,0,0
15476,UK,10-14,Child,Mixed,Under 17,weekday,9,0,0,0,0,0,0,2,7,0
15477,UK,5-9,Child,Asian,Under 17,weekend,0,0,0,0,0,0,0,0,0,0
15478,UK,5-9,Child,White,Under 17,weekday,2,0,0,0,0,0,0,0,2,0
15479,UK,10-14,Child,White,Under 17,weekday,0,0,0,0,0,0,0,0,0,0
15480,UK,10-14,Child,White,Under 17,weekend,110,0,0,0,0,0,0,100,10,0
15481,UK,10-14,Child,White,Under 17,weekend,4,0,0,0,0,0,0,2,2,0
15482,UK,10-14,Child,Asian,Under 17,weekday,4,0,0,0,0,0,0,2,2,0
15483,UK,15-19,Child,White,Under 17,weekend,0,0,0,0,0,0,0,0,0,0
15484,UK,10-14,Child,White,Under 17,weekday,0,0,0,0,0,0,0,0,0,0
15485,UK,10-14,Child,White,Under 17,weekend,1,0,0,0,0,0,0,0,1,0
15486,UK,5-9,Child,White,Under 17,weekday,0,0,0,0,0,0,0,0,0,0
15487,UK,15-19,Child,White,Under 17,weekday,0,0,0,0,0,0,0,0,0,0
15488,UK,5-9,Child,White,Under 17,weekday,0,0,0,0,0,0,0,0,0,0
15489,UK,15-19,Child,White,Student,weekday,0,0,0,0,0,0,0,0,0,0
15490,UK,5-9,Child,White,Under 17,weekday,24,0,0,0,0,0,0,20,4,0
15491,UK,15-19,Child,White,Under 17,weekend,6,0,0,0,0,0,0,1,5,0
15492,UK,0-4,Child,White,Under 17,weekend,21,0,0,0,0,0,0,20,1,0
15493,UK,0-4,Child,Black,Under 17,weekday,4,0,0,0,0,0,0,4,0,0
15494,UK,0-4,Child,Black,Under 17,weekend,75,0,0,0,0,0,0,20,35,20
15495,UK,15-19,Child,Black,Student,weekday,0,0,0,0,0,0,0,0,0,0
15496,UK,5-9,Child,Black,Under 17,weekend,1,0,0,0,0,0,0,1,0,0
15497,UK,5-9,Child,White,Under 17,weekday,8,0,0,0,0,0,0,3,5,0
15498,UK,10-14,Child,White,Under 17,weekend,0,0,0,0,0,0,0,0,0,0
15499,UK,0-4,Child,Black,Under 17,weekday,42,0,0,0,0,0,0,20,10,12
15500,UK,5-9,Child,White,Under 17,weekday,0,0,0,0,0,0,0,0,0,0
15501,UK,0-4,Child,White,Under 17,weekday,0,0,0,0,0,0,0,0,0,0
15502,UK,5-9,Child,White,Under 17,weekday,0,0,0,0,0,0,0,0,0,0
15503,UK,0-4,Child,Black,Under 17,weekday,34,0,0,0,0,0,0,30,4,0
15504,UK,5-9,Child,Asian,Under 17,weekday,0,0,0,0,0,0,0,0,0,0
15505,UK,0-4,Child,White,Under 17,weekend,0,0,0,0,0,0,0,0,0,0
15506,UK,15-19,Child,White,Under 17,weekday,0,0,0,0,0,0,0,0,0,0
15507,UK,10-14,Child,White,Under 17,weekend,0,0,0,0,0,0,0,0,0,0
15508,UK,5-9,Child,White,Under 17,weekday,4,0,0,0,0,0,0,2,2,0
15509,UK,5-9,Child,White,Under 17,weekday,3,0,0,0,0,0,0,3,0,0
15510,UK,5-9,Child,Black,Under 17,weekday,0,0,0,0,0,0,0,0,0,0
15511,UK,0-4,Child,White,Under 17,weekday,0,0,0,0,0,0,0,0,0,0
15512,UK,5-9,Child,White,Under 17,weekday,0,0,0,0,0,0,0,0,0,0
15513,UK,10-14,Child,White,Under 17,weekday,0,0,0,0,0,0,0,0,0,0
15514,UK,10-14,Child,White,Under 17,weekday,0,0,0,0,0,0,0,0,0,0
15515,UK,5-9,Child,White,Under 17,weekday,5,0,0,0,0,0,0,3,2,0
15516,UK,10-14,Child,White,Under 17,weekday,9,0,0,0,0,0,0,6,3,0
15517,UK,5-9,Child,White,Under 17,weekday,0,0,0,0,0,0,0,0,0,0
15518,UK,10-14,Child,White,Under 17,weekday,22,0,0,0,0,0,0,20,2,0
15519,UK,5-9,Child,White,Under 17,weekend,0,0,0,0,0,0,0,0,0,0
15520,UK,10-14,Child,White,Under 17,weekday,0,0,0,0,0,0,0,0,0,0
15521,UK,15-19,Child,Asian,Student,weekday,3,0,0,0,0,0,0,1,1,1
15522,UK,15-19,Child,White,Under 17,weekday,0,0,0,0,0,0,0,0,0,0
15523,UK,5-9,Child,Black,Under 17,weekday,0,0,0,0,0,0,0,0,0,0
15524,UK,0-4,Child,White,Under 17,weekday,3,0,0,0,0,0,0,1,2,0
15525,UK,15-19,Child,Asian,Under 17,weekday,0,0,0,0,0,0,0,0,0,0
15526,UK,0-4,Child,Asian,Under 17,weekday,0,0,0,0,0,0,0,0,0,0
15527,UK,10-14,Child,Mixed,Under 17,weekday,0,0,0,0,0,0,0,0,0,0
15528,UK,15-19,Child,White,Student,weekday,0,0,0,0,0,0,0,0,0,0
15529,UK,5-9,Child,White,Under 17,weekday,0,0,0,0,0,0,0,0,0,0
15530,UK,10-14,Child,White,Under 17,weekday,30,0,0,0,0,0,0,30,0,0
15531,UK,10-14,Child,White,Under 17,weekday,0,0,0,0,0,0,0,0,0,0
15532,UK,0-4,Child,White,Under 17,weekday,9,0,0,0,0,0,0,3,5,1
15533,UK,15-19,Child,White,Under 17,weekday,5,0,0,0,0,0,0,1,4,0
15534,UK,0-4,Child,White,Under 17,weekend,0,0,0,0,0,0,0,0,0,0
15535,UK,10-14,Child,White,Under 17,weekend,0,0,0,0,0,0,0,0,0,0
15536,UK,10-14,Child,White,Under 17,weekend,0,0,0,0,0,0,0,0,0,0
15537,UK,15-19,Child,Black,Under 17,weekday,8,0,0,0,0,0,0,1,5,2
15538,UK,10-14,Child,White,Under 17,weekday,42,0,0,0,0,0,0,39,3,0
15539,UK,0-4,Child,White,Under 17,weekday,0,0,0,0,0,0,0,0,0,0
15540,UK,10-14,Child,White,Under 17,weekend,0,0,0,0,0,0,0,0,0,0
15541,UK,15-19,Child,Mixed,Under 17,weekend,7,0,0,0,0,0,0,7,0,0
15542,UK,5-9,Child,Black,Under 17,weekend,4,0,0,0,0,0,0,2,1,1
15543,UK,10-14,Child,White,Under 17,weekday,0,0,0,0,0,0,0,0,0,0
15544,UK,0-4,Child,White,Under 17,weekday,13,0,0,0,0,0,0,5,8,0
15545,UK,0-4,Child,Black,Under 17,weekday,0,0,0,0,0,0,0,0,0,0
15546,UK,15-19,Child,White,Student,weekend,0,0,0,0,0,0,0,0,0,0
15547,UK,5-9,Child,Asian,Under 17,weekday,0,0,0,0,0,0,0,0,0,0
15548,UK,15-19,Child,White,Under 17,weekday,7,0,0,0,0,0,0,5,2,0
15549,UK,5-9,Child,Other,Under 17,weekday,3,0,0,0,0,0,0,2,1,0
15550,UK,10-14,Child,White,Under 17,weekday,35,0,0,0,0,0,0,0,5,30
15551,UK,5-9,Child,White,Under 17,weekday,0,0,0,0,0,0,0,0,0,0
15552,UK,10-14,Child,White,Under 17,weekday,39,0,0,0,0,0,0,24,15,0
15553,UK,5-9,Child,White,Under 17,weekend,5,0,0,0,0,0,0,2,2,1
15554,UK,5-9,Child,Black,Under 17,weekday,0,0,0,0,0,0,0,0,0,0
15555,UK,5-9,Child,White,Under 17,weekday,9,0,0,0,0,0,0,7,2,0
15556,UK,10-14,Child,White,Under 17,weekday,0,0,0,0,0,0,0,0,0,0
15557,UK,10-14,Child,White,Under 17,weekday,30,0,0,0,0,0,0,30,0,0
15558,UK,10-14,Child,White,Under 17,weekday,31,0,0,0,10,3,0,15,3,0
15559,UK,10-14,Child,White,Under 17,weekend,3,0,0,0,0,0,0,2,0,1
15560,UK,5-9,Child,Asian,Under 17,weekday,1,0,0,0,0,0,0,0,1,0
15561,UK,0-4,Child,White,Under 17,weekday,4,0,0,0,0,0,0,4,0,0
15562,UK,0-4,Child,White,Under 17,weekday,8,0,0,0,0,0,0,5,2,1
15563,UK,10-14,Child,White,Under 17,weekday,6,0,0,0,0,0,0,0,4,2
15564,UK,15-19,Child,Black,Under 17,weekday,5,0,0,0,0,0,0,0,5,0
15565,UK,0-4,Child,White,Under 17,weekday,4,0,0,0,0,0,0,3,1,0
15566,UK,0-4,Child,White,Under 17,weekday,0,0,0,0,0,0,0,0,0,0
15567,UK,15-19,Child,White,Under 17,weekday,0,0,0,0,0,0,0,0,0,0
15568,UK,5-9,Child,White,Under 17,weekend,65,0,0,0,3,12,4,30,12,4
15569,UK,10-14,Child,White,Under 17,weekday,0,0,0,0,0,0,0,0,0,0
15570,UK,15-19,Child,Asian,Under 17,weekday,0,0,0,0,0,0,0,0,0,0
15571,UK,10-14,Child,White,Under 17,weekday,0,0,0,0,0,0,0,0,0,0
15572,UK,15-19,Child,White,Under 17,weekday,0,0,0,0,0,0,0,0,0,0
15573,UK,10-14,Child,White,Under 17,weekday,0,0,0,0,0,0,0,0,0,0
15574,UK,5-9,Child,White,Under 17,weekday,0,0,0,0,0,0,0,0,0,0
15575,UK,15-19,Child,White,Under 17,weekend,0,0,0,0,0,0,0,0,0,0
15576,UK,10-14,Child,White,Under 17,weekday,4,0,0,0,0,0,0,2,2,0
15577,UK,5-9,Child,Black,Under 17,weekend,0,0,0,0,0,0,0,0,0,0
15578,UK,10-14,Child,White,Under 17,weekday,221,0,0,0,100,5,2,100,12,2
15579,UK,10-14,Child,Asian,Under 17,weekend,0,0,0,0,0,0,0,0,0,0
15580,UK,10-14,Child,White,Under 17,weekend,0,0,0,0,0,0,0,0,0,0
15581,UK,10-14,Child,White,Under 17,weekday,5,0,0,0,0,0,0,3,2,0
15582,UK,10-14,Child,White,Under 17,weekday,8,0,0,0,0,0,0,5,3,0
15583,UK,10-14,Child,White,Under 17,weekend,0,0,0,0,0,0,0,0,0,0
15584,UK,0-4,Child,Black,Under 17,weekday,26,0,0,0,7,5,1,7,5,1
15585,UK,10-14,Child,White,Under 17,weekend,60,0,0,0,0,0,0,20,40,0
15586,UK,5-9,Child,White,Under 17,weekday,6,0,0,0,0,0,0,5,1,0
15587,UK,0-4,Child,White,Under 17,weekday,0,0,0,0,0,0,0,0,0,0
15588,UK,10-14,Child,Black,Under 17,weekday,0,0,0,0,0,0,0,0,0,0
15589,UK,5-9,Child,White,Under 17,weekday,18,0,0,0,3,5,0,3,7,0
15590,UK,10-14,Child,White,Under 17,weekday,0,0,0,0,0,0,0,0,0,0
15591,UK,15-19,Child,White,Under 17,weekday,0,0,0,0,0,0,0,0,0,0
15592,UK,15-19,Child,Asian,Under 17,weekday,0,0,0,0,0,0,0,0,0,0
15593,UK,10-14,Child,White,Under 17,weekday,0,0,0,0,0,0,0,0,0,0
15594,UK,10-14,Child,Asian,Under 17,weekday,0,0,0,0,0,0,0,0,0,0
15595,UK,10-14,Child,White,Under 17,weekday,0,0,0,0,0,0,0,0,0,0
15596,UK,5-9,Child,Black,Under 17,weekday,0,0,0,0,0,0,0,0,0,0
15597,UK,10-14,Child,Black,Under 17,weekday,17,0,0,0,0,0,0,11,6,0
15598,UK,10-14,Child,White,Under 17,weekday,5,0,0,0,0,0,0,5,0,0
15599,UK,5-9,Child,White,Under 17,weekday,5,0,0,0,5,0,0,0,0,0
15600,UK,10-14,Child,White,Under 17,weekday,0,0,0,0,0,0,0,0,0,0
15601,UK,10-14,Child,Black,Under 17,weekday,8,0,0,0,0,0,0,0,8,0
15602,UK,10-14,Child,White,Under 17,weekday,17,0,0,0,0,0,0,12,5,0
15603,UK,10-14,Child,White,Under 17,weekend,0,0,0,0,0,0,0,0,0,0
15604,UK,10-14,Child,Asian,Under 17,weekday,4,0,0,0,0,0,0,2,2,0
15605,UK,5-9,Child,White,Under 17,weekday,15,0,0,0,0,0,0,15,0,0
15606,UK,10-14,Child,White,Under 17,weekday,0,0,0,0,0,0,0,0,0,0
15607,UK,10-14,Child,White,Under 17,weekday,3,0,0,0,0,0,0,1,2,0
15608,UK,5-9,Child,White,Under 17,weekday,11,0,0,0,10,1,0,0,0,0
15609,UK,10-14,Child,White,Under 17,weekday,1,0,0,0,0,0,0,0,1,0
15610,UK,0-4,Child,Black,Under 17,weekday,0,0,0,0,0,0,0,0,0,0
15611,UK,0-4,Child,Asian,Under 17,weekday,12,0,0,0,0,0,0,10,2,0
15612,UK,10-14,Child,White,Under 17,weekday,0,0,0,0,0,0,0,0,0,0
15613,UK,0-4,Child,White,Under 17,weekday,0,0,0,0,0,0,0,0,0,0
15614,UK,5-9,Child,White,Under 17,weekday,100,0,0,0,0,0,0,10,50,40
15615,UK,5-9,Child,White,Under 17,weekday,0,0,0,0,0,0,0,0,0,0
15616,UK,10-14,Child,White,Under 17,weekday,0,0,0,0,0,0,0,0,0,0
15617,UK,10-14,Child,White,Under 17,weekend,0,0,0,0,0,0,0,0,0,0
15618,UK,10-14,Child,White,Under 17,weekday,50,0,0,0,0,0,0,40,10,0
15619,UK,5-9,Child,Black,Under 17,weekday,0,0,0,0,0,0,0,0,0,0
15620,UK,5-9,Child,White,Under 17,weekday,0,0,0,0,0,0,0,0,0,0
15621,UK,10-14,Child,White,Under 17,weekday,0,0,0,0,0,0,0,0,0,0
15622,UK,10-14,Child,White,Under 17,weekday,0,0,0,0,0,0,0,0,0,0
15623,UK,0-4,Child,Asian,Under 17,weekday,0,0,0,0,0,0,0,0,0,0
15624,UK,15-19,Child,White,Under 17,weekday,50,0,0,0,50,0,0,0,0,0
15625,UK,10-14,Child,White,Under 17,weekday,0,0,0,0,0,0,0,0,0,0
15626,UK,15-19,Child,White,Student,weekday,0,0,0,0,0,0,0,0,0,0
15627,UK,5-9,Child,White,Under 17,weekday,0,0,0,0,0,0,0,0,0,0
15628,UK,0-4,Child,Black,Under 17,weekday,11,0,0,0,6,3,0,1,1,0
15629,UK,10-14,Child,White,Under 17,weekday,0,0,0,0,0,0,0,0,0,0
15630,UK,0-4,Child,White,Under 17,weekday,0,0,0,0,0,0,0,0,0,0
15631,UK,5-9,Child,Black,Under 17,weekend,7,0,0,0,0,0,0,0,7,0
15632,UK,10-14,Child,White,Under 17,weekday,0,0,0,0,0,0,0,0,0,0
15633,UK,10-14,Child,White,Under 17,weekday,40,0,0,0,0,0,0,5,20,15
15634,UK,10-14,Child,White,Under 17,weekday,20,0,0,0,0,0,0,15,5,0
15635,UK,5-9,Child,White,Under 17,weekday,30,0,0,0,0,0,0,30,0,0
15636,UK,15-19,Child,White,Under 17,weekday,0,0,0,0,0,0,0,0,0,0
15637,UK,10-14,Child,White,Under 17,weekday,0,0,0,0,0,0,0,0,0,0
15638,UK,5-9,Child,White,Under 17,weekday,9,0,0,0,0,0,0,3,4,2
15639,UK,10-14,Child,White,Under 17,weekday,120,0,0,0,0,0,0,100,20,0
15640,UK,5-9,Child,Black,Under 17,weekend,0,0,0,0,0,0,0,0,0,0
15641,UK,15-19,Child,Black,Student,weekday,0,0,0,0,0,0,0,0,0,0
15642,UK,0-4,Child,Black,Under 17,weekday,5,0,0,0,0,0,0,0,5,0
15643,UK,5-9,Child,White,Under 17,weekday,4,0,0,0,0,0,0,0,4,0
15644,UK,15-19,Child,White,Student,weekday,26,0,0,0,0,0,0,20,6,0
15645,UK,5-9,Child,White,Under 17,weekday,7,0,0,0,0,0,0,2,4,1
15646,UK,5-9,Child,White,Under 17,weekday,0,0,0,0,0,0,0,0,0,0
15647,UK,5-9,Child,White,Under 17,weekend,3,0,0,0,0,0,0,1,2,0
15648,UK,0-4,Child,Asian,Under 17,weekday,0,0,0,0,0,0,0,0,0,0
15649,UK,5-9,Child,Asian,Under 17,weekday,0,0,0,0,0,0,0,0,0,0
15650,UK,0-4,Child,White,Under 17,weekday,10,0,0,0,0,0,0,2,7,1
15651,UK,0-4,Child,Asian,Under 17,weekend,2,0,0,0,0,0,0,0,2,0
15652,UK,10-14,Child,White,Under 17,weekday,5,0,0,0,0,0,0,1,2,2
15653,UK,0-4,Child,White,Under 17,weekday,0,0,0,0,0,0,0,0,0,0
15654,UK,5-9,Child,White,Under 17,weekday,4,0,0,0,0,0,0,3,1,0
15655,UK,15-19,Child,Black,Student,weekend,65,0,0,0,0,0,0,20,40,5
15656,UK,15-19,Child,White,Student,weekend,0,0,0,0,0,0,0,0,0,0
15657,UK,15-19,Child,White,Under 17,weekday,4,0,0,0,0,0,0,2,2,0
15658,UK,5-9,Child,White,Under 17,weekend,0,0,0,0,0,0,0,0,0,0
15659,UK,15-19,Child,Mixed,Student,weekday,8,0,0,0,0,0,0,2,4,2
15660,UK,0-4,Child,White,Under 17,weekday,0,0,0,0,0,0,0,0,0,0
15661,UK,10-14,Child,White,Under 17,weekday,0,0,0,0,0,0,0,0,0,0
15662,UK,5-9,Child,White,Under 17,weekend,0,0,0,0,0,0,0,0,0,0
15663,UK,5-9,Child,White,Under 17,weekend,0,0,0,0,0,0,0,0,0,0
15664,UK,0-4,Child,White,Under 17,weekday,0,0,0,0,0,0,0,0,0,0
15665,UK,0-4,Child,Black,Under 17,weekday,0,0,0,0,0,0,0,0,0,0
15666,UK,0-4,Child,Mixed,Under 17,weekday,0,0,0,0,0,0,0,0,0,0
15667,UK,15-19,Child,White,Under 17,weekday,0,0,0,0,0,0,0,0,0,0
15668,UK,5-9,Child,White,Under 17,weekday,0,0,0,0,0,0,0,0,0,0
15669,UK,5-9,Child,White,Under 17,weekday,0,0,0,0,0,0,0,0,0,0
15670,UK,5-9,Child,White,Under 17,weekday,3,0,0,0,0,0,0,1,1,1
15671,UK,10-14,Child,White,Under 17,weekend,0,0,0,0,0,0,0,0,0,0
15672,UK,5-9,Child,White,Under 17,weekday,3,0,0,0,0,0,0,1,2,0
15673,UK,10-14,Child,Asian,Under 17,weekday,0,0,0,0,0,0,0,0,0,0
15674,UK,5-9,Child,White,Under 17,weekday,0,0,0,0,0,0,0,0,0,0
15675,UK,5-9,Child,White,Under 17,weekday,13,0,0,0,0,0,0,9,4,0
15676,UK,0-4,Child,Black,Under 17,weekend,5,0,0,0,0,0,0,1,4,0
15677,UK,5-9,Child,White,Under 17,weekday,4,0,0,0,0,0,0,2,2,0
15678,UK,10-14,Child,White,Under 17,weekday,28,0,0,0,0,0,0,20,5,3
15679,UK,5-9,Child,Asian,Under 17,weekday,0,0,0,0,0,0,0,0,0,0
15680,UK,10-14,Child,White,Under 17,weekday,0,0,0,0,0,0,0,0,0,0
15681,UK,5-9,Child,White,Under 17,weekday,0,0,0,0,0,0,0,0,0,0
15682,UK,15-19,Child,Asian,Under 17,weekday,0,0,0,0,0,0,0,0,0,0
15683,UK,15-19,Child,Asian,Student,weekday,0,0,0,0,0,0,0,0,0,0
15684,UK,10-14,Child,Black,Under 17,weekday,1,0,0,0,0,0,0,1,0,0
15685,UK,15-19,Child,White,Under 17,weekday,7,0,0,0,0,0,0,1,5,1
15686,UK,15-19,Child,White,Student,weekday,12,0,0,0,0,0,0,1,10,1
15687,UK,15-19,Child,Black,Student,weekday,7,0,0,0,0,0,0,5,2,0
15688,UK,10-14,Child,White,Under 17,weekday,9,0,0,0,0,0,0,1,8,0
15689,UK,0-4,Child,Mixed,Under 17,weekday,0,0,0,0,0,0,0,0,0,0
15690,UK,10-14,Child,White,Under 17,weekday,94,0,0,0,0,0,0,60,30,4
15692,UK,15-19,Child,White,Student,weekday,0,0,0,0,0,0,0,0,0,0
15693,UK,10-14,Child,White,Under 17,weekday,0,0,0,0,0,0,0,0,0,0
15694,UK,5-9,Child,Asian,Under 17,weekday,5,0,0,0,0,0,0,3,2,0
15695,UK,15-19,Child,White,Student,weekday,1,0,0,0,0,0,0,0,1,0
15696,UK,10-14,Child,White,Under 17,weekday,0,0,0,0,0,0,0,0,0,0
15697,UK,10-14,Child,Asian,Under 17,weekday,47,0,0,0,0,0,0,12,30,5
15698,UK,10-14,Child,White,Under 17,weekend,0,0,0,0,0,0,0,0,0,0
15699,UK,10-14,Child,White,Under 17,weekend,0,0,0,0,0,0,0,0,0,0
15700,UK,5-9,Child,White,Under 17,weekday,0,0,0,0,0,0,0,0,0,0
15701,UK,5-9,Child,White,Under 17,weekday,0,0,0,0,0,0,0,0,0,0
15703,UK,5-9,Child,White,Under 17,weekend,0,0,0,0,0,0,0,0,0,0
15704,UK,10-14,Child,Asian,Under 17,weekday,22,0,0,0,9,0,0,8,5,0
15705,UK,0-4,Child,White,Under 17,weekday,0,0,0,0,0,0,0,0,0,0
15706,UK,15-19,Child,White,Student,weekday,0,0,0,0,0,0,0,0,0,0
15707,UK,10-14,Child,White,Under 17,weekday,0,0,0,0,0,0,0,0,0,0
15708,UK,5-9,Child,Asian,Under 17,weekday,7,0,0,0,0,0,0,3,2,2
15709,UK,15-19,Child,Asian,Under 17,weekend,0,0,0,0,0,0,0,0,0,0
15710,UK,0-4,Child,White,Under 17,weekday,0,0,0,0,0,0,0,0,0,0
15711,UK,0-4,Child,Black,Under 17,weekday,0,0,0,0,0,0,0,0,0,0
15712,UK,5-9,Child,Mixed,Under 17,weekday,2,0,0,0,0,0,0,1,1,0
15714,UK,15-19,Child,Black,Under 17,weekday,0,0,0,0,0,0,0,0,0,0
15715,UK,5-9,Child,Black,Under 17,weekday,0,0,0,0,0,0,0,0,0,0
15716,UK,5-9,Child,White,Under 17,weekday,19,0,0,0,0,0,0,16,3,0
15717,UK,10-14,Child,White,Under 17,weekday,0,0,0,0,0,0,0,0,0,0
15718,UK,5-9,Child,White,Under 17,weekday,0,0,0,0,0,0,0,0,0,0
15719,UK,10-14,Child,Asian,Under 17,weekday,3,0,0,0,0,0,0,0,3,0
15720,UK,0-4,Child,Black,Under 17,weekend,9,0,0,0,0,0,0,5,4,0
15721,UK,10-14,Child,White,Under 17,weekend,0,0,0,0,0,0,0,0,0,0
15722,UK,15-19,Child,Black,Student,weekend,8,0,0,0,0,0,0,8,0,0
15723,UK,0-4,Child,White,Under 17,weekday,3,0,0,0,0,0,0,2,1,0
15725,UK,10-14,Child,Asian,Under 17,weekday,6,0,0,0,1,0,2,1,1,1
15726,UK,15-19,Child,White,Under 17,weekday,0,0,0,0,0,0,0,0,0,0
15727,UK,10-14,Child,White,Under 17,weekday,11,0,0,0,0,0,0,5,5,1
15728,UK,10-14,Child,White,Under 17,weekday,0,0,0,0,0,0,0,0,0,0
15729,UK,15-19,Child,White,Under 17,weekday,0,0,0,0,0,0,0,0,0,0
15730,UK,10-14,Child,White,Under 17,weekday,2,0,0,0,0,0,0,1,1,0
15731,UK,0-4,Child,White,Under 17,weekend,0,0,0,0,0,0,0,0,0,0
15732,UK,5-9,Child,Black,Under 17,weekday,0,0,0,0,0,0,0,0,0,0
15733,UK,5-9,Child,Black,Under 17,weekday,0,0,0,0,0,0,0,0,0,0
15734,UK,10-14,Child,Black,Under 17,weekend,1,0,0,0,0,0,0,1,0,0
15736,UK,0-4,Child,White,Under 17,weekday,20,0,0,0,0,0,0,19,1,0
15737,UK,15-19,Child,White,Under 17,weekday,0,0,0,0,0,0,0,0,0,0
15738,UK,5-9,Child,White,Under 17,weekday,25,0,0,0,0,0,0,20,4,1
15739,UK,5-9,Child,Mixed,Under 17,weekday,49,0,0,0,0,0,0,12,27,10
15740,UK,0-4,Child,Asian,Under 17,weekday,0,0,0,0,0,0,0,0,0,0
15741,UK,10-14,Child,White,Under 17,weekday,0,0,0,0,0,0,0,0,0,0
15742,UK,10-14,Child,White,Under 17,weekday,0,0,0,0,0,0,0,0,0,0
15743,UK,10-14,Child,White,Under 17,weekend,0,0,0,0,0,0,0,0,0,0
15744,UK,0-4,Child,Asian,Under 17,weekday,0,0,0,0,0,0,0,0,0,0
15745,UK,10-14,Child,White,Under 17,weekday,0,0,0,0,0,0,0,0,0,0
15747,UK,0-4,Child,White,Under 17,weekend,0,0,0,0,0,0,0,0,0,0
15748,UK,15-19,Child,White,Student,weekday,0,0,0,0,0,0,0,0,0,0
15749,UK,5-9,Child,White,Under 17,weekend,9,0,0,0,0,0,0,5,3,1
15750,UK,10-14,Child,White,Under 17,weekday,0,0,0,0,0,0,0,0,0,0
15751,UK,0-4,Child,White,Under 17,weekday,0,0,0,0,0,0,0,0,0,0
15752,UK,0-4,Child,White,Under 17,weekend,0,0,0,0,0,0,0,0,0,0
15753,UK,10-14,Child,White,Under 17,weekday,0,0,0,0,0,0,0,0,0,0
15754,UK,5-9,Child,Black,Under 17,weekday,0,0,0,0,0,0,0,0,0,0
15755,UK,5-9,Child,White,Under 17,weekday,0,0,0,0,0,0,0,0,0,0
15776,UK,10-14,Child,Other,Under 17,weekday,0,0,0,0,0,0,0,0,0,0
15777,UK,10-14,Child,White,Under 17,weekend,3,0,0,0,0,0,0,1,2,0
15778,UK,15-19,Child,White,Under 17,weekday,0,0,0,0,0,0,0,0,0,0
15779,UK,5-9,Child,Asian,Under 17,weekday,5,0,0,0,0,0,0,3,2,0
15780,UK,10-14,Child,Prefer not to say,Under 17,weekday,12,0,0,0,2,2,0,4,4,0
15781,UK,15-19,Child,Asian,Under 17,weekday,5,0,0,0,0,0,0,0,5,0
15782,UK,15-19,Child,White,Student,weekday,0,0,0,0,0,0,0,0,0,0
15783,UK,10-14,Child,White,Under 17,weekday,12,0,0,0,0,0,0,5,5,2
15784,UK,10-14,Child,Black,Under 17,weekend,0,0,0,0,0,0,0,0,0,0
15785,UK,5-9,Child,White,Under 17,weekday,0,0,0,0,0,0,0,0,0,0
15786,UK,10-14,Child,White,Under 17,weekend,2,0,0,0,0,0,0,2,0,0
15787,UK,0-4,Child,White,Under 17,weekday,0,0,0,0,0,0,0,0,0,0
15788,UK,0-4,Child,White,Under 17,weekend,0,0,0,0,0,0,0,0,0,0
15789,UK,5-9,Child,Mixed,Under 17,weekday,0,0,0,0,0,0,0,0,0,0
15790,UK,15-19,Child,White,Under 17,weekday,0,0,0,0,0,0,0,0,0,0
15791,UK,5-9,Child,White,Under 17,weekday,0,0,0,0,0,0,0,0,0,0
15792,UK,10-14,Child,White,Under 17,weekday,6,0,0,0,0,0,0,1,5,0
15793,UK,0-4,Child,White,Under 17,weekend,0,0,0,0,0,0,0,0,0,0
15794,UK,5-9,Child,Black,Under 17,weekend,19,0,0,0,0,0,0,10,7,2
15795,UK,5-9,Child,Mixed,Under 17,weekday,0,0,0,0,0,0,0,0,0,0
15796,UK,5-9,Child,White,Under 17,weekday,0,0,0,0,0,0,0,0,0,0
15797,UK,10-14,Child,White,Under 17,weekday,53,0,0,0,0,0,0,50,3,0
15798,UK,15-19,Child,White,Student,weekday,0,0,0,0,0,0,0,0,0,0
15799,UK,5-9,Child,Black,Under 17,weekday,32,0,0,0,0,0,0,10,15,7
15800,UK,5-9,Child,White,Under 17,weekday,4,0,0,0,0,0,0,1,2,1
15801,UK,10-14,Child,Black,Under 17,weekday,10,0,0,0,0,0,0,7,3,0
15802,UK,5-9,Child,Black,Under 17,weekday,5,0,0,0,0,0,0,3,2,0
15803,UK,5-9,Child,White,Under 17,weekday,11,0,0,0,0,0,0,9,2,0
15804,UK,15-19,Child,White,Student,weekend,0,0,0,0,0,0,0,0,0,0
15805,UK,15-19,Child,White,Under 17,weekday,0,0,0,0,0,0,0,0,0,0
15806,UK,15-19,Child,White,Under 17,weekend,33,0,0,0,0,0,0,6,23,4
15807,UK,10-14,Child,White,Under 17,weekday,10,0,0,0,0,0,0,10,0,0
15808,UK,0-4,Child,White,Under 17,weekend,0,0,0,0,0,0,0,0,0,0
15809,UK,15-19,Child,White,Student,weekday,20,0,0,0,0,0,0,20,0,0
15810,UK,10-14,Child,White,Under 17,weekday,72,0,0,0,30,6,0,30,6,0
15811,UK,5-9,Child,White,Under 17,weekday,0,0,0,0,0,0,0,0,0,0
15812,UK,10-14,Child,Asian,Under 17,weekend,0,0,0,0,0,0,0,0,0,0
15813,UK,0-4,Child,White,Under 17,weekday,8,0,0,0,8,0,0,0,0,0
15814,UK,10-14,Child,Asian,Under 17,weekend,3,0,0,0,0,0,0,0,3,0
15815,UK,10-14,Child,White,Under 17,weekday,0,0,0,0,0,0,0,0,0,0
15816,UK,5-9,Child,White,Under 17,weekday,10,0,0,0,0,0,0,4,4,2
15817,UK,5-9,Child,White,Under 17,weekday,3,0,0,0,0,0,0,1,2,0
15818,UK,0-4,Child,White,Under 17,weekday,4,0,0,0,0,0,0,2,2,0
15819,UK,0-4,Child,Black,Under 17,weekend,1,0,0,0,0,0,0,1,0,0
15820,UK,5-9,Child,White,Under 17,weekday,1,0,0,0,0,0,0,0,1,0
15821,UK,10-14,Child,Mixed,Under 17,weekday,22,0,0,0,0,0,0,20,2,0
15822,UK,15-19,Child,White,Under 17,weekday,0,0,0,0,0,0,0,0,0,0
15823,UK,10-14,Child,White,Under 17,weekday,0,0,0,0,0,0,0,0,0,0
15824,UK,15-19,Child,White,Under 17,weekday,0,0,0,0,0,0,0,0,0,0
15825,UK,10-14,Child,White,Under 17,weekday,0,0,0,0,0,0,0,0,0,0
15826,UK,15-19,Child,White,Under 17,weekend,0,0,0,0,0,0,0,0,0,0
15827,UK,10-14,Child,Asian,Under 17,weekday,0,0,0,0,0,0,0,0,0,0
15828,UK,15-19,Child,Asian,Under 17,weekday,3,0,0,0,0,0,0,3,0,0
15829,UK,10-14,Child,White,Under 17,weekday,0,0,0,0,0,0,0,0,0,0
15830,UK,10-14,Child,Mixed,Under 17,weekday,240,0,0,0,100,20,0,100,20,0
15831,UK,0-4,Child,Mixed,Under 17,weekday,0,0,0,0,0,0,0,0,0,0
15832,UK,15-19,Child,White,Under 17,weekday,0,0,0,0,0,0,0,0,0,0
15833,UK,10-14,Child,White,Under 17,weekday,0,0,0,0,0,0,0,0,0,0
15834,UK,15-19,Child,White,Student,weekend,0,0,0,0,0,0,0,0,0,0
15835,UK,10-14,Child,White,Under 17,weekday,0,0,0,0,0,0,0,0,0,0
15836,UK,10-14,Child,White,Under 17,weekday,0,0,0,0,0,0,0,0,0,0
15837,UK,5-9,Child,Asian,Under 17,weekday,0,0,0,0,0,0,0,0,0,0
15838,UK,15-19,Child,White,Under 17,weekday,1,0,0,0,0,0,0,0,1,0
15839,UK,10-14,Child,White,Under 17,weekend,0,0,0,0,0,0,0,0,0,0
15840,UK,10-14,Child,White,Under 17,weekday,0,0,0,0,0,0,0,0,0,0
15841,UK,15-19,Child,White,Student,weekend,16,0,0,0,0,0,0,10,4,2
15842,UK,0-4,Child,Asian,Under 17,weekday,0,0,0,0,0,0,0,0,0,0
15843,UK,10-14,Child,White,Under 17,weekend,6,0,0,0,0,0,0,4,2,0
15844,UK,0-4,Child,White,Under 17,weekday,0,0,0,0,0,0,0,0,0,0
15845,UK,10-14,Child,White,Under 17,weekday,0,0,0,0,0,0,0,0,0,0
15846,UK,15-19,Child,Black,Student,weekday,0,0,0,0,0,0,0,0,0,0
15847,UK,10-14,Child,White,Under 17,weekday,0,0,0,0,0,0,0,0,0,0
15848,UK,15-19,Child,White,Student,weekday,0,0,0,0,0,0,0,0,0,0
15849,UK,10-14,Child,Black,Under 17,weekday,45,0,0,0,0,0,0,25,15,5
15850,UK,15-19,Child,White,Student,weekday,3,0,0,0,0,0,0,1,1,1
15851,UK,5-9,Child,Asian,Under 17,weekday,0,0,0,0,0,0,0,0,0,0
15852,UK,15-19,Child,Black,Under 17,weekday,0,0,0,0,0,0,0,0,0,0
15853,UK,15-19,Child,White,Student,weekday,0,0,0,0,0,0,0,0,0,0
15854,UK,10-14,Child,White,Under 17,weekday,0,0,0,0,0,0,0,0,0,0
15855,UK,5-9,Child,Black,Under 17,weekday,0,0,0,0,0,0,0,0,0,0
15856,UK,5-9,Child,Asian,Under 17,weekend,0,0,0,0,0,0,0,0,0,0
15857,UK,5-9,Child,White,Under 17,weekend,18,0,0,0,0,0,0,16,2,0
15858,UK,15-19,Child,Black,Under 17,weekday,10,0,0,0,0,0,0,10,0,0
15859,UK,10-14,Child,White,Under 17,weekday,0,0,0,0,0,0,0,0,0,0
15860,UK,10-14,Child,White,Under 17,weekday,8,0,0,0,0,0,0,2,6,0
15861,UK,0-4,Child,White,Under 17,weekday,0,0,0,0,0,0,0,0,0,0
15862,UK,10-14,Child,White,Under 17,weekday,0,0,0,0,0,0,0,0,0,0
15863,UK,10-14,Child,Mixed,Under 17,weekend,0,0,0,0,0,0,0,0,0,0
15864,UK,15-19,Child,White,Student,weekday,0,0,0,0,0,0,0,0,0,0
15865,UK,10-14,Child,White,Under 17,weekday,50,0,0,0,50,0,0,0,0,0
15866,UK,15-19,Child,White,Student,weekday,20,0,0,0,0,0,0,20,0,0
15867,UK,15-19,Child,White,Under 17,weekend,0,0,0,0,0,0,0,0,0,0
15868,UK,10-14,Child,White,Under 17,weekend,5,0,0,0,0,0,0,2,2,1
15869,UK,15-19,Child,White,Under 17,weekend,1,0,0,0,0,0,0,0,1,0
15870,UK,10-14,Child,White,Under 17,weekday,0,0,0,0,0,0,0,0,0,0
15871,UK,15-19,Child,Asian,Under 17,weekday,0,0,0,0,0,0,0,0,0,0
15872,UK,15-19,Child,Black,Under 17,weekday,3,0,0,0,0,0,0,2,1,0
15873,UK,10-14,Child,Black,Under 17,weekend,0,0,0,0,0,0,0,0,0,0
15874,UK,15-19,Child,White,Under 17,weekend,0,0,0,0,0,0,0,0,0,0
15875,UK,15-19,Child,White,Under 17,weekend,0,0,0,0,0,0,0,0,0,0
15876,UK,5-9,Child,Asian,Under 17,weekday,7,0,0,0,0,0,0,3,2,2
15877,UK,0-4,Child,Asian,Under 17,weekday,3,0,0,0,0,0,0,0,3,0
15878,UK,5-9,Child,White,Under 17,weekday,0,0,0,0,0,0,0,0,0,0
15879,UK,10-14,Child,White,Under 17,weekday,0,0,0,0,0,0,0,0,0,0
15880,UK,5-9,Child,White,Under 17,weekday,0,0,0,0,0,0,0,0,0,0
15881,UK,15-19,Child,White,Under 17,weekday,0,0,0,0,0,0,0,0,0,0
15882,UK,0-4,Child,White,Under 17,weekday,7,0,0,0,0,0,0,0,5,2
15883,UK,0-4,Child,Asian,Under 17,weekday,1,0,0,0,0,0,0,1,0,0
15884,UK,5-9,Child,Black,Under 17,weekend,7,0,0,0,0,0,0,2,5,0
15885,UK,15-19,Child,White,Under 17,weekday,0,0,0,0,0,0,0,0,0,0
15886,UK,5-9,Child,White,Under 17,weekday,0,0,0,0,0,0,0,0,0,0
15887,UK,10-14,Child,White,Under 17,weekday,0,0,0,0,0,0,0,0,0,0
15888,UK,0-4,Child,White,Under 17,weekend,0,0,0,0,0,0,0,0,0,0
15889,UK,0-4,Child,Black,Under 17,weekend,0,0,0,0,0,0,0,0,0,0
15890,UK,15-19,Child,White,Under 17,weekend,0,0,0,0,0,0,0,0,0,0
15891,UK,15-19,Child,White,Student,weekday,41,0,0,0,0,0,0,40,1,0
15892,UK,15-19,Child,White,Student,weekday,0,0,0,0,0,0,0,0,0,0
15893,UK,15-19,Child,White,Under 17,weekend,0,0,0,0,0,0,0,0,0,0
15894,UK,15-19,Child,White,Under 17,weekday,5,0,0,0,0,0,0,3,2,0
15895,UK,15-19,Child,White,Under 17,weekday,34,0,0,0,0,0,0,34,0,0
15896,UK,10-14,Child,White,Under 17,weekday,0,0,0,0,0,0,0,0,0,0
15897,UK,15-19,Child,Asian,Under 17,weekend,0,0,0,0,0,0,0,0,0,0
15898,UK,10-14,Child,White,Under 17,weekend,0,0,0,0,0,0,0,0,0,0
15899,UK,5-9,Child,White,Under 17,weekday,0,0,0,0,0,0,0,0,0,0
15900,UK,10-14,Child,White,Under 17,weekday,33,0,0,0,0,0,0,25,5,3
15901,UK,10-14,Child,Black,Under 17,weekday,0,0,0,0,0,0,0,0,0,0
15902,UK,10-14,Child,White,Under 17,weekday,1,0,0,0,0,0,0,0,1,0
15903,UK,5-9,Child,White,Under 17,weekday,2,0,0,0,0,0,0,0,2,0
15904,UK,5-9,Child,Asian,Under 17,weekday,0,0,0,0,0,0,0,0,0,0
15905,UK,0-4,Child,White,Under 17,weekday,0,0,0,0,0,0,0,0,0,0
15906,UK,5-9,Child,Black,Under 17,weekend,0,0,0,0,0,0,0,0,0,0
15907,UK,5-9,Child,White,Under 17,weekday,7,0,0,0,0,0,0,4,3,0
15908,UK,0-4,Child,White,Under 17,weekend,0,0,0,0,0,0,0,0,0,0
15909,UK,10-14,Child,Asian,Under 17,weekday,0,0,0,0,0,0,0,0,0,0
15910,UK,5-9,Child,White,Under 17,weekday,0,0,0,0,0,0,0,0,0,0
15911,UK,5-9,Child,White,Under 17,weekday,7,0,0,0,0,0,0,5,0,2
15912,UK,5-9,Child,Asian,Under 17,weekend,9,0,0,0,0,0,0,4,5,0
15913,UK,10-14,Child,White,Under 17,weekday,4,0,0,0,0,0,0,2,2,0
15914,UK,0-4,Child,Asian,Under 17,weekday,0,0,0,0,0,0,0,0,0,0
15915,UK,10-14,Child,White,Under 17,weekday,0,0,0,0,0,0,0,0,0,0
15916,UK,0-4,Child,Black,Under 17,weekend,0,0,0,0,0,0,0,0,0,0
15917,UK,5-9,Child,White,Under 17,weekday,0,0,0,0,0,0,0,0,0,0
15918,UK,5-9,Child,White,Under 17,weekend,54,0,0,0,0,0,0,4,30,20
15919,UK,10-14,Child,Black,Under 17,weekday,16,0,0,0,0,0,0,12,4,0
15920,UK,5-9,Child,Black,Under 17,weekday,8,0,0,0,0,0,0,3,5,0
15921,UK,5-9,Child,White,Under 17,weekday,0,0,0,0,0,0,0,0,0,0
15922,UK,5-9,Child,White,Under 17,weekend,0,0,0,0,0,0,0,0,0,0
15923,UK,5-9,Child,Black,Under 17,weekday,0,0,0,0,0,0,0,0,0,0
15924,UK,5-9,Child,Asian,Under 17,weekday,0,0,0,0,0,0,0,0,0,0
15925,UK,10-14,Child,White,Under 17,weekend,0,0,0,0,0,0,0,0,0,0
15926,UK,0-4,Child,White,Under 17,weekday,0,0,0,0,0,0,0,0,0,0
15927,UK,10-14,Child,White,Under 17,weekday,0,0,0,0,0,0,0,0,0,0
15928,UK,10-14,Child,White,Under 17,weekday,0,0,0,0,0,0,0,0,0,0
15929,UK,0-4,Child,White,Under 17,weekday,0,0,0,0,0,0,0,0,0,0
15930,UK,10-14,Child,White,Under 17,weekend,13,0,0,0,0,0,0,10,3,0
15931,UK,10-14,Child,Mixed,Under 17,weekday,2,0,0,0,0,0,0,2,0,0
15932,UK,5-9,Child,White,Under 17,weekday,2,0,0,0,0,0,0,1,1,0
15933,UK,10-14,Child,Mixed,Under 17,weekday,0,0,0,0,0,0,0,0,0,0
15934,UK,10-14,Child,White,Under 17,weekday,0,0,0,0,0,0,0,0,0,0
15935,UK,15-19,Child,Black,Under 17,weekday,0,0,0,0,0,0,0,0,0,0
15936,UK,10-14,Child,White,Under 17,weekday,0,0,0,0,0,0,0,0,0,0
15937,UK,10-14,Child,White,Under 17,weekday,0,0,0,0,0,0,0,0,0,0
15938,UK,5-9,Child,Black,Under 17,weekend,5,0,0,0,0,0,0,2,2,1
15939,UK,15-19,Child,Black,Student,weekday,0,0,0,0,0,0,0,0,0,0
15940,UK,10-14,Child,White,Under 17,weekday,0,0,0,0,0,0,0,0,0,0
15941,UK,0-4,Child,White,Under 17,weekday,0,0,0,0,0,0,0,0,0,0
15942,UK,15-19,Child,White,Under 17,weekday,0,0,0,0,0,0,0,0,0,0
15943,UK,5-9,Child,White,Under 17,weekday,2,0,0,0,0,0,0,2,0,0
15944,UK,10-14,Child,Black,Under 17,weekend,0,0,0,0,0,0,0,0,0,0
15945,UK,10-14,Child,White,Under 17,weekday,0,0,0,0,0,0,0,0,0,0
15946,UK,5-9,Child,White,Under 17,weekday,5,0,0,0,0,0,0,3,2,0
15947,UK,5-9,Child,White,Under 17,weekday,0,0,0,0,0,0,0,0,0,0
15948,UK,10-14,Child,White,Under 17,weekday,0,0,0,0,0,0,0,0,0,0
15949,UK,10-14,Child,White,Under 17,weekday,4,0,0,0,0,0,0,2,2,0
15950,UK,15-19,Child,White,Under 17,weekday,0,0,0,0,0,0,0,0,0,0
15951,UK,10-14,Child,White,Under 17,weekday,60,0,0,0,30,0,0,30,0,0
15952,UK,15-19,Child,Mixed,Under 17,weekday,0,0,0,0,0,0,0,0,0,0
15953,UK,10-14,Child,White,Under 17,weekday,0,0,0,0,0,0,0,0,0,0
15954,UK,10-14,Child,Black,Under 17,weekday,0,0,0,0,0,0,0,0,0,0
15955,UK,15-19,Child,Black,Under 17,weekday,3,0,0,0,0,0,0,2,1,0
15956,UK,10-14,Child,Black,Under 17,weekday,0,0,0,0,0,0,0,0,0,0
15957,UK,10-14,Child,White,Under 17,weekday,5,0,0,0,0,0,0,2,3,0
15958,UK,10-14,Child,White,Under 17,weekday,0,0,0,0,0,0,0,0,0,0
15959,UK,10-14,Child,White,Under 17,weekday,37,0,0,0,30,6,1,0,0,0
15960,UK,10-14,Child,White,Under 17,weekday,0,0,0,0,0,0,0,0,0,0
15961,UK,5-9,Child,White,Under 17,weekday,0,0,0,0,0,0,0,0,0,0
15962,UK,10-14,Child,White,Under 17,weekday,0,0,0,0,0,0,0,0,0,0
15963,UK,5-9,Child,White,Under 17,weekday,0,0,0,0,0,0,0,0,0,0
15964,UK,5-9,Child,White,Under 17,weekday,0,0,0,0,0,0,0,0,0,0
15965,UK,5-9,Child,Black,Under 17,weekday,0,0,0,0,0,0,0,0,0,0
15966,UK,10-14,Child,White,Under 17,weekend,0,0,0,0,0,0,0,0,0,0
15967,UK,10-14,Child,White,Under 17,weekend,0,0,0,0,0,0,0,0,0,0
15968,UK,10-14,Child,White,Under 17,weekday,0,0,0,0,0,0,0,0,0,0
15969,UK,5-9,Child,Asian,Under 17,weekday,1,0,0,0,0,0,0,0,1,0
15970,UK,15-19,Child,White,Under 17,weekday,0,0,0,0,0,0,0,0,0,0
15971,UK,5-9,Child,White,Under 17,weekday,0,0,0,0,0,0,0,0,0,0
15972,UK,10-14,Child,White,Under 17,weekday,5,0,0,0,0,0,0,3,2,0
15973,UK,10-14,Child,White,Under 17,weekday,0,0,0,0,0,0,0,0,0,0
15974,UK,10-14,Child,White,Under 17,weekday,0,0,0,0,0,0,0,0,0,0
15975,UK,15-19,Child,White,Student,weekend,0,0,0,0,0,0,0,0,0,0
15976,UK,15-19,Child,Asian,Under 17,weekday,0,0,0,0,0,0,0,0,0,0
15977,UK,10-14,Child,White,Under 17,weekday,0,0,0,0,0,0,0,0,0,0
15978,UK,10-14,Child,White,Under 17,weekday,0,0,0,0,0,0,0,0,0,0
15979,UK,10-14,Child,White,Under 17,weekend,6,0,0,0,0,0,0,3,2,1
15980,UK,0-4,Child,Black,Under 17,weekday,3,0,0,0,0,0,0,1,2,0
15981,UK,15-19,Child,White,Under 17,weekday,0,0,0,0,0,0,0,0,0,0
15982,UK,15-19,Child,White,Student,weekday,4,0,0,0,0,0,0,2,2,0
15983,UK,15-19,Child,White,Under 17,weekday,0,0,0,0,0,0,0,0,0,0
15984,UK,0-4,Child,Black,Under 17,weekday,4,0,0,0,0,0,0,1,2,1
15985,UK,5-9,Child,White,Under 17,weekday,2,0,0,0,0,0,0,1,1,0
15986,UK,5-9,Child,Black,Under 17,weekday,3,0,0,0,0,0,0,1,1,1
15987,UK,15-19,Child,White,Under 17,weekday,0,0,0,0,0,0,0,0,0,0
15988,UK,15-19,Child,White,Under 17,weekday,0,0,0,0,0,0,0,0,0,0
15989,UK,5-9,Child,White,Under 17,weekday,0,0,0,0,0,0,0,0,0,0
15990,UK,5-9,Child,Mixed,Under 17,weekend,23,0,0,0,0,0,0,20,2,1
15991,UK,0-4,Child,Black,Under 17,weekday,0,0,0,0,0,0,0,0,0,0
15992,UK,10-14,Child,White,Under 17,weekday,0,0,0,0,0,0,0,0,0,0
15993,UK,5-9,Child,White,Under 17,weekend,0,0,0,0,0,0,0,0,0,0
15994,UK,10-14,Child,White,Under 17,weekday,0,0,0,0,0,0,0,0,0,0
15995,UK,10-14,Child,White,Under 17,weekday,0,0,0,0,0,0,0,0,0,0
15996,UK,15-19,Child,White,Under 17,weekday,0,0,0,0,0,0,0,0,0,0
15997,UK,10-14,Child,White,Under 17,weekend,0,0,0,0,0,0,0,0,0,0
15998,UK,15-19,Child,White,Student,weekday,0,0,0,0,0,0,0,0,0,0
15999,UK,10-14,Child,Asian,Under 17,weekday,0,0,0,0,0,0,0,0,0,0
16000,UK,15-19,Child,White,Under 17,weekday,3,0,0,0,0,0,0,2,1,0
16001,UK,15-19,Child,White,Under 17,weekday,0,0,0,0,0,0,0,0,0,0
16002,UK,10-14,Child,White,Under 17,weekday,10,0,0,0,0,0,0,5,5,0
16003,UK,10-14,Child,Asian,Under 17,weekday,9,0,0,0,0,0,0,5,2,2
16004,UK,0-4,Child,White,Under 17,weekday,0,0,0,0,0,0,0,0,0,0
16005,UK,5-9,Child,White,Under 17,weekday,0,0,0,0,0,0,0,0,0,0
16006,UK,5-9,Child,Black,Under 17,weekend,2,0,0,0,0,0,0,1,1,0
16007,UK,10-14,Child,White,Under 17,weekday,6,0,0,0,0,0,0,4,2,0
16008,UK,0-4,Child,White,Under 17,weekday,13,0,0,0,0,0,0,7,5,1
16009,UK,10-14,Child,White,Under 17,weekday,0,0,0,0,0,0,0,0,0,0
16010,UK,0-4,Child,Asian,Under 17,weekday,0,0,0,0,0,0,0,0,0,0
16011,UK,5-9,Child,White,Under 17,weekday,19,0,0,0,15,4,0,0,0,0
16012,UK,10-14,Child,Mixed,Under 17,weekday,0,0,0,0,0,0,0,0,0,0
16013,UK,0-4,Child,White,Under 17,weekday,0,0,0,0,0,0,0,0,0,0
16014,UK,10-14,Child,White,Under 17,weekend,0,0,0,0,0,0,0,0,0,0
16015,UK,10-14,Child,White,Under 17,weekday,0,0,0,0,0,0,0,0,0,0
16016,UK,5-9,Child,White,Under 17,weekend,0,0,0,0,0,0,0,0,0,0
16017,UK,5-9,Child,Asian,Under 17,weekend,8,0,0,0,0,0,0,4,4,0
16018,UK,0-4,Child,White,Under 17,weekday,0,0,0,0,0,0,0,0,0,0
16019,UK,10-14,Child,Black,Under 17,weekend,0,0,0,0,0,0,0,0,0,0
16020,UK,10-14,Child,White,Under 17,weekday,0,0,0,0,0,0,0,0,0,0
16021,UK,5-9,Child,Black,Under 17,weekday,0,0,0,0,0,0,0,0,0,0
16022,UK,5-9,Child,White,Under 17,weekday,21,0,0,0,0,0,0,20,1,0
16023,UK,0-4,Child,White,Under 17,weekday,7,0,0,0,0,0,0,1,6,0
16024,UK,5-9,Child,White,Under 17,weekday,17,0,0,0,15,2,0,0,0,0
16025,UK,10-14,Child,White,Under 17,weekday,1,0,0,0,0,0,0,1,0,0
16026,UK,5-9,Child,White,Under 17,weekday,22,0,0,0,0,0,0,20,2,0
16027,UK,5-9,Child,White,Under 17,weekday,3,0,0,0,0,0,0,1,2,0
16028,UK,15-19,Child,White,Under 17,weekday,0,0,0,0,0,0,0,0,0,0
16029,UK,0-4,Child,White,Under 17,weekday,20,0,0,0,0,0,0,10,10,0
16030,UK,10-14,Child,White,Under 17,weekday,0,0,0,0,0,0,0,0,0,0
16031,UK,0-4,Child,Black,Under 17,weekday,5,0,0,0,0,0,0,2,2,1
16032,UK,15-19,Child,White,Student,weekday,0,0,0,0,0,0,0,0,0,0
16033,UK,5-9,Child,White,Under 17,weekday,0,0,0,0,0,0,0,0,0,0
16034,UK,15-19,Child,Asian,Under 17,weekend,6,0,0,0,0,0,0,5,1,0
16035,UK,0-4,Child,Black,Under 17,weekday,14,0,0,0,4,6,0,2,2,0
16036,UK,5-9,Child,White,Under 17,weekday,5,0,0,0,0,0,0,2,2,1
16037,UK,0-4,Child,White,Under 17,weekend,0,0,0,0,0,0,0,0,0,0
16038,UK,10-14,Child,White,Under 17,weekday,0,0,0,0,0,0,0,0,0,0
16039,UK,10-14,Child,Black,Under 17,weekday,0,0,0,0,0,0,0,0,0,0
16040,UK,0-4,Child,White,Under 17,weekday,5,0,0,0,0,0,0,2,2,1
16041,UK,15-19,Child,Mixed,Student,weekday,2,0,0,0,0,0,0,0,2,0
16042,UK,10-14,Child,White,Under 17,weekday,0,0,0,0,0,0,0,0,0,0
16043,UK,15-19,Child,White,Under 17,weekday,4,0,0,0,0,0,0,2,2,0
16044,UK,10-14,Child,White,Under 17,weekday,0,0,0,0,0,0,0,0,0,0
16045,UK,15-19,Child,White,Under 17,weekend,0,0,0,0,0,0,0,0,0,0
16046,UK,0-4,Child,Black,Under 17,weekday,0,0,0,0,0,0,0,0,0,0
16047,UK,5-9,Child,White,Under 17,weekday,2,0,0,0,0,0,0,0,2,0
16048,UK,10-14,Child,Asian,Under 17,weekday,0,0,0,0,0,0,0,0,0,0
16049,UK,10-14,Child,White,Under 17,weekday,0,0,0,0,0,0,0,0,0,0
16050,UK,15-19,Child,White,Student,weekday,0,0,0,0,0,0,0,0,0,0
16051,UK,10-14,Child,White,Under 17,weekday,0,0,0,0,0,0,0,0,0,0
16052,UK,0-4,Child,Black,Under 17,weekday,11,0,0,0,0,0,0,9,2,0
16053,UK,15-19,Child,White,Under 17,weekend,0,0,0,0,0,0,0,0,0,0
16054,UK,10-14,Child,Asian,Under 17,weekday,0,0,0,0,0,0,0,0,0,0
16055,UK,5-9,Child,Black,Under 17,weekday,0,0,0,0,0,0,0,0,0,0
16056,UK,10-14,Child,White,Under 17,weekday,0,0,0,0,0,0,0,0,0,0
16057,UK,10-14,Child,White,Under 17,weekday,9,0,0,0,0,8,1,0,0,0
16058,UK,5-9,Child,Black,Under 17,weekday,0,0,0,0,0,0,0,0,0,0
16059,UK,5-9,Child,White,Under 17,weekday,14,0,0,0,0,0,0,3,7,4
16060,UK,10-14,Child,White,Under 17,weekday,20,0,0,0,0,0,0,8,10,2
16061,UK,5-9,Child,White,Under 17,weekday,0,0,0,0,0,0,0,0,0,0
16062,UK,10-14,Child,White,Under 17,weekday,50,0,0,0,50,0,0,0,0,0
16063,UK,15-19,Child,White,Under 17,weekday,0,0,0,0,0,0,0,0,0,0
16064,UK,5-9,Child,White,Under 17,weekday,0,0,0,0,0,0,0,0,0,0
16065,UK,10-14,Child,White,Under 17,weekday,1,0,0,0,0,0,0,0,1,0
16066,UK,5-9,Child,Black,Under 17,weekday,32,0,0,0,10,8,4,3,5,2
16067,UK,10-14,Child,White,Under 17,weekend,0,0,0,0,0,0,0,0,0,0
16068,UK,10-14,Child,White,Under 17,weekend,0,0,0,0,0,0,0,0,0,0
16069,UK,0-4,Child,Black,Under 17,weekend,0,0,0,0,0,0,0,0,0,0
16070,UK,5-9,Child,Asian,Under 17,weekend,3,0,0,0,0,0,0,2,1,0
16071,UK,0-4,Child,White,Under 17,weekday,3,0,0,0,0,0,0,1,2,0
16072,UK,5-9,Child,White,Under 17,weekday,7,0,0,0,0,0,0,2,3,2
16073,UK,5-9,Child,White,Under 17,weekday,0,0,0,0,0,0,0,0,0,0
16074,UK,5-9,Child,White,Under 17,weekday,1,0,0,0,0,0,0,1,0,0
16075,UK,5-9,Child,White,Under 17,weekday,0,0,0,0,0,0,0,0,0,0
16076,UK,10-14,Child,White,Under 17,weekday,0,0,0,0,0,0,0,0,0,0
16077,UK,10-14,Child,Asian,Under 17,weekday,8,0,0,0,0,0,0,3,5,0
16078,UK,5-9,Child,White,Under 17,weekday,0,0,0,0,0,0,0,0,0,0
16079,UK,0-4,Child,Asian,Under 17,weekday,0,0,0,0,0,0,0,0,0,0
16080,UK,0-4,Child,Black,Under 17,weekday,5,0,0,0,0,0,0,0,5,0
16081,UK,5-9,Child,White,Under 17,weekday,0,0,0,0,0,0,0,0,0,0
16082,UK,0-4,Child,Asian,Under 17,weekend,0,0,0,0,0,0,0,0,0,0
16083,UK,10-14,Child,White,Under 17,weekday,4,0,0,0,0,0,0,4,0,0
16084,UK,15-19,Child,White,Under 17,weekday,5,0,0,0,0,0,0,0,5,0
16085,UK,5-9,Child,White,Under 17,weekday,62,0,0,0,30,1,0,30,1,0
16086,UK,5-9,Child,Black,Under 17,weekend,27,0,0,0,0,0,0,20,7,0
16087,UK,0-4,Child,White,Under 17,weekday,0,0,0,0,0,0,0,0,0,0
16088,UK,5-9,Child,White,Under 17,weekday,10,0,0,0,0,0,0,10,0,0
16089,UK,0-4,Child,White,Under 17,weekend,0,0,0,0,0,0,0,0,0,0
16090,UK,0-4,Child,Asian,Under 17,weekend,14,0,0,0,0,0,0,5,7,2
16091,UK,10-14,Child,Mixed,Under 17,weekday,0,0,0,0,0,0,0,0,0,0
16092,UK,5-9,Child,White,Under 17,weekday,0,0,0,0,0,0,0,0,0,0
16093,UK,10-14,Child,White,Under 17,weekday,0,0,0,0,0,0,0,0,0,0
16094,UK,0-4,Child,White,Under 17,weekday,0,0,0,0,0,0,0,0,0,0
16095,UK,5-9,Child,White,Under 17,weekend,0,0,0,0,0,0,0,0,0,0
16096,UK,10-14,Child,White,Under 17,weekday,17,0,0,0,0,0,0,13,3,1
16097,UK,5-9,Child,White,Under 17,weekend,0,0,0,0,0,0,0,0,0,0
16098,UK,0-4,Child,White,Under 17,weekday,0,0,0,0,0,0,0,0,0,0
16099,UK,5-9,Child,White,Under 17,weekend,0,0,0,0,0,0,0,0,0,0
16100,UK,5-9,Child,White,Under 17,weekend,0,0,0,0,0,0,0,0,0,0
16101,UK,15-19,Child,Asian,Student,weekday,0,0,0,0,0,0,0,0,0,0
16102,UK,15-19,Child,White,Under 17,weekday,0,0,0,0,0,0,0,0,0,0
16103,UK,0-4,Child,Black,Under 17,weekday,0,0,0,0,0,0,0,0,0,0
16104,UK,10-14,Child,White,Under 17,weekday,4,0,0,0,0,0,0,0,4,0
16105,UK,10-14,Child,Asian,Under 17,weekday,0,0,0,0,0,0,0,0,0,0
16106,UK,5-9,Child,White,Under 17,weekday,0,0,0,0,0,0,0,0,0,0
16107,UK,10-14,Child,White,Under 17,weekday,110,0,0,0,100,10,0,0,0,0
16108,UK,5-9,Child,Asian,Under 17,weekday,5,0,0,0,0,0,0,3,1,1
16109,UK,15-19,Child,White,Student,weekday,0,0,0,0,0,0,0,0,0,0
16110,UK,5-9,Child,White,Under 17,weekday,0,0,0,0,0,0,0,0,0,0
16111,UK,10-14,Child,White,Under 17,weekend,3,0,0,0,0,0,0,3,0,0
16112,UK,0-4,Child,White,Under 17,weekday,10,0,0,0,3,2,0,3,2,0
16113,UK,0-4,Child,Asian,Under 17,weekday,3,0,0,0,0,0,0,1,2,0
16114,UK,10-14,Child,White,Under 17,weekday,13,0,0,0,0,0,0,8,5,0
16115,UK,5-9,Child,White,Under 17,weekday,10,0,0,0,0,0,0,5,2,3
16116,UK,0-4,Child,White,Under 17,weekday,2,0,0,0,0,0,0,0,2,0
16117,UK,5-9,Child,White,Under 17,weekday,7,0,0,0,0,0,0,2,5,0
16118,UK,5-9,Child,White,Under 17,weekday,0,0,0,0,0,0,0,0,0,0
16119,UK,10-14,Child,White,Under 17,weekday,108,0,0,0,0,0,0,100,8,0
16120,UK,15-19,Child,Mixed,Student,weekday,0,0,0,0,0,0,0,0,0,0
16121,UK,0-4,Child,Asian,Under 17,weekday,51,0,0,0,0,0,0,0,51,0
16122,UK,10-14,Child,White,Under 17,weekday,0,0,0,0,0,0,0,0,0,0
16123,UK,10-14,Child,Asian,Under 17,weekday,0,0,0,0,0,0,0,0,0,0
16124,UK,15-19,Child,White,Under 17,weekday,31,0,0,0,0,0,0,26,5,0
16125,UK,5-9,Child,Black,Under 17,weekday,4,0,0,0,0,0,0,3,1,0
16126,UK,15-19,Child,White,Under 17,weekday,0,0,0,0,0,0,0,0,0,0
16127,UK,10-14,Child,Black,Under 17,weekday,0,0,0,0,0,0,0,0,0,0
16128,UK,5-9,Child,White,Under 17,weekend,0,0,0,0,0,0,0,0,0,0
16129,UK,10-14,Child,White,Under 17,weekday,0,0,0,0,0,0,0,0,0,0
16130,UK,15-19,Child,White,Student,weekday,28,0,0,0,0,0,0,28,0,0
16131,UK,0-4,Child,White,Under 17,weekday,0,0,0,0,0,0,0,0,0,0
16132,UK,0-4,Child,White,Under 17,weekday,1,0,0,0,0,0,0,0,0,1
16133,UK,5-9,Child,White,Under 17,weekday,0,0,0,0,0,0,0,0,0,0
16134,UK,5-9,Child,White,Under 17,weekday,6,0,0,0,0,0,0,6,0,0
16135,UK,5-9,Child,Asian,Under 17,weekday,0,0,0,0,0,0,0,0,0,0
16136,UK,15-19,Child,White,Student,weekday,0,0,0,0,0,0,0,0,0,0
16137,UK,5-9,Child,Black,Under 17,weekday,0,0,0,0,0,0,0,0,0,0
16138,UK,5-9,Child,White,Under 17,weekday,90,0,0,0,0,0,0,9,21,60
16139,UK,5-9,Child,Mixed,Under 17,weekday,3,0,0,0,0,0,0,0,3,0
16140,UK,10-14,Child,White,Under 17,weekday,11,0,0,0,0,0,0,3,6,2
16141,UK,15-19,Child,White,Student,weekday,0,0,0,0,0,0,0,0,0,0
16142,UK,5-9,Child,Mixed,Under 17,weekday,0,0,0,0,0,0,0,0,0,0
16143,UK,15-19,Child,White,Student,weekday,4,0,0,0,0,0,0,0,4,0
16144,UK,0-4,Child,White,Under 17,weekday,20,0,0,0,0,0,0,20,0,0
16145,UK,5-9,Child,White,Under 17,weekday,0,0,0,0,0,0,0,0,0,0
16146,UK,5-9,Child,White,Under 17,weekday,20,0,0,0,20,0,0,0,0,0
16147,UK,5-9,Child,White,Under 17,weekday,0,0,0,0,0,0,0,0,0,0
16148,UK,5-9,Child,Asian,Under 17,weekday,6,0,0,0,0,0,0,4,2,0
16149,UK,15-19,Child,Asian,Under 17,weekday,0,0,0,0,0,0,0,0,0,0
16150,UK,10-14,Child,White,Under 17,weekday,0,0,0,0,0,0,0,0,0,0
16151,UK,10-14,Child,White,Under 17,weekend,0,0,0,0,0,0,0,0,0,0
16152,UK,5-9,Child,Black,Under 17,weekday,8,0,0,0,0,0,0,5,3,0
16153,UK,15-19,Child,White,Student,weekday,0,0,0,0,0,0,0,0,0,0
16154,UK,10-14,Child,Mixed,Under 17,weekday,0,0,0,0,0,0,0,0,0,0
16155,UK,5-9,Child,Black,Under 17,weekday,3,0,0,0,3,0,0,0,0,0
16156,UK,5-9,Child,White,Under 17,weekday,0,0,0,0,0,0,0,0,0,0
16157,UK,5-9,Child,Mixed,Under 17,weekday,0,0,0,0,0,0,0,0,0,0
16158,UK,5-9,Child,White,Under 17,weekday,100,0,0,0,100,0,0,0,0,0
16159,UK,10-14,Child,White,Under 17,weekday,28,0,0,0,0,0,0,28,0,0
16160,UK,5-9,Child,Black,Under 17,weekday,0,0,0,0,0,0,0,0,0,0
16161,UK,15-19,Child,White,Under 17,weekday,115,0,0,0,0,0,0,100,15,0
16162,UK,5-9,Child,White,Under 17,weekend,0,0,0,0,0,0,0,0,0,0
16163,UK,10-14,Child,White,Under 17,weekday,0,0,0,0,0,0,0,0,0,0
16164,UK,10-14,Child,White,Under 17,weekday,0,0,0,0,0,0,0,0,0,0
16165,UK,15-19,Child,White,Under 17,weekday,0,0,0,0,0,0,0,0,0,0
16166,UK,5-9,Child,White,Under 17,weekday,21,0,0,0,10,4,0,5,2,0
16167,UK,5-9,Child,White,Under 17,weekend,4,0,0,0,0,0,0,2,2,0
16168,UK,10-14,Child,Black,Under 17,weekday,0,0,0,0,0,0,0,0,0,0
16169,UK,15-19,Child,White,Under 17,weekday,0,0,0,0,0,0,0,0,0,0
16170,UK,0-4,Child,White,Under 17,weekday,0,0,0,0,0,0,0,0,0,0
16171,UK,15-19,Child,Asian,Under 17,weekday,5,0,0,0,0,0,0,3,2,0
16172,UK,0-4,Child,Black,Under 17,weekday,0,0,0,0,0,0,0,0,0,0
16173,UK,10-14,Child,White,Under 17,weekday,0,0,0,0,0,0,0,0,0,0
16174,UK,5-9,Child,White,Under 17,weekday,0,0,0,0,0,0,0,0,0,0
16175,UK,10-14,Child,Black,Under 17,weekday,0,0,0,0,0,0,0,0,0,0
16176,UK,0-4,Child,White,Under 17,weekday,0,0,0,0,0,0,0,0,0,0
16177,UK,5-9,Child,Black,Under 17,weekday,2,0,0,0,0,0,0,0,2,0
16178,UK,15-19,Child,White,Under 17,weekday,37,0,0,0,0,0,0,10,25,2
16179,UK,0-4,Child,White,Under 17,weekday,7,0,0,0,0,0,0,1,5,1
16180,UK,10-14,Child,White,Under 17,weekday,0,0,0,0,0,0,0,0,0,0
16181,UK,0-4,Child,Black,Under 17,weekday,0,0,0,0,0,0,0,0,0,0
16182,UK,0-4,Child,Asian,Under 17,weekday,0,0,0,0,0,0,0,0,0,0
16183,UK,0-4,Child,Mixed,Under 17,weekday,1,0,0,0,0,0,0,1,0,0
16184,UK,0-4,Child,White,Under 17,weekday,0,0,0,0,0,0,0,0,0,0
16185,UK,5-9,Child,Black,Under 17,weekend,0,0,0,0,0,0,0,0,0,0
16186,UK,10-14,Child,White,Under 17,weekday,37,0,0,0,0,0,0,33,4,0
16187,UK,0-4,Child,White,Under 17,weekday,0,0,0,0,0,0,0,0,0,0
16188,UK,10-14,Child,White,Under 17,weekday,0,0,0,0,0,0,0,0,0,0
16189,UK,10-14,Child,White,Under 17,weekday,0,0,0,0,0,0,0,0,0,0
16190,UK,5-9,Child,White,Under 17,weekday,0,0,0,0,0,0,0,0,0,0
16191,UK,5-9,Child,White,Under 17,weekday,31,0,0,0,0,0,0,20,10,1
16192,UK,0-4,Child,White,Under 17,weekday,20,0,0,0,0,0,0,0,20,0
16193,UK,15-19,Child,White,Student,weekend,0,0,0,0,0,0,0,0,0,0
16194,UK,10-14,Child,White,Under 17,weekend,0,0,0,0,0,0,0,0,0,0
16195,UK,5-9,Child,White,Under 17,weekday,0,0,0,0,0,0,0,0,0,0
16196,UK,10-14,Child,Mixed,Under 17,weekend,0,0,0,0,0,0,0,0,0,0
16197,UK,15-19,Child,White,Under 17,weekday,0,0,0,0,0,0,0,0,0,0
16198,UK,5-9,Child,Black,Under 17,weekday,0,0,0,0,0,0,0,0,0,0
16199,UK,5-9,Child,White,Under 17,weekend,0,0,0,0,0,0,0,0,0,0
16200,UK,15-19,Child,White,Student,weekend,0,0,0,0,0,0,0,0,0,0
16201,UK,0-4,Child,White,Under 17,weekend,78,0,0,0,0,0,0,3,20,55
16202,UK,15-19,Child,White,Student,weekday,33,0,0,0,0,0,0,15,10,8
16203,UK,15-19,Child,White,Under 17,weekend,0,0,0,0,0,0,0,0,0,0
16204,UK,5-9,Child,White,Under 17,weekend,5,0,0,0,0,0,0,3,2,0
16205,UK,0-4,Child,White,Under 17,weekend,0,0,0,0,0,0,0,0,0,0
16206,UK,5-9,Child,White,Under 17,weekend,0,0,0,0,0,0,0,0,0,0
16207,UK,0-4,Child,White,Under 17,weekend,0,0,0,0,0,0,0,0,0,0
16208,UK,10-14,Child,White,Under 17,weekend,0,0,0,0,0,0,0,0,0,0
16209,UK,5-9,Child,White,Under 17,weekday,12,0,0,0,0,0,0,3,4,5
16210,UK,15-19,Child,White,Student,weekend,0,0,0,0,0,0,0,0,0,0
16211,UK,5-9,Child,Black,Under 17,weekday,0,0,0,0,0,0,0,0,0,0
16212,UK,15-19,Child,Black,Under 17,weekend,40,0,0,0,0,0,0,25,5,10
16213,UK,15-19,Child,White,Under 17,weekday,0,0,0,0,0,0,0,0,0,0
16214,UK,5-9,Child,Asian,Under 17,weekend,0,0,0,0,0,0,0,0,0,0
16215,UK,10-14,Child,White,Under 17,weekday,0,0,0,0,0,0,0,0,0,0
16216,UK,0-4,Child,Mixed,Under 17,weekday,0,0,0,0,0,0,0,0,0,0
16217,UK,5-9,Child,White,Under 17,weekday,11,0,0,0,0,0,0,7,4,0
16218,UK,10-14,Child,White,Under 17,weekend,1,0,0,0,0,0,0,0,0,1
16219,UK,0-4,Child,Asian,Under 17,weekend,3,0,0,0,0,0,0,3,0,0
16220,UK,5-9,Child,Black,Under 17,weekday,8,0,0,0,0,0,0,3,5,0
16221,UK,5-9,Child,White,Under 17,weekday,2,0,0,0,0,0,0,0,2,0
16222,UK,10-14,Child,Black,Under 17,weekend,4,0,0,0,0,0,0,3,1,0
16223,UK,10-14,Child,White,Under 17,weekend,17,0,0,0,0,0,0,2,9,6
16224,UK,5-9,Child,Black,Under 17,weekend,45,0,0,0,0,0,0,19,15,11
16225,UK,10-14,Child,White,Under 17,weekend,0,0,0,0,0,0,0,0,0,0
16226,UK,10-14,Child,Black,Under 17,weekday,135,0,0,0,35,23,10,23,32,12
16227,UK,0-4,Child,Asian,Under 17,weekend,0,0,0,0,0,0,0,0,0,0
16228,UK,5-9,Child,Black,Under 17,weekend,9,0,0,0,0,0,0,5,4,0
16229,UK,15-19,Child,Black,Under 17,weekend,8,0,0,0,0,0,0,5,3,0
16230,UK,15-19,Child,Asian,Under 17,weekday,2,0,0,0,0,0,0,0,2,0
16231,UK,5-9,Child,White,Under 17,weekend,40,0,0,0,0,0,0,20,15,5
16232,UK,5-9,Child,Black,Under 17,weekend,0,0,0,0,0,0,0,0,0,0
16233,UK,10-14,Child,White,Under 17,weekend,0,0,0,0,0,0,0,0,0,0
16234,UK,15-19,Child,Asian,Student,weekday,5,0,0,0,0,0,0,3,2,0
16235,UK,10-14,Child,White,Under 17,weekday,20,0,0,0,0,0,0,20,0,0
16236,UK,5-9,Child,White,Under 17,weekday,1,0,0,0,0,0,0,0,1,0
16237,UK,0-4,Child,White,Under 17,weekend,0,0,0,0,0,0,0,0,0,0
16238,UK,15-19,Child,Black,Student,weekend,11,0,0,0,0,0,0,3,2,6
16239,UK,0-4,Child,White,Under 17,weekend,4,0,0,0,0,0,0,2,2,0
16240,UK,5-9,Child,White,Under 17,weekend,0,0,0,0,0,0,0,0,0,0
16241,UK,5-9,Child,Black,Under 17,weekend,0,0,0,0,0,0,0,0,0,0
16242,UK,10-14,Child,White,Under 17,weekend,6,0,0,0,0,0,0,0,6,0
16243,UK,15-19,Child,White,Under 17,weekend,0,0,0,0,0,0,0,0,0,0
16244,UK,10-14,Child,White,Under 17,weekend,0,0,0,0,0,0,0,0,0,0
16245,UK,10-14,Child,White,Under 17,weekend,0,0,0,0,0,0,0,0,0,0
16246,UK,5-9,Child,White,Under 17,weekend,0,0,0,0,0,0,0,0,0,0
16247,UK,15-19,Child,White,Under 17,weekend,4,0,0,0,0,0,0,3,1,0
16248,UK,5-9,Child,White,Under 17,weekday,0,0,0,0,0,0,0,0,0,0
16249,UK,0-4,Child,White,Under 17,weekend,0,0,0,0,0,0,0,0,0,0
16250,UK,10-14,Child,Black,Under 17,weekend,15,0,0,0,0,0,0,2,10,3
16251,UK,15-19,Child,White,Under 17,weekday,11,0,0,0,0,0,0,9,2,0
16252,UK,5-9,Child,Black,Under 17,weekend,46,0,0,0,0,0,0,8,20,18
16253,UK,10-14,Child,White,Under 17,weekend,0,0,0,0,0,0,0,0,0,0
16254,UK,15-19,Child,Asian,Under 17,weekend,125,0,0,0,0,0,0,5,60,60
16255,UK,10-14,Child,White,Under 17,weekday,6,0,0,0,0,0,0,3,3,0
16256,UK,10-14,Child,White,Under 17,weekend,0,0,0,0,0,0,0,0,0,0
16257,UK,0-4,Child,White,Under 17,weekend,0,0,0,0,0,0,0,0,0,0
16258,UK,15-19,Child,White,Under 17,weekend,0,0,0,0,0,0,0,0,0,0
16259,UK,5-9,Child,White,Under 17,weekend,15,0,0,0,0,0,0,4,10,1
16260,UK,5-9,Child,White,Under 17,weekend,4,0,0,0,0,0,0,2,2,0
16261,UK,0-4,Child,Mixed,Under 17,weekend,0,0,0,0,0,0,0,0,0,0
16262,UK,10-14,Child,White,Under 17,weekend,0,0,0,0,0,0,0,0,0,0
16263,UK,10-14,Child,Asian,Under 17,weekend,8,0,0,0,0,0,0,3,5,0
16264,UK,10-14,Child,White,Under 17,weekday,0,0,0,0,0,0,0,0,0,0
16265,UK,10-14,Child,White,Under 17,weekday,4,0,0,0,0,0,0,0,4,0
16266,UK,5-9,Child,White,Under 17,weekend,5,0,0,0,0,0,0,3,1,1
16267,UK,15-19,Child,White,Under 17,weekend,0,0,0,0,0,0,0,0,0,0
16268,UK,15-19,Child,Black,Under 17,weekday,0,0,0,0,0,0,0,0,0,0
16269,UK,5-9,Child,White,Under 17,weekend,0,0,0,0,0,0,0,0,0,0
16270,UK,5-9,Child,White,Under 17,weekday,0,0,0,0,0,0,0,0,0,0
16271,UK,5-9,Child,White,Under 17,weekday,30,0,0,0,30,0,0,0,0,0
16272,UK,15-19,Child,White,Under 17,weekday,2,0,0,0,0,0,0,1,1,0
16273,UK,10-14,Child,White,Under 17,weekend,0,0,0,0,0,0,0,0,0,0
16274,UK,10-14,Child,Asian,Under 17,weekend,4,0,0,0,0,0,0,2,2,0
16275,UK,15-19,Child,White,Under 17,weekday,0,0,0,0,0,0,0,0,0,0
16276,UK,10-14,Child,Black,Under 17,weekend,0,0,0,0,0,0,0,0,0,0
16277,UK,5-9,Child,White,Under 17,weekday,10,0,0,0,0,0,0,7,3,0
16278,UK,5-9,Child,Asian,Under 17,weekday,0,0,0,0,0,0,0,0,0,0
16279,UK,15-19,Child,White,Under 17,weekend,4,0,0,0,0,0,0,2,2,0
16280,UK,10-14,Child,Black,Under 17,weekday,1,0,0,0,0,0,0,1,0,0
16281,UK,10-14,Child,Mixed,Under 17,weekday,1,0,0,0,0,0,0,1,0,0
16282,UK,10-14,Child,White,Under 17,weekend,0,0,0,0,0,0,0,0,0,0
16283,UK,15-19,Child,White,Student,weekday,30,0,0,0,0,0,0,30,0,0
16284,UK,5-9,Child,White,Under 17,weekend,80,0,0,0,0,0,0,30,50,0
16285,UK,0-4,Child,Black,Under 17,weekday,0,0,0,0,0,0,0,0,0,0
16286,UK,10-14,Child,Black,Under 17,weekend,0,0,0,0,0,0,0,0,0,0
16287,UK,10-14,Child,Asian,Under 17,weekday,9,0,0,0,0,0,0,1,5,3
16288,UK,10-14,Child,White,Under 17,weekday,0,0,0,0,0,0,0,0,0,0
16289,UK,5-9,Child,Black,Under 17,weekday,4,0,0,0,0,0,0,2,1,1
16290,UK,5-9,Child,Black,Under 17,weekend,0,0,0,0,0,0,0,0,0,0
16291,UK,10-14,Child,White,Under 17,weekday,2,0,0,0,0,0,0,0,2,0
16292,UK,10-14,Child,White,Under 17,weekday,0,0,0,0,0,0,0,0,0,0
16293,UK,5-9,Child,Black,Under 17,weekend,0,0,0,0,0,0,0,0,0,0
16294,UK,10-14,Child,White,Under 17,weekday,0,0,0,0,0,0,0,0,0,0
45001,UK,15-19,Child,White,Student,weekend,0,0,0,0,0,0,0,0,0,0
45002,UK,10-14,Child,White,Under 17,weekend,0,0,0,0,0,0,0,0,0,0
45003,UK,10-14,Child,White,Under 17,weekday,3,0,0,0,0,0,0,0,3,0
45004,UK,0-4,Child,Black,Under 17,weekend,0,0,0,0,0,0,0,0,0,0
45005,UK,15-19,Child,White,Under 17,weekend,1,0,0,0,0,0,0,1,0,0
45006,UK,15-19,Child,White,Under 17,weekday,0,0,0,0,0,0,0,0,0,0
45007,UK,15-19,Child,White,Under 17,weekend,0,0,0,0,0,0,0,0,0,0
45008,UK,5-9,Child,White,Under 17,weekend,3,0,0,0,0,0,0,2,1,0
45009,UK,15-19,Child,White,Student,weekend,3,0,0,0,0,0,0,1,2,0
45010,UK,5-9,Child,White,Under 17,weekend,0,0,0,0,0,0,0,0,0,0
45011,UK,0-4,Child,White,Under 17,weekend,3,0,0,0,0,0,0,1,2,0
45012,UK,10-14,Child,White,Under 17,weekend,0,0,0,0,0,0,0,0,0,0
45013,UK,10-14,Child,White,Under 17,weekend,0,0,0,0,0,0,0,0,0,0
45014,UK,5-9,Child,White,Under 17,weekend,0,0,0,0,0,0,0,0,0,0
45015,UK,10-14,Child,White,Under 17,weekday,0,0,0,0,0,0,0,0,0,0
45016,UK,10-14,Child,Asian,Under 17,weekday,1,0,0,0,0,0,0,0,1,0
45017,UK,15-19,Child,White,Under 17,weekday,0,0,0,0,0,0,0,0,0,0
45018,UK,5-9,Child,White,Under 17,weekend,0,0,0,0,0,0,0,0,0,0
45019,UK,15-19,Child,Black,Student,weekend,7,0,0,0,0,0,0,2,4,1
45020,UK,10-14,Child,White,Under 17,weekend,0,0,0,0,0,0,0,0,0,0
45021,UK,15-19,Child,White,Student,weekday,0,0,0,0,0,0,0,0,0,0
45022,UK,5-9,Child,White,Under 17,weekend,0,0,0,0,0,0,0,0,0,0
45023,UK,15-19,Child,White,Under 17,weekend,0,0,0,0,0,0,0,0,0,0
45024,UK,10-14,Child,White,Under 17,weekend,0,0,0,0,0,0,0,0,0,0
45025,UK,10-14,Child,White,Under 17,weekend,0,0,0,0,0,0,0,0,0,0
45026,UK,5-9,Child,White,Under 17,weekday,9,0,0,0,0,0,0,7,2,0
45027,UK,5-9,Child,White,Under 17,weekend,0,0,0,0,0,0,0,0,0,0
45028,UK,0-4,Child,White,Under 17,weekend,0,0,0,0,0,0,0,0,0,0
45029,UK,5-9,Child,Black,Under 17,weekday,13,0,0,0,0,0,0,7,4,2
45030,UK,0-4,Child,Black,Under 17,weekend,0,0,0,0,0,0,0,0,0,0
45031,UK,10-14,Child,White,Under 17,weekday,8,0,0,0,0,0,0,2,4,2
45032,UK,5-9,Child,Asian,Under 17,weekend,0,0,0,0,0,0,0,0,0,0
45033,UK,0-4,Child,White,Under 17,weekday,0,0,0,0,0,0,0,0,0,0
45034,UK,5-9,Child,Asian,Under 17,weekend,0,0,0,0,0,0,0,0,0,0
45035,UK,10-14,Child,White,Under 17,weekday,0,0,0,0,0,0,0,0,0,0
45036,UK,5-9,Child,White,Under 17,weekday,0,0,0,0,0,0,0,0,0,0
45037,UK,5-9,Child,White,Under 17,weekend,0,0,0,0,0,0,0,0,0,0
45038,UK,15-19,Child,White,Student,weekend,285,0,0,0,100,100,30,20,30,5
45039,UK,10-14,Child,White,Under 17,weekend,0,0,0,0,0,0,0,0,0,0
45040,UK,10-14,Child,Black,Under 17,weekend,3,0,0,0,0,0,0,1,2,0
45041,UK,10-14,Child,Mixed,Under 17,weekday,4,0,0,0,0,0,0,2,2,0
45042,UK,15-19,Child,White,Under 17,weekend,0,0,0,0,0,0,0,0,0,0
45043,UK,15-19,Child,White,Student,weekend,7,0,0,0,0,0,0,5,2,0
45044,UK,5-9,Child,Black,Under 17,weekend,0,0,0,0,0,0,0,0,0,0
45045,UK,0-4,Child,Black,Under 17,weekend,0,0,0,0,0,0,0,0,0,0
45046,UK,15-19,Child,White,Under 17,weekend,0,0,0,0,0,0,0,0,0,0
45047,UK,5-9,Child,White,Under 17,weekend,0,0,0,0,0,0,0,0,0,0
45048,UK,15-19,Child,White,Student,weekend,4,0,0,0,0,0,0,0,4,0
45049,UK,0-4,Child,Black,Under 17,weekend,0,0,0,0,0,0,0,0,0,0
45050,UK,15-19,Child,White,Student,weekend,0,0,0,0,0,0,0,0,0,0
45051,UK,10-14,Child,White,Under 17,weekend,0,0,0,0,0,0,0,0,0,0
45052,UK,10-14,Child,White,Under 17,weekend,0,0,0,0,0,0,0,0,0,0
45053,UK,0-4,Child,Black,Under 17,weekend,6,0,0,0,0,0,0,4,2,0
45054,UK,15-19,Child,White,Student,weekend,0,0,0,0,0,0,0,0,0,0
45055,UK,15-19,Child,White,Under 17,weekend,0,0,0,0,0,0,0,0,0,0
45056,UK,5-9,Child,White,Under 17,weekday,0,0,0,0,0,0,0,0,0,0
45057,UK,5-9,Child,White,Under 17,weekend,0,0,0,0,0,0,0,0,0,0
45058,UK,10-14,Child,White,Under 17,weekday,0,0,0,0,0,0,0,0,0,0
45059,UK,15-19,Child,White,Under 17,weekend,0,0,0,0,0,0,0,0,0,0
45060,UK,15-19,Child,White,Student,weekend,0,0,0,0,0,0,0,0,0,0
45061,UK,15-19,Child,White,Student,weekend,0,0,0,0,0,0,0,0,0,0
45062,UK,0-4,Child,Black,Under 17,weekday,8,0,0,0,0,0,0,2,2,4
45063,UK,15-19,Child,White,Under 17,weekday,0,0,0,0,0,0,0,0,0,0
45064,UK,0-4,Child,Mixed,Under 17,weekday,9,0,0,0,2,0,0,5,2,0
45065,UK,5-9,Child,White,Under 17,weekday,0,0,0,0,0,0,0,0,0,0
45066,UK,10-14,Child,White,Under 17,weekend,0,0,0,0,0,0,0,0,0,0
45067,UK,5-9,Child,White,Under 17,weekend,0,0,0,0,0,0,0,0,0,0
45068,UK,0-4,Child,White,Under 17,weekend,0,0,0,0,0,0,0,0,0,0
45069,UK,15-19,Child,White,Under 17,weekend,1,0,0,0,0,0,0,0,1,0
45070,UK,10-14,Child,White,Under 17,weekday,0,0,0,0,0,0,0,0,0,0
45071,UK,10-14,Child,White,Under 17,weekday,0,0,0,0,0,0,0,0,0,0
45072,UK,15-19,Child,White,Under 17,weekday,0,0,0,0,0,0,0,0,0,0
45073,UK,5-9,Child,White,Under 17,weekday,160,0,0,0,45,23,12,45,23,12
45074,UK,15-19,Child,White,Under 17,weekend,0,0,0,0,0,0,0,0,0,0
45075,UK,15-19,Child,Asian,Under 17,weekend,0,0,0,0,0,0,0,0,0,0
45076,UK,10-14,Child,Black,Under 17,weekend,7,0,0,0,0,0,0,1,2,4
45077,UK,5-9,Child,White,Under 17,weekend,3,0,0,0,0,0,0,0,3,0
45078,UK,15-19,Child,White,Under 17,weekend,0,0,0,0,0,0,0,0,0,0
45079,UK,0-4,Child,White,Under 17,weekday,0,0,0,0,0,0,0,0,0,0
45080,UK,5-9,Child,White,Under 17,weekend,0,0,0,0,0,0,0,0,0,0
45081,UK,10-14,Child,White,Under 17,weekend,0,0,0,0,0,0,0,0,0,0
45082,UK,0-4,Child,Asian,Under 17,weekend,0,0,0,0,0,0,0,0,0,0
45083,UK,15-19,Child,White,Under 17,weekend,5,0,0,0,0,0,0,0,5,0
45084,UK,0-4,Child,White,Under 17,weekend,7,0,0,0,0,0,0,2,2,3
45085,UK,5-9,Child,Mixed,Under 17,weekend,0,0,0,0,0,0,0,0,0,0
45086,UK,5-9,Child,Asian,Under 17,weekend,0,0,0,0,0,0,0,0,0,0
45087,UK,5-9,Child,Mixed,Under 17,weekday,0,0,0,0,0,0,0,0,0,0
45088,UK,5-9,Child,Black,Under 17,weekday,0,0,0,0,0,0,0,0,0,0
45089,UK,5-9,Child,White,Under 17,weekend,5,0,0,0,0,0,0,3,2,0
45090,UK,10-14,Child,White,Under 17,weekend,0,0,0,0,0,0,0,0,0,0
45091,UK,5-9,Child,Black,Under 17,weekday,0,0,0,0,0,0,0,0,0,0
45092,UK,10-14,Child,White,Under 17,weekend,6,0,0,0,0,0,0,4,2,0
45093,UK,10-14,Child,White,Under 17,weekday,0,0,0,0,0,0,0,0,0,0
45094,UK,0-4,Child,White,Under 17,weekend,0,0,0,0,0,0,0,0,0,0
45095,UK,0-4,Child,White,Under 17,weekend,2,0,0,0,0,0,0,0,2,0
45096,UK,10-14,Child,White,Under 17,weekend,2,0,0,0,0,0,0,0,2,0
45097,UK,10-14,Child,White,Under 17,weekday,0,0,0,0,0,0,0,0,0,0
45098,UK,15-19,Child,White,Under 17,weekend,0,0,0,0,0,0,0,0,0,0
45099,UK,15-19,Child,White,Under 17,weekend,0,0,0,0,0,0,0,0,0,0
45100,UK,5-9,Child,Black,Under 17,weekday,11,0,0,0,0,0,0,5,4,2
45111,UK,15-19,Child,White,Under 17,weekend,0,0,0,0,0,0,0,0,0,0
45122,UK,0-4,Child,White,Under 17,weekday,3,0,0,0,0,0,0,1,2,0
45133,UK,0-4,Child,Black,Under 17,weekend,6,0,0,0,0,0,0,2,2,2
45144,UK,10-14,Child,White,Under 17,weekday,2,0,0,0,0,0,0,0,2,0
45155,UK,15-19,Child,White,Student,weekend,0,0,0,0,0,0,0,0,0,0
45166,UK,0-4,Child,White,Under 17,weekend,6,0,0,0,0,0,0,1,4,1
45177,UK,5-9,Child,Black,Under 17,weekend,2,0,0,0,0,0,0,1,1,0
45188,UK,5-9,Child,Black,Under 17,weekend,0,0,0,0,0,0,0,0,0,0
45199,UK,15-19,Child,White,Under 17,weekday,0,0,0,0,0,0,0,0,0,0
45210,UK,10-14,Child,White,Under 17,weekend,0,0,0,0,0,0,0,0,0,0
45221,UK,5-9,Child,White,Under 17,weekend,0,0,0,0,0,0,0,0,0,0
45232,UK,15-19,Child,White,Under 17,weekend,0,0,0,0,0,0,0,0,0,0
45243,UK,10-14,Child,White,Under 17,weekday,0,0,0,0,0,0,0,0,0,0
45254,UK,5-9,Child,White,Under 17,weekend,5,0,0,0,0,0,0,3,2,0
45265,UK,10-14,Child,White,Under 17,weekend,0,0,0,0,0,0,0,0,0,0
45276,UK,0-4,Child,White,Under 17,weekday,0,0,0,0,0,0,0,0,0,0
45287,UK,5-9,Child,Black,Under 17,weekday,6,0,0,0,0,0,0,2,4,0
45298,UK,5-9,Child,White,Under 17,weekend,0,0,0,0,0,0,0,0,0,0
45309,UK,10-14,Child,White,Under 17,weekday,0,0,0,0,0,0,0,0,0,0
45320,UK,10-14,Child,White,Under 17,weekend,25,0,0,0,0,0,0,14,9,2
45331,UK,10-14,Child,White,Under 17,weekend,7,0,0,0,0,0,0,3,2,2
45342,UK,15-19,Child,White,Under 17,weekend,0,0,0,0,0,0,0,0,0,0
45353,UK,5-9,Child,White,Under 17,weekday,3,0,0,0,0,0,0,1,2,0
45364,UK,5-9,Child,White,Under 17,weekend,105,0,0,0,0,0,0,20,70,15
45375,UK,10-14,Child,Black,Under 17,weekend,6,0,0,0,0,0,0,3,3,0
45386,UK,15-19,Child,White,Under 17,weekend,2,0,0,0,0,0,0,0,2,0
45397,UK,15-19,Child,White,Under 17,weekend,4,0,0,0,0,0,0,1,3,0
45408,UK,5-9,Child,White,Under 17,weekend,5,0,0,0,0,0,0,1,2,2
45419,UK,10-14,Child,White,Under 17,weekday,0,0,0,0,0,0,0,0,0,0
45430,UK,10-14,Child,Asian,Under 17,weekend,6,0,0,0,0,0,0,3,2,1
45441,UK,10-14,Child,White,Under 17,weekend,0,0,0,0,0,0,0,0,0,0
45452,UK,5-9,Child,White,Under 17,weekend,0,0,0,0,0,0,0,0,0,0
45463,UK,5-9,Child,White,Under 17,weekend,1,0,0,0,0,0,0,1,0,0
45474,UK,10-14,Child,White,Under 17,weekend,0,0,0,0,0,0,0,0,0,0
45485,UK,10-14,Child,White,Under 17,weekend,0,0,0,0,0,0,0,0,0,0
45496,UK,5-9,Child,White,Under 17,weekday,0,0,0,0,0,0,0,0,0,0
45507,UK,15-19,Child,White,Student,weekend,0,0,0,0,0,0,0,0,0,0
45518,UK,5-9,Child,Black,Under 17,weekend,0,0,0,0,0,0,0,0,0,0
45526,UK,10-14,Child,Black,Under 17,weekday,3,0,0,0,0,0,0,2,1,0
45527,UK,0-4,Child,Black,Under 17,weekend,6,0,0,0,0,0,0,0,6,0
45528,UK,15-19,Child,Asian,Student,weekday,0,0,0,0,0,0,0,0,0,0
45529,UK,5-9,Child,Asian,Under 17,weekend,0,0,0,0,0,0,0,0,0,0
45530,UK,15-19,Child,Mixed,Under 17,weekday,13,0,0,0,0,0,0,7,3,3
45531,UK,15-19,Child,White,Under 17,weekend,0,0,0,0,0,0,0,0,0,0
45532,UK,10-14,Child,White,Under 17,weekday,4,0,0,0,0,0,0,2,2,0
45533,UK,15-19,Child,Asian,Student,weekday,0,0,0,0,0,0,0,0,0,0
45534,UK,15-19,Child,White,Under 17,weekend,2,0,0,0,0,0,0,0,1,1
45535,UK,10-14,Child,White,Under 17,weekday,0,0,0,0,0,0,0,0,0,0
45536,UK,15-19,Child,White,Student,weekend,2,0,0,0,0,0,0,1,1,0
45537,UK,15-19,Child,White,Under 17,weekend,0,0,0,0,0,0,0,0,0,0
45538,UK,5-9,Child,White,Under 17,weekend,0,0,0,0,0,0,0,0,0,0
45539,UK,15-19,Child,White,Under 17,weekday,12,0,0,0,0,0,0,10,2,0
45540,UK,5-9,Child,White,Under 17,weekday,3,0,0,0,0,0,0,0,3,0
45541,UK,5-9,Child,Black,Under 17,weekend,0,0,0,0,0,0,0,0,0,0
45542,UK,15-19,Child,White,Under 17,weekend,2,0,0,0,0,0,0,1,1,0
45543,UK,15-19,Child,White,Under 17,weekend,0,0,0,0,0,0,0,0,0,0
45544,UK,10-14,Child,White,Under 17,weekend,0,0,0,0,0,0,0,0,0,0
45545,UK,15-19,Child,White,Under 17,weekend,0,0,0,0,0,0,0,0,0,0
45546,UK,15-19,Child,White,Under 17,weekend,0,0,0,0,0,0,0,0,0,0
45547,UK,15-19,Child,White,Student,weekend,15,0,0,0,0,0,0,15,0,0
45548,UK,5-9,Child,White,Under 17,weekend,36,0,0,0,0,0,0,6,20,10
45549,UK,15-19,Child,White,Under 17,weekend,13,0,0,0,0,0,0,2,5,6
45550,UK,15-19,Child,White,Student,weekday,24,0,0,0,0,0,0,20,4,0
45551,UK,5-9,Child,Black,Under 17,weekday,11,0,0,0,0,0,0,4,6,1
45552,UK,15-19,Child,White,Student,weekday,24,0,0,0,0,0,0,0,24,0
45553,UK,10-14,Child,White,Under 17,weekend,0,0,0,0,0,0,0,0,0,0
45554,UK,15-19,Child,White,Under 17,weekend,0,0,0,0,0,0,0,0,0,0
45555,UK,5-9,Child,White,Under 17,weekend,0,0,0,0,0,0,0,0,0,0
45556,UK,10-14,Child,White,Under 17,weekend,0,0,0,0,0,0,0,0,0,0
45557,UK,10-14,Child,White,Under 17,weekday,0,0,0,0,0,0,0,0,0,0
45558,UK,5-9,Child,White,Under 17,weekday,0,0,0,0,0,0,0,0,0,0
45559,UK,10-14,Child,White,Under 17,weekend,0,0,0,0,0,0,0,0,0,0
45560,UK,15-19,Child,Black,Under 17,weekend,30,0,0,0,0,0,0,30,0,0
45561,UK,0-4,Child,White,Under 17,weekend,0,0,0,0,0,0,0,0,0,0
45562,UK,0-4,Child,White,Under 17,weekend,15,0,0,0,0,0,0,10,3,2
45563,UK,10-14,Child,White,Under 17,weekend,0,0,0,0,0,0,0,0,0,0
45564,UK,10-14,Child,Mixed,Under 17,weekend,6,0,0,0,0,0,0,4,2,0
45565,UK,5-9,Child,White,Under 17,weekend,0,0,0,0,0,0,0,0,0,0
45566,UK,10-14,Child,White,Under 17,weekend,0,0,0,0,0,0,0,0,0,0
45567,UK,15-19,Child,White,Under 17,weekday,5,0,0,0,0,0,0,3,2,0
45568,UK,15-19,Child,White,Student,weekday,0,0,0,0,0,0,0,0,0,0
45569,UK,10-14,Child,White,Under 17,weekend,5,0,0,0,0,0,0,0,5,0
45570,UK,10-14,Child,White,Under 17,weekend,0,0,0,0,0,0,0,0,0,0
45571,UK,15-19,Child,White,Under 17,weekend,3,0,0,0,0,0,0,1,1,1
45572,UK,10-14,Child,Asian,Under 17,weekday,0,0,0,0,0,0,0,0,0,0
45573,UK,10-14,Child,White,Under 17,weekend,5,0,0,0,0,0,0,1,4,0
45574,UK,15-19,Child,White,Student,weekend,0,0,0,0,0,0,0,0,0,0
45575,UK,0-4,Child,Asian,Under 17,weekday,0,0,0,0,0,0,0,0,0,0
45576,UK,0-4,Child,White,Under 17,weekday,0,0,0,0,0,0,0,0,0,0
45577,UK,15-19,Child,White,Under 17,weekend,2,0,0,0,0,0,0,0,2,0
45578,UK,0-4,Child,Black,Under 17,weekday,0,0,0,0,0,0,0,0,0,0
45579,UK,5-9,Child,White,Under 17,weekend,0,0,0,0,0,0,0,0,0,0
45580,UK,0-4,Child,White,Under 17,weekend,0,0,0,0,0,0,0,0,0,0
45581,UK,10-14,Child,White,Under 17,weekend,0,0,0,0,0,0,0,0,0,0
45582,UK,10-14,Child,White,Under 17,weekend,0,0,0,0,0,0,0,0,0,0
45583,UK,10-14,Child,Black,Under 17,weekend,4,0,0,0,0,0,0,2,2,0
45584,UK,0-4,Child,White,Under 17,weekend,25,0,0,0,0,0,0,10,10,5
45585,UK,0-4,Child,White,Under 17,weekday,2,0,0,0,0,0,0,0,2,0
45586,UK,10-14,Child,White,Under 17,weekend,1,0,0,0,0,0,0,1,0,0
45587,UK,15-19,Child,White,Student,weekday,0,0,0,0,0,0,0,0,0,0
45588,UK,10-14,Child,White,Under 17,weekend,4,0,0,0,0,0,0,1,2,1
45589,UK,10-14,Child,White,Under 17,weekend,6,0,0,0,0,0,0,1,5,0
45590,UK,15-19,Child,White,Student,weekend,0,0,0,0,0,0,0,0,0,0
45591,UK,5-9,Child,White,Under 17,weekend,0,0,0,0,0,0,0,0,0,0
45592,UK,5-9,Child,Black,Under 17,weekend,6,0,0,0,0,0,0,2,4,0
45593,UK,5-9,Child,White,Under 17,weekend,0,0,0,0,0,0,0,0,0,0
45594,UK,10-14,Child,White,Under 17,weekend,0,0,0,0,0,0,0,0,0,0
45595,UK,10-14,Child,Black,Under 17,weekday,0,0,0,0,0,0,0,0,0,0
45596,UK,15-19,Child,White,Student,weekend,0,0,0,0,0,0,0,0,0,0
45597,UK,5-9,Child,White,Under 17,weekday,5,0,0,0,0,0,0,1,4,0
45598,UK,0-4,Child,White,Under 17,weekend,0,0,0,0,0,0,0,0,0,0
45599,UK,15-19,Child,White,Under 17,weekday,0,0,0,0,0,0,0,0,0,0
45600,UK,15-19,Child,Black,Under 17,weekday,0,0,0,0,0,0,0,0,0,0
45601,UK,15-19,Child,White,Under 17,weekend,5,0,0,0,0,0,0,0,5,0
45602,UK,10-14,Child,White,Under 17,weekend,0,0,0,0,0,0,0,0,0,0
45603,UK,5-9,Child,White,Under 17,weekend,0,0,0,0,0,0,0,0,0,0
45604,UK,10-14,Child,White,Under 17,weekend,5,0,0,0,0,0,0,5,0,0
45605,UK,10-14,Child,White,Under 17,weekend,58,0,0,0,0,0,0,3,5,50
45606,UK,10-14,Child,Black,Under 17,weekday,0,0,0,0,0,0,0,0,0,0
45607,UK,0-4,Child,Asian,Under 17,weekday,3,0,0,0,0,0,0,1,2,0
45608,UK,5-9,Child,White,Under 17,weekend,0,0,0,0,0,0,0,0,0,0
45609,UK,10-14,Child,Asian,Under 17,weekend,7,0,0,0,0,0,0,2,5,0
45610,UK,10-14,Child,White,Under 17,weekend,0,0,0,0,0,0,0,0,0,0
45611,UK,5-9,Child,White,Under 17,weekend,3,0,0,0,0,0,0,1,1,1
45612,UK,10-14,Child,Other,Under 17,weekday,3,0,0,0,0,0,0,1,2,0
45613,UK,0-4,Child,White,Under 17,weekend,5,0,0,0,0,0,0,3,2,0
45614,UK,10-14,Child,White,Under 17,weekend,0,0,0,0,0,0,0,0,0,0
45615,UK,10-14,Child,White,Under 17,weekend,0,0,0,0,0,0,0,0,0,0
45616,UK,10-14,Child,Asian,Under 17,weekend,1,0,0,0,0,0,0,1,0,0
45617,UK,5-9,Child,White,Under 17,weekday,0,0,0,0,0,0,0,0,0,0
45618,UK,5-9,Child,White,Under 17,weekend,0,0,0,0,0,0,0,0,0,0
45619,UK,5-9,Child,White,Under 17,weekday,0,0,0,0,0,0,0,0,0,0
45620,UK,10-14,Child,White,Under 17,weekend,0,0,0,0,0,0,0,0,0,0
45621,UK,10-14,Child,White,Under 17,weekend,0,0,0,0,0,0,0,0,0,0
45622,UK,15-19,Child,Black,Under 17,weekday,0,0,0,0,0,0,0,0,0,0
45623,UK,15-19,Child,White,Under 17,weekend,7,0,0,0,0,0,0,2,4,1
45624,UK,15-19,Child,Black,Under 17,weekend,0,0,0,0,0,0,0,0,0,0
45625,UK,5-9,Child,Black,Under 17,weekend,13,0,0,0,0,0,0,8,2,3
45626,UK,15-19,Child,Black,Student,weekday,0,0,0,0,0,0,0,0,0,0
45627,UK,15-19,Child,Black,Student,weekend,0,0,0,0,0,0,0,0,0,0
45628,UK,0-4,Child,Asian,Under 17,weekend,0,0,0,0,0,0,0,0,0,0
45629,UK,5-9,Child,White,Under 17,weekend,0,0,0,0,0,0,0,0,0,0
45630,UK,5-9,Child,White,Under 17,weekday,50,0,0,0,30,5,0,15,0,0
45631,UK,15-19,Child,White,Under 17,weekend,0,0,0,0,0,0,0,0,0,0
45632,UK,10-14,Child,White,Under 17,weekend,0,0,0,0,0,0,0,0,0,0
45633,UK,15-19,Child,White,Under 17,weekend,0,0,0,0,0,0,0,0,0,0
45634,UK,15-19,Child,White,Under 17,weekend,15,0,0,0,0,0,0,10,5,0
45635,UK,15-19,Child,White,Under 17,weekend,0,0,0,0,0,0,0,0,0,0
45636,UK,10-14,Child,Asian,Under 17,weekend,13,0,0,0,0,0,0,5,8,0
45637,UK,5-9,Child,Black,Under 17,weekend,0,0,0,0,0,0,0,0,0,0
45638,UK,10-14,Child,White,Under 17,weekend,0,0,0,0,0,0,0,0,0,0
45639,UK,10-14,Child,White,Under 17,weekday,102,0,0,0,0,0,0,100,2,0
45640,UK,0-4,Child,White,Under 17,weekday,0,0,0,0,0,0,0,0,0,0
45641,UK,10-14,Child,White,Under 17,weekday,79,0,0,0,0,0,0,70,9,0
45642,UK,10-14,Child,White,Under 17,weekend,0,0,0,0,0,0,0,0,0,0
45643,UK,15-19,Child,White,Under 17,weekday,0,0,0,0,0,0,0,0,0,0
45644,UK,10-14,Child,Mixed,Under 17,weekday,6,0,0,0,0,0,0,3,2,1
45645,UK,5-9,Child,White,Under 17,weekend,14,0,0,0,0,0,0,6,6,2
45646,UK,5-9,Child,White,Under 17,weekday,0,0,0,0,0,0,0,0,0,0
45647,UK,0-4,Child,Black,Under 17,weekend,15,0,0,0,0,0,0,5,7,3
45648,UK,5-9,Child,White,Under 17,weekend,6,0,0,0,0,0,0,1,3,2
45649,UK,5-9,Child,White,Under 17,weekend,0,0,0,0,0,0,0,0,0,0
45650,UK,10-14,Child,White,Under 17,weekend,0,0,0,0,0,0,0,0,0,0
45651,UK,0-4,Child,Asian,Under 17,weekend,0,0,0,0,0,0,0,0,0,0
45652,UK,15-19,Child,Asian,Under 17,weekend,0,0,0,0,0,0,0,0,0,0
45653,UK,5-9,Child,White,Under 17,weekend,2,0,0,0,0,0,0,0,2,0
45654,UK,10-14,Child,White,Under 17,weekend,0,0,0,0,0,0,0,0,0,0
45655,UK,5-9,Child,White,Under 17,weekend,0,0,0,0,0,0,0,0,0,0
45656,UK,15-19,Child,White,Student,weekend,0,0,0,0,0,0,0,0,0,0
45657,UK,10-14,Child,White,Under 17,weekend,0,0,0,0,0,0,0,0,0,0
45658,UK,15-19,Child,White,Under 17,weekend,1,0,0,0,0,0,0,1,0,0
45659,UK,5-9,Child,Black,Under 17,weekday,0,0,0,0,0,0,0,0,0,0
45660,UK,15-19,Child,White,Student,weekend,0,0,0,0,0,0,0,0,0,0
45661,UK,15-19,Child,White,Student,weekday,0,0,0,0,0,0,0,0,0,0
45662,UK,10-14,Child,White,Under 17,weekend,0,0,0,0,0,0,0,0,0,0
45663,UK,15-19,Child,White,Under 17,weekend,20,0,0,0,0,0,0,0,20,0
45664,UK,0-4,Child,White,Under 17,weekday,0,0,0,0,0,0,0,0,0,0
45665,UK,5-9,Child,White,Under 17,weekday,0,0,0,0,0,0,0,0,0,0
45666,UK,10-14,Child,Black,Under 17,weekday,0,0,0,0,0,0,0,0,0,0
45667,UK,10-14,Child,Asian,Under 17,weekday,0,0,0,0,0,0,0,0,0,0
45668,UK,5-9,Child,White,Under 17,weekday,0,0,0,0,0,0,0,0,0,0
45669,UK,10-14,Child,White,Under 17,weekday,0,0,0,0,0,0,0,0,0,0
45670,UK,15-19,Child,White,Under 17,weekend,0,0,0,0,0,0,0,0,0,0
45671,UK,15-19,Child,White,Under 17,weekend,0,0,0,0,0,0,0,0,0,0
45672,UK,10-14,Child,Asian,Under 17,weekend,0,0,0,0,0,0,0,0,0,0
45673,UK,10-14,Child,White,Under 17,weekend,0,0,0,0,0,0,0,0,0,0
45674,UK,5-9,Child,Mixed,Under 17,weekend,0,0,0,0,0,0,0,0,0,0
45675,UK,10-14,Child,White,Under 17,weekend,20,0,0,0,0,0,0,5,10,5
45676,UK,10-14,Child,White,Under 17,weekday,3,0,0,0,0,0,0,3,0,0
45677,UK,5-9,Child,White,Under 17,weekday,0,0,0,0,0,0,0,0,0,0
45678,UK,15-19,Child,White,Student,weekday,0,0,0,0,0,0,0,0,0,0
45679,UK,10-14,Child,White,Under 17,weekend,3,0,0,0,0,0,0,2,1,0
45680,UK,10-14,Child,White,Under 17,weekend,0,0,0,0,0,0,0,0,0,0
45681,UK,10-14,Child,White,Under 17,weekend,0,0,0,0,0,0,0,0,0,0
45682,UK,15-19,Child,White,Under 17,weekend,0,0,0,0,0,0,0,0,0,0
45683,UK,5-9,Child,Black,Under 17,weekend,0,0,0,0,0,0,0,0,0,0
45684,UK,5-9,Child,Asian,Under 17,weekend,0,0,0,0,0,0,0,0,0,0
45685,UK,0-4,Child,Black,Under 17,weekend,50,0,0,0,20,5,0,20,5,0
45686,UK,10-14,Child,White,Under 17,weekend,4,0,0,0,0,0,0,2,2,0
45687,UK,10-14,Child,White,Under 17,weekend,0,0,0,0,0,0,0,0,0,0
45688,UK,10-14,Child,White,Under 17,weekend,0,0,0,0,0,0,0,0,0,0
45689,UK,5-9,Child,White,Under 17,weekend,0,0,0,0,0,0,0,0,0,0
45690,UK,10-14,Child,Mixed,Under 17,weekend,10,0,0,0,0,0,0,0,10,0
45691,UK,15-19,Child,White,Student,weekday,0,0,0,0,0,0,0,0,0,0
45692,UK,15-19,Child,White,Under 17,weekend,0,0,0,0,0,0,0,0,0,0
45693,UK,10-14,Child,White,Under 17,weekday,0,0,0,0,0,0,0,0,0,0
45694,UK,15-19,Child,White,Student,weekend,0,0,0,0,0,0,0,0,0,0
45695,UK,10-14,Child,White,Under 17,weekday,2,0,0,0,0,0,0,1,1,0
45696,UK,15-19,Child,White,Under 17,weekend,0,0,0,0,0,0,0,0,0,0
45697,UK,0-4,Child,White,Under 17,weekend,6,0,0,0,0,0,0,3,3,0
45698,UK,5-9,Child,White,Under 17,weekend,0,0,0,0,0,0,0,0,0,0
45699,UK,10-14,Child,White,Under 17,weekend,0,0,0,0,0,0,0,0,0,0
45700,UK,5-9,Child,White,Under 17,weekend,0,0,0,0,0,0,0,0,0,0
45701,UK,10-14,Child,White,Under 17,weekday,0,0,0,0,0,0,0,0,0,0
45702,UK,15-19,Child,White,Under 17,weekend,0,0,0,0,0,0,0,0,0,0
45703,UK,0-4,Child,White,Under 17,weekend,0,0,0,0,0,0,0,0,0,0
45704,UK,10-14,Child,White,Under 17,weekend,0,0,0,0,0,0,0,0,0,0
45705,UK,5-9,Child,Black,Under 17,weekday,3,0,0,0,0,0,0,2,1,0
45706,UK,5-9,Child,White,Under 17,weekend,0,0,0,0,0,0,0,0,0,0
45707,UK,15-19,Child,White,Under 17,weekend,0,0,0,0,0,0,0,0,0,0
45708,UK,10-14,Child,White,Under 17,weekend,0,0,0,0,0,0,0,0,0,0
45709,UK,15-19,Child,Other,Under 17,weekday,0,0,0,0,0,0,0,0,0,0
45710,UK,10-14,Child,White,Under 17,weekend,4,0,0,0,0,0,0,2,2,0
45711,UK,10-14,Child,Black,Under 17,weekend,0,0,0,0,0,0,0,0,0,0
45712,UK,5-9,Child,White,Under 17,weekend,0,0,0,0,0,0,0,0,0,0
45713,UK,10-14,Child,White,Under 17,weekend,5,0,0,0,0,0,0,1,4,0
45714,UK,0-4,Child,White,Under 17,weekend,0,0,0,0,0,0,0,0,0,0
45715,UK,10-14,Child,White,Under 17,weekend,0,0,0,0,0,0,0,0,0,0
45716,UK,0-4,Child,Asian,Under 17,weekend,16,0,0,0,0,0,0,8,6,2
45717,UK,15-19,Child,White,Under 17,weekend,0,0,0,0,0,0,0,0,0,0
45718,UK,0-4,Child,White,Under 17,weekend,12,0,0,0,0,0,0,4,4,4
45719,UK,10-14,Child,White,Under 17,weekend,0,0,0,0,0,0,0,0,0,0
45720,UK,5-9,Child,Asian,Under 17,weekend,0,0,0,0,0,0,0,0,0,0
45721,UK,5-9,Child,Mixed,Under 17,weekend,0,0,0,0,0,0,0,0,0,0
45722,UK,0-4,Child,Black,Under 17,weekend,0,0,0,0,0,0,0,0,0,0
45723,UK,15-19,Child,White,Under 17,weekday,0,0,0,0,0,0,0,0,0,0
45724,UK,15-19,Child,White,Under 17,weekend,5,0,0,0,0,0,0,1,2,2
45725,UK,10-14,Child,Mixed,Under 17,weekend,0,0,0,0,0,0,0,0,0,0
45726,UK,10-14,Child,White,Under 17,weekend,0,0,0,0,0,0,0,0,0,0
45727,UK,15-19,Child,White,Under 17,weekend,0,0,0,0,0,0,0,0,0,0
45728,UK,10-14,Child,White,Under 17,weekend,2,0,0,0,0,0,0,0,2,0
45729,UK,0-4,Child,White,Under 17,weekend,0,0,0,0,0,0,0,0,0,0
45730,UK,0-4,Child,White,Under 17,weekend,10,0,0,0,0,0,0,0,10,0
45731,UK,10-14,Child,White,Under 17,weekend,0,0,0,0,0,0,0,0,0,0
45732,UK,15-19,Child,White,Under 17,weekend,0,0,0,0,0,0,0,0,0,0
45733,UK,5-9,Child,Asian,Under 17,weekend,0,0,0,0,0,0,0,0,0,0
45734,UK,0-4,Child,White,Under 17,weekend,0,0,0,0,0,0,0,0,0,0
45735,UK,10-14,Child,White,Under 17,weekend,0,0,0,0,0,0,0,0,0,0
45736,UK,10-14,Child,Asian,Under 17,weekday,0,0,0,0,0,0,0,0,0,0
45737,UK,0-4,Child,Black,Under 17,weekend,0,0,0,0,0,0,0,0,0,0
45738,UK,15-19,Child,Mixed,Under 17,weekend,0,0,0,0,0,0,0,0,0,0
45739,UK,10-14,Child,Black,Under 17,weekend,0,0,0,0,0,0,0,0,0,0
45740,UK,10-14,Child,White,Under 17,weekend,1,0,0,0,0,0,0,1,0,0
45741,UK,10-14,Child,Asian,Under 17,weekday,0,0,0,0,0,0,0,0,0,0
45742,UK,5-9,Child,Asian,Under 17,weekend,0,0,0,0,0,0,0,0,0,0
45743,UK,15-19,Child,White,Under 17,weekend,200,0,0,0,0,0,0,0,100,100
45744,UK,5-9,Child,Mixed,Under 17,weekend,0,0,0,0,0,0,0,0,0,0
45745,UK,5-9,Child,White,Under 17,weekend,0,0,0,0,0,0,0,0,0,0
45746,UK,10-14,Child,Asian,Under 17,weekend,0,0,0,0,0,0,0,0,0,0
45747,UK,0-4,Child,White,Under 17,weekend,5,0,0,0,0,0,0,3,2,0
45748,UK,15-19,Child,White,Under 17,weekend,2,0,0,0,0,0,0,1,1,0
45749,UK,15-19,Child,White,Under 17,weekend,0,0,0,0,0,0,0,0,0,0
45750,UK,15-19,Child,White,Under 17,weekday,0,0,0,0,0,0,0,0,0,0
45751,UK,0-4,Child,Asian,Under 17,weekend,7,0,0,0,0,0,0,0,7,0
45752,UK,15-19,Child,Asian,Under 17,weekend,0,0,0,0,0,0,0,0,0,0
45753,UK,15-19,Child,White,Under 17,weekend,0,0,0,0,0,0,0,0,0,0
45754,UK,0-4,Child,White,Under 17,weekend,0,0,0,0,0,0,0,0,0,0
45755,UK,5-9,Child,Black,Under 17,weekend,5,0,0,0,0,0,0,2,3,0
45756,UK,5-9,Child,Black,Under 17,weekend,1,0,0,0,0,0,0,0,1,0
45757,UK,5-9,Child,Asian,Under 17,weekday,0,0,0,0,0,0,0,0,0,0
45758,UK,0-4,Child,White,Under 17,weekend,0,0,0,0,0,0,0,0,0,0
45759,UK,0-4,Child,Black,Under 17,weekend,27,0,0,0,0,0,0,2,25,0
45760,UK,0-4,Child,Black,Under 17,weekend,0,0,0,0,0,0,0,0,0,0
45761,UK,5-9,Child,White,Under 17,weekend,0,0,0,0,0,0,0,0,0,0
45762,UK,0-4,Child,White,Under 17,weekend,5,0,0,0,0,0,0,0,4,1
45763,UK,0-4,Child,White,Under 17,weekday,9,0,0,0,0,0,0,1,8,0
45764,UK,10-14,Child,White,Under 17,weekend,0,0,0,0,0,0,0,0,0,0
45765,UK,10-14,Child,Asian,Under 17,weekend,0,0,0,0,0,0,0,0,0,0
45766,UK,15-19,Child,Black,Student,weekend,0,0,0,0,0,0,0,0,0,0
45767,UK,10-14,Child,White,Under 17,weekend,0,0,0,0,0,0,0,0,0,0
45768,UK,10-14,Child,Asian,Under 17,weekend,2,0,0,0,0,0,0,1,1,0
45769,UK,10-14,Child,White,Under 17,weekday,0,0,0,0,0,0,0,0,0,0
45770,UK,5-9,Child,White,Under 17,weekend,0,0,0,0,0,0,0,0,0,0
45771,UK,10-14,Child,White,Under 17,weekday,82,0,0,0,50,20,2,0,10,0
45772,UK,5-9,Child,White,Under 17,weekday,4,0,0,0,0,0,0,3,1,0
45773,UK,10-14,Child,White,Under 17,weekend,0,0,0,0,0,0,0,0,0,0
45774,UK,10-14,Child,White,Under 17,weekday,0,0,0,0,0,0,0,0,0,0
45775,UK,5-9,Child,White,Under 17,weekend,0,0,0,0,0,0,0,0,0,0
45776,UK,5-9,Child,Black,Under 17,weekend,4,0,0,0,0,0,0,2,2,0
45777,UK,15-19,Child,White,Under 17,weekday,2,0,0,0,0,0,0,0,2,0
45778,UK,5-9,Child,Asian,Under 17,weekend,5,0,0,0,0,0,0,3,2,0
45779,UK,0-4,Child,White,Under 17,weekend,0,0,0,0,0,0,0,0,0,0
45780,UK,15-19,Child,Asian,Under 17,weekend,4,0,0,0,0,0,0,0,3,1
45781,UK,5-9,Child,White,Under 17,weekday,9,0,0,0,0,0,0,7,2,0
45782,UK,10-14,Child,White,Under 17,weekend,6,0,0,0,0,0,0,1,5,0
45783,UK,10-14,Child,White,Under 17,weekend,0,0,0,0,0,0,0,0,0,0
45784,UK,5-9,Child,White,Under 17,weekday,13,0,0,0,0,0,0,7,4,2
45785,UK,15-19,Child,White,Under 17,weekend,26,0,0,0,0,0,0,0,6,20
45786,UK,15-19,Child,White,Under 17,weekday,0,0,0,0,0,0,0,0,0,0
45787,UK,5-9,Child,White,Under 17,weekend,0,0,0,0,0,0,0,0,0,0
45788,UK,5-9,Child,White,Under 17,weekend,0,0,0,0,0,0,0,0,0,0
45789,UK,15-19,Child,White,Student,weekday,0,0,0,0,0,0,0,0,0,0
45790,UK,0-4,Child,Black,Under 17,weekend,0,0,0,0,0,0,0,0,0,0
45791,UK,15-19,Child,White,Under 17,weekend,0,0,0,0,0,0,0,0,0,0
45792,UK,15-19,Child,White,Under 17,weekend,0,0,0,0,0,0,0,0,0,0
45793,UK,5-9,Child,White,Under 17,weekend,0,0,0,0,0,0,0,0,0,0
45794,UK,10-14,Child,White,Under 17,weekend,12,0,0,0,0,0,0,5,6,1
45795,UK,15-19,Child,Black,Student,weekday,58,0,0,0,0,0,0,54,4,0
45796,UK,15-19,Child,White,Under 17,weekday,4,0,0,0,0,0,0,1,3,0
45797,UK,0-4,Child,White,Under 17,weekend,0,0,0,0,0,0,0,0,0,0
45798,UK,5-9,Child,Mixed,Under 17,weekend,6,0,0,0,0,0,0,3,2,1
45799,UK,15-19,Child,White,Student,weekday,0,0,0,0,0,0,0,0,0,0
45800,UK,10-14,Child,White,Under 17,weekend,3,0,0,0,0,0,0,1,2,0
45801,UK,0-4,Child,Black,Under 17,weekday,21,0,0,0,20,0,1,0,0,0
45802,UK,5-9,Child,Asian,Under 17,weekend,0,0,0,0,0,0,0,0,0,0
45803,UK,0-4,Child,White,Under 17,weekend,0,0,0,0,0,0,0,0,0,0
45804,UK,5-9,Child,White,Under 17,weekend,0,0,0,0,0,0,0,0,0,0
45805,UK,15-19,Child,White,Student,weekend,32,0,0,0,0,0,0,5,25,2
45806,UK,5-9,Child,Black,Under 17,weekday,0,0,0,0,0,0,0,0,0,0
45807,UK,10-14,Child,White,Under 17,weekend,0,0,0,0,0,0,0,0,0,0
45808,UK,5-9,Child,Black,Under 17,weekday,9,0,0,0,0,0,0,2,7,0
45809,UK,10-14,Child,White,Under 17,weekend,0,0,0,0,0,0,0,0,0,0
45810,UK,5-9,Child,Black,Under 17,weekday,0,0,0,0,0,0,0,0,0,0
45811,UK,5-9,Child,White,Under 17,weekend,0,0,0,0,0,0,0,0,0,0
45812,UK,10-14,Child,White,Under 17,weekend,0,0,0,0,0,0,0,0,0,0
45813,UK,10-14,Child,Mixed,Under 17,weekend,7,0,0,0,0,0,0,6,1,0
45814,UK,10-14,Child,Black,Under 17,weekday,0,0,0,0,0,0,0,0,0,0
45815,UK,15-19,Child,White,Student,weekday,12,0,0,0,0,0,0,3,7,2
45816,UK,5-9,Child,Asian,Under 17,weekday,3,0,0,0,0,0,0,1,2,0
45817,UK,10-14,Child,Black,Under 17,weekend,0,0,0,0,0,0,0,0,0,0
45818,UK,10-14,Child,White,Under 17,weekend,0,0,0,0,0,0,0,0,0,0
45819,UK,15-19,Child,White,Student,weekday,0,0,0,0,0,0,0,0,0,0
45820,UK,10-14,Child,Asian,Under 17,weekend,0,0,0,0,0,0,0,0,0,0
45821,UK,15-19,Child,Asian,Under 17,weekend,0,0,0,0,0,0,0,0,0,0
45822,UK,10-14,Child,Asian,Under 17,weekend,0,0,0,0,0,0,0,0,0,0
45823,UK,15-19,Child,White,Under 17,weekday,0,0,0,0,0,0,0,0,0,0
45824,UK,5-9,Child,Mixed,Under 17,weekend,5,0,0,0,0,0,0,2,2,1
45825,UK,5-9,Child,White,Under 17,weekend,0,0,0,0,0,0,0,0,0,0
45826,UK,5-9,Child,Black,Under 17,weekend,0,0,0,0,0,0,0,0,0,0
45827,UK,0-4,Child,White,Under 17,weekend,0,0,0,0,0,0,0,0,0,0
45828,UK,5-9,Child,White,Under 17,weekend,0,0,0,0,0,0,0,0,0,0
45829,UK,15-19,Child,White,Under 17,weekday,0,0,0,0,0,0,0,0,0,0
45830,UK,5-9,Child,Black,Under 17,weekend,0,0,0,0,0,0,0,0,0,0
45831,UK,10-14,Child,White,Under 17,weekend,14,0,0,0,0,0,0,2,12,0
45832,UK,10-14,Child,Mixed,Under 17,weekend,0,0,0,0,0,0,0,0,0,0
45833,UK,10-14,Child,White,Under 17,weekend,0,0,0,0,0,0,0,0,0,0
45834,UK,15-19,Child,Black,Under 17,weekend,2,0,0,0,0,0,0,1,1,0
45835,UK,15-19,Child,Asian,Under 17,weekend,0,0,0,0,0,0,0,0,0,0
45836,UK,5-9,Child,White,Under 17,weekday,6,0,0,0,0,0,0,2,3,1
45837,UK,0-4,Child,White,Under 17,weekday,0,0,0,0,0,0,0,0,0,0
45838,UK,5-9,Child,White,Under 17,weekend,0,0,0,0,0,0,0,0,0,0
45839,UK,15-19,Child,White,Student,weekday,2,0,0,0,0,0,0,1,1,0
45840,UK,5-9,Child,White,Under 17,weekend,1,0,0,0,0,0,0,0,0,1
45841,UK,10-14,Child,Black,Under 17,weekend,0,0,0,0,0,0,0,0,0,0
45842,UK,5-9,Child,White,Under 17,weekend,0,0,0,0,0,0,0,0,0,0
45843,UK,5-9,Child,Black,Under 17,weekday,0,0,0,0,0,0,0,0,0,0
45844,UK,10-14,Child,White,Under 17,weekend,2,0,0,0,0,0,0,0,2,0
45845,UK,10-14,Child,White,Under 17,weekend,0,0,0,0,0,0,0,0,0,0
45846,UK,0-4,Child,White,Under 17,weekday,0,0,0,0,0,0,0,0,0,0
45847,UK,5-9,Child,White,Under 17,weekend,0,0,0,0,0,0,0,0,0,0
45848,UK,10-14,Child,Asian,Under 17,weekday,0,0,0,0,0,0,0,0,0,0
45849,UK,5-9,Child,White,Under 17,weekend,0,0,0,0,0,0,0,0,0,0
45850,UK,5-9,Child,White,Under 17,weekend,0,0,0,0,0,0,0,0,0,0
45851,UK,5-9,Child,White,Under 17,weekend,15,0,0,0,0,0,0,11,4,0
45852,UK,10-14,Child,White,Under 17,weekend,0,0,0,0,0,0,0,0,0,0
45853,UK,15-19,Child,White,Student,weekday,0,0,0,0,0,0,0,0,0,0
45854,UK,5-9,Child,Black,Under 17,weekend,17,0,0,0,0,0,0,9,8,0
45855,UK,10-14,Child,Black,Under 17,weekend,0,0,0,0,0,0,0,0,0,0
45856,UK,10-14,Child,White,Under 17,weekday,3,0,0,0,0,0,0,1,1,1
45857,UK,10-14,Child,Black,Under 17,weekend,0,0,0,0,0,0,0,0,0,0
45858,UK,15-19,Child,White,Under 17,weekend,0,0,0,0,0,0,0,0,0,0
45859,UK,10-14,Child,White,Under 17,weekend,0,0,0,0,0,0,0,0,0,0
45860,UK,15-19,Child,Asian,Student,weekend,0,0,0,0,0,0,0,0,0,0
45861,UK,0-4,Child,White,Under 17,weekend,0,0,0,0,0,0,0,0,0,0
45862,UK,10-14,Child,White,Under 17,weekend,12,0,0,0,0,0,0,3,5,4
45863,UK,5-9,Child,White,Under 17,weekday,0,0,0,0,0,0,0,0,0,0
45864,UK,5-9,Child,White,Under 17,weekend,4,0,0,0,0,0,0,2,0,2
45865,UK,5-9,Child,Asian,Under 17,weekend,0,0,0,0,0,0,0,0,0,0
45866,UK,15-19,Child,Black,Under 17,weekend,2,0,0,0,0,0,0,1,1,0
45867,UK,15-19,Child,White,Under 17,weekend,0,0,0,0,0,0,0,0,0,0
45868,UK,10-14,Child,White,Under 17,weekend,0,0,0,0,0,0,0,0,0,0
45869,UK,5-9,Child,White,Under 17,weekend,0,0,0,0,0,0,0,0,0,0
45870,UK,10-14,Child,White,Under 17,weekday,3,0,0,0,0,0,0,2,1,0
45871,UK,10-14,Child,Black,Under 17,weekend,6,0,0,0,0,0,0,3,3,0
45872,UK,10-14,Child,White,Under 17,weekend,0,0,0,0,0,0,0,0,0,0
45873,UK,5-9,Child,Black,Under 17,weekend,26,0,0,0,0,0,0,17,6,3
45874,UK,0-4,Child,Black,Under 17,weekend,23,0,0,0,0,0,0,5,10,8
45875,UK,10-14,Child,Asian,Under 17,weekend,0,0,0,0,0,0,0,0,0,0
45876,UK,10-14,Child,White,Under 17,weekday,0,0,0,0,0,0,0,0,0,0
45877,UK,0-4,Child,Asian,Under 17,weekday,61,0,0,0,0,0,0,3,38,20
45878,UK,5-9,Child,White,Under 17,weekend,0,0,0,0,0,0,0,0,0,0
45879,UK,5-9,Child,White,Under 17,weekend,0,0,0,0,0,0,0,0,0,0
45880,UK,15-19,Child,White,Under 17,weekend,0,0,0,0,0,0,0,0,0,0
45881,UK,10-14,Child,Black,Under 17,weekend,0,0,0,0,0,0,0,0,0,0
45882,UK,5-9,Child,White,Under 17,weekend,2,0,0,0,0,0,0,1,1,0
45883,UK,5-9,Child,Asian,Under 17,weekday,0,0,0,0,0,0,0,0,0,0
45884,UK,0-4,Child,White,Under 17,weekend,0,0,0,0,0,0,0,0,0,0
45885,UK,15-19,Child,White,Student,weekend,18,0,0,0,0,0,0,4,10,4
45886,UK,10-14,Child,White,Under 17,weekday,8,0,0,0,3,1,0,3,1,0
45887,UK,10-14,Child,Black,Under 17,weekday,0,0,0,0,0,0,0,0,0,0
45888,UK,10-14,Child,White,Under 17,weekday,0,0,0,0,0,0,0,0,0,0
45889,UK,15-19,Child,White,Under 17,weekend,0,0,0,0,0,0,0,0,0,0
45890,UK,10-14,Child,White,Under 17,weekday,0,0,0,0,0,0,0,0,0,0
45891,UK,15-19,Child,White,Student,weekend,1,0,0,0,0,0,0,1,0,0
45892,UK,10-14,Child,Black,Under 17,weekend,19,0,0,0,0,0,0,10,7,2
45893,UK,10-14,Child,Black,Under 17,weekend,0,0,0,0,0,0,0,0,0,0
45894,UK,5-9,Child,White,Under 17,weekend,7,0,0,0,0,0,0,4,3,0
45895,UK,10-14,Child,White,Under 17,weekend,0,0,0,0,0,0,0,0,0,0
45896,UK,10-14,Child,White,Under 17,weekday,0,0,0,0,0,0,0,0,0,0
45897,UK,10-14,Child,White,Under 17,weekend,0,0,0,0,0,0,0,0,0,0
45898,UK,5-9,Child,White,Under 17,weekend,3,0,0,0,0,0,0,2,1,0
45899,UK,10-14,Child,White,Under 17,weekday,0,0,0,0,0,0,0,0,0,0
45900,UK,10-14,Child,White,Under 17,weekend,0,0,0,0,0,0,0,0,0,0
45901,UK,5-9,Child,White,Under 17,weekend,0,0,0,0,0,0,0,0,0,0
45902,UK,15-19,Child,White,Under 17,weekday,4,0,0,0,0,0,0,2,1,1
45903,UK,10-14,Child,White,Under 17,weekend,0,0,0,0,0,0,0,0,0,0
45904,UK,10-14,Child,White,Under 17,weekend,0,0,0,0,0,0,0,0,0,0
45905,UK,10-14,Child,White,Under 17,weekday,0,0,0,0,0,0,0,0,0,0
45906,UK,10-14,Child,Asian,Under 17,weekend,1,0,0,0,0,0,0,0,1,0
45907,UK,0-4,Child,White,Under 17,weekday,66,0,0,0,30,3,0,30,3,0
45908,UK,5-9,Child,White,Under 17,weekday,0,0,0,0,0,0,0,0,0,0
45909,UK,10-14,Child,White,Under 17,weekend,2,0,0,0,0,0,0,0,2,0
45910,UK,10-14,Child,White,Under 17,weekend,4,0,0,0,0,0,0,2,2,0
45911,UK,10-14,Child,Black,Under 17,weekday,0,0,0,0,0,0,0,0,0,0
45912,UK,10-14,Child,Asian,Under 17,weekday,40,0,0,0,0,0,0,10,20,10
45913,UK,10-14,Child,White,Under 17,weekend,0,0,0,0,0,0,0,0,0,0
45914,UK,10-14,Child,White,Under 17,weekday,0,0,0,0,0,0,0,0,0,0
45915,UK,5-9,Child,White,Under 17,weekend,0,0,0,0,0,0,0,0,0,0
45916,UK,5-9,Child,White,Under 17,weekend,3,0,0,0,0,0,0,1,2,0
45917,UK,10-14,Child,White,Under 17,weekend,4,0,0,0,0,0,0,2,2,0
45918,UK,0-4,Child,White,Under 17,weekend,7,0,0,0,0,0,0,0,2,5
45919,UK,10-14,Child,Black,Under 17,weekday,3,0,0,0,0,0,0,1,2,0
45920,UK,10-14,Child,White,Under 17,weekend,0,0,0,0,0,0,0,0,0,0
45921,UK,0-4,Child,Asian,Under 17,weekday,0,0,0,0,0,0,0,0,0,0
45922,UK,5-9,Child,White,Under 17,weekend,0,0,0,0,0,0,0,0,0,0
45923,UK,10-14,Child,White,Under 17,weekday,0,0,0,0,0,0,0,0,0,0
45924,UK,10-14,Child,White,Under 17,weekday,9,0,0,0,0,0,0,6,3,0
45925,UK,15-19,Child,White,Under 17,weekday,17,0,0,0,0,0,0,15,2,0
45926,UK,10-14,Child,Black,Under 17,weekday,9,0,0,0,0,0,0,9,0,0
45927,UK,0-4,Child,Other,Under 17,weekend,0,0,0,0,0,0,0,0,0,0
45928,UK,10-14,Child,White,Under 17,weekend,10,0,0,0,0,0,0,2,3,5
45929,UK,10-14,Child,Asian,Under 17,weekend,0,0,0,0,0,0,0,0,0,0
45930,UK,15-19,Child,White,Under 17,weekend,0,0,0,0,0,0,0,0,0,0
45931,UK,5-9,Child,White,Under 17,weekend,1,0,0,0,0,0,0,1,0,0
45932,UK,10-14,Child,White,Under 17,weekday,0,0,0,0,0,0,0,0,0,0
45933,UK,0-4,Child,Black,Under 17,weekday,0,0,0,0,0,0,0,0,0,0
45934,UK,5-9,Child,White,Under 17,weekend,0,0,0,0,0,0,0,0,0,0
45935,UK,5-9,Child,White,Under 17,weekend,106,0,0,0,0,0,0,100,6,0
45936,UK,15-19,Child,Mixed,Student,weekday,30,0,0,0,0,0,0,0,30,0
45937,UK,10-14,Child,White,Under 17,weekend,0,0,0,0,0,0,0,0,0,0
45938,UK,5-9,Child,Mixed,Under 17,weekday,29,0,0,0,0,0,0,29,0,0
45939,UK,10-14,Child,White,Under 17,weekday,0,0,0,0,0,0,0,0,0,0
45940,UK,0-4,Child,Black,Under 17,weekday,0,0,0,0,0,0,0,0,0,0
45941,UK,15-19,Child,White,Student,weekday,1,0,0,0,0,0,0,1,0,0
45942,UK,10-14,Child,White,Under 17,weekend,0,0,0,0,0,0,0,0,0,0
45943,UK,10-14,Child,Black,Under 17,weekday,0,0,0,0,0,0,0,0,0,0
45944,UK,0-4,Child,White,Under 17,weekend,0,0,0,0,0,0,0,0,0,0
45945,UK,10-14,Child,White,Under 17,weekend,0,0,0,0,0,0,0,0,0,0
45946,UK,15-19,Child,White,Student,weekend,0,0,0,0,0,0,0,0,0,0
45947,UK,10-14,Child,White,Under 17,weekend,5,0,0,0,0,0,0,2,3,0
45948,UK,10-14,Child,White,Under 17,weekend,0,0,0,0,0,0,0,0,0,0
45949,UK,15-19,Child,White,Under 17,weekend,0,0,0,0,0,0,0,0,0,0
45950,UK,10-14,Child,White,Under 17,weekday,0,0,0,0,0,0,0,0,0,0
45951,UK,5-9,Child,Black,Under 17,weekend,13,0,0,0,0,0,0,0,11,2
45952,UK,15-19,Child,Asian,Under 17,weekend,0,0,0,0,0,0,0,0,0,0
45953,UK,5-9,Child,White,Under 17,weekday,2,0,0,0,0,0,0,2,0,0
45954,UK,0-4,Child,Black,Under 17,weekend,7,0,0,0,0,0,0,1,6,0
45955,UK,10-14,Child,White,Under 17,weekend,55,0,0,0,0,0,0,20,30,5
45956,UK,10-14,Child,Black,Under 17,weekday,0,0,0,0,0,0,0,0,0,0
45957,UK,15-19,Child,White,Student,weekday,0,0,0,0,0,0,0,0,0,0
45958,UK,10-14,Child,Black,Under 17,weekday,0,0,0,0,0,0,0,0,0,0
45959,UK,10-14,Child,White,Under 17,weekend,0,0,0,0,0,0,0,0,0,0
45960,UK,5-9,Child,White,Under 17,weekend,3,0,0,0,0,0,0,1,2,0
45961,UK,5-9,Child,White,Under 17,weekend,0,0,0,0,0,0,0,0,0,0
45962,UK,15-19,Child,White,Student,weekday,6,0,0,0,0,0,0,4,2,0
45963,UK,10-14,Child,Mixed,Under 17,weekday,0,0,0,0,0,0,0,0,0,0
45964,UK,10-14,Child,White,Under 17,weekday,0,0,0,0,0,0,0,0,0,0
45965,UK,10-14,Child,White,Under 17,weekend,6,0,0,0,0,0,0,1,3,2
45966,UK,5-9,Child,White,Under 17,weekend,2,0,0,0,0,0,0,0,2,0
45967,UK,15-19,Child,Asian,Under 17,weekday,0,0,0,0,0,0,0,0,0,0
45968,UK,15-19,Child,White,Under 17,weekday,0,0,0,0,0,0,0,0,0,0
45969,UK,10-14,Child,White,Under 17,weekday,0,0,0,0,0,0,0,0,0,0
45970,UK,5-9,Child,White,Under 17,weekend,0,0,0,0,0,0,0,0,0,0
45971,UK,0-4,Child,Asian,Under 17,weekend,1,0,0,0,0,0,0,0,1,0
45972,UK,10-14,Child,Black,Under 17,weekday,0,0,0,0,0,0,0,0,0,0
45973,UK,10-14,Child,White,Under 17,weekday,0,0,0,0,0,0,0,0,0,0
45974,UK,15-19,Child,White,Under 17,weekend,0,0,0,0,0,0,0,0,0,0
45975,UK,15-19,Child,White,Student,weekend,0,0,0,0,0,0,0,0,0,0
45976,UK,10-14,Child,White,Under 17,weekday,10,0,0,0,0,0,0,9,1,0
45977,UK,10-14,Child,White,Under 17,weekday,0,0,0,0,0,0,0,0,0,0
45978,UK,5-9,Child,White,Under 17,weekday,3,0,0,0,0,0,0,2,1,0
45979,UK,10-14,Child,White,Under 17,weekday,0,0,0,0,0,0,0,0,0,0
45980,UK,15-19,Child,White,Under 17,weekday,0,0,0,0,0,0,0,0,0,0
45981,UK,0-4,Child,Asian,Under 17,weekday,0,0,0,0,0,0,0,0,0,0
45982,UK,15-19,Child,White,Under 17,weekend,0,0,0,0,0,0,0,0,0,0
45983,UK,15-19,Child,White,Student,weekend,45,0,0,0,0,0,0,20,20,5
45984,UK,5-9,Child,White,Under 17,weekend,11,0,0,0,0,0,0,8,3,0
45985,UK,5-9,Child,Asian,Under 17,weekday,5,0,0,0,0,0,0,0,5,0
45986,UK,10-14,Child,White,Under 17,weekend,13,0,0,0,0,0,0,10,2,1
45987,UK,5-9,Child,White,Under 17,weekend,0,0,0,0,0,0,0,0,0,0
45988,UK,5-9,Child,White,Under 17,weekday,0,0,0,0,0,0,0,0,0,0
45989,UK,5-9,Child,White,Under 17,weekend,0,0,0,0,0,0,0,0,0,0
45990,UK,5-9,Child,White,Under 17,weekday,0,0,0,0,0,0,0,0,0,0
45991,UK,0-4,Child,Black,Under 17,weekday,33,0,0,0,12,5,0,12,4,0
45992,UK,10-14,Child,White,Under 17,weekend,5,0,0,0,0,0,0,2,3,0
45993,UK,15-19,Child,White,Under 17,weekend,0,0,0,0,0,0,0,0,0,0
45994,UK,10-14,Child,Mixed,Under 17,weekend,0,0,0,0,0,0,0,0,0,0
45995,UK,0-4,Child,White,Under 17,weekend,0,0,0,0,0,0,0,0,0,0
45996,UK,10-14,Child,White,Under 17,weekend,11,0,0,0,0,0,0,4,6,1
45997,UK,15-19,Child,White,Under 17,weekend,0,0,0,0,0,0,0,0,0,0
45998,UK,5-9,Child,Black,Under 17,weekend,7,0,0,0,0,0,0,2,5,0
45999,UK,15-19,Child,Black,Under 17,weekday,0,0,0,0,0,0,0,0,0,0
46000,UK,10-14,Child,White,Under 17,weekend,0,0,0,0,0,0,0,0,0,0
46001,UK,5-9,Child,White,Under 17,weekend,0,0,0,0,0,0,0,0,0,0
46002,UK,10-14,Child,Mixed,Under 17,weekend,60,0,0,0,0,0,0,10,25,25
46003,UK,10-14,Child,White,Under 17,weekday,0,0,0,0,0,0,0,0,0,0
46004,UK,10-14,Child,Asian,Under 17,weekday,0,0,0,0,0,0,0,0,0,0
46005,UK,5-9,Child,Mixed,Under 17,weekend,0,0,0,0,0,0,0,0,0,0
46006,UK,15-19,Child,Black,Under 17,weekday,0,0,0,0,0,0,0,0,0,0
46007,UK,0-4,Child,Mixed,Under 17,weekend,0,0,0,0,0,0,0,0,0,0
46008,UK,10-14,Child,White,Under 17,weekend,0,0,0,0,0,0,0,0,0,0
46009,UK,10-14,Child,White,Under 17,weekday,0,0,0,0,0,0,0,0,0,0
46010,UK,5-9,Child,White,Under 17,weekend,0,0,0,0,0,0,0,0,0,0
46011,UK,10-14,Child,White,Under 17,weekend,0,0,0,0,0,0,0,0,0,0
46012,UK,10-14,Child,White,Under 17,weekday,15,0,0,0,0,0,0,0,15,0
46013,UK,5-9,Child,White,Under 17,weekday,8,0,0,0,0,0,0,6,2,0
46014,UK,10-14,Child,White,Under 17,weekend,4,0,0,0,0,0,0,2,2,0
46015,UK,15-19,Child,White,Student,weekend,0,0,0,0,0,0,0,0,0,0
46016,UK,0-4,Child,White,Under 17,weekend,5,0,0,0,0,0,0,5,0,0
46017,UK,0-4,Child,Black,Under 17,weekday,7,0,0,0,0,0,0,1,6,0
46018,UK,10-14,Child,White,Under 17,weekend,2,0,0,0,0,0,0,0,2,0
46019,UK,10-14,Child,White,Under 17,weekend,0,0,0,0,0,0,0,0,0,0
46020,UK,15-19,Child,White,Under 17,weekend,0,0,0,0,0,0,0,0,0,0
46021,UK,10-14,Child,White,Under 17,weekday,0,0,0,0,0,0,0,0,0,0
46022,UK,15-19,Child,White,Student,weekday,0,0,0,0,0,0,0,0,0,0
46023,UK,0-4,Child,Mixed,Under 17,weekend,0,0,0,0,0,0,0,0,0,0
46024,UK,10-14,Child,White,Under 17,weekend,0,0,0,0,0,0,0,0,0,0
46025,UK,15-19,Child,White,Under 17,weekday,0,0,0,0,0,0,0,0,0,0
46026,UK,10-14,Child,White,Under 17,weekday,0,0,0,0,0,0,0,0,0,0
46027,UK,10-14,Child,White,Under 17,weekend,0,0,0,0,0,0,0,0,0,0
46028,UK,0-4,Child,White,Under 17,weekday,5,0,0,0,0,0,0,2,3,0
46029,UK,10-14,Child,White,Under 17,weekday,0,0,0,0,0,0,0,0,0,0
46030,UK,5-9,Child,White,Under 17,weekday,3,0,0,0,0,0,0,1,1,1
46031,UK,10-14,Child,White,Under 17,weekend,2,0,0,0,0,0,0,1,1,0
46032,UK,5-9,Child,White,Under 17,weekend,46,0,0,0,0,0,0,15,25,6
46033,UK,10-14,Child,White,Under 17,weekday,28,0,0,0,8,4,0,10,6,0
46034,UK,10-14,Child,White,Under 17,weekend,0,0,0,0,0,0,0,0,0,0
46035,UK,5-9,Child,White,Under 17,weekend,0,0,0,0,0,0,0,0,0,0
46036,UK,10-14,Child,White,Under 17,weekend,59,0,0,0,50,3,2,0,4,0
46037,UK,10-14,Child,White,Under 17,weekend,1,0,0,0,0,0,0,0,1,0
46038,UK,10-14,Child,White,Under 17,weekend,4,0,0,0,0,0,0,1,3,0
46039,UK,15-19,Child,Black,Under 17,weekday,4,0,0,0,0,0,0,2,2,0
46040,UK,5-9,Child,Asian,Under 17,weekend,0,0,0,0,0,0,0,0,0,0
46041,UK,0-4,Child,White,Under 17,weekday,13,0,0,0,0,0,0,9,4,0
46042,UK,10-14,Child,White,Under 17,weekday,0,0,0,0,0,0,0,0,0,0
46043,UK,0-4,Child,White,Under 17,weekend,7,0,0,0,0,0,0,4,1,2
46044,UK,10-14,Child,White,Under 17,weekend,0,0,0,0,0,0,0,0,0,0
46045,UK,15-19,Child,Black,Under 17,weekday,45,0,0,0,0,0,0,0,20,25
46046,UK,10-14,Child,White,Under 17,weekday,0,0,0,0,0,0,0,0,0,0
46047,UK,15-19,Child,White,Under 17,weekend,0,0,0,0,0,0,0,0,0,0
46048,UK,5-9,Child,White,Under 17,weekend,0,0,0,0,0,0,0,0,0,0
46049,UK,0-4,Child,White,Under 17,weekend,5,0,0,0,0,0,0,1,4,0
46050,UK,0-4,Child,White,Under 17,weekend,0,0,0,0,0,0,0,0,0,0
46051,UK,15-19,Child,White,Under 17,weekend,0,0,0,0,0,0,0,0,0,0
46052,UK,5-9,Child,White,Under 17,weekend,0,0,0,0,0,0,0,0,0,0
46053,UK,10-14,Child,White,Under 17,weekend,0,0,0,0,0,0,0,0,0,0
46054,UK,10-14,Child,Black,Under 17,weekend,0,0,0,0,0,0,0,0,0,0
46055,UK,0-4,Child,Black,Under 17,weekend,8,0,0,0,0,0,0,2,4,2
46056,UK,15-19,Child,White,Under 17,weekend,0,0,0,0,0,0,0,0,0,0
46057,UK,15-19,Child,Mixed,Under 17,weekday,0,0,0,0,0,0,0,0,0,0
46058,UK,0-4,Child,White,Under 17,weekend,0,0,0,0,0,0,0,0,0,0
46059,UK,10-14,Child,White,Under 17,weekend,0,0,0,0,0,0,0,0,0,0
46060,UK,5-9,Child,White,Under 17,weekend,5,0,0,0,0,0,0,5,0,0
46061,UK,0-4,Child,White,Under 17,weekend,0,0,0,0,0,0,0,0,0,0
46062,UK,10-14,Child,Asian,Under 17,weekend,0,0,0,0,0,0,0,0,0,0
46063,UK,5-9,Child,White,Under 17,weekend,0,0,0,0,0,0,0,0,0,0
46064,UK,15-19,Child,White,Under 17,weekend,0,0,0,0,0,0,0,0,0,0
46065,UK,15-19,Child,White,Student,weekend,35,0,0,0,0,0,0,10,20,5
46066,UK,0-4,Child,White,Under 17,weekday,5,0,0,0,0,0,0,1,4,0
46067,UK,15-19,Child,Black,Student,weekday,42,0,0,0,12,7,0,12,8,3
46068,UK,5-9,Child,White,Under 17,weekend,0,0,0,0,0,0,0,0,0,0
46069,UK,5-9,Child,White,Under 17,weekend,0,0,0,0,0,0,0,0,0,0
46070,UK,0-4,Child,White,Under 17,weekday,0,0,0,0,0,0,0,0,0,0
46071,UK,10-14,Child,White,Under 17,weekday,7,0,0,0,0,0,0,4,3,0
46072,UK,0-4,Child,White,Under 17,weekend,0,0,0,0,0,0,0,0,0,0
46073,UK,0-4,Child,Mixed,Under 17,weekday,6,0,0,0,0,3,0,0,3,0
46074,UK,5-9,Child,White,Under 17,weekend,0,0,0,0,0,0,0,0,0,0
46075,UK,15-19,Child,White,Under 17,weekend,0,0,0,0,0,0,0,0,0,0
46076,UK,15-19,Child,White,Under 17,weekday,0,0,0,0,0,0,0,0,0,0
46077,UK,10-14,Child,White,Under 17,weekday,0,0,0,0,0,0,0,0,0,0
46078,UK,10-14,Child,White,Under 17,weekend,0,0,0,0,0,0,0,0,0,0
46079,UK,15-19,Child,Asian,Student,weekend,2,0,0,0,0,0,0,1,1,0
46080,UK,15-19,Child,White,Under 17,weekday,0,0,0,0,0,0,0,0,0,0
46081,UK,15-19,Child,Black,Student,weekend,80,0,0,0,0,0,0,10,50,20
46082,UK,10-14,Child,White,Under 17,weekday,30,0,0,0,0,0,0,30,0,0
46083,UK,5-9,Child,White,Under 17,weekend,0,0,0,0,0,0,0,0,0,0
46084,UK,10-14,Child,Black,Under 17,weekend,6,0,0,0,0,0,0,1,4,1
46085,UK,5-9,Child,White,Under 17,weekday,84,0,0,0,0,0,0,1,18,65
46086,UK,15-19,Child,Asian,Under 17,weekend,7,0,0,0,0,0,0,0,7,0
46087,UK,0-4,Child,Black,Under 17,weekend,0,0,0,0,0,0,0,0,0,0
46088,UK,10-14,Child,White,Under 17,weekday,0,0,0,0,0,0,0,0,0,0
46089,UK,0-4,Child,White,Under 17,weekday,0,0,0,0,0,0,0,0,0,0
46090,UK,0-4,Child,White,Under 17,weekday,1,0,0,0,0,0,0,0,1,0
46091,UK,0-4,Child,White,Under 17,weekend,0,0,0,0,0,0,0,0,0,0
46092,UK,15-19,Child,White,Under 17,weekday,0,0,0,0,0,0,0,0,0,0
46093,UK,15-19,Child,White,Student,weekday,70,0,0,0,0,0,0,60,10,0
46094,UK,15-19,Child,Black,Under 17,weekday,0,0,0,0,0,0,0,0,0,0
46095,UK,0-4,Child,Black,Under 17,weekday,10,0,0,0,0,0,0,1,8,1
46096,UK,0-4,Child,White,Under 17,weekday,0,0,0,0,0,0,0,0,0,0
46097,UK,10-14,Child,Asian,Under 17,weekday,0,0,0,0,0,0,0,0,0,0
46098,UK,10-14,Child,White,Under 17,weekend,3,0,0,0,0,0,0,1,2,0
46099,UK,5-9,Child,White,Under 17,weekend,14,0,0,0,0,0,0,3,10,1
46100,UK,15-19,Child,White,Student,weekday,1,0,0,0,0,0,0,0,1,0
46101,UK,5-9,Child,White,Under 17,weekday,3,0,0,0,0,0,0,1,2,0
46102,UK,15-19,Child,White,Under 17,weekend,0,0,0,0,0,0,0,0,0,0
46103,UK,10-14,Child,White,Under 17,weekday,7,0,0,0,0,0,0,2,5,0
46104,UK,5-9,Child,White,Under 17,weekday,6,0,0,0,1,1,1,1,1,1
46105,UK,10-14,Child,White,Under 17,weekday,3,0,0,0,0,0,0,1,2,0
46106,UK,5-9,Child,White,Under 17,weekend,10,0,0,0,0,0,0,7,3,0
46107,UK,10-14,Child,White,Under 17,weekend,0,0,0,0,0,0,0,0,0,0
46108,UK,15-19,Child,White,Under 17,weekday,82,0,0,0,0,0,0,30,31,21
46109,UK,10-14,Child,White,Under 17,weekday,8,0,0,0,0,0,0,1,5,2
46110,UK,10-14,Child,White,Under 17,weekday,0,0,0,0,0,0,0,0,0,0
46111,UK,5-9,Child,Black,Under 17,weekday,0,0,0,0,0,0,0,0,0,0
46112,UK,5-9,Child,Black,Under 17,weekday,27,0,0,0,19,4,0,1,3,0
46113,UK,5-9,Child,White,Under 17,weekday,0,0,0,0,0,0,0,0,0,0
46114,UK,10-14,Child,White,Under 17,weekday,34,0,0,0,0,0,0,30,4,0
46115,UK,10-14,Child,White,Under 17,weekday,8,0,0,0,0,0,0,3,5,0
46116,UK,5-9,Child,White,Under 17,weekend,0,0,0,0,0,0,0,0,0,0
46117,UK,5-9,Child,White,Under 17,weekday,0,0,0,0,0,0,0,0,0,0
46118,UK,10-14,Child,White,Under 17,weekend,0,0,0,0,0,0,0,0,0,0
46119,UK,5-9,Child,Black,Under 17,weekday,0,0,0,0,0,0,0,0,0,0
46120,UK,10-14,Child,White,Under 17,weekday,4,0,0,0,0,0,0,0,4,0
46121,UK,10-14,Child,White,Under 17,weekday,53,0,0,0,0,0,0,50,3,0
46122,UK,10-14,Child,Black,Under 17,weekend,0,0,0,0,0,0,0,0,0,0
46123,UK,10-14,Child,White,Under 17,weekend,47,0,0,0,0,0,0,15,20,12
46124,UK,15-19,Child,White,Under 17,weekday,0,0,0,0,0,0,0,0,0,0
46125,UK,10-14,Child,Asian,Under 17,weekend,0,0,0,0,0,0,0,0,0,0
46126,UK,5-9,Child,Black,Under 17,weekend,33,0,0,0,0,0,0,15,10,8
46127,UK,15-19,Child,Mixed,Under 17,weekday,0,0,0,0,0,0,0,0,0,0
46128,UK,10-14,Child,White,Under 17,weekend,5,0,0,0,0,0,0,2,2,1
46129,UK,10-14,Child,White,Under 17,weekday,105,0,0,0,0,0,0,100,5,0
46130,UK,10-14,Child,Black,Under 17,weekday,0,0,0,0,0,0,0,0,0,0
46131,UK,5-9,Child,White,Under 17,weekday,0,0,0,0,0,0,0,0,0,0
46132,UK,15-19,Child,White,Under 17,weekday,3,0,0,0,0,0,0,1,2,0
46133,UK,10-14,Child,White,Under 17,weekend,0,0,0,0,0,0,0,0,0,0
46134,UK,0-4,Child,White,Under 17,weekday,4,0,0,0,0,0,0,2,2,0
46135,UK,5-9,Child,White,Under 17,weekday,4,0,0,0,0,0,0,2,2,0
46136,UK,0-4,Child,Black,Under 17,weekend,10,0,0,0,0,0,0,5,5,0
46137,UK,10-14,Child,Black,Under 17,weekday,3,0,0,0,0,0,0,1,2,0
46138,UK,5-9,Child,White,Under 17,weekday,5,0,0,0,0,0,0,2,2,1
46139,UK,5-9,Child,White,Under 17,weekday,0,0,0,0,0,0,0,0,0,0
46140,UK,10-14,Child,White,Under 17,weekend,1,0,0,0,0,0,0,0,1,0
46141,UK,10-14,Child,White,Under 17,weekday,0,0,0,0,0,0,0,0,0,0
46142,UK,15-19,Child,White,Under 17,weekday,0,0,0,0,0,0,0,0,0,0
46143,UK,15-19,Child,White,Under 17,weekday,5,0,0,0,0,0,0,3,2,0
46144,UK,5-9,Child,Mixed,Under 17,weekend,5,0,0,0,0,0,0,5,0,0
46145,UK,10-14,Child,White,Under 17,weekday,8,0,0,0,0,0,0,4,4,0
46146,UK,10-14,Child,Black,Under 17,weekday,23,0,0,0,10,2,1,6,2,2
46147,UK,10-14,Child,White,Under 17,weekend,200,0,0,0,0,0,0,100,100,0
46148,UK,10-14,Child,Black,Under 17,weekday,1,0,0,0,0,0,0,1,0,0
46149,UK,0-4,Child,White,Under 17,weekend,0,0,0,0,0,0,0,0,0,0
46150,UK,5-9,Child,White,Under 17,weekday,0,0,0,0,0,0,0,0,0,0
46151,UK,5-9,Child,Black,Under 17,weekday,0,0,0,0,0,0,0,0,0,0
46152,UK,0-4,Child,Mixed,Under 17,weekday,1,0,0,0,0,0,0,0,1,0
46153,UK,15-19,Child,White,Under 17,weekday,2,0,0,0,0,0,0,0,1,1
46154,UK,10-14,Child,White,Under 17,weekend,0,0,0,0,0,0,0,0,0,0
46155,UK,5-9,Child,White,Under 17,weekday,0,0,0,0,0,0,0,0,0,0
46156,UK,0-4,Child,Black,Under 17,weekend,2,0,0,0,0,0,0,2,0,0
46157,UK,15-19,Child,White,Under 17,weekday,15,0,0,0,0,0,0,3,12,0
46158,UK,0-4,Child,White,Under 17,weekday,0,0,0,0,0,0,0,0,0,0
46159,UK,5-9,Child,Black,Under 17,weekday,0,0,0,0,0,0,0,0,0,0
46160,UK,5-9,Child,Black,Under 17,weekday,11,0,0,0,0,0,0,2,5,4
46161,UK,10-14,Child,Asian,Under 17,weekday,2,0,0,0,0,0,0,0,2,0
46162,UK,0-4,Child,White,Under 17,weekend,0,0,0,0,0,0,0,0,0,0
46163,UK,10-14,Child,White,Under 17,weekend,1,0,0,0,0,0,0,0,1,0
46164,UK,15-19,Child,White,Under 17,weekday,0,0,0,0,0,0,0,0,0,0
46165,UK,10-14,Child,White,Under 17,weekday,111,0,0,0,0,0,0,100,10,1
46166,UK,5-9,Child,White,Under 17,weekday,4,0,0,0,0,0,0,1,3,0
46167,UK,10-14,Child,White,Under 17,weekday,3,0,0,0,0,0,0,3,0,0
46168,UK,15-19,Child,White,Under 17,weekday,6,0,0,0,0,0,0,4,2,0
46169,UK,5-9,Child,Mixed,Under 17,weekday,105,0,0,0,0,0,0,100,5,0
46170,UK,15-19,Child,White,Student,weekday,0,0,0,0,0,0,0,0,0,0
46171,UK,5-9,Child,Asian,Under 17,weekday,0,0,0,0,0,0,0,0,0,0
46172,UK,5-9,Child,White,Under 17,weekday,0,0,0,0,0,0,0,0,0,0
46173,UK,10-14,Child,Black,Under 17,weekend,25,0,0,0,0,0,0,25,0,0
46174,UK,5-9,Child,Asian,Under 17,weekend,0,0,0,0,0,0,0,0,0,0
46175,UK,10-14,Child,White,Under 17,weekday,0,0,0,0,0,0,0,0,0,0
46176,UK,10-14,Child,Black,Under 17,weekday,6,0,0,0,0,0,0,2,3,1
46177,UK,10-14,Child,White,Under 17,weekend,0,0,0,0,0,0,0,0,0,0
46178,UK,10-14,Child,White,Under 17,weekday,5,0,0,0,0,0,0,4,1,0
46179,UK,5-9,Child,Mixed,Under 17,weekday,1,0,0,0,0,0,0,1,0,0
46180,UK,10-14,Child,White,Under 17,weekday,0,0,0,0,0,0,0,0,0,0
46181,UK,10-14,Child,Black,Under 17,weekday,22,0,0,0,0,0,0,4,8,10
46182,UK,5-9,Child,White,Under 17,weekday,4,0,0,0,0,0,0,3,1,0
46183,UK,0-4,Child,Black,Under 17,weekday,11,0,0,0,0,0,0,7,4,0
46184,UK,5-9,Child,Black,Under 17,weekday,0,0,0,0,0,0,0,0,0,0
46185,UK,5-9,Child,White,Under 17,weekend,0,0,0,0,0,0,0,0,0,0
46186,UK,5-9,Child,White,Under 17,weekend,0,0,0,0,0,0,0,0,0,0
46187,UK,0-4,Child,White,Under 17,weekday,3,0,0,0,0,0,0,3,0,0
46188,UK,0-4,Child,Asian,Under 17,weekday,10,0,0,0,0,0,0,5,3,2
46189,UK,10-14,Child,White,Under 17,weekday,0,0,0,0,0,0,0,0,0,0
46190,UK,15-19,Child,White,Student,weekday,0,0,0,0,0,0,0,0,0,0
46191,UK,10-14,Child,White,Under 17,weekday,0,0,0,0,0,0,0,0,0,0
46192,UK,5-9,Child,White,Under 17,weekend,0,0,0,0,0,0,0,0,0,0
46193,UK,10-14,Child,White,Under 17,weekday,0,0,0,0,0,0,0,0,0,0
46194,UK,15-19,Child,Black,Student,weekday,0,0,0,0,0,0,0,0,0,0
46195,UK,0-4,Child,White,Under 17,weekday,10,0,0,0,0,0,0,6,4,0
46196,UK,5-9,Child,Black,Under 17,weekday,0,0,0,0,0,0,0,0,0,0
46197,UK,10-14,Child,White,Under 17,weekend,0,0,0,0,0,0,0,0,0,0
46198,UK,10-14,Child,White,Under 17,weekday,0,0,0,0,0,0,0,0,0,0
46199,UK,15-19,Child,White,Under 17,weekend,45,0,0,0,0,0,0,45,0,0
46200,UK,5-9,Child,White,Under 17,weekday,12,0,0,0,7,5,0,0,0,0
46201,UK,10-14,Child,White,Under 17,weekday,0,0,0,0,0,0,0,0,0,0
46202,UK,15-19,Child,White,Under 17,weekend,3,0,0,0,0,0,0,0,2,1
46203,UK,10-14,Child,White,Under 17,weekday,0,0,0,0,0,0,0,0,0,0
46204,UK,10-14,Child,White,Under 17,weekday,12,0,0,0,0,0,0,8,4,0
46205,UK,10-14,Child,White,Under 17,weekday,0,0,0,0,0,0,0,0,0,0
46206,UK,10-14,Child,White,Under 17,weekday,0,0,0,0,0,0,0,0,0,0
46207,UK,15-19,Child,White,Student,weekend,38,0,0,0,0,0,0,23,10,5
46208,UK,15-19,Child,White,Under 17,weekday,0,0,0,0,0,0,0,0,0,0
46209,UK,10-14,Child,Black,Under 17,weekday,15,0,0,0,0,0,0,8,5,2
46210,UK,0-4,Child,White,Under 17,weekday,0,0,0,0,0,0,0,0,0,0
46211,UK,5-9,Child,White,Under 17,weekend,0,0,0,0,0,0,0,0,0,0
46212,UK,5-9,Child,Black,Under 17,weekday,3,0,0,0,0,0,0,2,1,0
46213,UK,5-9,Child,Black,Under 17,weekday,57,0,0,0,0,0,0,24,30,3
46214,UK,10-14,Child,White,Under 17,weekday,5,0,0,0,0,0,0,5,0,0
46215,UK,5-9,Child,White,Under 17,weekend,0,0,0,0,0,0,0,0,0,0
46216,UK,10-14,Child,White,Under 17,weekend,0,0,0,0,0,0,0,0,0,0
46217,UK,5-9,Child,Black,Under 17,weekend,3,0,0,0,0,0,0,3,0,0
46218,UK,15-19,Child,White,Under 17,weekday,0,0,0,0,0,0,0,0,0,0
46219,UK,5-9,Child,Black,Under 17,weekday,0,0,0,0,0,0,0,0,0,0
46220,UK,5-9,Child,Mixed,Under 17,weekday,3,0,0,0,0,0,0,1,2,0
46221,UK,10-14,Child,White,Under 17,weekend,0,0,0,0,0,0,0,0,0,0
46222,UK,5-9,Child,Black,Under 17,weekday,0,0,0,0,0,0,0,0,0,0
46223,UK,5-9,Child,White,Under 17,weekday,0,0,0,0,0,0,0,0,0,0
46224,UK,5-9,Child,Black,Under 17,weekend,13,0,0,0,0,0,0,10,3,0
46225,UK,5-9,Child,White,Under 17,weekday,38,0,0,0,16,2,0,16,2,2
46226,UK,10-14,Child,White,Under 17,weekend,0,0,0,0,0,0,0,0,0,0
46227,UK,15-19,Child,White,Under 17,weekday,0,0,0,0,0,0,0,0,0,0
46228,UK,5-9,Child,White,Under 17,weekend,0,0,0,0,0,0,0,0,0,0
46229,UK,15-19,Child,White,Under 17,weekend,0,0,0,0,0,0,0,0,0,0
46230,UK,10-14,Child,Asian,Under 17,weekend,0,0,0,0,0,0,0,0,0,0
46231,UK,10-14,Child,White,Under 17,weekday,6,0,0,0,0,0,0,2,4,0
46232,UK,10-14,Child,Black,Under 17,weekend,34,0,0,0,10,7,0,10,7,0
46233,UK,10-14,Child,White,Under 17,weekday,0,0,0,0,0,0,0,0,0,0
46234,UK,5-9,Child,Asian,Under 17,weekend,0,0,0,0,0,0,0,0,0,0
46235,UK,0-4,Child,White,Under 17,weekday,0,0,0,0,0,0,0,0,0,0
46236,UK,5-9,Child,White,Under 17,weekday,20,0,0,0,0,0,0,20,0,0
46237,UK,15-19,Child,White,Under 17,weekday,0,0,0,0,0,0,0,0,0,0
46238,UK,10-14,Child,White,Under 17,weekday,0,0,0,0,0,0,0,0,0,0
46239,UK,5-9,Child,White,Under 17,weekend,0,0,0,0,0,0,0,0,0,0
46240,UK,10-14,Child,White,Under 17,weekday,0,0,0,0,0,0,0,0,0,0
46241,UK,15-19,Child,White,Under 17,weekend,0,0,0,0,0,0,0,0,0,0
46242,UK,15-19,Child,Mixed,Student,weekday,0,0,0,0,0,0,0,0,0,0
46243,UK,10-14,Child,White,Under 17,weekday,5,0,0,0,0,0,0,3,2,0
46244,UK,10-14,Child,White,Under 17,weekday,20,0,0,0,0,0,0,20,0,0
46245,UK,5-9,Child,White,Under 17,weekday,30,0,0,0,0,0,0,20,10,0
46246,UK,10-14,Child,White,Under 17,weekday,25,0,0,0,0,0,0,20,5,0
46247,UK,15-19,Child,White,Under 17,weekday,0,0,0,0,0,0,0,0,0,0
46248,UK,15-19,Child,White,Under 17,weekday,0,0,0,0,0,0,0,0,0,0
46249,UK,15-19,Child,Black,Student,weekday,136,0,0,0,0,0,0,18,51,67
46250,UK,0-4,Child,White,Under 17,weekday,0,0,0,0,0,0,0,0,0,0
46251,UK,5-9,Child,White,Under 17,weekday,2,0,0,0,0,0,0,2,0,0
46252,UK,10-14,Child,White,Under 17,weekend,0,0,0,0,0,0,0,0,0,0
46253,UK,0-4,Child,White,Under 17,weekend,0,0,0,0,0,0,0,0,0,0
46254,UK,15-19,Child,White,Under 17,weekend,5,0,0,0,0,0,0,2,3,0
46255,UK,15-19,Child,Mixed,Under 17,weekday,6,0,0,0,0,0,0,4,2,0
46256,UK,5-9,Child,Black,Under 17,weekday,0,0,0,0,0,0,0,0,0,0
46257,UK,0-4,Child,White,Under 17,weekend,0,0,0,0,0,0,0,0,0,0
46258,UK,10-14,Child,Black,Under 17,weekday,0,0,0,0,0,0,0,0,0,0
46259,UK,5-9,Child,Black,Under 17,weekday,2,0,0,0,0,0,0,2,0,0
46260,UK,10-14,Child,White,Under 17,weekday,0,0,0,0,0,0,0,0,0,0
46261,UK,5-9,Child,Black,Under 17,weekend,5,0,0,0,0,0,0,2,3,0
46262,UK,0-4,Child,Black,Under 17,weekday,5,0,0,0,0,0,0,0,5,0
46263,UK,15-19,Child,White,Under 17,weekend,0,0,0,0,0,0,0,0,0,0
46264,UK,10-14,Child,White,Under 17,weekday,0,0,0,0,0,0,0,0,0,0
46265,UK,10-14,Child,White,Under 17,weekday,0,0,0,0,0,0,0,0,0,0
46266,UK,15-19,Child,Black,Student,weekday,30,0,0,0,0,0,0,26,4,0
46267,UK,0-4,Child,White,Under 17,weekday,0,0,0,0,0,0,0,0,0,0
46268,UK,10-14,Child,Asian,Under 17,weekend,13,0,0,0,0,0,0,0,10,3
46269,UK,5-9,Child,White,Under 17,weekend,13,0,0,0,0,0,0,2,10,1
46270,UK,5-9,Child,White,Under 17,weekend,3,0,0,0,0,0,0,3,0,0
46271,UK,15-19,Child,White,Under 17,weekday,0,0,0,0,0,0,0,0,0,0
46272,UK,5-9,Child,Black,Under 17,weekday,0,0,0,0,0,0,0,0,0,0
46273,UK,0-4,Child,Black,Under 17,weekend,3,0,0,0,0,0,0,3,0,0
46274,UK,10-14,Child,White,Under 17,weekday,0,0,0,0,0,0,0,0,0,0
46275,UK,15-19,Child,White,Under 17,weekday,0,0,0,0,0,0,0,0,0,0
46276,UK,5-9,Child,Asian,Under 17,weekday,6,0,0,0,0,0,0,3,3,0
46277,UK,5-9,Child,White,Under 17,weekend,3,0,0,0,3,0,0,0,0,0
46278,UK,10-14,Child,Asian,Under 17,weekday,0,0,0,0,0,0,0,0,0,0
46279,UK,5-9,Child,Black,Under 17,weekday,2,0,0,0,0,0,0,0,2,0
46280,UK,5-9,Child,Black,Under 17,weekday,44,0,0,0,15,5,2,15,5,2
46281,UK,10-14,Child,Black,Under 17,weekday,4,0,0,0,0,0,0,2,1,1
46282,UK,15-19,Child,White,Under 17,weekday,0,0,0,0,0,0,0,0,0,0
46283,UK,5-9,Child,Black,Under 17,weekday,27,0,0,0,0,0,0,15,12,0
46284,UK,15-19,Child,White,Student,weekday,0,0,0,0,0,0,0,0,0,0
46285,UK,10-14,Child,White,Under 17,weekend,0,0,0,0,0,0,0,0,0,0
46286,UK,5-9,Child,White,Under 17,weekday,0,0,0,0,0,0,0,0,0,0
46287,UK,5-9,Child,White,Under 17,weekend,0,0,0,0,0,0,0,0,0,0
46288,UK,0-4,Child,White,Under 17,weekday,0,0,0,0,0,0,0,0,0,0
46289,UK,0-4,Child,Asian,Under 17,weekday,6,0,0,0,0,0,0,2,4,0
46290,UK,5-9,Child,White,Under 17,weekend,105,0,0,0,45,20,5,20,10,5
46291,UK,15-19,Child,White,Student,weekday,0,0,0,0,0,0,0,0,0,0
46292,UK,10-14,Child,Mixed,Under 17,weekend,21,0,0,0,0,0,0,20,1,0
46293,UK,10-14,Child,White,Under 17,weekday,27,0,0,0,0,0,0,4,20,3
46294,UK,15-19,Child,White,Student,weekday,0,0,0,0,0,0,0,0,0,0
46295,UK,15-19,Child,White,Under 17,weekend,4,0,0,0,0,0,0,2,2,0
46296,UK,10-14,Child,White,Under 17,weekend,2,0,0,0,0,0,0,2,0,0
46297,UK,10-14,Child,Asian,Under 17,weekday,10,0,0,0,0,0,0,2,8,0
46298,UK,10-14,Child,White,Under 17,weekend,0,0,0,0,0,0,0,0,0,0
46299,UK,5-9,Child,Asian,Under 17,weekend,0,0,0,0,0,0,0,0,0,0
46300,UK,5-9,Child,White,Under 17,weekday,0,0,0,0,0,0,0,0,0,0
46301,UK,10-14,Child,White,Under 17,weekday,8,0,0,0,0,0,0,5,3,0
46302,UK,10-14,Child,Black,Under 17,weekday,0,0,0,0,0,0,0,0,0,0
46303,UK,10-14,Child,White,Under 17,weekday,12,0,0,0,12,0,0,0,0,0
46304,UK,15-19,Child,Asian,Under 17,weekend,13,0,0,0,0,0,0,9,3,1
46305,UK,10-14,Child,White,Under 17,weekday,0,0,0,0,0,0,0,0,0,0
46306,UK,10-14,Child,White,Under 17,weekend,24,0,0,0,0,0,0,24,0,0
46307,UK,5-9,Child,White,Under 17,weekday,4,0,0,0,0,0,0,2,2,0
46308,UK,15-19,Child,White,Under 17,weekday,0,0,0,0,0,0,0,0,0,0
46309,UK,0-4,Child,White,Under 17,weekday,0,0,0,0,0,0,0,0,0,0
46310,UK,10-14,Child,White,Under 17,weekday,3,0,0,0,0,0,0,2,1,0
46311,UK,10-14,Child,White,Under 17,weekday,110,0,0,0,0,0,0,100,10,0
46312,UK,5-9,Child,White,Under 17,weekend,0,0,0,0,0,0,0,0,0,0
46313,UK,15-19,Child,White,Under 17,weekday,5,0,0,0,0,0,0,5,0,0
46314,UK,10-14,Child,White,Under 17,weekday,0,0,0,0,0,0,0,0,0,0
46315,UK,15-19,Child,Asian,Student,weekday,14,0,0,0,0,0,0,4,8,2
46316,UK,15-19,Child,White,Student,weekday,17,0,0,0,0,0,0,15,2,0
46317,UK,15-19,Child,White,Under 17,weekend,0,0,0,0,0,0,0,0,0,0
46318,UK,10-14,Child,Mixed,Under 17,weekday,0,0,0,0,0,0,0,0,0,0
46319,UK,5-9,Child,Asian,Under 17,weekday,0,0,0,0,0,0,0,0,0,0
46320,UK,15-19,Child,White,Under 17,weekday,0,0,0,0,0,0,0,0,0,0
46321,UK,10-14,Child,Asian,Under 17,weekday,0,0,0,0,0,0,0,0,0,0
46322,UK,5-9,Child,White,Under 17,weekend,20,0,0,0,0,0,0,20,0,0
46323,UK,10-14,Child,White,Under 17,weekend,2,0,0,0,0,0,0,0,2,0
46324,UK,10-14,Child,White,Under 17,weekday,0,0,0,0,0,0,0,0,0,0
46325,UK,5-9,Child,White,Under 17,weekday,0,0,0,0,0,0,0,0,0,0
46326,UK,5-9,Child,White,Under 17,weekday,0,0,0,0,0,0,0,0,0,0
46327,UK,15-19,Child,White,Student,weekday,0,0,0,0,0,0,0,0,0,0
46328,UK,0-4,Child,White,Under 17,weekend,1,0,0,0,0,0,0,0,1,0
46329,UK,5-9,Child,White,Under 17,weekday,0,0,0,0,0,0,0,0,0,0
46330,UK,10-14,Child,Black,Under 17,weekday,0,0,0,0,0,0,0,0,0,0
46331,UK,15-19,Child,Black,Under 17,weekend,0,0,0,0,0,0,0,0,0,0
46332,UK,5-9,Child,White,Under 17,weekend,4,0,0,0,0,0,0,2,2,0
46333,UK,15-19,Child,White,Under 17,weekday,0,0,0,0,0,0,0,0,0,0
46334,UK,5-9,Child,White,Under 17,weekday,0,0,0,0,0,0,0,0,0,0
46335,UK,0-4,Child,White,Under 17,weekday,0,0,0,0,0,0,0,0,0,0
46336,UK,15-19,Child,White,Under 17,weekday,4,0,0,0,0,0,0,0,3,1
46337,UK,5-9,Child,Asian,Under 17,weekday,3,0,0,0,0,0,0,1,2,0
46338,UK,10-14,Child,White,Under 17,weekday,10,0,0,0,0,0,0,5,4,1
46339,UK,10-14,Child,White,Under 17,weekday,0,0,0,0,0,0,0,0,0,0
46340,UK,10-14,Child,Asian,Under 17,weekday,65,0,0,0,0,0,0,60,5,0
46341,UK,15-19,Child,White,Student,weekday,3,0,0,0,0,0,0,2,1,0
46342,UK,15-19,Child,White,Under 17,weekday,15,0,0,0,15,0,0,0,0,0
46343,UK,5-9,Child,White,Under 17,weekday,6,0,0,0,0,0,0,6,0,0
46344,UK,0-4,Child,Black,Under 17,weekend,10,0,0,0,0,0,0,5,3,2
46345,UK,0-4,Child,White,Under 17,weekday,0,0,0,0,0,0,0,0,0,0
46346,UK,5-9,Child,White,Under 17,weekday,0,0,0,0,0,0,0,0,0,0
46347,UK,0-4,Child,White,Under 17,weekday,2,0,0,0,0,0,0,0,2,0
46348,UK,10-14,Child,White,Under 17,weekend,0,0,0,0,0,0,0,0,0,0
46349,UK,0-4,Child,White,Under 17,weekend,0,0,0,0,0,0,0,0,0,0
46350,UK,10-14,Child,White,Under 17,weekday,30,0,0,0,30,0,0,0,0,0
46351,UK,0-4,Child,White,Under 17,weekday,0,0,0,0,0,0,0,0,0,0
46352,UK,5-9,Child,White,Under 17,weekday,0,0,0,0,0,0,0,0,0,0
46353,UK,15-19,Child,White,Student,weekend,0,0,0,0,0,0,0,0,0,0
46354,UK,10-14,Child,White,Under 17,weekday,0,0,0,0,0,0,0,0,0,0
46355,UK,5-9,Child,White,Under 17,weekday,0,0,0,0,0,0,0,0,0,0
46356,UK,10-14,Child,Black,Under 17,weekday,0,0,0,0,0,0,0,0,0,0
46357,UK,0-4,Child,White,Under 17,weekday,60,0,0,0,0,0,0,30,20,10
46358,UK,15-19,Child,Mixed,Student,weekend,0,0,0,0,0,0,0,0,0,0
46359,UK,5-9,Child,White,Under 17,weekday,8,0,0,0,0,0,0,2,4,2
46360,UK,5-9,Child,Asian,Under 17,weekday,3,0,0,0,0,0,0,1,2,0
46361,UK,10-14,Child,White,Under 17,weekend,6,0,0,0,0,0,0,1,3,2
46362,UK,0-4,Child,White,Under 17,weekday,0,0,0,0,0,0,0,0,0,0
46363,UK,10-14,Child,White,Under 17,weekend,194,0,0,0,100,50,3,10,30,1
46364,UK,0-4,Child,White,Under 17,weekday,6,0,0,0,0,0,0,3,2,1
46365,UK,0-4,Child,White,Under 17,weekday,0,0,0,0,0,0,0,0,0,0
46366,UK,10-14,Child,White,Under 17,weekday,0,0,0,0,0,0,0,0,0,0
46367,UK,5-9,Child,Black,Under 17,weekday,0,0,0,0,0,0,0,0,0,0
46368,UK,10-14,Child,White,Under 17,weekday,0,0,0,0,0,0,0,0,0,0
46369,UK,0-4,Child,Black,Under 17,weekday,0,0,0,0,0,0,0,0,0,0
46370,UK,5-9,Child,White,Under 17,weekday,0,0,0,0,0,0,0,0,0,0
46371,UK,0-4,Child,White,Under 17,weekday,0,0,0,0,0,0,0,0,0,0
46372,UK,5-9,Child,White,Under 17,weekday,5,0,0,0,0,0,0,3,2,0
46373,UK,10-14,Child,White,Under 17,weekend,0,0,0,0,0,0,0,0,0,0
46374,UK,5-9,Child,Asian,Under 17,weekend,3,0,0,0,0,0,0,1,2,0
46375,UK,5-9,Child,Black,Under 17,weekday,0,0,0,0,0,0,0,0,0,0
46376,UK,5-9,Child,White,Under 17,weekday,3,0,0,0,0,0,0,2,0,1
46377,UK,0-4,Child,White,Under 17,weekday,11,0,0,0,0,0,0,9,2,0
46378,UK,5-9,Child,Black,Under 17,weekday,3,0,0,0,0,0,0,3,0,0
46379,UK,0-4,Child,Asian,Under 17,weekend,3,0,0,0,0,0,0,1,1,1
46380,UK,10-14,Child,White,Under 17,weekday,0,0,0,0,0,0,0,0,0,0
46381,UK,0-4,Child,White,Under 17,weekday,0,0,0,0,0,0,0,0,0,0
46382,UK,5-9,Child,White,Under 17,weekday,5,0,0,0,0,0,0,5,0,0
46383,UK,5-9,Child,White,Under 17,weekday,37,0,0,0,0,0,0,8,9,20
46384,UK,10-14,Child,White,Under 17,weekend,0,0,0,0,0,0,0,0,0,0
46385,UK,5-9,Child,Black,Under 17,weekday,0,0,0,0,0,0,0,0,0,0
46386,UK,5-9,Child,White,Under 17,weekend,0,0,0,0,0,0,0,0,0,0
45101,UK,0-4,Child,White,Under 17,weekday,0,0,0,0,0,0,0,0,0,0
45102,UK,10-14,Child,White,Under 17,weekday,0,0,0,0,0,0,0,0,0,0
45103,UK,5-9,Child,White,Under 17,weekday,0,0,0,0,0,0,0,0,0,0
45104,UK,5-9,Child,Black,Under 17,weekend,0,0,0,0,0,0,0,0,0,0
45105,UK,5-9,Child,White,Under 17,weekday,0,0,0,0,0,0,0,0,0,0
45106,UK,5-9,Child,Black,Under 17,weekend,0,0,0,0,0,0,0,0,0,0
45107,UK,5-9,Child,White,Under 17,weekday,12,0,0,0,10,2,0,0,0,0
45108,UK,15-19,Child,White,Under 17,weekday,0,0,0,0,0,0,0,0,0,0
45109,UK,5-9,Child,Black,Under 17,weekday,24,0,0,0,8,8,0,0,8,0
45110,UK,0-4,Child,White,Under 17,weekday,4,0,0,0,0,0,0,3,1,0
45112,UK,0-4,Child,Black,Under 17,weekday,0,0,0,0,0,0,0,0,0,0
45113,UK,0-4,Child,White,Under 17,weekday,0,0,0,0,0,0,0,0,0,0
45114,UK,5-9,Child,White,Under 17,weekday,9,0,0,0,0,0,0,4,5,0
45115,UK,0-4,Child,Black,Under 17,weekday,0,0,0,0,0,0,0,0,0,0
45116,UK,10-14,Child,White,Under 17,weekend,0,0,0,0,0,0,0,0,0,0
45117,UK,5-9,Child,Black,Under 17,weekday,0,0,0,0,0,0,0,0,0,0
45118,UK,5-9,Child,Black,Under 17,weekend,36,0,0,0,0,0,0,20,13,3
45119,UK,0-4,Child,White,Under 17,weekday,10,0,0,0,0,0,0,3,7,0
45120,UK,5-9,Child,White,Under 17,weekday,7,0,0,0,0,0,0,3,4,0
45121,UK,5-9,Child,White,Under 17,weekday,8,0,0,0,0,0,0,4,2,2
45123,UK,10-14,Child,White,Under 17,weekday,0,0,0,0,0,0,0,0,0,0
45124,UK,15-19,Child,Black,Under 17,weekday,91,0,0,0,0,0,0,3,18,70
45125,UK,15-19,Child,White,Under 17,weekday,0,0,0,0,0,0,0,0,0,0
45126,UK,5-9,Child,White,Under 17,weekday,0,0,0,0,0,0,0,0,0,0
45127,UK,5-9,Child,Black,Under 17,weekday,9,0,0,0,0,0,0,6,3,0
45128,UK,5-9,Child,Black,Under 17,weekday,0,0,0,0,0,0,0,0,0,0
45129,UK,0-4,Child,White,Under 17,weekend,0,0,0,0,0,0,0,0,0,0
45130,UK,0-4,Child,Black,Under 17,weekend,0,0,0,0,0,0,0,0,0,0
45131,UK,0-4,Child,Asian,Under 17,weekday,0,0,0,0,0,0,0,0,0,0
45132,UK,5-9,Child,White,Under 17,weekend,13,0,0,0,0,0,0,6,5,2
45134,UK,10-14,Child,White,Under 17,weekday,0,0,0,0,0,0,0,0,0,0
45135,UK,5-9,Child,White,Under 17,weekday,0,0,0,0,0,0,0,0,0,0
45136,UK,5-9,Child,White,Under 17,weekday,0,0,0,0,0,0,0,0,0,0
45137,UK,5-9,Child,White,Under 17,weekday,0,0,0,0,0,0,0,0,0,0
45138,UK,0-4,Child,White,Under 17,weekday,32,0,0,0,0,0,0,20,10,2
45139,UK,0-4,Child,White,Under 17,weekday,13,0,0,0,6,2,0,4,1,0
45140,UK,5-9,Child,White,Under 17,weekday,0,0,0,0,0,0,0,0,0,0
45141,UK,0-4,Child,White,Under 17,weekday,0,0,0,0,0,0,0,0,0,0
45142,UK,10-14,Child,White,Under 17,weekday,10,0,0,0,0,0,0,5,3,2
45143,UK,0-4,Child,Asian,Under 17,weekday,1,0,0,0,0,0,0,1,0,0
45145,UK,15-19,Child,White,Student,weekend,28,0,0,0,0,0,0,23,5,0
45146,UK,0-4,Child,Black,Under 17,weekend,0,0,0,0,0,0,0,0,0,0
45147,UK,5-9,Child,Black,Under 17,weekday,16,0,0,0,3,4,2,2,4,1
45148,UK,0-4,Child,Black,Under 17,weekday,27,0,0,0,10,8,0,4,5,0
45149,UK,5-9,Child,White,Under 17,weekday,30,0,0,0,0,0,0,20,10,0
45150,UK,5-9,Child,Black,Under 17,weekday,2,0,0,0,0,0,0,1,1,0
45151,UK,15-19,Child,White,Under 17,weekday,0,0,0,0,0,0,0,0,0,0
45152,UK,5-9,Child,Black,Under 17,weekday,4,0,0,0,0,0,0,2,2,0
45153,UK,15-19,Child,Black,Under 17,weekday,0,0,0,0,0,0,0,0,0,0
45154,UK,5-9,Child,White,Under 17,weekday,0,0,0,0,0,0,0,0,0,0
45156,UK,0-4,Child,Black,Under 17,weekday,0,0,0,0,0,0,0,0,0,0
45157,UK,0-4,Child,White,Under 17,weekday,0,0,0,0,0,0,0,0,0,0
45158,UK,0-4,Child,White,Under 17,weekday,0,0,0,0,0,0,0,0,0,0
45159,UK,15-19,Child,White,Under 17,weekday,0,0,0,0,0,0,0,0,0,0
45160,UK,0-4,Child,Black,Under 17,weekday,4,0,0,0,0,0,0,2,0,2
45161,UK,5-9,Child,White,Under 17,weekend,0,0,0,0,0,0,0,0,0,0
45162,UK,0-4,Child,White,Under 17,weekend,8,0,0,0,0,0,0,0,8,0
45163,UK,0-4,Child,Black,Under 17,weekday,0,0,0,0,0,0,0,0,0,0
45164,UK,0-4,Child,White,Under 17,weekend,30,0,0,0,0,0,0,0,20,10
45165,UK,5-9,Child,White,Under 17,weekday,45,0,0,0,15,10,0,10,10,0
45167,UK,10-14,Child,White,Under 17,weekday,4,0,0,0,0,0,0,2,0,2
45168,UK,0-4,Child,White,Under 17,weekend,0,0,0,0,0,0,0,0,0,0
45169,UK,10-14,Child,White,Under 17,weekday,3,0,0,0,0,0,0,2,1,0
45170,UK,5-9,Child,White,Under 17,weekday,0,0,0,0,0,0,0,0,0,0
45171,UK,0-4,Child,White,Under 17,weekday,26,0,0,0,0,0,0,24,2,0
45172,UK,10-14,Child,White,Under 17,weekday,1,0,0,0,0,0,0,0,1,0
45173,UK,0-4,Child,Black,Under 17,weekend,42,0,0,0,0,0,0,2,34,6
45174,UK,0-4,Child,Mixed,Under 17,weekday,4,0,0,0,0,0,0,4,0,0
45175,UK,5-9,Child,White,Under 17,weekend,14,0,0,0,4,3,0,4,3,0
45176,UK,5-9,Child,White,Under 17,weekday,35,0,0,0,0,0,0,30,5,0
45178,UK,5-9,Child,White,Under 17,weekend,0,0,0,0,0,0,0,0,0,0
45179,UK,0-4,Child,Black,Under 17,weekday,0,0,0,0,0,0,0,0,0,0
45180,UK,5-9,Child,Black,Under 17,weekend,9,0,0,0,0,0,0,0,9,0
45181,UK,5-9,Child,White,Under 17,weekday,1,0,0,0,0,0,0,1,0,0
45182,UK,5-9,Child,White,Under 17,weekend,0,0,0,0,0,0,0,0,0,0
45183,UK,5-9,Child,White,Under 17,weekday,10,0,0,0,0,0,0,10,0,0
45184,UK,5-9,Child,White,Under 17,weekday,60,0,0,0,0,0,0,50,10,0
45185,UK,5-9,Child,White,Under 17,weekday,16,0,0,0,0,0,0,10,4,2
45186,UK,10-14,Child,Black,Under 17,weekday,0,0,0,0,0,0,0,0,0,0
45187,UK,5-9,Child,Mixed,Under 17,weekend,0,0,0,0,0,0,0,0,0,0
45189,UK,5-9,Child,White,Under 17,weekday,0,0,0,0,0,0,0,0,0,0
45190,UK,10-14,Child,White,Under 17,weekday,0,0,0,0,0,0,0,0,0,0
45191,UK,5-9,Child,White,Under 17,weekday,35,0,0,0,0,0,0,30,5,0
45192,UK,15-19,Child,Asian,Student,weekday,5,0,0,0,0,0,0,0,5,0
45193,UK,0-4,Child,Black,Under 17,weekday,8,0,0,0,0,0,0,3,4,1
45194,UK,0-4,Child,White,Under 17,weekday,10,0,0,0,0,0,0,10,0,0
45195,UK,0-4,Child,White,Under 17,weekend,0,0,0,0,0,0,0,0,0,0
45196,UK,0-4,Child,Prefer not to say,Under 17,weekday,0,0,0,0,0,0,0,0,0,0
45197,UK,10-14,Child,White,Under 17,weekend,5,0,0,0,0,0,0,3,2,0
45198,UK,5-9,Child,Black,Under 17,weekday,0,0,0,0,0,0,0,0,0,0
45200,UK,0-4,Child,Black,Under 17,weekday,9,0,0,0,5,3,0,0,1,0
45201,UK,15-19,Child,Black,Student,weekday,0,0,0,0,0,0,0,0,0,0
45202,UK,5-9,Child,Asian,Under 17,weekday,10,0,0,0,0,0,0,10,0,0
45203,UK,15-19,Child,Black,Student,weekday,0,0,0,0,0,0,0,0,0,0
45204,UK,0-4,Child,Black,Under 17,weekday,120,0,0,0,20,20,20,20,20,20
45205,UK,0-4,Child,Black,Under 17,weekday,0,0,0,0,0,0,0,0,0,0
45206,UK,0-4,Child,Black,Under 17,weekday,2,0,0,0,0,0,0,1,1,0
45207,UK,0-4,Child,White,Under 17,weekend,11,0,0,0,0,0,0,0,5,6
45208,UK,10-14,Child,White,Under 17,weekday,0,0,0,0,0,0,0,0,0,0
45209,UK,10-14,Child,White,Under 17,weekday,0,0,0,0,0,0,0,0,0,0
45211,UK,0-4,Child,White,Under 17,weekday,2,0,0,0,0,0,0,1,1,0
45212,UK,5-9,Child,Black,Under 17,weekend,13,0,0,0,0,0,0,5,3,5
45213,UK,5-9,Child,White,Under 17,weekday,0,0,0,0,0,0,0,0,0,0
45214,UK,0-4,Child,Prefer not to say,Under 17,weekend,0,0,0,0,0,0,0,0,0,0
45215,UK,10-14,Child,White,Under 17,weekday,42,0,0,0,20,1,0,20,1,0
45216,UK,5-9,Child,White,Under 17,weekday,24,0,0,0,0,0,0,20,4,0
45217,UK,5-9,Child,White,Under 17,weekend,0,0,0,0,0,0,0,0,0,0
45218,UK,0-4,Child,White,Under 17,weekday,47,0,0,0,0,0,0,4,43,0
45219,UK,0-4,Child,Asian,Under 17,weekday,0,0,0,0,0,0,0,0,0,0
45220,UK,15-19,Child,White,Under 17,weekday,0,0,0,0,0,0,0,0,0,0
45222,UK,0-4,Child,White,Under 17,weekend,5,0,0,0,0,0,0,2,3,0
45223,UK,5-9,Child,Black,Under 17,weekday,10,0,0,0,0,0,0,6,3,1
45224,UK,0-4,Child,Black,Under 17,weekday,8,0,0,0,0,0,0,4,4,0
45225,UK,5-9,Child,Black,Under 17,weekday,0,0,0,0,0,0,0,0,0,0
45226,UK,10-14,Child,White,Under 17,weekday,14,0,0,0,0,0,0,4,5,5
45227,UK,5-9,Child,Black,Under 17,weekday,0,0,0,0,0,0,0,0,0,0
45228,UK,5-9,Child,White,Under 17,weekday,4,0,0,0,0,0,0,4,0,0
45229,UK,5-9,Child,Asian,Under 17,weekday,0,0,0,0,0,0,0,0,0,0
45230,UK,5-9,Child,Mixed,Under 17,weekday,0,0,0,0,0,0,0,0,0,0
45231,UK,10-14,Child,Other,Under 17,weekday,33,0,0,0,0,0,0,23,10,0
45233,UK,5-9,Child,White,Under 17,weekday,0,0,0,0,0,0,0,0,0,0
45234,UK,5-9,Child,White,Under 17,weekday,0,0,0,0,0,0,0,0,0,0
45235,UK,5-9,Child,Black,Under 17,weekday,0,0,0,0,0,0,0,0,0,0
45236,UK,5-9,Child,Black,Under 17,weekday,2,0,0,0,0,0,0,0,2,0
45237,UK,0-4,Child,Asian,Under 17,weekday,6,0,0,0,0,0,0,5,1,0
45238,UK,5-9,Child,White,Under 17,weekday,0,0,0,0,0,0,0,0,0,0
45239,UK,0-4,Child,White,Under 17,weekday,26,0,0,0,0,0,0,20,6,0
45240,UK,5-9,Child,White,Under 17,weekday,0,0,0,0,0,0,0,0,0,0
45241,UK,0-4,Child,Black,Under 17,weekday,0,0,0,0,0,0,0,0,0,0
45242,UK,10-14,Child,White,Under 17,weekday,0,0,0,0,0,0,0,0,0,0
45244,UK,5-9,Child,Black,Under 17,weekday,0,0,0,0,0,0,0,0,0,0
45245,UK,10-14,Child,White,Under 17,weekday,0,0,0,0,0,0,0,0,0,0
45246,UK,15-19,Child,Black,Student,weekday,27,0,0,0,0,0,0,7,20,0
45247,UK,5-9,Child,Mixed,Under 17,weekday,0,0,0,0,0,0,0,0,0,0
45248,UK,5-9,Child,White,Under 17,weekday,0,0,0,0,0,0,0,0,0,0
45249,UK,5-9,Child,White,Under 17,weekday,0,0,0,0,0,0,0,0,0,0
45250,UK,0-4,Child,White,Under 17,weekday,0,0,0,0,0,0,0,0,0,0
45251,UK,5-9,Child,Black,Under 17,weekday,4,0,0,0,0,0,0,4,0,0
45252,UK,15-19,Child,Black,Under 17,weekday,0,0,0,0,0,0,0,0,0,0
45253,UK,0-4,Child,White,Under 17,weekday,12,0,0,0,0,0,0,7,5,0
45255,UK,5-9,Child,White,Under 17,weekday,16,0,0,0,0,0,0,6,4,6
45256,UK,10-14,Child,Asian,Under 17,weekday,2,0,0,0,0,0,0,0,2,0
45257,UK,10-14,Child,Asian,Under 17,weekday,14,0,0,0,0,0,0,0,10,4
45258,UK,0-4,Child,White,Under 17,weekday,40,0,0,0,30,10,0,0,0,0
45259,UK,10-14,Child,Mixed,Under 17,weekday,32,0,0,0,18,10,1,3,0,0
45260,UK,10-14,Child,White,Under 17,weekday,0,0,0,0,0,0,0,0,0,0
45261,UK,15-19,Child,White,Under 17,weekday,0,0,0,0,0,0,0,0,0,0
45262,UK,5-9,Child,Black,Under 17,weekday,0,0,0,0,0,0,0,0,0,0
45263,UK,15-19,Child,White,Student,weekday,0,0,0,0,0,0,0,0,0,0
45264,UK,10-14,Child,White,Under 17,weekday,0,0,0,0,0,0,0,0,0,0
45266,UK,15-19,Child,White,Student,weekday,0,0,0,0,0,0,0,0,0,0
45267,UK,0-4,Child,White,Under 17,weekday,0,0,0,0,0,0,0,0,0,0
45268,UK,0-4,Child,Asian,Under 17,weekday,27,0,0,0,0,0,0,5,20,2
45269,UK,0-4,Child,White,Under 17,weekday,27,0,0,0,21,6,0,0,0,0
45270,UK,5-9,Child,Black,Under 17,weekday,0,0,0,0,0,0,0,0,0,0
45271,UK,5-9,Child,White,Under 17,weekday,0,0,0,0,0,0,0,0,0,0
45272,UK,5-9,Child,Black,Under 17,weekday,3,0,0,0,0,0,0,1,1,1
45273,UK,0-4,Child,White,Under 17,weekday,0,0,0,0,0,0,0,0,0,0
45274,UK,5-9,Child,White,Under 17,weekday,23,0,0,0,0,0,0,10,8,5
45275,UK,5-9,Child,White,Under 17,weekday,2,0,0,0,0,0,0,0,2,0
45277,UK,0-4,Child,Black,Under 17,weekday,12,0,0,0,0,0,0,8,4,0
45278,UK,5-9,Child,White,Under 17,weekday,6,0,0,0,0,0,0,4,2,0
45279,UK,5-9,Child,White,Under 17,weekday,25,0,0,0,0,0,0,15,7,3
45280,UK,5-9,Child,White,Under 17,weekday,0,0,0,0,0,0,0,0,0,0
45281,UK,5-9,Child,White,Under 17,weekday,0,0,0,0,0,0,0,0,0,0
45282,UK,0-4,Child,Black,Under 17,weekday,0,0,0,0,0,0,0,0,0,0
45283,UK,15-19,Child,White,Student,weekday,0,0,0,0,0,0,0,0,0,0
45284,UK,5-9,Child,White,Under 17,weekday,3,0,0,0,0,0,0,1,2,0
45285,UK,0-4,Child,White,Under 17,weekday,0,0,0,0,0,0,0,0,0,0
45286,UK,0-4,Child,Black,Under 17,weekday,0,0,0,0,0,0,0,0,0,0
45288,UK,5-9,Child,White,Under 17,weekday,3,0,0,0,0,0,0,1,2,0
45289,UK,0-4,Child,White,Under 17,weekday,0,0,0,0,0,0,0,0,0,0
45290,UK,0-4,Child,Black,Under 17,weekday,15,0,0,0,9,3,0,3,0,0
45291,UK,10-14,Child,White,Under 17,weekday,12,0,0,0,0,0,0,12,0,0
45292,UK,15-19,Child,Black,Under 17,weekday,1,0,0,0,1,0,0,0,0,0
45293,UK,5-9,Child,White,Under 17,weekday,6,0,0,0,0,0,0,4,2,0
45294,UK,0-4,Child,Black,Under 17,weekday,0,0,0,0,0,0,0,0,0,0
45295,UK,5-9,Child,White,Under 17,weekday,9,0,0,0,0,0,0,7,2,0
45296,UK,5-9,Child,White,Under 17,weekday,0,0,0,0,0,0,0,0,0,0
45297,UK,5-9,Child,White,Under 17,weekend,0,0,0,0,0,0,0,0,0,0
45299,UK,5-9,Child,Black,Under 17,weekday,0,0,0,0,0,0,0,0,0,0
45300,UK,10-14,Child,White,Under 17,weekday,0,0,0,0,0,0,0,0,0,0
45301,UK,15-19,Child,White,Under 17,weekend,27,0,0,0,0,0,0,5,20,2
45302,UK,0-4,Child,White,Under 17,weekend,0,0,0,0,0,0,0,0,0,0
45303,UK,0-4,Child,White,Under 17,weekday,12,0,0,0,0,0,0,8,4,0
45304,UK,10-14,Child,Black,Under 17,weekday,0,0,0,0,0,0,0,0,0,0
45305,UK,0-4,Child,White,Under 17,weekday,21,0,0,0,10,5,0,4,2,0
45306,UK,5-9,Child,White,Under 17,weekend,3,0,0,0,0,0,0,1,2,0
45307,UK,15-19,Child,Black,Student,weekday,0,0,0,0,0,0,0,0,0,0
45308,UK,0-4,Child,White,Under 17,weekday,0,0,0,0,0,0,0,0,0,0
45310,UK,5-9,Child,White,Under 17,weekday,2,0,0,0,0,0,0,2,0,0
45311,UK,0-4,Child,White,Under 17,weekday,7,0,0,0,0,0,0,5,2,0
45312,UK,5-9,Child,White,Under 17,weekday,0,0,0,0,0,0,0,0,0,0
45313,UK,10-14,Child,White,Under 17,weekend,2,0,0,0,0,0,0,1,1,0
45314,UK,5-9,Child,Black,Under 17,weekday,0,0,0,0,0,0,0,0,0,0
45315,UK,15-19,Child,Mixed,Under 17,weekday,0,0,0,0,0,0,0,0,0,0
45316,UK,5-9,Child,White,Under 17,weekday,4,0,0,0,0,0,0,2,2,0
45317,UK,5-9,Child,Black,Under 17,weekday,132,0,0,0,50,10,6,50,10,6
45318,UK,0-4,Child,Black,Under 17,weekend,0,0,0,0,0,0,0,0,0,0
45319,UK,5-9,Child,White,Under 17,weekday,0,0,0,0,0,0,0,0,0,0
45321,UK,0-4,Child,Black,Under 17,weekday,7,0,0,0,0,0,0,2,3,2
45322,UK,5-9,Child,White,Under 17,weekday,0,0,0,0,0,0,0,0,0,0
45323,UK,5-9,Child,White,Under 17,weekday,16,0,0,0,0,0,0,4,8,4
45324,UK,5-9,Child,Black,Under 17,weekday,0,0,0,0,0,0,0,0,0,0
45325,UK,5-9,Child,Asian,Under 17,weekend,7,0,0,0,0,0,0,2,3,2
45326,UK,5-9,Child,White,Under 17,weekday,16,0,0,0,10,2,0,3,1,0
45327,UK,5-9,Child,White,Under 17,weekday,30,0,0,0,15,5,0,5,5,0
45328,UK,5-9,Child,Black,Under 17,weekday,0,0,0,0,0,0,0,0,0,0
45329,UK,5-9,Child,Black,Under 17,weekend,15,0,0,0,0,0,0,9,5,1
45330,UK,5-9,Child,Black,Under 17,weekday,0,0,0,0,0,0,0,0,0,0
45332,UK,5-9,Child,White,Under 17,weekday,0,0,0,0,0,0,0,0,0,0
45333,UK,0-4,Child,White,Under 17,weekend,0,0,0,0,0,0,0,0,0,0
45334,UK,5-9,Child,White,Under 17,weekday,1,0,0,0,0,0,0,0,1,0
45335,UK,5-9,Child,White,Under 17,weekday,2,0,0,0,0,0,0,0,2,0
45336,UK,5-9,Child,Black,Under 17,weekend,0,0,0,0,0,0,0,0,0,0
45337,UK,0-4,Child,White,Under 17,weekday,2,0,0,0,0,0,0,0,2,0
45338,UK,5-9,Child,Black,Under 17,weekend,7,0,0,0,0,0,0,4,3,0
45339,UK,0-4,Child,White,Under 17,weekday,40,0,0,0,0,0,0,8,20,12
45340,UK,10-14,Child,White,Under 17,weekday,0,0,0,0,0,0,0,0,0,0
45341,UK,5-9,Child,White,Under 17,weekday,6,0,0,0,0,0,0,2,2,2
45343,UK,5-9,Child,Mixed,Under 17,weekday,6,0,0,0,0,0,0,4,2,0
45344,UK,15-19,Child,Black,Under 17,weekday,6,0,0,0,0,0,0,2,3,1
45345,UK,0-4,Child,White,Under 17,weekday,0,0,0,0,0,0,0,0,0,0
45346,UK,0-4,Child,White,Under 17,weekday,66,0,0,0,0,0,0,6,20,40
45347,UK,0-4,Child,White,Under 17,weekday,0,0,0,0,0,0,0,0,0,0
45348,UK,5-9,Child,White,Under 17,weekday,31,0,0,0,0,0,0,5,26,0
45349,UK,15-19,Child,White,Student,weekday,0,0,0,0,0,0,0,0,0,0
45350,UK,5-9,Child,Black,Under 17,weekday,10,0,0,0,0,0,0,6,4,0
45351,UK,0-4,Child,Black,Under 17,weekday,15,0,0,0,0,0,0,4,6,5
45352,UK,5-9,Child,White,Under 17,weekday,0,0,0,0,0,0,0,0,0,0
45354,UK,5-9,Child,Black,Under 17,weekday,10,0,0,0,0,0,0,5,4,1
45355,UK,5-9,Child,White,Under 17,weekday,0,0,0,0,0,0,0,0,0,0
45356,UK,5-9,Child,Black,Under 17,weekend,2,0,0,0,0,0,0,2,0,0
45357,UK,5-9,Child,Black,Under 17,weekday,0,0,0,0,0,0,0,0,0,0
45358,UK,5-9,Child,Black,Under 17,weekday,4,0,0,0,0,0,0,4,0,0
45359,UK,10-14,Child,Black,Under 17,weekday,50,0,0,0,0,0,0,25,15,10
45360,UK,5-9,Child,White,Under 17,weekday,0,0,0,0,0,0,0,0,0,0
45361,UK,5-9,Child,Black,Under 17,weekday,3,0,0,0,0,0,0,1,2,0
45362,UK,5-9,Child,White,Under 17,weekday,0,0,0,0,0,0,0,0,0,0
45363,UK,0-4,Child,White,Under 17,weekend,0,0,0,0,0,0,0,0,0,0
45365,UK,5-9,Child,White,Under 17,weekend,0,0,0,0,0,0,0,0,0,0
45366,UK,10-14,Child,White,Under 17,weekday,23,0,0,0,12,1,2,4,1,3
45367,UK,5-9,Child,Asian,Under 17,weekend,73,0,0,0,0,0,0,30,40,3
45368,UK,5-9,Child,Black,Under 17,weekday,0,0,0,0,0,0,0,0,0,0
45369,UK,0-4,Child,Black,Under 17,weekend,22,0,0,0,0,0,0,10,7,5
45370,UK,5-9,Child,Black,Under 17,weekday,34,0,0,0,0,0,0,25,8,1
45371,UK,5-9,Child,White,Under 17,weekday,0,0,0,0,0,0,0,0,0,0
45372,UK,5-9,Child,White,Under 17,weekday,0,0,0,0,0,0,0,0,0,0
45373,UK,10-14,Child,White,Under 17,weekday,0,0,0,0,0,0,0,0,0,0
45374,UK,15-19,Child,Asian,Under 17,weekday,7,0,0,0,0,0,0,2,5,0
45376,UK,10-14,Child,White,Under 17,weekday,0,0,0,0,0,0,0,0,0,0
45377,UK,5-9,Child,White,Under 17,weekday,0,0,0,0,0,0,0,0,0,0
45378,UK,5-9,Child,White,Under 17,weekday,10,0,0,0,0,0,0,2,6,2
45379,UK,5-9,Child,Black,Under 17,weekday,2,0,0,0,0,0,0,0,2,0
45380,UK,10-14,Child,White,Under 17,weekend,8,0,0,0,0,0,0,0,8,0
45381,UK,5-9,Child,White,Under 17,weekday,0,0,0,0,0,0,0,0,0,0
45382,UK,0-4,Child,White,Under 17,weekday,0,0,0,0,0,0,0,0,0,0
45383,UK,5-9,Child,White,Under 17,weekday,6,0,0,0,0,0,0,3,3,0
45384,UK,10-14,Child,White,Under 17,weekday,0,0,0,0,0,0,0,0,0,0
45385,UK,0-4,Child,White,Under 17,weekday,0,0,0,0,0,0,0,0,0,0
45387,UK,5-9,Child,White,Under 17,weekday,29,0,0,0,8,6,1,8,5,1
45388,UK,0-4,Child,Other,Under 17,weekday,0,0,0,0,0,0,0,0,0,0
45389,UK,15-19,Child,White,Student,weekday,0,0,0,0,0,0,0,0,0,0
45390,UK,5-9,Child,White,Under 17,weekday,23,0,0,0,10,4,1,3,4,1
45391,UK,5-9,Child,Black,Under 17,weekday,6,0,0,0,0,0,0,3,2,1
45392,UK,0-4,Child,White,Under 17,weekday,11,0,0,0,0,0,0,4,4,3
45393,UK,5-9,Child,Black,Under 17,weekend,9,0,0,0,0,0,0,3,6,0
45394,UK,5-9,Child,White,Under 17,weekday,17,0,0,0,12,5,0,0,0,0
45395,UK,5-9,Child,White,Under 17,weekday,52,0,0,0,26,0,0,26,0,0
45396,UK,5-9,Child,Black,Under 17,weekday,0,0,0,0,0,0,0,0,0,0
45398,UK,0-4,Child,White,Under 17,weekday,0,0,0,0,0,0,0,0,0,0
45399,UK,15-19,Child,Asian,Student,weekday,3,0,0,0,0,0,0,1,1,1
45400,UK,5-9,Child,Mixed,Under 17,weekday,0,0,0,0,0,0,0,0,0,0
45401,UK,0-4,Child,White,Under 17,weekday,0,0,0,0,0,0,0,0,0,0
45402,UK,10-14,Child,White,Under 17,weekday,4,0,0,0,0,0,0,2,2,0
45403,UK,15-19,Child,White,Under 17,weekend,0,0,0,0,0,0,0,0,0,0
45404,UK,10-14,Child,White,Under 17,weekday,3,0,0,0,0,0,0,2,1,0
45405,UK,5-9,Child,Asian,Under 17,weekend,11,0,0,0,0,0,0,6,5,0
45406,UK,5-9,Child,White,Under 17,weekend,0,0,0,0,0,0,0,0,0,0
45407,UK,5-9,Child,White,Under 17,weekday,0,0,0,0,0,0,0,0,0,0
45409,UK,15-19,Child,White,Under 17,weekday,52,0,0,0,12,15,2,8,14,1
45410,UK,0-4,Child,White,Under 17,weekday,0,0,0,0,0,0,0,0,0,0
45411,UK,0-4,Child,White,Under 17,weekend,0,0,0,0,0,0,0,0,0,0
45412,UK,0-4,Child,White,Under 17,weekday,5,0,0,0,0,0,0,1,4,0
45413,UK,15-19,Child,White,Under 17,weekday,0,0,0,0,0,0,0,0,0,0
45414,UK,15-19,Child,White,Student,weekday,35,0,0,0,34,0,1,0,0,0
45415,UK,5-9,Child,Black,Under 17,weekend,1,0,0,0,0,0,0,1,0,0
45416,UK,5-9,Child,White,Under 17,weekday,6,0,0,0,0,0,0,5,1,0
45417,UK,0-4,Child,White,Under 17,weekday,0,0,0,0,0,0,0,0,0,0
45418,UK,5-9,Child,White,Under 17,weekday,5,0,0,0,0,0,0,4,1,0
45420,UK,0-4,Child,White,Under 17,weekday,5,0,0,0,0,0,0,3,2,0
45421,UK,0-4,Child,White,Under 17,weekday,0,0,0,0,0,0,0,0,0,0
45422,UK,0-4,Child,Black,Under 17,weekday,22,0,0,0,0,0,0,2,20,0
45423,UK,0-4,Child,Black,Under 17,weekday,0,0,0,0,0,0,0,0,0,0
45424,UK,5-9,Child,White,Under 17,weekday,4,0,0,0,0,0,0,2,2,0
45425,UK,15-19,Child,White,Under 17,weekday,10,0,0,0,0,0,0,2,6,2
45426,UK,0-4,Child,White,Under 17,weekday,0,0,0,0,0,0,0,0,0,0
45427,UK,5-9,Child,Black,Under 17,weekday,12,0,0,0,0,0,0,10,2,0
45428,UK,10-14,Child,White,Under 17,weekday,16,0,0,0,6,2,0,6,2,0
45429,UK,0-4,Child,Asian,Under 17,weekday,4,0,0,0,0,0,0,1,3,0
45431,UK,5-9,Child,Black,Under 17,weekday,2,0,0,0,0,0,0,0,2,0
45432,UK,5-9,Child,White,Under 17,weekday,0,0,0,0,0,0,0,0,0,0
45433,UK,5-9,Child,Black,Under 17,weekday,0,0,0,0,0,0,0,0,0,0
45434,UK,0-4,Child,White,Under 17,weekday,0,0,0,0,0,0,0,0,0,0
45435,UK,5-9,Child,Black,Under 17,weekday,21,0,0,0,0,0,0,15,6,0
45436,UK,0-4,Child,Asian,Under 17,weekday,6,0,0,0,0,0,0,2,4,0
45437,UK,0-4,Child,Black,Under 17,weekday,46,0,0,0,25,4,0,6,7,4
45438,UK,5-9,Child,White,Under 17,weekday,13,0,0,0,0,0,0,10,3,0
45439,UK,5-9,Child,Asian,Under 17,weekday,11,0,0,0,0,0,0,4,3,4
45440,UK,5-9,Child,White,Under 17,weekday,3,0,0,0,0,0,0,2,1,0
45442,UK,0-4,Child,Asian,Under 17,weekday,30,0,0,0,0,0,0,20,10,0
45443,UK,10-14,Child,White,Under 17,weekday,2,0,0,0,0,0,0,1,1,0
45444,UK,5-9,Child,White,Under 17,weekday,0,0,0,0,0,0,0,0,0,0
45445,UK,10-14,Child,White,Under 17,weekday,11,0,0,0,0,0,0,6,5,0
45446,UK,5-9,Child,White,Under 17,weekday,0,0,0,0,0,0,0,0,0,0
45447,UK,5-9,Child,White,Under 17,weekday,10,0,0,0,0,10,0,0,0,0
45448,UK,5-9,Child,Black,Under 17,weekday,6,0,0,0,0,0,0,4,2,0
45449,UK,5-9,Child,Black,Under 17,weekday,15,0,0,0,0,0,0,5,10,0
45450,UK,5-9,Child,Black,Under 17,weekday,0,0,0,0,0,0,0,0,0,0
45451,UK,5-9,Child,White,Under 17,weekday,0,0,0,0,0,0,0,0,0,0
45453,UK,5-9,Child,Black,Under 17,weekend,0,0,0,0,0,0,0,0,0,0
45454,UK,10-14,Child,Asian,Under 17,weekday,0,0,0,0,0,0,0,0,0,0
45455,UK,5-9,Child,White,Under 17,weekday,3,0,0,0,0,0,0,1,1,1
45456,UK,5-9,Child,Black,Under 17,weekday,0,0,0,0,0,0,0,0,0,0
45457,UK,10-14,Child,Black,Under 17,weekday,0,0,0,0,0,0,0,0,0,0
45458,UK,0-4,Child,Black,Under 17,weekday,18,0,0,0,0,0,0,5,3,10
45459,UK,15-19,Child,White,Student,weekday,0,0,0,0,0,0,0,0,0,0
45460,UK,5-9,Child,White,Under 17,weekday,35,0,0,0,20,0,0,15,0,0
45461,UK,15-19,Child,White,Student,weekday,2,0,0,0,0,0,0,0,2,0
45462,UK,5-9,Child,White,Under 17,weekday,2,0,0,0,0,0,0,1,1,0
45464,UK,0-4,Child,Black,Under 17,weekday,15,0,0,0,2,3,2,4,3,1
45465,UK,5-9,Child,Black,Under 17,weekday,0,0,0,0,0,0,0,0,0,0
45466,UK,0-4,Child,White,Under 17,weekday,0,0,0,0,0,0,0,0,0,0
45467,UK,10-14,Child,White,Under 17,weekday,0,0,0,0,0,0,0,0,0,0
45468,UK,5-9,Child,White,Under 17,weekday,2,0,0,0,0,0,0,0,2,0
45469,UK,5-9,Child,Asian,Under 17,weekday,0,0,0,0,0,0,0,0,0,0
45470,UK,15-19,Child,Black,Student,weekday,4,0,0,0,0,0,0,4,0,0
45471,UK,0-4,Child,White,Under 17,weekday,0,0,0,0,0,0,0,0,0,0
45472,UK,0-4,Child,White,Under 17,weekday,0,0,0,0,0,0,0,0,0,0
45473,UK,10-14,Child,Black,Under 17,weekday,8,0,0,0,0,0,0,5,2,1
45475,UK,10-14,Child,Asian,Under 17,weekday,10,0,0,0,0,0,0,1,9,0
45476,UK,0-4,Child,White,Under 17,weekday,26,0,0,0,20,4,0,0,2,0
45477,UK,5-9,Child,Black,Under 17,weekday,5,0,0,0,0,0,0,2,0,3
45478,UK,5-9,Child,White,Under 17,weekday,0,0,0,0,0,0,0,0,0,0
45479,UK,5-9,Child,White,Under 17,weekday,0,0,0,0,0,0,0,0,0,0
45480,UK,10-14,Child,White,Under 17,weekday,4,0,0,0,0,0,0,2,2,0
45481,UK,0-4,Child,Black,Under 17,weekday,0,0,0,0,0,0,0,0,0,0
45482,UK,0-4,Child,White,Under 17,weekday,29,0,0,0,0,0,0,29,0,0
45483,UK,5-9,Child,Black,Under 17,weekday,0,0,0,0,0,0,0,0,0,0
45484,UK,10-14,Child,White,Under 17,weekday,2,0,0,0,0,0,0,2,0,0
45486,UK,0-4,Child,Mixed,Under 17,weekday,21,0,0,0,1,6,0,9,5,0
45487,UK,5-9,Child,White,Under 17,weekday,30,0,0,0,0,0,0,5,20,5
45488,UK,0-4,Child,White,Under 17,weekday,0,0,0,0,0,0,0,0,0,0
45489,UK,0-4,Child,Black,Under 17,weekday,6,0,0,0,0,0,0,3,2,1
45490,UK,5-9,Child,Black,Under 17,weekday,0,0,0,0,0,0,0,0,0,0
45491,UK,5-9,Child,Asian,Under 17,weekday,4,0,0,0,0,0,0,2,2,0
45492,UK,10-14,Child,Black,Under 17,weekday,3,0,0,0,0,0,0,1,2,0
45493,UK,5-9,Child,White,Under 17,weekend,38,0,0,0,10,7,2,10,7,2
45494,UK,0-4,Child,Asian,Under 17,weekday,0,0,0,0,0,0,0,0,0,0
45495,UK,5-9,Child,White,Under 17,weekday,8,0,0,0,0,4,0,2,2,0
45497,UK,5-9,Child,Black,Under 17,weekday,0,0,0,0,0,0,0,0,0,0
45498,UK,10-14,Child,White,Under 17,weekday,36,0,0,0,0,0,0,30,6,0
45499,UK,5-9,Child,White,Under 17,weekday,0,0,0,0,0,0,0,0,0,0
45500,UK,5-9,Child,White,Under 17,weekday,3,0,0,0,0,0,0,1,2,0
45501,UK,0-4,Child,White,Under 17,weekday,40,0,0,0,0,0,0,0,30,10
45502,UK,10-14,Child,White,Under 17,weekday,21,0,0,0,0,0,0,8,6,7
45503,UK,0-4,Child,White,Under 17,weekday,5,0,0,0,0,0,0,3,2,0
45504,UK,5-9,Child,White,Under 17,weekday,0,0,0,0,0,0,0,0,0,0
45505,UK,10-14,Child,Black,Under 17,weekday,0,0,0,0,0,0,0,0,0,0
45506,UK,0-4,Child,Mixed,Under 17,weekday,7,0,0,0,0,0,0,5,2,0
45508,UK,0-4,Child,Black,Under 17,weekend,0,0,0,0,0,0,0,0,0,0
45509,UK,0-4,Child,White,Under 17,weekday,74,0,0,0,0,0,0,24,25,25
45510,UK,5-9,Child,White,Under 17,weekday,5,0,0,0,0,0,0,3,2,0
45511,UK,5-9,Child,White,Under 17,weekday,24,0,0,0,0,0,0,10,10,4
45512,UK,5-9,Child,White,Under 17,weekday,2,0,0,0,0,0,0,2,0,0
45513,UK,10-14,Child,Black,Under 17,weekday,14,0,0,0,0,0,0,10,4,0
45514,UK,10-14,Child,Black,Under 17,weekday,16,0,0,0,0,0,0,5,10,1
45515,UK,0-4,Child,White,Under 17,weekday,0,0,0,0,0,0,0,0,0,0
45516,UK,5-9,Child,Black,Under 17,weekend,0,0,0,0,0,0,0,0,0,0
45517,UK,15-19,Child,White,Student,weekend,7,0,0,0,0,0,0,1,5,1
45519,UK,5-9,Child,White,Under 17,weekday,0,0,0,0,0,0,0,0,0,0
45520,UK,0-4,Child,White,Under 17,weekday,8,0,0,0,0,0,0,4,3,1
45521,UK,0-4,Child,White,Under 17,weekday,1,0,0,0,0,0,0,0,1,0
45522,UK,10-14,Child,White,Under 17,weekday,5,0,0,0,0,0,0,3,2,0
45523,UK,5-9,Child,White,Under 17,weekend,13,0,0,0,0,0,0,4,6,3
45524,UK,10-14,Child,Mixed,Under 17,weekday,23,0,0,0,0,0,0,20,2,1
45525,UK,10-14,Child,White,Under 17,weekday,0,0,0,0,0,0,0,0,0,0
