hh_id,hh_age_1,hh_age_2,hh_age_3,hh_age_4,hh_age_5,hh_age_6,hh_age_7,hh_age_8
hh_10,29,27,26,20,1,NA,NA,NA
hh_21,72,20,16,NA,NA,NA,NA,NA
hh_32,80,NA,NA,NA,NA,NA,NA,NA
hh_43,50,20,NA,NA,NA,NA,NA,NA
hh_54,61,17,15,NA,NA,NA,NA,NA
hh_65,40,NA,NA,NA,NA,NA,NA,NA
hh_76,8,5,NA,NA,NA,NA,NA,NA
hh_87,40,3,NA,NA,NA,NA,NA,NA
hh_109,58,NA,NA,NA,NA,NA,NA,NA
hh_120,37,19,17,12,1,NA,NA,NA
hh_131,25,7,5,NA,NA,NA,NA,NA
hh_142,67,39,NA,NA,NA,NA,NA,NA
hh_153,76,NA,NA,NA,NA,NA,NA,NA
hh_164,61,61,30,NA,NA,NA,NA,NA
hh_175,68,NA,NA,NA,NA,NA,NA,NA
hh_186,54,52,NA,NA,NA,NA,NA,NA
hh_197,38,5,9,NA,NA,NA,NA,NA
hh_208,55,NA,NA,NA,NA,NA,NA,NA
hh_230,11,6,NA,NA,NA,NA,NA,NA
hh_241,56,NA,NA,NA,NA,NA,NA,NA
hh_252,63,NA,NA,NA,NA,NA,NA,NA
hh_263,29,36,NA,NA,NA,NA,NA,NA
hh_285,36,13,NA,NA,NA,NA,NA,NA
hh_320,40,45,NA,NA,NA,NA,NA,NA
hh_321,25,61,NA,NA,NA,NA,NA,NA
hh_323,75,75,NA,NA,NA,NA,NA,NA
hh_324,25,NA,NA,NA,NA,NA,NA,NA
hh_325,15,18,20,26,60,NA,NA,NA
hh_326,24,2,NA,NA,NA,NA,NA,NA
hh_327,44,26,NA,NA,NA,NA,NA,NA
hh_328,31,NA,28,NA,NA,NA,NA,NA
hh_329,32,6,1,NA,NA,NA,NA,NA
hh_330,45,NA,NA,NA,NA,NA,NA,NA
hh_331,29,67,13,7,4,NA,NA,NA
hh_332,32,8,5,NA,NA,NA,NA,NA
hh_333,2,7,NA,NA,NA,NA,NA,NA
hh_334,47,NA,NA,NA,NA,NA,NA,NA
hh_335,74,NA,NA,NA,NA,NA,NA,NA
hh_336,28,6,NA,NA,NA,NA,NA,NA
hh_337,41,NA,NA,NA,NA,NA,NA,NA
hh_338,38,11,8,NA,NA,NA,NA,NA
hh_339,24,59,NA,NA,NA,NA,NA,NA
hh_341,60,NA,NA,NA,NA,NA,NA,NA
hh_342,60,NA,NA,NA,NA,NA,NA,NA
hh_343,37,NA,NA,NA,NA,NA,NA,NA
hh_344,32,10,5,NA,NA,NA,NA,NA
hh_345,66,NA,NA,NA,NA,NA,NA,NA
hh_346,2,5,28,32,NA,NA,NA,NA
hh_348,54,NA,NA,NA,NA,NA,NA,NA
hh_349,43,16,NA,NA,NA,NA,NA,NA
hh_350,60,NA,NA,NA,NA,NA,NA,NA
hh_351,31,11,10,4,NA,NA,NA,NA
hh_352,62,NA,NA,NA,NA,NA,NA,NA
hh_353,53,NA,NA,NA,NA,NA,NA,NA
hh_354,57,NA,NA,NA,NA,NA,NA,NA
hh_355,63,63,36,25,15,NA,NA,NA
hh_356,61,25,23,28,25,NA,NA,NA
hh_357,40,NA,NA,NA,NA,NA,NA,NA
hh_358,24,29,NA,NA,NA,NA,NA,NA
hh_360,54,NA,NA,NA,NA,NA,NA,NA
hh_361,39,NA,NA,NA,NA,NA,NA,NA
hh_362,41,7,NA,NA,NA,NA,NA,NA
hh_363,52,NA,NA,NA,NA,NA,NA,NA
hh_364,16,12,NA,NA,NA,NA,NA,NA
hh_366,27,28,47,20,32,NA,NA,NA
hh_367,25,NA,NA,NA,NA,NA,NA,NA
hh_368,31,38,NA,NA,NA,NA,NA,NA
hh_370,24,20,NA,NA,NA,NA,NA,NA
hh_371,63,NA,NA,NA,NA,NA,NA,NA
hh_372,61,62,NA,NA,NA,NA,NA,NA
hh_373,46,9,6,NA,NA,NA,NA,NA
hh_374,33,NA,NA,NA,NA,NA,NA,NA
hh_375,60,32,NA,NA,NA,NA,NA,NA
hh_376,33,23,NA,NA,NA,NA,NA,NA
hh_377,NA,28,NA,NA,NA,NA,NA,NA
hh_378,47,20,NA,NA,NA,NA,NA,NA
hh_379,13,12,8,NA,NA,NA,NA,NA
hh_380,28,29,NA,NA,NA,NA,NA,NA
hh_382,26,NA,NA,NA,NA,NA,NA,NA
hh_383,45,22,19,18,NA,NA,NA,NA
hh_385,78,71,NA,NA,NA,NA,NA,NA
hh_386,31,8,NA,NA,NA,NA,NA,NA
hh_389,15,NA,NA,NA,NA,NA,NA,NA
hh_390,54,18,15,NA,NA,NA,NA,NA
hh_400,51,11,NA,NA,NA,NA,NA,NA
hh_411,52,NA,NA,NA,NA,NA,NA,NA
hh_422,47,16,NA,NA,NA,NA,NA,NA
hh_433,42,NA,NA,NA,NA,NA,NA,NA
hh_444,36,4,2,NA,NA,NA,NA,NA
hh_455,57,NA,NA,NA,NA,NA,NA,NA
hh_466,78,NA,NA,NA,NA,NA,NA,NA
hh_477,58,66,NA,NA,NA,NA,NA,NA
hh_488,5,NA,NA,NA,NA,NA,NA,NA
hh_499,46,16,11,1,NA,NA,NA,NA
hh_510,26,21,NA,NA,NA,NA,NA,NA
hh_521,35,38,28,25,32,NA,NA,NA
hh_565,62,NA,NA,NA,NA,NA,NA,NA
hh_576,48,19,NA,NA,NA,NA,NA,NA
hh_587,5,NA,NA,NA,NA,NA,NA,NA
hh_598,26,23,NA,NA,NA,NA,NA,NA
hh_620,40,16,13,11,9,NA,NA,NA
hh_631,53,16,NA,NA,NA,NA,NA,NA
hh_642,30,5,64,NA,NA,NA,NA,NA
hh_653,52,29,NA,NA,NA,NA,NA,NA
hh_675,38,3,NA,NA,NA,NA,NA,NA
hh_686,75,NA,NA,NA,NA,NA,NA,NA
hh_697,47,11,11,9,NA,NA,NA,NA
hh_708,71,NA,NA,NA,NA,NA,NA,NA
hh_730,30,60,NA,NA,NA,NA,NA,NA
hh_741,61,NA,NA,NA,NA,NA,NA,NA
hh_752,60,NA,NA,NA,NA,NA,NA,NA
hh_763,41,15,12,NA,NA,NA,NA,NA
hh_774,27,27,NA,NA,NA,NA,NA,NA
hh_785,67,NA,NA,NA,NA,NA,NA,NA
hh_796,48,11,9,7,NA,NA,NA,NA
hh_806,74,NA,NA,NA,NA,NA,NA,NA
hh_807,76,76,NA,NA,NA,NA,NA,NA
hh_808,41,50,NA,NA,NA,NA,NA,NA
hh_809,71,NA,NA,NA,NA,NA,NA,NA
hh_810,62,NA,NA,NA,NA,NA,NA,NA
hh_811,68,34,33,NA,NA,NA,NA,NA
hh_812,76,NA,NA,NA,NA,NA,NA,NA
hh_813,38,10,14,NA,NA,NA,NA,NA
hh_814,75,78,NA,NA,NA,NA,NA,NA
hh_815,62,32,NA,NA,NA,NA,NA,NA
hh_816,36,18,NA,NA,NA,NA,NA,NA
hh_817,42,21,10,7,NA,NA,NA,NA
hh_818,28,8,28,NA,NA,NA,NA,NA
hh_820,32,3,NA,NA,NA,NA,NA,NA
hh_821,65,NA,NA,NA,NA,NA,NA,NA
hh_822,38,13,10,NA,NA,NA,NA,NA
hh_824,36,9,NA,NA,NA,NA,NA,NA
hh_825,54,23,NA,NA,NA,NA,NA,NA
hh_826,45,15,11,NA,NA,NA,NA,NA
hh_828,70,42,67,NA,NA,NA,NA,NA
hh_829,76,80,NA,NA,NA,NA,NA,NA
hh_832,43,9,2,NA,NA,NA,NA,NA
hh_834,59,NA,NA,NA,NA,NA,NA,NA
hh_835,28,9,7,3,NA,NA,NA,NA
hh_836,44,NA,NA,NA,NA,NA,NA,NA
hh_837,33,NA,NA,NA,NA,NA,NA,NA
hh_838,44,9,6,2,1,NA,NA,NA
hh_839,60,NA,NA,NA,NA,NA,NA,NA
hh_840,73,NA,NA,NA,NA,NA,NA,NA
hh_841,39,7,40,NA,NA,NA,NA,NA
hh_842,76,NA,NA,NA,NA,NA,NA,NA
hh_843,72,NA,NA,NA,NA,NA,NA,NA
hh_844,19,1,2,NA,NA,NA,NA,NA
hh_847,58,NA,NA,NA,NA,NA,NA,NA
hh_848,48,19,11,NA,NA,NA,NA,NA
hh_849,62,55,23,NA,NA,NA,NA,NA
hh_851,6,16,35,50,NA,NA,NA,NA
hh_852,56,27,NA,NA,NA,NA,NA,NA
hh_854,42,10,6,NA,NA,NA,NA,NA
hh_855,13,33,NA,NA,NA,NA,NA,NA
hh_856,64,NA,NA,NA,NA,NA,NA,NA
hh_857,40,17,13,NA,NA,NA,NA,NA
hh_858,51,54,23,NA,NA,NA,NA,NA
hh_859,54,14,12,NA,NA,NA,NA,NA
hh_860,35,35,10,NA,NA,NA,NA,NA
hh_862,14,6,40,NA,NA,NA,NA,NA
hh_863,50,NA,NA,NA,NA,NA,NA,NA
hh_864,66,NA,NA,NA,NA,NA,NA,NA
hh_865,71,NA,NA,NA,NA,NA,NA,NA
hh_866,52,NA,NA,NA,NA,NA,NA,NA
hh_867,68,NA,NA,NA,NA,NA,NA,NA
hh_868,18,NA,NA,NA,NA,NA,NA,NA
hh_878,69,NA,NA,NA,NA,NA,NA,NA
hh_900,30,31,NA,NA,NA,NA,NA,NA
hh_911,72,NA,NA,NA,NA,NA,NA,NA
hh_922,54,NA,NA,NA,NA,NA,NA,NA
hh_933,42,50,11,15,NA,NA,NA,NA
hh_944,20,48,NA,NA,NA,NA,NA,NA
hh_955,60,26,NA,NA,NA,NA,NA,NA
hh_966,53,14,14,NA,NA,NA,NA,NA
hh_999,34,30,NA,NA,NA,NA,NA,NA
hh_1010,18,16,16,NA,NA,NA,NA,NA
hh_1021,65,NA,NA,NA,NA,NA,NA,NA
hh_1032,33,4,NA,NA,NA,NA,NA,NA
hh_1043,70,NA,NA,NA,NA,NA,NA,NA
hh_1054,28,NA,NA,NA,NA,NA,NA,NA
hh_1087,48,21,18,NA,NA,NA,NA,NA
hh_1120,68,NA,NA,NA,NA,NA,NA,NA
hh_1142,28,NA,NA,NA,NA,NA,NA,NA
hh_1153,5,7,24,29,NA,NA,NA,NA
hh_1164,58,17,NA,NA,NA,NA,NA,NA
hh_1175,52,NA,NA,NA,NA,NA,NA,NA
hh_1186,50,14,12,NA,NA,NA,NA,NA
hh_1197,48,50,NA,NA,NA,NA,NA,NA
hh_1219,32,NA,2,NA,NA,NA,NA,NA
hh_1230,45,15,NA,NA,NA,NA,NA,NA
hh_1252,3,46,NA,NA,NA,NA,NA,NA
hh_1263,56,58,30,30,NA,NA,NA,NA
hh_1274,34,NA,NA,NA,NA,NA,NA,NA
hh_1285,40,15,NA,NA,NA,NA,NA,NA
hh_1296,31,2,1,NA,NA,NA,NA,NA
hh_1318,48,48,NA,NA,NA,NA,NA,NA
hh_1329,62,NA,NA,NA,NA,NA,NA,NA
hh_1340,71,NA,NA,NA,NA,NA,NA,NA
hh_1384,62,NA,NA,NA,NA,NA,NA,NA
hh_1395,67,60,NA,NA,NA,NA,NA,NA
hh_1406,44,53,NA,NA,NA,NA,NA,NA
hh_1426,56,19,NA,NA,NA,NA,NA,NA
hh_1427,24,22,22,NA,NA,NA,NA,NA
hh_1428,57,53,NA,NA,NA,NA,NA,NA
hh_1430,3,45,NA,NA,NA,NA,NA,NA
hh_1431,13,34,39,NA,NA,NA,NA,NA
hh_1433,74,NA,NA,NA,NA,NA,NA,NA
hh_1434,10,NA,NA,NA,NA,NA,NA,NA
hh_1436,39,8,NA,NA,NA,NA,NA,NA
hh_1437,53,NA,NA,NA,NA,NA,NA,NA
hh_1438,NA,NA,NA,NA,NA,NA,NA,NA
hh_1439,53,14,9,63,NA,NA,NA,NA
hh_1440,67,NA,NA,NA,NA,NA,NA,NA
hh_1441,51,NA,NA,NA,NA,NA,NA,NA
hh_1442,51,30,26,NA,NA,NA,NA,NA
hh_1443,62,NA,NA,NA,NA,NA,NA,NA
hh_1444,58,NA,NA,NA,NA,NA,NA,NA
hh_1446,70,NA,NA,NA,NA,NA,NA,NA
hh_1449,70,56,NA,NA,NA,NA,NA,NA
hh_1450,67,NA,NA,NA,NA,NA,NA,NA
hh_1451,36,5,3,NA,NA,NA,NA,NA
hh_1452,9,43,36,NA,NA,NA,NA,NA
hh_1453,65,NA,NA,NA,NA,NA,NA,NA
hh_1454,74,NA,NA,NA,NA,NA,NA,NA
hh_1457,24,24,NA,NA,NA,NA,NA,NA
hh_1458,36,9,8,3,NA,NA,NA,NA
hh_1460,9,51,51,36,NA,NA,NA,NA
hh_1461,43,14,11,NA,NA,NA,NA,NA
hh_1462,53,48,30,23,NA,NA,NA,NA
hh_1464,2,20,NA,NA,NA,NA,NA,NA
hh_1465,56,56,23,22,21,NA,NA,NA
hh_1467,22,20,55,NA,NA,NA,NA,NA
hh_1468,57,NA,NA,NA,NA,NA,NA,NA
hh_1471,30,3,NA,NA,NA,NA,NA,NA
hh_1472,23,50,15,NA,NA,NA,NA,NA
hh_1473,79,NA,NA,NA,NA,NA,NA,NA
hh_1484,52,NA,NA,NA,NA,NA,NA,NA
hh_1495,50,28,7,NA,NA,NA,NA,NA
hh_1506,31,7,5,NA,NA,NA,NA,NA
hh_1517,47,12,NA,NA,NA,NA,NA,NA
hh_1539,31,35,NA,NA,NA,NA,NA,NA
hh_1550,38,3,7,NA,NA,NA,NA,NA
hh_1561,39,5,NA,NA,NA,NA,NA,NA
hh_1572,21,47,19,15,NA,NA,NA,NA
hh_1583,14,NA,NA,NA,NA,NA,NA,NA
hh_1605,38,18,15,13,NA,NA,NA,NA
hh_1616,63,NA,NA,NA,NA,NA,NA,NA
hh_1627,44,13,11,NA,NA,NA,NA,NA
hh_1638,44,NA,NA,NA,NA,NA,NA,NA
hh_1649,51,25,NA,NA,NA,NA,NA,NA
hh_1660,43,NA,NA,NA,NA,NA,NA,NA
hh_1671,48,40,NA,NA,NA,NA,NA,NA
hh_1693,20,21,NA,NA,NA,NA,NA,NA
hh_1715,53,53,24,NA,NA,NA,NA,NA
hh_1726,49,25,23,NA,NA,NA,NA,NA
hh_1737,59,NA,NA,NA,NA,NA,NA,NA
hh_1748,60,20,NA,NA,NA,NA,NA,NA
hh_1759,27,NA,NA,NA,NA,NA,NA,NA
hh_1770,33,6,NA,NA,NA,NA,NA,NA
hh_1792,71,NA,NA,NA,NA,NA,NA,NA
hh_1803,56,52,NA,NA,NA,NA,NA,NA
hh_4671,64,24,NA,NA,NA,NA,NA,NA
hh_4682,84,48,NA,NA,NA,NA,NA,NA
hh_4693,22,40,7,27,NA,NA,NA,NA
hh_4704,43,17,12,NA,NA,NA,NA,NA
hh_4737,56,29,50,NA,NA,NA,NA,NA
hh_4748,63,NA,NA,NA,NA,NA,NA,NA
hh_4759,24,5,2,NA,NA,NA,NA,NA
hh_4770,63,NA,NA,NA,NA,NA,NA,NA
hh_4792,34,12,NA,NA,NA,NA,NA,NA
hh_4803,57,NA,NA,NA,NA,NA,NA,NA
hh_4814,35,3,NA,NA,NA,NA,NA,NA
hh_4825,62,NA,NA,NA,NA,NA,NA,NA
hh_4836,44,40,8,NA,NA,NA,NA,NA
hh_4858,48,NA,NA,NA,NA,NA,NA,NA
hh_4869,33,5,1,NA,NA,NA,NA,NA
hh_4880,70,NA,NA,NA,NA,NA,NA,NA
hh_4902,53,19,NA,NA,NA,NA,NA,NA
hh_4913,4,NA,NA,NA,NA,NA,NA,NA
hh_4935,41,1,35,NA,NA,NA,NA,NA
hh_4946,10,NA,NA,NA,NA,NA,NA,NA
hh_4957,27,7,5,NA,NA,NA,NA,NA
hh_4968,73,91,NA,NA,NA,NA,NA,NA
hh_4976,23,8,NA,NA,NA,NA,NA,NA
hh_4977,6,NA,NA,NA,NA,NA,NA,NA
hh_4979,14,8,NA,NA,NA,NA,NA,NA
hh_4980,25,NA,NA,NA,NA,NA,NA,NA
hh_4981,59,NA,NA,NA,NA,NA,NA,NA
hh_4982,79,NA,NA,NA,NA,NA,NA,NA
hh_4983,33,15,1,NA,NA,NA,NA,NA
hh_4984,39,34,NA,NA,NA,NA,NA,NA
hh_4985,14,12,34,35,NA,NA,NA,NA
hh_4986,65,63,NA,NA,NA,NA,NA,NA
hh_4987,49,NA,NA,NA,NA,NA,NA,NA
hh_4988,28,3,NA,NA,NA,NA,NA,NA
hh_4989,45,47,28,NA,NA,NA,NA,NA
hh_4990,54,NA,NA,NA,NA,NA,NA,NA
hh_4991,82,NA,NA,NA,NA,NA,NA,NA
hh_4992,65,26,NA,NA,NA,NA,NA,NA
hh_4993,44,8,NA,NA,NA,NA,NA,NA
hh_4994,44,16,13,9,3,NA,NA,NA
hh_4995,64,NA,NA,NA,NA,NA,NA,NA
hh_4996,56,17,NA,NA,NA,NA,NA,NA
hh_4998,60,32,NA,NA,NA,NA,NA,NA
hh_4999,32,4,2,NA,NA,NA,NA,NA
hh_5004,22,NA,NA,NA,NA,NA,NA,NA
hh_5006,5,13,16,NA,NA,NA,NA,NA
hh_5007,41,9,8,41,NA,NA,NA,NA
hh_5008,36,31,NA,NA,NA,NA,NA,NA
hh_5010,46,10,NA,NA,NA,NA,NA,NA
hh_5011,75,NA,NA,NA,NA,NA,NA,NA
hh_5012,40,4,NA,NA,NA,NA,NA,NA
hh_5013,39,7,3,NA,NA,NA,NA,NA
hh_5014,46,NA,NA,NA,NA,NA,NA,NA
hh_5015,10,NA,NA,NA,NA,NA,NA,NA
hh_5016,63,61,NA,NA,NA,NA,NA,NA
hh_5017,50,10,NA,NA,NA,NA,NA,NA
hh_5018,54,NA,NA,NA,NA,NA,NA,NA
hh_5019,28,26,NA,NA,NA,NA,NA,NA
hh_5020,23,NA,NA,NA,NA,NA,NA,NA
hh_5021,39,NA,NA,NA,NA,NA,NA,NA
hh_5022,32,4,NA,NA,NA,NA,NA,NA
hh_5023,44,NA,NA,NA,NA,NA,NA,NA
hh_5025,72,NA,NA,NA,NA,NA,NA,NA
hh_5026,56,NA,NA,NA,NA,NA,NA,NA
hh_5027,56,NA,NA,NA,NA,NA,NA,NA
hh_5029,52,NA,NA,NA,NA,NA,NA,NA
hh_5030,58,NA,NA,NA,NA,NA,NA,NA
hh_5032,29,1,NA,NA,NA,NA,NA,NA
hh_5033,29,1,NA,NA,NA,NA,NA,NA
hh_5035,46,15,12,NA,NA,NA,NA,NA
hh_5036,74,NA,NA,NA,NA,NA,NA,NA
hh_5037,40,6,4,NA,NA,NA,NA,NA
hh_5038,1,NA,NA,NA,NA,NA,NA,NA
hh_5039,59,26,NA,NA,NA,NA,NA,NA
hh_5040,55,NA,NA,NA,NA,NA,NA,NA
hh_5045,30,38,30,NA,NA,NA,NA,NA
hh_5057,28,NA,NA,NA,NA,NA,NA,NA
hh_5090,16,NA,NA,NA,NA,NA,NA,NA
hh_5101,6,12,25,23,NA,NA,NA,NA
hh_5112,47,11,7,NA,NA,NA,NA,NA
hh_5123,63,NA,NA,NA,NA,NA,NA,NA
hh_5134,73,NA,NA,NA,NA,NA,NA,NA
hh_5167,65,NA,NA,NA,NA,NA,NA,NA
hh_5178,35,NA,NA,NA,NA,NA,NA,NA
hh_5189,33,6,3,NA,NA,NA,NA,NA
hh_5200,67,NA,NA,NA,NA,NA,NA,NA
hh_5211,33,11,6,3,2,NA,NA,NA
hh_5222,44,NA,NA,NA,NA,NA,NA,NA
hh_5233,27,6,8,NA,NA,NA,NA,NA
hh_5244,85,NA,NA,NA,NA,NA,NA,NA
hh_5255,59,59,NA,NA,NA,NA,NA,NA
hh_5266,54,NA,NA,NA,NA,NA,NA,NA
hh_5277,48,13,10,51,NA,NA,NA,NA
hh_5288,42,7,4,NA,NA,NA,NA,NA
hh_5299,58,55,15,31,NA,NA,NA,NA
hh_5310,21,17,20,NA,NA,NA,NA,NA
hh_5332,66,64,NA,NA,NA,NA,NA,NA
hh_5336,9,32,NA,NA,NA,NA,NA,NA
hh_5337,30,NA,NA,NA,NA,NA,NA,NA
hh_5340,51,18,17,NA,NA,NA,NA,NA
hh_5342,73,NA,NA,NA,NA,NA,NA,NA
hh_5344,61,NA,NA,NA,NA,NA,NA,NA
hh_5345,75,NA,NA,NA,NA,NA,NA,NA
hh_5346,34,NA,NA,NA,NA,NA,NA,NA
hh_5347,43,10,NA,NA,NA,NA,NA,NA
hh_5348,39,NA,NA,NA,NA,NA,NA,NA
hh_5350,45,NA,NA,NA,NA,NA,NA,NA
hh_5351,46,16,15,NA,NA,NA,NA,NA
hh_5353,9,5,NA,NA,NA,NA,NA,NA
hh_5354,34,3,NA,NA,NA,NA,NA,NA
hh_5355,65,NA,NA,NA,NA,NA,NA,NA
hh_5356,32,NA,45,NA,NA,NA,NA,NA
hh_5358,51,16,11,7,NA,NA,NA,NA
hh_5359,7,NA,NA,NA,NA,NA,NA,NA
hh_5360,12,9,50,NA,NA,NA,NA,NA
hh_5363,4,NA,NA,NA,NA,NA,NA,NA
hh_5364,12,39,NA,NA,NA,NA,NA,NA
hh_5366,58,NA,NA,NA,NA,NA,NA,NA
hh_5367,21,NA,NA,NA,NA,NA,NA,NA
hh_5368,31,NA,NA,NA,NA,NA,NA,NA
hh_5369,47,19,17,12,NA,NA,NA,NA
hh_5370,27,5,3,1,NA,NA,NA,NA
hh_5371,41,NA,NA,NA,NA,NA,NA,NA
hh_5374,49,NA,NA,NA,NA,NA,NA,NA
hh_5375,2,NA,NA,NA,NA,NA,NA,NA
hh_5376,44,72,NA,NA,NA,NA,NA,NA
hh_5377,52,13,NA,NA,NA,NA,NA,NA
hh_5378,21,19,16,14,NA,NA,NA,NA
hh_5379,13,11,NA,NA,NA,NA,NA,NA
hh_5380,15,13,7,53,46,NA,NA,NA
hh_5381,31,5,1,NA,NA,NA,NA,NA
hh_5383,53,NA,NA,NA,NA,NA,NA,NA
hh_5384,23,NA,NA,NA,NA,NA,NA,NA
hh_5385,50,NA,NA,NA,NA,NA,NA,NA
hh_5386,31,NA,NA,NA,NA,NA,NA,NA
hh_5387,48,18,13,NA,NA,NA,NA,NA
hh_5388,7,NA,NA,NA,NA,NA,NA,NA
hh_5394,47,25,NA,NA,NA,NA,NA,NA
hh_5395,65,46,NA,NA,NA,NA,NA,NA
hh_5398,49,NA,NA,NA,NA,NA,NA,NA
hh_5399,58,NA,NA,NA,NA,NA,NA,NA
hh_5400,29,6,9,19,NA,NA,NA,NA
hh_5402,33,3,NA,NA,NA,NA,NA,NA
hh_5403,70,NA,NA,NA,NA,NA,NA,NA
hh_5404,60,NA,NA,NA,NA,NA,NA,NA
hh_5405,40,8,4,NA,NA,NA,NA,NA
hh_5406,81,76,NA,NA,NA,NA,NA,NA
hh_5407,34,NA,39,NA,NA,NA,NA,NA
hh_5408,71,NA,NA,NA,NA,NA,NA,NA
hh_5409,54,NA,NA,NA,NA,NA,NA,NA
hh_5419,35,6,3,NA,NA,NA,NA,NA
hh_5441,45,10,8,NA,NA,NA,NA,NA
hh_5452,57,NA,NA,NA,NA,NA,NA,NA
hh_5463,41,20,NA,NA,NA,NA,NA,NA
hh_5474,45,NA,NA,NA,NA,NA,NA,NA
hh_5496,85,NA,NA,NA,NA,NA,NA,NA
hh_5507,37,12,NA,NA,NA,NA,NA,NA
hh_5518,41,42,NA,NA,NA,NA,NA,NA
hh_5529,64,NA,NA,NA,NA,NA,NA,NA
hh_5540,72,NA,NA,NA,NA,NA,NA,NA
hh_5551,49,56,21,18,12,NA,NA,NA
hh_5562,51,30,13,NA,NA,NA,NA,NA
hh_5573,57,NA,NA,NA,NA,NA,NA,NA
hh_5628,4,24,18,NA,NA,NA,NA,NA
hh_5639,65,65,NA,NA,NA,NA,NA,NA
hh_5650,33,25,NA,NA,NA,NA,NA,NA
hh_5661,16,14,40,NA,NA,NA,NA,NA
hh_5705,35,NA,NA,NA,NA,NA,NA,NA
hh_5716,51,14,12,NA,NA,NA,NA,NA
hh_5727,30,17,15,NA,NA,NA,NA,NA
hh_5738,46,15,14,NA,NA,NA,NA,NA
hh_5749,28,NA,NA,NA,NA,NA,NA,NA
hh_5760,36,6,2,NA,NA,NA,NA,NA
hh_5762,45,43,22,25,NA,NA,NA,NA
hh_5763,23,2,NA,NA,NA,NA,NA,NA
hh_5764,22,4,11,2,NA,NA,NA,NA
hh_5765,63,NA,NA,NA,NA,NA,NA,NA
hh_5766,78,46,NA,NA,NA,NA,NA,NA
hh_5768,NA,26,NA,NA,NA,NA,NA,NA
hh_5769,59,NA,NA,NA,NA,NA,NA,NA
hh_5770,45,38,14,10,NA,NA,NA,NA
hh_5771,36,12,10,7,NA,NA,NA,NA
hh_5772,24,24,NA,NA,NA,NA,NA,NA
hh_5773,44,12,17,NA,NA,NA,NA,NA
hh_5774,30,NA,NA,NA,NA,NA,NA,NA
hh_5775,20,NA,NA,NA,NA,NA,NA,NA
hh_5776,9,39,NA,NA,NA,NA,NA,NA
hh_5777,70,69,NA,NA,NA,NA,NA,NA
hh_5778,13,NA,NA,NA,NA,NA,NA,NA
hh_5779,39,14,NA,NA,NA,NA,NA,NA
hh_5780,60,58,NA,NA,NA,NA,NA,NA
hh_5781,58,26,24,22,NA,NA,NA,NA
hh_5782,30,NA,NA,NA,NA,NA,NA,NA
hh_5783,12,NA,NA,NA,NA,NA,NA,NA
hh_5784,16,16,12,NA,NA,NA,NA,NA
hh_5785,31,8,NA,NA,NA,NA,NA,NA
hh_5786,34,37,23,NA,NA,NA,NA,NA
hh_5787,15,14,NA,NA,NA,NA,NA,NA
hh_5789,66,24,24,NA,NA,NA,NA,NA
hh_5790,44,11,9,5,NA,NA,NA,NA
hh_5791,40,NA,NA,NA,NA,NA,NA,NA
hh_5792,49,16,NA,NA,NA,NA,NA,NA
hh_5794,45,18,NA,NA,NA,NA,NA,NA
hh_5795,58,NA,NA,NA,NA,NA,NA,NA
hh_5798,16,16,NA,NA,NA,NA,NA,NA
hh_5799,59,21,19,15,15,NA,NA,NA
hh_5800,71,NA,NA,NA,NA,NA,NA,NA
hh_5801,57,NA,NA,NA,NA,NA,NA,NA
hh_5802,50,19,17,NA,NA,NA,NA,NA
hh_5803,25,21,NA,NA,NA,NA,NA,NA
hh_5804,70,NA,NA,NA,NA,NA,NA,NA
hh_5808,50,48,NA,NA,NA,NA,NA,NA
hh_5809,72,NA,NA,NA,NA,NA,NA,NA
hh_5810,21,NA,NA,NA,NA,NA,NA,NA
hh_5811,55,52,NA,NA,NA,NA,NA,NA
hh_5812,60,NA,NA,NA,NA,NA,NA,NA
hh_5815,66,NA,NA,NA,NA,NA,NA,NA
hh_5816,49,15,NA,NA,NA,NA,NA,NA
hh_5818,60,NA,NA,NA,NA,NA,NA,NA
hh_5819,15,NA,NA,NA,NA,NA,NA,NA
hh_5821,63,NA,NA,NA,NA,NA,NA,NA
hh_5822,79,72,NA,NA,NA,NA,NA,NA
hh_5823,52,NA,NA,NA,NA,NA,NA,NA
hh_5824,66,NA,NA,NA,NA,NA,NA,NA
hh_5825,52,NA,NA,NA,NA,NA,NA,NA
hh_5826,52,NA,NA,NA,NA,NA,NA,NA
hh_5827,36,NA,NA,NA,NA,NA,NA,NA
hh_5828,72,NA,NA,NA,NA,NA,NA,NA
hh_5839,64,NA,NA,NA,NA,NA,NA,NA
hh_5850,61,NA,NA,NA,NA,NA,NA,NA
hh_5861,49,22,NA,NA,NA,NA,NA,NA
hh_5872,67,NA,NA,NA,NA,NA,NA,NA
hh_5883,49,NA,NA,NA,NA,NA,NA,NA
hh_5894,52,NA,NA,NA,NA,NA,NA,NA
hh_5905,72,NA,NA,NA,NA,NA,NA,NA
hh_5916,60,NA,NA,NA,NA,NA,NA,NA
hh_5927,71,NA,NA,NA,NA,NA,NA,NA
hh_5938,20,16,NA,NA,NA,NA,NA,NA
hh_5971,60,NA,NA,NA,NA,NA,NA,NA
hh_5982,62,NA,NA,NA,NA,NA,NA,NA
hh_5993,56,13,NA,NA,NA,NA,NA,NA
hh_6004,63,NA,NA,NA,NA,NA,NA,NA
hh_6015,26,NA,NA,NA,NA,NA,NA,NA
hh_6026,62,NA,NA,NA,NA,NA,NA,NA
hh_6037,69,NA,NA,NA,NA,NA,NA,NA
hh_6048,68,NA,NA,NA,NA,NA,NA,NA
hh_6059,76,NA,NA,NA,NA,NA,NA,NA
hh_6081,72,32,NA,NA,NA,NA,NA,NA
hh_6092,55,NA,NA,NA,NA,NA,NA,NA
hh_6103,24,23,19,NA,NA,NA,NA,NA
hh_6114,23,NA,NA,NA,NA,NA,NA,NA
hh_6136,27,61,NA,NA,NA,NA,NA,NA
hh_6147,65,12,NA,NA,NA,NA,NA,NA
hh_6158,70,NA,NA,NA,NA,NA,NA,NA
hh_6169,55,NA,NA,NA,NA,NA,NA,NA
hh_6172,65,31,NA,NA,NA,NA,NA,NA
hh_6173,59,NA,NA,NA,NA,NA,NA,NA
hh_6175,64,NA,NA,NA,NA,NA,NA,NA
hh_6177,80,NA,NA,NA,NA,NA,NA,NA
hh_6178,80,NA,NA,NA,NA,NA,NA,NA
hh_6179,66,NA,NA,NA,NA,NA,NA,NA
hh_6185,65,NA,NA,NA,NA,NA,NA,NA
hh_6186,69,NA,NA,NA,NA,NA,NA,NA
hh_6188,75,71,NA,NA,NA,NA,NA,NA
hh_6189,70,NA,NA,NA,NA,NA,NA,NA
hh_6191,72,NA,NA,NA,NA,NA,NA,NA
hh_6192,71,NA,NA,NA,NA,NA,NA,NA
hh_7339,72,71,NA,NA,NA,NA,NA,NA
hh_7340,58,NA,NA,NA,NA,NA,NA,NA
hh_7341,55,NA,NA,NA,NA,NA,NA,NA
hh_7342,37,7,NA,NA,NA,NA,NA,NA
hh_7343,35,6,NA,NA,NA,NA,NA,NA
hh_7344,62,NA,NA,NA,NA,NA,NA,NA
hh_7345,67,NA,NA,NA,NA,NA,NA,NA
hh_7346,34,36,44,NA,NA,NA,NA,NA
hh_7347,40,45,12,5,NA,NA,NA,NA
hh_7348,38,39,37,NA,NA,NA,NA,NA
hh_7349,40,10,6,NA,NA,NA,NA,NA
hh_7350,57,15,59,NA,NA,NA,NA,NA
hh_7352,32,14,10,NA,NA,NA,NA,NA
hh_7353,36,12,NA,NA,NA,NA,NA,NA
hh_7354,34,12,9,NA,NA,NA,NA,NA
hh_7355,37,42,11,NA,NA,NA,NA,NA
hh_7356,63,63,37,25,15,NA,NA,NA
hh_7357,47,14,48,28,NA,NA,NA,NA
hh_7358,35,4,2,39,NA,NA,NA,NA
hh_7360,47,47,19,31,NA,NA,NA,NA
hh_7361,35,40,NA,NA,NA,NA,NA,NA
hh_7362,73,NA,NA,NA,NA,NA,NA,NA
hh_7363,29,28,53,60,NA,NA,NA,NA
hh_7364,47,NA,NA,NA,NA,NA,NA,NA
hh_7367,40,1,36,NA,NA,NA,NA,NA
hh_7368,15,5,NA,NA,NA,NA,NA,NA
hh_7369,55,NA,NA,NA,NA,NA,NA,NA
hh_7370,60,NA,NA,NA,NA,NA,NA,NA
hh_7371,38,15,NA,NA,NA,NA,NA,NA
hh_7372,41,9,6,NA,NA,NA,NA,NA
hh_7373,35,11,5,NA,NA,NA,NA,NA
hh_7375,41,18,16,NA,NA,NA,NA,NA
hh_7376,14,12,9,NA,NA,NA,NA,NA
hh_7377,44,8,NA,NA,NA,NA,NA,NA
hh_7378,31,11,14,NA,NA,NA,NA,NA
hh_7379,55,8,NA,NA,NA,NA,NA,NA
hh_7381,33,11,9,NA,NA,NA,NA,NA
hh_7382,40,7,4,4,NA,NA,NA,NA
hh_7383,34,2,NA,NA,NA,NA,NA,NA
hh_7384,48,7,NA,NA,NA,NA,NA,NA
hh_7385,53,NA,NA,NA,NA,NA,NA,NA
hh_7386,35,3,NA,NA,NA,NA,NA,NA
hh_7387,24,NA,NA,NA,NA,NA,NA,NA
hh_7388,50,17,NA,NA,NA,NA,NA,NA
hh_7389,39,NA,NA,NA,NA,NA,NA,NA
hh_7391,58,16,NA,NA,NA,NA,NA,NA
hh_7392,49,49,NA,NA,NA,NA,NA,NA
hh_7393,36,NA,NA,NA,NA,NA,NA,NA
hh_7394,25,NA,NA,NA,NA,NA,NA,NA
hh_7395,56,NA,NA,NA,NA,NA,NA,NA
hh_7396,72,NA,NA,NA,NA,NA,NA,NA
hh_7397,56,NA,NA,NA,NA,NA,NA,NA
hh_7398,28,6,NA,NA,NA,NA,NA,NA
hh_7399,26,14,10,NA,NA,NA,NA,NA
hh_7400,58,58,28,NA,NA,NA,NA,NA
hh_7401,12,15,45,NA,NA,NA,NA,NA
hh_7402,69,44,NA,NA,NA,NA,NA,NA
hh_7403,29,NA,NA,NA,NA,NA,NA,NA
hh_7405,25,1,NA,NA,NA,NA,NA,NA
hh_7406,41,7,NA,NA,NA,NA,NA,NA
hh_7407,31,NA,NA,NA,NA,NA,NA,NA
hh_7408,47,16,NA,NA,NA,NA,NA,NA
hh_7409,68,NA,NA,NA,NA,NA,NA,NA
hh_7410,34,3,1,12,NA,NA,NA,NA
hh_7411,27,3,NA,NA,NA,NA,NA,NA
hh_7412,66,NA,NA,NA,NA,NA,NA,NA
hh_7414,47,22,15,NA,NA,NA,NA,NA
hh_7415,25,1,23,NA,NA,NA,NA,NA
hh_7416,58,NA,NA,NA,NA,NA,NA,NA
hh_7417,71,NA,NA,NA,NA,NA,NA,NA
hh_7418,28,1,NA,NA,NA,NA,NA,NA
hh_7420,37,NA,NA,NA,NA,NA,NA,NA
hh_7421,58,20,NA,NA,NA,NA,NA,NA
hh_7422,22,38,NA,NA,NA,NA,NA,NA
hh_7423,85,NA,NA,NA,NA,NA,NA,NA
hh_7424,39,12,NA,NA,NA,NA,NA,NA
hh_7425,65,39,NA,NA,NA,NA,NA,NA
hh_7426,76,75,NA,NA,NA,NA,NA,NA
hh_7427,81,NA,NA,NA,NA,NA,NA,NA
hh_7429,60,NA,NA,NA,NA,NA,NA,NA
hh_7430,50,54,NA,NA,NA,NA,NA,NA
hh_7431,32,6,2,NA,NA,NA,NA,NA
hh_7432,67,NA,NA,NA,NA,NA,NA,NA
hh_7435,31,NA,NA,NA,NA,NA,NA,NA
hh_7436,34,1,NA,NA,NA,NA,NA,NA
hh_7439,45,NA,NA,NA,NA,NA,NA,NA
hh_7442,50,19,18,13,NA,NA,NA,NA
hh_7443,44,10,9,NA,NA,NA,NA,NA
hh_7444,37,17,15,NA,NA,NA,NA,NA
hh_7445,27,NA,33,NA,NA,NA,NA,NA
hh_7447,54,24,56,NA,NA,NA,NA,NA
hh_7448,38,43,14,NA,NA,NA,NA,NA
hh_7449,6,31,NA,NA,NA,NA,NA,NA
hh_7450,17,22,48,15,12,NA,NA,NA
hh_7451,46,NA,NA,NA,NA,NA,NA,NA
hh_7452,57,6,13,NA,NA,NA,NA,NA
hh_7453,71,63,15,NA,NA,NA,NA,NA
hh_7454,34,10,8,3,NA,NA,NA,NA
hh_7455,64,NA,NA,NA,NA,NA,NA,NA
hh_7456,18,52,NA,NA,NA,NA,NA,NA
hh_7458,37,37,NA,NA,NA,NA,NA,NA
hh_7459,53,11,9,NA,NA,NA,NA,NA
hh_7460,58,NA,NA,NA,NA,NA,NA,NA
hh_7461,86,NA,NA,NA,NA,NA,NA,NA
hh_7462,17,2,8,4,NA,NA,NA,NA
hh_7463,46,26,44,22,NA,NA,NA,NA
hh_7464,33,10,1,NA,NA,NA,NA,NA
hh_7465,31,3,NA,NA,NA,NA,NA,NA
hh_7466,16,49,53,NA,NA,NA,NA,NA
hh_7467,51,21,19,NA,NA,NA,NA,NA
hh_7468,59,NA,NA,NA,NA,NA,NA,NA
hh_7469,40,41,24,NA,NA,NA,NA,NA
hh_7470,35,7,NA,NA,NA,NA,NA,NA
hh_7471,65,NA,NA,NA,NA,NA,NA,NA
hh_7473,8,7,29,NA,NA,NA,NA,NA
hh_7474,28,NA,NA,NA,NA,NA,NA,NA
hh_7475,NA,NA,NA,NA,NA,NA,NA,NA
hh_7477,15,NA,NA,NA,NA,NA,NA,NA
hh_7478,32,9,NA,NA,NA,NA,NA,NA
hh_7479,78,NA,NA,NA,NA,NA,NA,NA
hh_7480,59,NA,NA,NA,NA,NA,NA,NA
hh_7481,38,19,NA,NA,NA,NA,NA,NA
hh_7482,35,10,23,NA,NA,NA,NA,NA
hh_7483,50,26,24,15,NA,NA,NA,NA
hh_7484,38,19,17,14,13,38,NA,NA
hh_7485,49,17,NA,NA,NA,NA,NA,NA
hh_7488,4,39,36,23,NA,NA,NA,NA
hh_7489,38,20,17,NA,NA,NA,NA,NA
hh_7491,36,16,NA,NA,NA,NA,NA,NA
hh_7492,44,NA,NA,NA,NA,NA,NA,NA
hh_7493,7,NA,NA,NA,NA,NA,NA,NA
hh_7494,22,21,16,NA,NA,NA,NA,NA
hh_7495,20,28,NA,NA,NA,NA,NA,NA
hh_7496,52,25,NA,NA,NA,NA,NA,NA
hh_7498,37,11,1,NA,NA,NA,NA,NA
hh_7499,53,47,24,14,NA,NA,NA,NA
hh_7504,56,20,NA,NA,NA,NA,NA,NA
hh_7505,20,19,20,20,20,NA,NA,NA
hh_7509,75,38,35,11,2,NA,NA,NA
hh_7510,64,NA,NA,NA,NA,NA,NA,NA
hh_7512,15,NA,NA,NA,NA,NA,NA,NA
hh_7513,67,NA,NA,NA,NA,NA,NA,NA
hh_7515,57,NA,NA,NA,NA,NA,NA,NA
hh_7516,59,NA,NA,NA,NA,NA,NA,NA
hh_7517,60,NA,NA,NA,NA,NA,NA,NA
hh_7518,69,17,NA,NA,NA,NA,NA,NA
hh_7519,54,17,NA,NA,NA,NA,NA,NA
hh_7520,65,NA,NA,NA,NA,NA,NA,NA
hh_7521,51,16,NA,NA,NA,NA,NA,NA
hh_7522,76,NA,NA,NA,NA,NA,NA,NA
hh_7523,79,25,NA,NA,NA,NA,NA,NA
hh_7524,78,NA,NA,NA,NA,NA,NA,NA
hh_7526,73,NA,NA,NA,NA,NA,NA,NA
hh_7527,65,NA,NA,NA,NA,NA,NA,NA
hh_7530,74,NA,NA,NA,NA,NA,NA,NA
hh_7531,75,NA,NA,NA,NA,NA,NA,NA
hh_7532,47,NA,NA,NA,NA,NA,NA,NA
hh_7534,50,15,NA,NA,NA,NA,NA,NA
hh_7536,65,NA,NA,NA,NA,NA,NA,NA
hh_7537,71,NA,NA,NA,NA,NA,NA,NA
hh_7538,54,52,NA,NA,NA,NA,NA,NA
hh_7540,45,NA,NA,NA,NA,NA,NA,NA
hh_7542,7,NA,NA,NA,NA,NA,NA,NA
hh_7544,45,20,15,NA,NA,NA,NA,NA
hh_7545,59,NA,NA,NA,NA,NA,NA,NA
hh_7546,55,50,NA,NA,NA,NA,NA,NA
hh_7547,62,NA,NA,NA,NA,NA,NA,NA
hh_7548,40,NA,NA,NA,NA,NA,NA,NA
hh_7549,62,NA,NA,NA,NA,NA,NA,NA
hh_7550,18,NA,NA,NA,NA,NA,NA,NA
hh_7554,64,NA,NA,NA,NA,NA,NA,NA
hh_7555,47,NA,NA,NA,NA,NA,NA,NA
hh_7557,75,75,NA,NA,NA,NA,NA,NA
hh_7558,67,NA,NA,NA,NA,NA,NA,NA
hh_7560,39,16,NA,NA,NA,NA,NA,NA
hh_7561,65,NA,NA,NA,NA,NA,NA,NA
hh_7564,17,14,NA,NA,NA,NA,NA,NA
hh_7565,62,NA,NA,NA,NA,NA,NA,NA
hh_7566,89,89,NA,NA,NA,NA,NA,NA
hh_7567,65,NA,NA,NA,NA,NA,NA,NA
hh_7570,31,NA,NA,NA,NA,NA,NA,NA
hh_7571,60,NA,NA,NA,NA,NA,NA,NA
hh_7572,59,NA,NA,NA,NA,NA,NA,NA
hh_7573,56,NA,NA,NA,NA,NA,NA,NA
hh_7574,64,NA,NA,NA,NA,NA,NA,NA
hh_7575,54,12,NA,NA,NA,NA,NA,NA
hh_7576,52,21,19,NA,NA,NA,NA,NA
hh_7577,57,20,18,82,NA,NA,NA,NA
hh_7578,67,NA,NA,NA,NA,NA,NA,NA
hh_7579,68,NA,NA,NA,NA,NA,NA,NA
hh_7580,82,NA,NA,NA,NA,NA,NA,NA
hh_7581,70,NA,NA,NA,NA,NA,NA,NA
hh_7582,76,NA,NA,NA,NA,NA,NA,NA
hh_7583,59,NA,NA,NA,NA,NA,NA,NA
hh_7585,73,NA,NA,NA,NA,NA,NA,NA
hh_7586,24,53,NA,NA,NA,NA,NA,NA
hh_7589,59,28,NA,NA,NA,NA,NA,NA
hh_7592,73,NA,NA,NA,NA,NA,NA,NA
hh_7594,69,44,NA,NA,NA,NA,NA,NA
hh_7595,63,NA,NA,NA,NA,NA,NA,NA
hh_7596,51,NA,NA,NA,NA,NA,NA,NA
hh_7597,59,16,62,NA,NA,NA,NA,NA
hh_7598,59,NA,NA,NA,NA,NA,NA,NA
hh_7599,54,NA,NA,NA,NA,NA,NA,NA
hh_7600,65,NA,NA,NA,NA,NA,NA,NA
hh_7601,81,NA,NA,NA,NA,NA,NA,NA
hh_7604,30,31,51,50,NA,NA,NA,NA
hh_7605,75,NA,NA,NA,NA,NA,NA,NA
hh_7607,57,NA,NA,NA,NA,NA,NA,NA
hh_7611,67,NA,NA,NA,NA,NA,NA,NA
hh_7612,71,NA,NA,NA,NA,NA,NA,NA
hh_7613,72,39,NA,NA,NA,NA,NA,NA
hh_7614,47,12,NA,NA,NA,NA,NA,NA
hh_7615,47,NA,NA,NA,NA,NA,NA,NA
hh_7616,54,NA,NA,NA,NA,NA,NA,NA
hh_7617,56,NA,NA,NA,NA,NA,NA,NA
hh_7618,51,55,16,NA,NA,NA,NA,NA
hh_7620,17,35,31,NA,NA,NA,NA,NA
hh_7621,55,22,20,10,NA,NA,NA,NA
hh_7622,28,NA,NA,NA,NA,NA,NA,NA
hh_7623,22,NA,NA,NA,NA,NA,NA,NA
hh_7625,33,70,69,NA,NA,NA,NA,NA
hh_7627,57,29,NA,NA,NA,NA,NA,NA
hh_7628,5,3,30,25,NA,NA,NA,NA
hh_7629,21,71,NA,NA,NA,NA,NA,NA
hh_7630,56,19,18,16,NA,NA,NA,NA
hh_7631,61,NA,NA,NA,NA,NA,NA,NA
hh_7632,60,50,18,NA,NA,NA,NA,NA
hh_7633,6,NA,NA,NA,NA,NA,NA,NA
hh_7634,48,17,NA,NA,NA,NA,NA,NA
hh_7635,37,57,NA,NA,NA,NA,NA,NA
hh_7636,28,54,30,NA,NA,NA,NA,NA
hh_7637,25,9,7,NA,NA,NA,NA,NA
hh_7638,80,9,NA,NA,NA,NA,NA,NA
hh_7639,24,24,24,24,NA,NA,NA,NA
hh_7640,28,NA,NA,NA,NA,NA,NA,NA
hh_7642,33,NA,NA,NA,NA,NA,NA,NA
hh_7643,37,3,17,NA,NA,NA,NA,NA
hh_7644,28,30,NA,NA,NA,NA,NA,NA
hh_7646,29,6,3,17,NA,NA,NA,NA
hh_7647,1,NA,NA,NA,NA,NA,NA,NA
hh_7648,63,37,25,15,NA,NA,NA,NA
hh_7649,46,13,12,10,40,NA,NA,NA
hh_7651,25,3,23,64,NA,NA,NA,NA
hh_7653,65,NA,NA,NA,NA,NA,NA,NA
hh_7654,66,NA,NA,NA,NA,NA,NA,NA
hh_7656,51,NA,NA,NA,NA,NA,NA,NA
hh_7657,50,NA,NA,NA,NA,NA,NA,NA
hh_7658,30,15,8,NA,NA,NA,NA,NA
hh_7659,NA,4,36,33,NA,NA,NA,NA
hh_7660,61,NA,NA,NA,NA,NA,NA,NA
hh_7661,62,NA,NA,NA,NA,NA,NA,NA
hh_7662,33,11,NA,NA,NA,NA,NA,NA
hh_7663,53,21,18,12,NA,NA,NA,NA
hh_7664,63,43,42,25,NA,NA,NA,NA
hh_7665,16,34,NA,NA,NA,NA,NA,NA
hh_7666,69,72,NA,NA,NA,NA,NA,NA
hh_7667,32,13,7,7,2,NA,NA,NA
hh_7670,65,NA,NA,NA,NA,NA,NA,NA
hh_7671,35,3,NA,NA,NA,NA,NA,NA
hh_7672,26,50,20,55,18,26,NA,NA
hh_7673,64,NA,NA,NA,NA,NA,NA,NA
hh_7674,33,NA,NA,NA,NA,NA,NA,NA
hh_7675,14,NA,NA,NA,NA,NA,NA,NA
hh_7676,52,NA,NA,NA,NA,NA,NA,NA
hh_7677,57,NA,NA,NA,NA,NA,NA,NA
hh_7678,54,19,28,NA,NA,NA,NA,NA
hh_7680,44,NA,NA,NA,NA,NA,NA,NA
hh_7681,67,NA,NA,NA,NA,NA,NA,NA
hh_7682,32,13,12,1,NA,NA,NA,NA
hh_7683,57,23,NA,NA,NA,NA,NA,NA
hh_7684,52,NA,NA,NA,NA,NA,NA,NA
hh_7685,76,NA,NA,NA,NA,NA,NA,NA
hh_7686,45,NA,NA,NA,NA,NA,NA,NA
hh_7688,26,NA,NA,NA,NA,NA,NA,NA
hh_7689,56,NA,NA,NA,NA,NA,NA,NA
hh_7690,25,7,5,NA,NA,NA,NA,NA
hh_7691,71,NA,NA,NA,NA,NA,NA,NA
hh_7693,70,21,NA,NA,NA,NA,NA,NA
hh_7694,24,5,3,NA,NA,NA,NA,NA
hh_7695,41,6,NA,NA,NA,NA,NA,NA
hh_7696,58,NA,NA,NA,NA,NA,NA,NA
hh_7697,53,NA,NA,NA,NA,NA,NA,NA
hh_7698,39,NA,NA,NA,NA,NA,NA,NA
hh_7699,21,13,NA,NA,NA,NA,NA,NA
hh_7700,62,17,NA,NA,NA,NA,NA,NA
hh_7701,32,NA,NA,NA,NA,NA,NA,NA
hh_7702,71,NA,NA,NA,NA,NA,NA,NA
hh_7703,32,77,NA,NA,NA,NA,NA,NA
hh_7705,45,13,34,NA,NA,NA,NA,NA
hh_7706,53,17,55,NA,NA,NA,NA,NA
hh_7707,65,NA,NA,NA,NA,NA,NA,NA
hh_7708,37,68,NA,NA,NA,NA,NA,NA
hh_7709,49,22,18,NA,NA,NA,NA,NA
hh_7710,20,48,56,78,NA,NA,NA,NA
hh_7711,57,NA,NA,NA,NA,NA,NA,NA
hh_7712,26,6,NA,NA,NA,NA,NA,NA
hh_7713,5,7,37,NA,NA,NA,NA,NA
hh_7714,52,53,17,12,8,NA,NA,NA
hh_7715,42,NA,NA,NA,NA,NA,NA,NA
hh_7716,59,14,11,2,NA,NA,NA,NA
hh_7717,60,10,NA,NA,NA,NA,NA,NA
hh_7718,41,17,NA,NA,NA,NA,NA,NA
hh_7719,22,3,1,NA,NA,NA,NA,NA
hh_7720,44,22,15,NA,NA,NA,NA,NA
hh_7721,29,9,10,NA,NA,NA,NA,NA
hh_7722,83,NA,NA,NA,NA,NA,NA,NA
hh_7724,5,3,35,NA,NA,NA,NA,NA
hh_7725,43,NA,NA,NA,NA,NA,NA,NA
hh_7726,32,74,NA,NA,NA,NA,NA,NA
hh_7727,42,63,NA,NA,NA,NA,NA,NA
hh_7728,37,16,13,NA,NA,NA,NA,NA
hh_7729,3,NA,25,1,NA,NA,NA,NA
hh_7730,8,16,44,48,NA,NA,NA,NA
hh_7731,7,41,NA,NA,NA,NA,NA,NA
hh_7734,6,39,NA,NA,NA,NA,NA,NA
hh_7735,16,54,54,NA,NA,NA,NA,NA
hh_7736,81,NA,NA,NA,NA,NA,NA,NA
hh_7737,12,44,14,NA,NA,NA,NA,NA
hh_7738,61,NA,NA,NA,NA,NA,NA,NA
hh_7739,55,55,NA,NA,NA,NA,NA,NA
hh_7740,69,65,NA,NA,NA,NA,NA,NA
hh_7741,77,40,NA,NA,NA,NA,NA,NA
hh_7742,64,NA,NA,NA,NA,NA,NA,NA
hh_7743,40,NA,NA,NA,NA,NA,NA,NA
hh_7744,80,78,52,NA,NA,NA,NA,NA
hh_7745,68,NA,NA,NA,NA,NA,NA,NA
hh_7746,32,NA,NA,NA,NA,NA,NA,NA
hh_7748,28,8,NA,NA,NA,NA,NA,NA
hh_7749,70,NA,NA,NA,NA,NA,NA,NA
hh_7751,33,29,NA,NA,NA,NA,NA,NA
hh_7752,56,NA,NA,NA,NA,NA,NA,NA
hh_7754,32,2,NA,NA,NA,NA,NA,NA
hh_7755,65,NA,NA,NA,NA,NA,NA,NA
hh_7756,79,NA,NA,NA,NA,NA,NA,NA
hh_7757,66,NA,NA,NA,NA,NA,NA,NA
hh_7759,59,NA,NA,NA,NA,NA,NA,NA
hh_7760,35,45,15,NA,NA,NA,NA,NA
hh_7762,38,13,10,NA,NA,NA,NA,NA
hh_7763,49,29,NA,NA,NA,NA,NA,NA
hh_7764,45,11,NA,NA,NA,NA,NA,NA
hh_7765,69,74,NA,NA,NA,NA,NA,NA
hh_7766,67,15,NA,NA,NA,NA,NA,NA
hh_7767,21,NA,NA,NA,NA,NA,NA,NA
hh_7768,9,13,NA,NA,NA,NA,NA,NA
hh_7769,30,NA,NA,NA,NA,NA,NA,NA
hh_7770,87,62,NA,NA,NA,NA,NA,NA
hh_7771,51,16,15,NA,NA,NA,NA,NA
hh_7772,80,NA,NA,NA,NA,NA,NA,NA
hh_7773,16,55,19,NA,NA,NA,NA,NA
hh_7774,72,NA,NA,NA,NA,NA,NA,NA
hh_7775,55,18,NA,NA,NA,NA,NA,NA
hh_7777,44,46,10,5,NA,NA,NA,NA
hh_7778,33,32,12,NA,NA,NA,NA,NA
hh_7779,50,17,14,10,NA,NA,NA,NA
hh_7780,18,16,NA,NA,NA,NA,NA,NA
hh_7781,15,NA,NA,NA,NA,NA,NA,NA
hh_7782,NA,NA,NA,NA,NA,NA,NA,NA
hh_7783,21,NA,NA,NA,NA,NA,NA,NA
hh_7784,51,21,18,NA,NA,NA,NA,NA
hh_7785,37,4,NA,NA,NA,NA,NA,NA
hh_7786,60,NA,NA,NA,NA,NA,NA,NA
hh_7787,60,32,NA,NA,NA,NA,NA,NA
hh_7790,15,NA,NA,NA,NA,NA,NA,NA
hh_7791,18,17,NA,NA,NA,NA,NA,NA
hh_7792,75,NA,NA,NA,NA,NA,NA,NA
hh_7794,28,NA,NA,NA,NA,NA,NA,NA
hh_7795,27,NA,NA,NA,NA,NA,NA,NA
hh_7796,48,NA,NA,NA,NA,NA,NA,NA
hh_7797,34,12,13,15,NA,NA,NA,NA
hh_7798,44,12,NA,NA,NA,NA,NA,NA
hh_7799,51,25,24,22,18,53,NA,NA
hh_7803,69,NA,NA,NA,NA,NA,NA,NA
hh_7804,42,12,11,7,NA,NA,NA,NA
hh_7805,73,NA,NA,NA,NA,NA,NA,NA
hh_7806,62,NA,NA,NA,NA,NA,NA,NA
hh_7807,84,78,NA,NA,NA,NA,NA,NA
hh_7809,34,NA,NA,NA,NA,NA,NA,NA
hh_7810,41,11,NA,NA,NA,NA,NA,NA
hh_7812,71,NA,NA,NA,NA,NA,NA,NA
hh_7813,65,NA,NA,NA,NA,NA,NA,NA
hh_7814,40,12,10,NA,NA,NA,NA,NA
hh_7815,60,59,21,NA,NA,NA,NA,NA
hh_7816,62,NA,NA,NA,NA,NA,NA,NA
hh_7817,14,17,NA,NA,NA,NA,NA,NA
hh_7818,59,55,NA,NA,NA,NA,NA,NA
hh_7819,58,NA,NA,NA,NA,NA,NA,NA
hh_7820,53,22,21,NA,NA,NA,NA,NA
hh_7821,51,NA,NA,NA,NA,NA,NA,NA
hh_7822,50,23,19,NA,NA,NA,NA,NA
hh_7823,49,47,17,15,13,NA,NA,NA
hh_7825,39,NA,NA,NA,NA,NA,NA,NA
hh_7826,57,NA,NA,NA,NA,NA,NA,NA
hh_7827,55,55,NA,NA,NA,NA,NA,NA
hh_7829,61,NA,NA,NA,NA,NA,NA,NA
hh_7830,19,58,NA,NA,NA,NA,NA,NA
hh_7831,64,20,NA,NA,NA,NA,NA,NA
hh_7833,42,39,12,NA,NA,NA,NA,NA
hh_7836,52,22,18,18,NA,NA,NA,NA
hh_7838,26,NA,NA,NA,NA,NA,NA,NA
hh_7840,65,NA,NA,NA,NA,NA,NA,NA
hh_7841,61,NA,NA,NA,NA,NA,NA,NA
hh_7844,53,NA,NA,NA,NA,NA,NA,NA
hh_7845,62,NA,NA,NA,NA,NA,NA,NA
hh_7846,76,NA,NA,NA,NA,NA,NA,NA
hh_7847,39,NA,NA,NA,NA,NA,NA,NA
hh_7848,NA,NA,NA,NA,NA,NA,NA,NA
hh_7849,42,12,8,5,NA,NA,NA,NA
hh_7850,15,55,NA,NA,NA,NA,NA,NA
hh_7851,NA,NA,NA,NA,NA,NA,NA,NA
hh_7852,32,NA,NA,NA,NA,NA,NA,NA
hh_7854,7,10,37,NA,NA,NA,NA,NA
hh_7855,42,11,NA,NA,NA,NA,NA,NA
hh_7856,76,2,NA,NA,NA,NA,NA,NA
hh_7857,38,15,39,44,53,NA,NA,NA
hh_7858,16,NA,NA,NA,NA,NA,NA,NA
hh_7859,40,NA,NA,NA,NA,NA,NA,NA
hh_7860,42,NA,NA,NA,NA,NA,NA,NA
hh_7861,35,15,13,NA,NA,NA,NA,NA
hh_7864,36,7,12,14,16,17,NA,NA
hh_7866,46,NA,NA,NA,NA,NA,NA,NA
hh_7867,55,23,21,15,NA,NA,NA,NA
hh_7868,71,NA,NA,NA,NA,NA,NA,NA
hh_7869,48,11,11,6,NA,NA,NA,NA
hh_7870,26,55,21,NA,NA,NA,NA,NA
hh_7871,58,NA,NA,NA,NA,NA,NA,NA
hh_7872,71,NA,NA,NA,NA,NA,NA,NA
hh_7873,63,NA,NA,NA,NA,NA,NA,NA
hh_7874,65,16,NA,NA,NA,NA,NA,NA
hh_7875,34,2,NA,NA,NA,NA,NA,NA
hh_7876,42,23,17,NA,NA,NA,NA,NA
hh_7877,12,23,10,NA,NA,NA,NA,NA
hh_7879,67,42,39,9,6,67,NA,NA
hh_7881,44,5,NA,NA,NA,NA,NA,NA
hh_7882,32,32,NA,NA,NA,NA,NA,NA
hh_7884,76,NA,NA,NA,NA,NA,NA,NA
hh_7886,38,13,NA,NA,NA,NA,NA,NA
hh_7887,57,NA,NA,NA,NA,NA,NA,NA
hh_7888,46,16,14,NA,NA,NA,NA,NA
hh_7890,30,11,8,NA,NA,NA,NA,NA
hh_7891,43,11,9,NA,NA,NA,NA,NA
hh_7892,60,63,NA,NA,NA,NA,NA,NA
hh_7893,8,NA,NA,NA,NA,NA,NA,NA
hh_7894,59,NA,NA,NA,NA,NA,NA,NA
hh_7896,27,4,2,NA,NA,NA,NA,NA
hh_7897,40,NA,NA,NA,NA,NA,NA,NA
hh_7898,50,42,16,NA,NA,NA,NA,NA
hh_7899,57,22,NA,NA,NA,NA,NA,NA
hh_7900,42,49,NA,NA,NA,NA,NA,NA
hh_7901,2,8,35,NA,NA,NA,NA,NA
hh_7902,53,50,16,NA,NA,NA,NA,NA
hh_7903,34,12,8,NA,NA,NA,NA,NA
hh_7904,63,59,NA,NA,NA,NA,NA,NA
hh_7905,59,NA,NA,NA,NA,NA,NA,NA
hh_7906,2,NA,32,NA,NA,NA,NA,NA
hh_7908,15,13,NA,NA,NA,NA,NA,NA
hh_7909,39,20,14,NA,NA,NA,NA,NA
hh_7910,17,12,45,40,NA,NA,NA,NA
hh_7913,41,15,14,NA,NA,NA,NA,NA
hh_7915,77,77,NA,NA,NA,NA,NA,NA
hh_7916,48,NA,NA,NA,NA,NA,NA,NA
hh_7917,67,NA,NA,NA,NA,NA,NA,NA
hh_7918,2,30,NA,NA,NA,NA,NA,NA
hh_7919,19,45,48,NA,NA,NA,NA,NA
hh_7920,57,28,27,NA,NA,NA,NA,NA
hh_7921,2,NA,NA,NA,NA,NA,NA,NA
hh_7922,4,2,14,58,21,50,NA,NA
hh_7923,66,NA,NA,NA,NA,NA,NA,NA
hh_7924,1,28,NA,NA,NA,NA,NA,NA
hh_7926,30,NA,NA,NA,NA,NA,NA,NA
hh_7927,39,NA,NA,NA,NA,NA,NA,NA
hh_7928,46,16,13,NA,NA,NA,NA,NA
hh_7929,40,5,3,NA,NA,NA,NA,NA
hh_7930,21,4,27,NA,NA,NA,NA,NA
hh_7931,38,NA,NA,NA,NA,NA,NA,NA
hh_7932,63,NA,NA,NA,NA,NA,NA,NA
hh_7933,40,7,3,38,NA,NA,NA,NA
hh_7934,20,50,NA,NA,NA,NA,NA,NA
hh_7935,64,NA,NA,NA,NA,NA,NA,NA
hh_7937,58,NA,NA,NA,NA,NA,NA,NA
hh_7938,32,65,NA,NA,NA,NA,NA,NA
hh_7939,69,NA,NA,NA,NA,NA,NA,NA
hh_7940,20,21,20,20,NA,NA,NA,NA
hh_7942,63,NA,NA,NA,NA,NA,NA,NA
hh_7943,51,NA,NA,NA,NA,NA,NA,NA
hh_7944,71,49,NA,NA,NA,NA,NA,NA
hh_7945,24,2,NA,NA,NA,NA,NA,NA
hh_7947,NA,NA,NA,NA,NA,NA,NA,NA
hh_7948,24,23,19,NA,NA,NA,NA,NA
hh_7949,21,39,27,NA,NA,NA,NA,NA
hh_7950,36,12,NA,NA,NA,NA,NA,NA
hh_7951,34,26,26,64,NA,NA,NA,NA
hh_7952,17,50,NA,NA,NA,NA,NA,NA
hh_7954,56,NA,NA,NA,NA,NA,NA,NA
hh_7955,43,18,10,NA,NA,NA,NA,NA
hh_7958,66,35,NA,NA,NA,NA,NA,NA
hh_7959,41,16,16,NA,NA,NA,NA,NA
hh_7960,48,5,5,NA,NA,NA,NA,NA
hh_7961,50,14,NA,NA,NA,NA,NA,NA
hh_7962,10,10,NA,NA,NA,NA,NA,NA
hh_7963,24,14,25,NA,NA,NA,NA,NA
hh_7964,31,NA,NA,NA,NA,NA,NA,NA
hh_7965,63,NA,NA,NA,NA,NA,NA,NA
hh_7966,5,3,34,NA,NA,NA,NA,NA
hh_7968,62,NA,NA,NA,NA,NA,NA,NA
hh_7969,35,9,4,NA,NA,NA,NA,NA
hh_7970,31,7,NA,NA,NA,NA,NA,NA
hh_7971,55,NA,NA,NA,NA,NA,NA,NA
hh_7972,35,NA,NA,NA,NA,NA,NA,NA
hh_7973,28,3,NA,NA,NA,NA,NA,NA
hh_7975,35,2,NA,NA,NA,NA,NA,NA
hh_7976,64,NA,NA,NA,NA,NA,NA,NA
hh_7977,6,37,NA,NA,NA,NA,NA,NA
hh_7978,29,1,NA,NA,NA,NA,NA,NA
hh_7979,25,5,2,NA,NA,NA,NA,NA
hh_7981,39,4,NA,NA,NA,NA,NA,NA
hh_7982,28,NA,NA,NA,NA,NA,NA,NA
hh_7983,6,4,25,NA,NA,NA,NA,NA
hh_7984,17,NA,NA,NA,NA,NA,NA,NA
hh_7986,38,13,10,7,NA,NA,NA,NA
hh_7987,68,NA,NA,NA,NA,NA,NA,NA
hh_7988,68,NA,NA,NA,NA,NA,NA,NA
hh_7989,49,48,NA,NA,NA,NA,NA,NA
hh_7990,43,8,NA,NA,NA,NA,NA,NA
hh_7991,60,NA,NA,NA,NA,NA,NA,NA
hh_7992,67,15,17,NA,NA,NA,NA,NA
hh_7993,27,57,NA,NA,NA,NA,NA,NA
hh_7994,33,60,NA,NA,NA,NA,NA,NA
hh_7995,NA,5,13,49,NA,NA,NA,NA
hh_7996,54,22,NA,NA,NA,NA,NA,NA
hh_7997,44,NA,NA,NA,NA,NA,NA,NA
hh_7998,64,29,NA,NA,NA,NA,NA,NA
hh_8001,23,1,49,NA,NA,NA,NA,NA
hh_8002,32,13,9,NA,NA,NA,NA,NA
hh_8004,55,57,NA,NA,NA,NA,NA,NA
hh_8006,54,NA,NA,NA,NA,NA,NA,NA
hh_8007,64,60,NA,NA,NA,NA,NA,NA
hh_8008,65,63,NA,NA,NA,NA,NA,NA
hh_8009,27,2,NA,NA,NA,NA,NA,NA
hh_8010,55,NA,NA,NA,NA,NA,NA,NA
hh_8012,64,21,NA,NA,NA,NA,NA,NA
hh_8015,35,13,9,NA,NA,NA,NA,NA
hh_8016,36,8,NA,NA,NA,NA,NA,NA
hh_8017,58,28,26,NA,NA,NA,NA,NA
hh_8018,40,NA,NA,NA,NA,NA,NA,NA
hh_8019,56,13,13,NA,NA,NA,NA,NA
hh_8020,52,NA,NA,NA,NA,NA,NA,NA
hh_8022,60,NA,NA,NA,NA,NA,NA,NA
hh_8024,62,NA,NA,NA,NA,NA,NA,NA
hh_8025,41,NA,NA,NA,NA,NA,NA,NA
hh_8027,14,6,34,NA,NA,NA,NA,NA
hh_8028,27,NA,NA,NA,NA,NA,NA,NA
hh_8029,24,29,NA,NA,NA,NA,NA,NA
hh_8030,33,13,9,NA,NA,NA,NA,NA
hh_8031,60,NA,NA,NA,NA,NA,NA,NA
hh_8033,50,6,NA,NA,NA,NA,NA,NA
hh_8035,37,NA,NA,NA,NA,NA,NA,NA
hh_8036,58,24,NA,NA,NA,NA,NA,NA
hh_8037,50,13,9,5,2,NA,NA,NA
hh_8038,17,5,NA,NA,NA,NA,NA,NA
hh_8039,35,29,NA,NA,NA,NA,NA,NA
hh_8040,34,4,NA,NA,NA,NA,NA,NA
hh_8041,81,NA,NA,NA,NA,NA,NA,NA
hh_8042,21,45,73,NA,NA,NA,NA,NA
hh_8043,23,NA,NA,NA,NA,NA,NA,NA
hh_8044,49,13,14,15,NA,NA,NA,NA
hh_8045,52,17,NA,NA,NA,NA,NA,NA
hh_8046,57,NA,NA,NA,NA,NA,NA,NA
hh_8047,27,32,NA,NA,NA,NA,NA,NA
hh_8048,45,17,NA,NA,NA,NA,NA,NA
hh_8049,40,13,11,6,NA,NA,NA,NA
hh_8050,48,10,NA,NA,NA,NA,NA,NA
hh_8051,43,27,77,NA,NA,NA,NA,NA
hh_8052,6,NA,NA,NA,NA,NA,NA,NA
hh_8055,23,NA,NA,NA,NA,NA,NA,NA
hh_8056,52,NA,NA,NA,NA,NA,NA,NA
hh_8057,47,15,8,NA,NA,NA,NA,NA
hh_8058,47,NA,NA,NA,NA,NA,NA,NA
hh_8059,5,8,32,NA,NA,NA,NA,NA
hh_8060,44,3,NA,NA,NA,NA,NA,NA
hh_8061,1,49,NA,NA,NA,NA,NA,NA
hh_8063,54,23,17,NA,NA,NA,NA,NA
hh_8065,28,8,4,2,NA,NA,NA,NA
hh_8066,40,6,NA,NA,NA,NA,NA,NA
hh_8068,35,4,NA,NA,NA,NA,NA,NA
hh_8069,12,NA,NA,NA,NA,NA,NA,NA
hh_8070,66,NA,NA,NA,NA,NA,NA,NA
hh_8072,51,22,21,11,3,NA,NA,NA
hh_8073,61,NA,NA,NA,NA,NA,NA,NA
hh_8075,64,27,NA,NA,NA,NA,NA,NA
hh_8076,20,NA,NA,NA,NA,NA,NA,NA
hh_8078,37,NA,NA,NA,NA,NA,NA,NA
hh_8079,50,16,19,NA,NA,NA,NA,NA
hh_8080,66,NA,NA,NA,NA,NA,NA,NA
hh_8081,48,NA,NA,NA,NA,NA,NA,NA
hh_8082,38,NA,NA,NA,NA,NA,NA,NA
hh_8083,7,NA,NA,NA,NA,NA,NA,NA
hh_8084,83,74,NA,NA,NA,NA,NA,NA
hh_8085,52,27,NA,NA,NA,NA,NA,NA
hh_8086,36,70,NA,NA,NA,NA,NA,NA
hh_8087,2,25,NA,NA,NA,NA,NA,NA
hh_8088,42,15,13,NA,NA,NA,NA,NA
hh_8089,40,11,7,NA,NA,NA,NA,NA
hh_8091,76,NA,NA,NA,NA,NA,NA,NA
hh_8092,48,NA,NA,NA,NA,NA,NA,NA
hh_8093,62,65,NA,NA,NA,NA,NA,NA
hh_8094,33,6,3,NA,NA,NA,NA,NA
hh_8095,53,NA,NA,NA,NA,NA,NA,NA
hh_8096,43,41,NA,NA,NA,NA,NA,NA
hh_8097,32,NA,NA,NA,NA,NA,NA,NA
hh_8098,19,49,NA,NA,NA,NA,NA,NA
hh_8099,41,41,NA,NA,NA,NA,NA,NA
hh_8101,21,54,60,NA,NA,NA,NA,NA
hh_8102,61,21,18,16,NA,NA,NA,NA
hh_8103,55,9,6,NA,NA,NA,NA,NA
hh_8104,14,NA,NA,NA,NA,NA,NA,NA
hh_8106,69,NA,NA,NA,NA,NA,NA,NA
hh_8107,68,46,34,NA,NA,NA,NA,NA
hh_8108,24,NA,NA,NA,NA,NA,NA,NA
hh_8109,65,34,26,NA,NA,NA,NA,NA
hh_8111,68,NA,NA,NA,NA,NA,NA,NA
hh_8113,59,NA,NA,NA,NA,NA,NA,NA
hh_8114,65,NA,NA,NA,NA,NA,NA,NA
hh_8116,25,NA,NA,NA,NA,NA,NA,NA
hh_8117,47,NA,NA,NA,NA,NA,NA,NA
hh_8118,77,76,NA,NA,NA,NA,NA,NA
hh_8120,56,25,62,NA,NA,NA,NA,NA
hh_8122,20,20,38,NA,NA,NA,NA,NA
hh_8123,46,NA,NA,NA,NA,NA,NA,NA
hh_8124,53,NA,NA,NA,NA,NA,NA,NA
hh_8125,74,NA,NA,NA,NA,NA,NA,NA
hh_8126,26,NA,NA,NA,NA,NA,NA,NA
hh_8127,72,NA,NA,NA,NA,NA,NA,NA
hh_8128,75,NA,NA,NA,NA,NA,NA,NA
hh_8129,73,NA,NA,NA,NA,NA,NA,NA
hh_8130,52,NA,NA,NA,NA,NA,NA,NA
hh_8131,51,NA,NA,NA,NA,NA,NA,NA
hh_8132,60,NA,NA,NA,NA,NA,NA,NA
hh_8133,60,NA,NA,NA,NA,NA,NA,NA
hh_8135,22,21,49,NA,NA,NA,NA,NA
hh_8138,23,21,NA,NA,NA,NA,NA,NA
hh_8139,78,NA,NA,NA,NA,NA,NA,NA
hh_8141,58,NA,NA,NA,NA,NA,NA,NA
hh_8144,60,NA,NA,NA,NA,NA,NA,NA
hh_8147,60,NA,NA,NA,NA,NA,NA,NA
hh_8148,89,NA,NA,NA,NA,NA,NA,NA
hh_8149,66,NA,NA,NA,NA,NA,NA,NA
hh_8150,58,NA,NA,NA,NA,NA,NA,NA
hh_8151,10,NA,NA,NA,NA,NA,NA,NA
hh_8152,57,NA,NA,NA,NA,NA,NA,NA
hh_8153,60,17,NA,NA,NA,NA,NA,NA
hh_8154,62,NA,NA,NA,NA,NA,NA,NA
hh_8155,81,NA,NA,NA,NA,NA,NA,NA
hh_8156,62,NA,NA,NA,NA,NA,NA,NA
hh_8157,69,NA,NA,NA,NA,NA,NA,NA
hh_8158,17,NA,NA,NA,NA,NA,NA,NA
hh_8159,60,NA,NA,NA,NA,NA,NA,NA
hh_8160,57,NA,NA,NA,NA,NA,NA,NA
hh_8162,68,NA,NA,NA,NA,NA,NA,NA
hh_8163,74,NA,NA,NA,NA,NA,NA,NA
hh_8165,41,NA,NA,NA,NA,NA,NA,NA
hh_8167,22,NA,NA,NA,NA,NA,NA,NA
hh_8169,65,NA,NA,NA,NA,NA,NA,NA
hh_8170,51,7,7,NA,NA,NA,NA,NA
hh_8171,27,NA,NA,NA,NA,NA,NA,NA
hh_8172,46,20,16,13,NA,NA,NA,NA
hh_8174,59,NA,NA,NA,NA,NA,NA,NA
hh_8176,73,NA,NA,NA,NA,NA,NA,NA
hh_8177,79,NA,NA,NA,NA,NA,NA,NA
hh_8180,69,35,NA,NA,NA,NA,NA,NA
hh_8181,46,NA,NA,NA,NA,NA,NA,NA
hh_8182,53,NA,NA,NA,NA,NA,NA,NA
hh_8183,46,14,12,NA,NA,NA,NA,NA
hh_8185,45,14,NA,NA,NA,NA,NA,NA
hh_8186,47,NA,NA,NA,NA,NA,NA,NA
hh_8187,52,17,51,NA,NA,NA,NA,NA
hh_8189,41,10,NA,NA,NA,NA,NA,NA
hh_8190,17,14,NA,NA,NA,NA,NA,NA
hh_8191,52,15,11,NA,NA,NA,NA,NA
hh_8192,48,47,10,8,NA,NA,NA,NA
hh_8193,84,75,NA,NA,NA,NA,NA,NA
hh_8196,71,NA,NA,NA,NA,NA,NA,NA
hh_8198,5,43,11,18,24,15,46,NA
hh_8199,55,13,14,NA,NA,NA,NA,NA
hh_8200,72,72,NA,NA,NA,NA,NA,NA
hh_8201,61,NA,NA,NA,NA,NA,NA,NA
hh_8202,74,NA,NA,NA,NA,NA,NA,NA
hh_8203,65,NA,NA,NA,NA,NA,NA,NA
hh_8204,75,NA,NA,NA,NA,NA,NA,NA
hh_8205,67,69,NA,NA,NA,NA,NA,NA
hh_8207,48,2,5,7,15,NA,NA,NA
hh_8208,58,57,NA,NA,NA,NA,NA,NA
hh_8209,62,NA,NA,NA,NA,NA,NA,NA
hh_8210,64,62,NA,NA,NA,NA,NA,NA
hh_8211,40,4,15,NA,NA,NA,NA,NA
hh_8212,28,NA,NA,NA,NA,NA,NA,NA
hh_8213,30,7,10,NA,NA,NA,NA,NA
hh_8214,36,36,NA,NA,NA,NA,NA,NA
hh_8215,36,33,9,5,NA,NA,NA,NA
hh_8216,69,NA,NA,NA,NA,NA,NA,NA
hh_8217,33,NA,NA,NA,NA,NA,NA,NA
hh_8218,5,NA,NA,NA,NA,NA,NA,NA
hh_8219,13,NA,NA,NA,NA,NA,NA,NA
hh_8220,25,NA,NA,NA,NA,NA,NA,NA
hh_8221,30,11,10,3,NA,31,NA,NA
hh_8222,85,60,NA,NA,NA,NA,NA,NA
hh_8224,64,28,NA,NA,NA,NA,NA,NA
hh_8225,51,52,NA,NA,NA,NA,NA,NA
hh_8226,58,NA,NA,NA,NA,NA,NA,NA
hh_8227,41,7,3,NA,NA,NA,NA,NA
hh_8228,35,39,NA,NA,NA,NA,NA,NA
hh_8229,40,3,NA,NA,NA,NA,NA,NA
hh_8230,16,13,13,9,NA,NA,NA,NA
hh_8231,61,NA,NA,NA,NA,NA,NA,NA
hh_8232,66,NA,NA,NA,NA,NA,NA,NA
hh_8233,31,10,5,NA,NA,NA,NA,NA
hh_8234,28,6,28,NA,NA,NA,NA,NA
hh_8235,68,NA,NA,NA,NA,NA,NA,NA
hh_8236,42,11,NA,NA,NA,NA,NA,NA
hh_8237,20,20,NA,NA,NA,NA,NA,NA
hh_8238,77,76,NA,NA,NA,NA,NA,NA
hh_8239,37,36,NA,NA,NA,NA,NA,NA
hh_8240,62,NA,NA,NA,NA,NA,NA,NA
hh_8241,27,1,27,NA,NA,NA,NA,NA
hh_8242,37,NA,NA,NA,NA,NA,NA,NA
hh_8244,65,71,NA,NA,NA,NA,NA,NA
hh_8245,59,58,NA,NA,NA,NA,NA,NA
hh_8246,59,15,42,NA,NA,NA,NA,NA
hh_8247,42,17,13,NA,NA,NA,NA,NA
hh_8248,38,65,NA,NA,NA,NA,NA,NA
hh_8249,67,NA,NA,NA,NA,NA,NA,NA
hh_8250,14,37,NA,NA,NA,NA,NA,NA
hh_8251,28,25,27,30,NA,NA,NA,NA
hh_8252,34,32,17,NA,NA,NA,NA,NA
hh_8254,30,25,NA,NA,NA,NA,NA,NA
hh_8255,25,6,NA,NA,NA,NA,NA,NA
hh_8257,27,10,7,NA,NA,NA,NA,NA
hh_8258,39,15,13,9,NA,NA,NA,NA
hh_8259,73,NA,NA,NA,NA,NA,NA,NA
hh_8261,43,18,16,NA,NA,NA,NA,NA
hh_8262,24,50,50,NA,NA,NA,NA,NA
hh_8263,45,17,13,NA,NA,NA,NA,NA
hh_8264,41,NA,NA,NA,NA,NA,NA,NA
hh_8265,42,11,NA,NA,NA,NA,NA,NA
hh_8266,42,10,NA,NA,NA,NA,NA,NA
hh_8267,65,NA,NA,NA,NA,NA,NA,NA
hh_8268,43,9,4,NA,NA,NA,NA,NA
hh_8270,47,12,NA,NA,NA,NA,NA,NA
hh_8271,76,NA,NA,NA,NA,NA,NA,NA
hh_8272,60,55,NA,NA,NA,NA,NA,NA
hh_8273,84,NA,NA,NA,NA,NA,NA,NA
hh_8274,8,NA,NA,NA,NA,NA,NA,NA
hh_8275,33,33,27,NA,NA,NA,NA,NA
hh_8277,82,77,NA,NA,NA,NA,NA,NA
hh_8278,6,NA,NA,NA,NA,NA,NA,NA
hh_8279,39,NA,NA,NA,NA,NA,NA,NA
hh_8280,65,26,NA,NA,NA,NA,NA,NA
hh_8281,25,4,1,27,NA,NA,NA,NA
hh_8282,40,9,NA,NA,NA,NA,NA,NA
hh_8284,80,NA,NA,NA,NA,NA,NA,NA
hh_8285,41,NA,NA,NA,NA,NA,NA,NA
hh_8286,32,60,NA,NA,NA,NA,NA,NA
hh_8287,23,NA,NA,NA,NA,NA,NA,NA
hh_8288,7,NA,NA,NA,NA,NA,NA,NA
hh_8289,40,19,21,NA,NA,NA,NA,NA
hh_8290,37,NA,NA,NA,NA,NA,NA,NA
hh_8291,48,33,NA,NA,NA,NA,NA,NA
hh_8292,35,3,2,NA,NA,NA,NA,NA
hh_8293,48,25,55,NA,NA,NA,NA,NA
hh_8294,13,NA,NA,NA,NA,NA,NA,NA
hh_8295,34,55,NA,NA,NA,NA,NA,NA
hh_8296,52,NA,NA,NA,NA,NA,NA,NA
hh_8297,42,19,15,NA,NA,NA,NA,NA
hh_8298,15,20,NA,NA,NA,NA,NA,NA
hh_8299,36,5,3,NA,NA,NA,NA,NA
hh_8301,60,66,NA,NA,NA,NA,NA,NA
hh_8302,53,16,NA,NA,NA,NA,NA,NA
hh_8303,39,12,10,NA,NA,NA,NA,NA
hh_8304,9,NA,NA,NA,NA,NA,NA,NA
hh_8305,40,7,9,NA,NA,NA,NA,NA
hh_8306,29,1,1,NA,NA,NA,NA,NA
hh_8307,38,34,3,7,NA,NA,NA,NA
hh_8308,40,17,14,10,7,NA,NA,NA
hh_8310,54,NA,NA,NA,NA,NA,NA,NA
hh_8311,11,7,5,NA,NA,NA,NA,NA
hh_8312,73,NA,NA,NA,NA,NA,NA,NA
hh_8313,7,11,9,7,15,NA,NA,NA
hh_8315,25,23,25,NA,NA,NA,NA,NA
hh_8316,30,8,5,NA,NA,NA,NA,NA
hh_8317,24,2,NA,NA,NA,NA,NA,NA
hh_8318,52,23,NA,NA,NA,NA,NA,NA
hh_8319,26,NA,NA,NA,NA,NA,NA,NA
hh_8320,40,21,9,NA,NA,NA,NA,NA
hh_8323,60,29,62,NA,NA,NA,NA,NA
hh_8325,61,60,38,35,33,NA,NA,NA
hh_8326,78,NA,NA,NA,NA,NA,NA,NA
hh_8327,19,NA,NA,NA,NA,NA,NA,NA
hh_8328,45,25,22,43,NA,NA,NA,NA
hh_8329,4,13,29,NA,NA,NA,NA,NA
hh_8330,33,14,4,3,NA,NA,NA,NA
hh_8331,50,18,NA,NA,NA,NA,NA,NA
hh_8332,67,NA,NA,NA,NA,NA,NA,NA
hh_8333,29,4,NA,NA,NA,NA,NA,NA
hh_8334,35,6,NA,NA,NA,NA,NA,NA
hh_8335,21,23,63,NA,NA,NA,NA,NA
hh_8337,56,49,NA,NA,NA,NA,NA,NA
hh_8338,14,1,NA,NA,NA,NA,NA,NA
hh_8339,60,52,26,35,NA,NA,NA,NA
hh_8340,50,55,NA,NA,NA,NA,NA,NA
hh_8341,38,5,NA,NA,NA,NA,NA,NA
hh_8342,41,NA,NA,NA,NA,NA,NA,NA
hh_8343,1,22,NA,NA,NA,NA,NA,NA
hh_8344,47,20,16,NA,NA,NA,NA,NA
hh_8346,28,NA,NA,NA,NA,NA,NA,NA
hh_8348,30,NA,NA,NA,NA,NA,NA,NA
hh_8349,30,31,5,NA,NA,NA,NA,NA
hh_8350,41,NA,NA,NA,NA,NA,NA,NA
hh_8351,23,10,NA,NA,NA,NA,NA,NA
hh_8352,42,3,NA,NA,NA,NA,NA,NA
hh_8353,33,11,60,NA,NA,NA,NA,NA
hh_8354,47,NA,NA,NA,NA,NA,NA,NA
hh_8355,60,NA,NA,NA,NA,NA,NA,NA
hh_8356,47,10,13,NA,NA,NA,NA,NA
hh_8358,64,NA,NA,NA,NA,NA,NA,NA
hh_8359,60,59,NA,NA,NA,NA,NA,NA
hh_8360,44,3,30,NA,NA,NA,NA,NA
hh_8361,61,NA,NA,NA,NA,NA,NA,NA
hh_8362,63,29,NA,NA,NA,NA,NA,NA
hh_8363,50,16,NA,NA,NA,NA,NA,NA
hh_8364,35,10,NA,NA,NA,NA,NA,NA
hh_8365,34,9,1,NA,NA,NA,NA,NA
hh_8366,11,NA,NA,NA,NA,NA,NA,NA
hh_8367,30,31,27,NA,NA,NA,NA,NA
hh_8368,73,NA,NA,NA,NA,NA,NA,NA
hh_8369,37,NA,NA,NA,NA,NA,NA,NA
hh_8370,28,4,2,NA,NA,NA,NA,NA
hh_8371,57,NA,NA,NA,NA,NA,NA,NA
hh_8374,72,53,40,NA,NA,NA,NA,NA
hh_8375,29,5,3,NA,NA,NA,NA,NA
hh_8376,14,5,8,11,NA,NA,NA,NA
hh_8377,19,16,13,NA,NA,NA,NA,NA
hh_8378,33,NA,NA,NA,NA,NA,NA,NA
hh_8380,82,NA,NA,NA,NA,NA,NA,NA
hh_8381,41,20,17,14,NA,NA,NA,NA
hh_8382,4,16,4,10,36,NA,NA,NA
hh_8383,32,NA,NA,NA,NA,NA,NA,NA
hh_8384,29,NA,NA,NA,NA,NA,NA,NA
hh_8385,61,NA,NA,NA,NA,NA,NA,NA
hh_8386,40,NA,6,NA,NA,NA,NA,NA
hh_8388,32,NA,NA,NA,NA,NA,NA,NA
hh_8389,17,9,7,NA,NA,NA,NA,NA
hh_8390,60,32,NA,NA,NA,NA,NA,NA
hh_8391,47,10,8,NA,NA,NA,NA,NA
hh_8393,54,NA,NA,NA,NA,NA,NA,NA
hh_8394,37,3,NA,NA,NA,NA,NA,NA
hh_8395,27,9,7,4,NA,NA,NA,NA
hh_8397,24,25,25,NA,NA,NA,NA,NA
hh_8398,68,NA,NA,NA,NA,NA,NA,NA
hh_8399,48,16,NA,NA,NA,NA,NA,NA
hh_8400,30,6,NA,NA,NA,NA,NA,NA
hh_8401,34,NA,NA,NA,NA,NA,NA,NA
hh_8402,11,9,1,NA,NA,NA,NA,NA
hh_8403,31,9,4,NA,NA,NA,NA,NA
hh_8405,38,15,7,NA,NA,NA,NA,NA
hh_8406,33,NA,NA,NA,NA,NA,NA,NA
hh_8407,27,24,72,34,NA,NA,NA,NA
hh_8408,63,31,24,NA,NA,NA,NA,NA
hh_8409,52,NA,NA,NA,NA,NA,NA,NA
hh_8410,25,23,NA,NA,NA,NA,NA,NA
hh_8411,25,19,18,NA,NA,NA,NA,NA
hh_8413,66,NA,NA,NA,NA,NA,NA,NA
hh_8414,46,11,NA,NA,NA,NA,NA,NA
hh_8415,17,12,NA,NA,NA,NA,NA,NA
hh_8416,45,11,NA,NA,NA,NA,NA,NA
hh_8418,60,NA,NA,NA,NA,NA,NA,NA
hh_8419,53,25,20,47,NA,NA,NA,NA
hh_8420,32,7,3,NA,NA,NA,NA,NA
hh_8421,45,5,NA,NA,NA,NA,NA,NA
hh_8422,69,47,NA,NA,NA,NA,NA,NA
hh_8423,56,NA,NA,NA,NA,NA,NA,NA
hh_8424,52,17,6,NA,NA,NA,NA,NA
hh_8426,17,10,29,NA,NA,NA,NA,NA
hh_8427,13,45,44,NA,NA,NA,NA,NA
hh_8429,4,2,44,NA,NA,NA,NA,NA
hh_8430,7,NA,NA,NA,NA,NA,NA,NA
hh_8431,35,NA,NA,NA,NA,NA,NA,NA
hh_8432,57,NA,NA,NA,NA,NA,NA,NA
hh_8433,37,NA,NA,NA,NA,NA,NA,NA
hh_8434,36,14,10,NA,NA,NA,NA,NA
hh_8435,55,NA,NA,NA,NA,NA,NA,NA
hh_8436,28,7,5,3,NA,NA,NA,NA
hh_8437,27,11,7,60,NA,NA,NA,NA
hh_8438,33,NA,NA,NA,NA,NA,NA,NA
hh_8439,55,26,NA,NA,NA,NA,NA,NA
hh_8440,55,NA,NA,NA,NA,NA,NA,NA
hh_8441,16,48,48,NA,NA,NA,NA,NA
hh_8442,35,2,NA,NA,NA,NA,NA,NA
hh_8443,48,18,16,NA,NA,NA,NA,NA
hh_8444,46,NA,NA,NA,NA,NA,NA,NA
hh_8445,76,NA,NA,NA,NA,NA,NA,NA
hh_8446,35,3,NA,NA,NA,NA,NA,NA
hh_8447,44,6,9,NA,NA,NA,NA,NA
hh_8448,44,12,10,NA,NA,NA,NA,NA
hh_8449,23,NA,NA,NA,NA,NA,NA,NA
hh_8450,47,10,8,4,NA,NA,NA,NA
hh_8451,79,NA,NA,NA,NA,NA,NA,NA
hh_8452,62,NA,NA,NA,NA,NA,NA,NA
hh_8453,63,21,NA,NA,NA,NA,NA,NA
hh_8455,51,NA,NA,NA,NA,NA,NA,NA
hh_8456,74,NA,NA,NA,NA,NA,NA,NA
hh_8457,66,NA,NA,NA,NA,NA,NA,NA
hh_8458,57,NA,NA,NA,NA,NA,NA,NA
hh_8459,8,3,2,2,NA,NA,NA,NA
hh_8460,53,13,11,NA,NA,NA,NA,NA
hh_8461,33,30,29,28,26,NA,NA,NA
hh_8462,56,NA,NA,NA,NA,NA,NA,NA
hh_8464,64,60,24,NA,NA,NA,NA,NA
hh_8465,54,NA,NA,NA,NA,NA,NA,NA
hh_8466,40,14,10,7,NA,NA,NA,NA
hh_8467,53,22,20,NA,NA,NA,NA,NA
hh_8468,52,16,NA,NA,NA,NA,NA,NA
hh_8469,40,5,3,NA,NA,NA,NA,NA
hh_8471,12,9,47,NA,NA,NA,NA,NA
hh_8472,19,19,NA,NA,NA,NA,NA,NA
hh_8473,57,20,NA,NA,NA,NA,NA,NA
hh_8474,16,14,NA,NA,NA,NA,NA,NA
hh_8475,24,3,NA,NA,NA,NA,NA,NA
hh_8476,29,24,NA,NA,NA,NA,NA,NA
hh_8477,54,NA,NA,NA,NA,NA,NA,NA
hh_8478,59,NA,NA,NA,NA,NA,NA,NA
hh_8479,52,18,12,NA,NA,NA,NA,NA
hh_8480,62,NA,NA,NA,NA,NA,NA,NA
hh_8481,42,35,38,53,51,58,NA,NA
hh_8482,37,49,NA,NA,NA,NA,NA,NA
hh_8485,36,3,NA,NA,NA,NA,NA,NA
hh_8487,78,58,28,NA,NA,NA,NA,NA
hh_8488,48,NA,NA,NA,NA,NA,NA,NA
hh_8491,9,7,49,NA,NA,NA,NA,NA
hh_8492,39,19,NA,NA,NA,NA,NA,NA
hh_8493,58,34,32,34,NA,NA,NA,NA
hh_8494,52,NA,NA,NA,NA,NA,NA,NA
hh_8495,65,NA,NA,NA,NA,NA,NA,NA
hh_8496,45,NA,NA,NA,NA,NA,NA,NA
hh_8497,59,NA,NA,NA,NA,NA,NA,NA
hh_8498,25,NA,NA,NA,NA,NA,NA,NA
hh_8499,36,6,3,NA,NA,NA,NA,NA
hh_8502,20,NA,NA,NA,NA,NA,NA,NA
hh_8503,53,NA,NA,NA,NA,NA,NA,NA
hh_8504,43,NA,NA,NA,NA,NA,NA,NA
hh_8505,66,66,NA,NA,NA,NA,NA,NA
hh_8506,60,58,NA,NA,NA,NA,NA,NA
hh_8508,90,NA,NA,NA,NA,NA,NA,NA
hh_8509,59,25,NA,NA,NA,NA,NA,NA
hh_8510,52,24,NA,NA,NA,NA,NA,NA
hh_8511,61,NA,NA,NA,NA,NA,NA,NA
hh_8512,79,NA,NA,NA,NA,NA,NA,NA
hh_8515,38,20,18,15,11,9,NA,NA
hh_8516,61,NA,NA,NA,NA,NA,NA,NA
hh_8518,56,NA,NA,NA,NA,NA,NA,NA
hh_8519,23,NA,NA,NA,NA,NA,NA,NA
hh_8520,59,17,NA,NA,NA,NA,NA,NA
hh_8521,26,NA,NA,NA,NA,NA,NA,NA
hh_8522,25,NA,NA,NA,NA,NA,NA,NA
hh_8523,62,NA,NA,NA,NA,NA,NA,NA
hh_8524,65,NA,NA,NA,NA,NA,NA,NA
hh_8526,21,55,39,44,NA,NA,NA,NA
hh_8527,2,23,5,NA,NA,NA,NA,NA
hh_8528,16,54,54,NA,NA,NA,NA,NA
hh_8529,73,72,NA,NA,NA,NA,NA,NA
hh_8530,22,NA,NA,NA,NA,NA,NA,NA
hh_8531,68,NA,NA,NA,NA,NA,NA,NA
hh_8533,50,21,NA,NA,NA,NA,NA,NA
hh_8534,17,NA,NA,NA,NA,NA,NA,NA
hh_8535,48,20,NA,NA,NA,NA,NA,NA
hh_8536,36,23,53,34,33,NA,NA,NA
hh_8537,38,NA,NA,NA,NA,NA,NA,NA
hh_8538,57,60,NA,NA,NA,NA,NA,NA
hh_8539,68,NA,NA,NA,NA,NA,NA,NA
hh_8540,60,NA,NA,NA,NA,NA,NA,NA
hh_8542,8,25,NA,NA,NA,NA,NA,NA
hh_8544,76,76,NA,NA,NA,NA,NA,NA
hh_8545,59,NA,NA,NA,NA,NA,NA,NA
hh_8546,38,63,NA,NA,NA,NA,NA,NA
hh_8547,60,NA,NA,NA,NA,NA,NA,NA
hh_8550,70,NA,NA,NA,NA,NA,NA,NA
hh_8553,30,59,NA,NA,NA,NA,NA,NA
hh_8554,71,NA,NA,NA,NA,NA,NA,NA
hh_8555,58,20,NA,NA,NA,NA,NA,NA
hh_8556,58,NA,NA,NA,NA,NA,NA,NA
hh_8557,68,NA,NA,NA,NA,NA,NA,NA
hh_8558,58,NA,NA,NA,NA,NA,NA,NA
hh_8560,67,NA,NA,NA,NA,NA,NA,NA
hh_8561,68,26,NA,NA,NA,NA,NA,NA
hh_8563,63,NA,NA,NA,NA,NA,NA,NA
hh_8564,69,NA,NA,NA,NA,NA,NA,NA
hh_8565,82,NA,NA,NA,NA,NA,NA,NA
hh_8567,56,NA,NA,NA,NA,NA,NA,NA
hh_8569,65,NA,NA,NA,NA,NA,NA,NA
hh_8570,74,51,NA,NA,NA,NA,NA,NA
hh_8571,79,NA,NA,NA,NA,NA,NA,NA
hh_8572,63,NA,NA,NA,NA,NA,NA,NA
hh_8573,47,NA,NA,NA,NA,NA,NA,NA
hh_8574,47,43,NA,NA,NA,NA,NA,NA
hh_8575,86,86,62,NA,NA,NA,NA,NA
hh_8576,94,NA,NA,NA,NA,NA,NA,NA
hh_8577,34,NA,NA,NA,NA,NA,NA,NA
hh_8578,65,NA,NA,NA,NA,NA,NA,NA
hh_8579,48,NA,NA,NA,NA,NA,NA,NA
hh_8580,53,NA,NA,NA,NA,NA,NA,NA
hh_8583,51,NA,NA,NA,NA,NA,NA,NA
hh_8584,25,NA,NA,NA,NA,NA,NA,NA
hh_8585,65,27,NA,NA,NA,NA,NA,NA
hh_8586,27,25,24,5,NA,NA,NA,NA
hh_8587,47,10,6,NA,NA,NA,NA,NA
hh_8588,29,NA,NA,NA,NA,NA,NA,NA
hh_8589,35,7,5,NA,NA,NA,NA,NA
hh_8590,38,13,10,NA,NA,NA,NA,NA
hh_8591,27,7,4,NA,NA,NA,NA,NA
hh_8592,32,NA,NA,NA,NA,NA,NA,NA
hh_8593,60,55,NA,NA,NA,NA,NA,NA
hh_8594,23,6,NA,NA,NA,NA,NA,NA
hh_8595,40,NA,NA,NA,NA,NA,NA,NA
hh_8596,61,NA,NA,NA,NA,NA,NA,NA
hh_8597,59,20,NA,NA,NA,NA,NA,NA
hh_8598,1,NA,NA,NA,NA,NA,NA,NA
hh_8599,60,NA,NA,NA,NA,NA,NA,NA
hh_8600,4,8,30,34,NA,NA,NA,NA
hh_8601,40,46,23,NA,NA,NA,NA,NA
hh_8602,48,54,NA,NA,NA,NA,NA,NA
hh_8603,52,NA,NA,NA,NA,NA,NA,NA
hh_8604,29,2,NA,NA,NA,NA,NA,NA
hh_8605,19,8,6,2,NA,NA,NA,NA
hh_8607,51,14,12,NA,NA,NA,NA,NA
hh_8608,31,NA,NA,NA,NA,NA,NA,NA
hh_8609,33,26,5,NA,NA,NA,NA,NA
hh_8610,58,NA,NA,NA,NA,NA,NA,NA
hh_8611,30,NA,NA,NA,NA,NA,NA,NA
hh_8612,55,62,NA,NA,NA,NA,NA,NA
hh_8613,47,23,NA,NA,NA,NA,NA,NA
hh_8614,40,18,NA,NA,NA,NA,NA,NA
hh_8615,19,52,48,NA,NA,NA,NA,NA
hh_8616,76,NA,NA,NA,NA,NA,NA,NA
hh_8618,87,NA,NA,NA,NA,NA,NA,NA
hh_8619,42,13,7,5,3,NA,NA,NA
hh_8620,45,NA,NA,NA,NA,NA,NA,NA
hh_8622,56,NA,NA,NA,NA,NA,NA,NA
hh_8623,4,32,NA,NA,NA,NA,NA,NA
hh_8624,40,35,NA,NA,NA,NA,NA,NA
hh_8625,47,17,NA,NA,NA,NA,NA,NA
hh_8626,32,4,NA,NA,NA,NA,NA,NA
hh_8627,52,NA,NA,NA,NA,NA,NA,NA
hh_8629,29,5,2,NA,NA,NA,NA,NA
hh_8630,42,13,NA,NA,NA,NA,NA,NA
hh_8631,44,NA,NA,NA,NA,NA,NA,NA
hh_8633,50,51,NA,NA,NA,NA,NA,NA
hh_8634,26,NA,NA,NA,NA,NA,NA,NA
hh_8635,3,31,NA,NA,NA,NA,NA,NA
hh_8636,41,14,10,7,NA,NA,NA,NA
hh_8637,27,7,5,NA,NA,NA,NA,NA
hh_8638,32,13,8,34,NA,NA,NA,NA
hh_8640,28,NA,NA,NA,NA,NA,NA,NA
hh_8642,50,28,15,NA,NA,NA,NA,NA
hh_8643,27,4,2,NA,NA,NA,NA,NA
hh_8644,51,22,NA,NA,NA,NA,NA,NA
hh_8645,64,63,29,NA,NA,NA,NA,NA
hh_8646,52,26,20,NA,NA,NA,NA,NA
hh_8647,35,45,NA,NA,NA,NA,NA,NA
hh_8648,71,NA,NA,NA,NA,NA,NA,NA
hh_8649,62,NA,NA,NA,NA,NA,NA,NA
hh_8650,64,NA,NA,NA,NA,NA,NA,NA
hh_8651,48,25,22,75,NA,NA,NA,NA
hh_8652,46,11,10,8,3,NA,NA,NA
hh_8653,64,NA,NA,NA,NA,NA,NA,NA
hh_8654,66,NA,NA,NA,NA,NA,NA,NA
hh_8655,40,7,5,NA,NA,NA,NA,NA
hh_8656,28,26,NA,NA,NA,NA,NA,NA
hh_8657,64,NA,NA,NA,NA,NA,NA,NA
hh_8658,40,8,4,NA,NA,NA,NA,NA
hh_8659,29,NA,NA,NA,NA,NA,NA,NA
hh_8660,18,22,47,53,NA,NA,NA,NA
hh_8661,20,NA,NA,NA,NA,NA,NA,NA
hh_8662,97,75,NA,NA,NA,NA,NA,NA
hh_8663,55,65,NA,NA,NA,NA,NA,NA
hh_8664,50,NA,NA,NA,NA,NA,NA,NA
hh_8665,39,7,NA,NA,NA,NA,NA,NA
hh_8666,31,28,NA,NA,NA,NA,NA,NA
hh_8667,64,19,NA,NA,NA,NA,NA,NA
hh_8668,44,59,NA,NA,NA,NA,NA,NA
hh_8670,21,19,18,50,NA,NA,NA,NA
hh_8671,19,18,18,NA,NA,NA,NA,NA
hh_8672,45,NA,NA,NA,NA,NA,NA,NA
hh_8673,35,37,NA,NA,NA,NA,NA,NA
hh_8674,19,24,NA,NA,NA,NA,NA,NA
hh_8675,54,60,27,NA,NA,NA,NA,NA
hh_8676,30,15,10,2,NA,NA,NA,NA
hh_8678,33,2,NA,NA,NA,NA,NA,NA
hh_8680,69,26,24,NA,NA,NA,NA,NA
hh_8681,27,NA,NA,NA,NA,NA,NA,NA
hh_8682,45,NA,NA,NA,NA,NA,NA,NA
hh_8683,26,NA,NA,NA,NA,NA,NA,NA
hh_8684,16,11,NA,NA,NA,NA,NA,NA
hh_8685,32,11,8,5,NA,NA,NA,NA
hh_8686,24,4,NA,NA,NA,NA,NA,NA
hh_8687,80,67,32,NA,NA,NA,NA,NA
hh_8688,35,39,NA,NA,NA,NA,NA,NA
hh_8689,53,51,19,NA,NA,NA,NA,NA
hh_8691,27,9,7,NA,NA,NA,NA,NA
hh_8692,73,NA,NA,NA,NA,NA,NA,NA
hh_8694,37,NA,NA,NA,NA,NA,NA,NA
hh_8695,15,NA,NA,NA,NA,NA,NA,NA
hh_8697,32,NA,NA,NA,NA,NA,NA,NA
hh_8698,41,11,9,7,NA,NA,NA,NA
hh_8699,24,NA,NA,NA,NA,NA,NA,NA
hh_8700,22,19,75,NA,NA,NA,NA,NA
hh_8701,26,NA,NA,NA,NA,NA,NA,NA
hh_8702,28,NA,NA,NA,NA,NA,NA,NA
hh_8703,22,21,21,20,NA,NA,NA,NA
hh_8704,74,41,75,26,37,NA,NA,NA
hh_8705,55,NA,NA,NA,NA,NA,NA,NA
hh_8706,28,4,NA,NA,NA,NA,NA,NA
hh_8707,59,NA,NA,NA,NA,NA,NA,NA
hh_8708,18,15,3,NA,NA,NA,NA,NA
hh_8709,18,52,53,NA,NA,NA,NA,NA
hh_8710,24,16,50,10,NA,NA,NA,NA
hh_8711,52,18,15,NA,NA,NA,NA,NA
hh_8712,22,28,32,28,NA,NA,NA,NA
hh_8713,59,59,29,27,23,NA,NA,NA
hh_8714,55,25,NA,NA,NA,NA,NA,NA
hh_8715,30,NA,NA,NA,NA,NA,NA,NA
hh_8716,34,NA,NA,NA,NA,NA,NA,NA
hh_8717,50,15,12,NA,NA,NA,NA,NA
hh_8718,54,NA,NA,NA,NA,NA,NA,NA
hh_8719,10,5,1,NA,NA,NA,NA,NA
hh_8720,36,51,NA,NA,NA,NA,NA,NA
hh_8721,28,NA,NA,NA,NA,NA,NA,NA
hh_8722,55,51,25,35,NA,NA,NA,NA
hh_8723,7,67,NA,NA,NA,NA,NA,NA
hh_8724,22,3,NA,NA,NA,NA,NA,NA
hh_8726,40,18,16,13,5,NA,NA,NA
hh_8727,NA,NA,NA,NA,NA,NA,NA,NA
hh_8728,45,NA,NA,NA,NA,NA,NA,NA
hh_8730,46,9,43,NA,NA,NA,NA,NA
hh_8731,31,6,NA,NA,NA,NA,NA,NA
hh_8732,36,12,4,NA,NA,NA,NA,NA
hh_8733,30,17,15,NA,NA,NA,NA,NA
hh_8734,42,15,NA,NA,NA,NA,NA,NA
hh_8735,33,14,4,3,NA,NA,NA,NA
hh_8736,18,NA,NA,NA,NA,NA,NA,NA
hh_8737,18,18,18,3,5,10,NA,NA
hh_8739,10,NA,NA,NA,NA,NA,NA,NA
hh_8740,35,7,5,NA,NA,NA,NA,NA
hh_8741,67,66,36,NA,NA,NA,NA,NA
hh_8742,72,NA,NA,NA,NA,NA,NA,NA
hh_8743,39,8,3,NA,NA,NA,NA,NA
hh_8745,27,NA,NA,NA,NA,NA,NA,NA
hh_8746,23,6,15,3,NA,NA,NA,NA
hh_8747,65,NA,NA,NA,NA,NA,NA,NA
hh_8748,56,NA,NA,NA,NA,NA,NA,NA
hh_8749,5,NA,NA,NA,NA,NA,NA,NA
hh_8750,15,NA,NA,NA,NA,NA,NA,NA
hh_8751,29,7,1,NA,NA,NA,NA,NA
hh_8752,15,14,14,10,NA,NA,NA,NA
hh_8753,30,30,NA,NA,NA,NA,NA,NA
hh_8754,25,28,25,23,NA,NA,NA,NA
hh_8755,1,NA,NA,NA,NA,NA,NA,NA
hh_8756,26,58,51,26,NA,NA,NA,NA
hh_8759,33,NA,NA,NA,NA,NA,NA,NA
hh_8760,50,16,14,12,NA,NA,NA,NA
hh_8761,25,6,3,NA,NA,NA,NA,NA
hh_8762,NA,35,NA,NA,NA,NA,NA,NA
hh_8764,19,56,52,NA,NA,NA,NA,NA
hh_8766,23,NA,NA,NA,NA,NA,NA,NA
hh_8767,74,NA,NA,NA,NA,NA,NA,NA
hh_8768,69,NA,NA,NA,NA,NA,NA,NA
hh_8769,32,7,3,NA,NA,NA,NA,NA
hh_8771,46,16,NA,NA,NA,NA,NA,NA
hh_8772,5,11,NA,NA,NA,NA,NA,NA
hh_8773,55,22,NA,NA,NA,NA,NA,NA
hh_8774,34,NA,NA,NA,NA,NA,NA,NA
hh_8775,63,61,NA,NA,NA,NA,NA,NA
hh_8776,48,20,NA,NA,NA,NA,NA,NA
hh_8777,27,NA,NA,NA,NA,NA,NA,NA
hh_8778,80,NA,NA,NA,NA,NA,NA,NA
hh_8780,42,NA,NA,NA,NA,NA,NA,NA
hh_8781,14,13,NA,NA,NA,NA,NA,NA
hh_8782,16,46,52,NA,NA,NA,NA,NA
hh_8783,45,NA,NA,NA,NA,NA,NA,NA
hh_8784,60,NA,NA,NA,NA,NA,NA,NA
hh_8787,49,NA,NA,NA,NA,NA,NA,NA
hh_8788,30,NA,NA,NA,NA,NA,NA,NA
hh_8789,14,53,NA,NA,NA,NA,NA,NA
hh_8790,93,79,NA,NA,NA,NA,NA,NA
hh_8791,56,17,NA,NA,NA,NA,NA,NA
hh_8792,72,NA,NA,NA,NA,NA,NA,NA
hh_8793,28,NA,NA,NA,NA,NA,NA,NA
hh_8795,54,16,NA,NA,NA,NA,NA,NA
hh_8796,15,9,4,16,20,20,NA,NA
hh_8801,71,NA,NA,NA,NA,NA,NA,NA
hh_8803,33,30,NA,NA,NA,NA,NA,NA
hh_8804,21,NA,NA,NA,NA,NA,NA,NA
hh_8805,16,11,8,NA,NA,NA,NA,NA
hh_8806,49,21,16,14,NA,NA,NA,NA
hh_8807,61,34,32,28,NA,NA,NA,NA
hh_8808,33,NA,NA,NA,NA,NA,NA,NA
hh_8809,18,14,NA,NA,NA,NA,NA,NA
hh_8810,61,60,NA,NA,NA,NA,NA,NA
hh_8812,54,NA,NA,NA,NA,NA,NA,NA
hh_8813,23,3,4,NA,NA,NA,NA,NA
hh_8814,56,24,20,NA,NA,NA,NA,NA
hh_8815,76,NA,NA,NA,NA,NA,NA,NA
hh_8817,24,NA,NA,NA,NA,NA,NA,NA
hh_8818,52,18,15,NA,NA,NA,NA,NA
hh_8822,72,NA,NA,NA,NA,NA,NA,NA
hh_8823,18,NA,NA,NA,NA,NA,NA,NA
hh_8824,61,57,23,NA,NA,NA,NA,NA
hh_8825,17,10,NA,NA,NA,NA,NA,NA
hh_8827,50,50,17,NA,NA,NA,NA,NA
hh_8828,25,4,5,4,NA,NA,NA,NA
hh_8829,55,26,NA,NA,NA,NA,NA,NA
hh_8832,78,50,NA,NA,NA,NA,NA,NA
hh_8833,70,NA,NA,NA,NA,NA,NA,NA
hh_8834,49,16,14,NA,NA,NA,NA,NA
hh_8835,57,20,19,57,NA,NA,NA,NA
hh_8836,43,10,8,NA,NA,NA,NA,NA
hh_8838,22,57,NA,NA,NA,NA,NA,NA
hh_8839,62,NA,NA,NA,NA,NA,NA,NA
hh_8840,42,7,4,1,NA,NA,NA,NA
hh_8841,18,21,20,42,10,NA,NA,NA
hh_8842,65,NA,NA,NA,NA,NA,NA,NA
hh_8843,45,16,NA,NA,NA,NA,NA,NA
hh_8844,53,NA,NA,NA,NA,NA,NA,NA
hh_8845,56,NA,NA,NA,NA,NA,NA,NA
hh_8846,64,NA,NA,NA,NA,NA,NA,NA
hh_8847,57,63,NA,NA,NA,NA,NA,NA
hh_8848,47,82,NA,NA,NA,NA,NA,NA
hh_8850,49,49,NA,NA,NA,NA,NA,NA
hh_8851,48,NA,NA,NA,NA,NA,NA,NA
hh_8852,59,40,NA,NA,NA,NA,NA,NA
hh_8854,42,NA,NA,NA,NA,NA,NA,NA
hh_8855,45,13,10,45,NA,NA,NA,NA
hh_8856,52,NA,NA,NA,NA,NA,NA,NA
hh_8857,54,NA,NA,NA,NA,NA,NA,NA
hh_8858,17,NA,NA,NA,NA,NA,NA,NA
hh_8859,49,27,20,49,NA,NA,NA,NA
hh_8860,46,NA,NA,NA,NA,NA,NA,NA
hh_8861,45,15,13,3,NA,NA,NA,NA
hh_8862,43,NA,NA,NA,NA,NA,NA,NA
hh_8863,66,NA,NA,NA,NA,NA,NA,NA
hh_8864,58,NA,NA,NA,NA,NA,NA,NA
hh_8865,59,NA,NA,NA,NA,NA,NA,NA
hh_8866,52,15,NA,NA,NA,NA,NA,NA
hh_8867,76,NA,NA,NA,NA,NA,NA,NA
hh_8868,37,64,NA,NA,NA,NA,NA,NA
hh_8869,64,NA,NA,NA,NA,NA,NA,NA
hh_8874,69,72,NA,NA,NA,NA,NA,NA
hh_8875,59,NA,NA,NA,NA,NA,NA,NA
hh_8876,59,NA,NA,NA,NA,NA,NA,NA
hh_8877,79,NA,NA,NA,NA,NA,NA,NA
hh_8878,71,NA,NA,NA,NA,NA,NA,NA
hh_8879,67,NA,NA,NA,NA,NA,NA,NA
hh_8880,66,65,NA,NA,NA,NA,NA,NA
hh_8881,64,NA,NA,NA,NA,NA,NA,NA
hh_8882,70,NA,NA,NA,NA,NA,NA,NA
hh_8886,66,NA,NA,NA,NA,NA,NA,NA
hh_8887,76,20,NA,NA,NA,NA,NA,NA
hh_8888,NA,NA,NA,NA,NA,NA,NA,NA
hh_8889,75,NA,NA,NA,NA,NA,NA,NA
hh_8890,67,NA,NA,NA,NA,NA,NA,NA
hh_8891,77,NA,NA,NA,NA,NA,NA,NA
hh_8893,71,NA,NA,NA,NA,NA,NA,NA
hh_8894,67,19,NA,NA,NA,NA,NA,NA
hh_8895,53,NA,NA,NA,NA,NA,NA,NA
hh_8898,62,NA,NA,NA,NA,NA,NA,NA
hh_8899,70,NA,NA,NA,NA,NA,NA,NA
hh_8900,66,NA,NA,NA,NA,NA,NA,NA
hh_8901,61,NA,NA,NA,NA,NA,NA,NA
hh_8902,63,36,31,NA,NA,NA,NA,NA
hh_8903,33,68,NA,NA,NA,NA,NA,NA
hh_8904,67,44,NA,NA,NA,NA,NA,NA
hh_8905,79,NA,NA,NA,NA,NA,NA,NA
hh_8906,63,37,23,16,NA,NA,NA,NA
hh_8907,5,38,NA,NA,NA,NA,NA,NA
hh_8908,17,NA,NA,NA,NA,NA,NA,NA
hh_8909,21,61,NA,NA,NA,NA,NA,NA
hh_8910,65,NA,NA,NA,NA,NA,NA,NA
hh_8911,62,62,NA,NA,NA,NA,NA,NA
hh_8912,37,16,7,4,NA,NA,NA,NA
hh_8914,41,7,23,NA,NA,NA,NA,NA
hh_8915,38,7,NA,NA,NA,NA,NA,NA
hh_8916,53,10,NA,NA,NA,NA,NA,NA
hh_8917,60,NA,NA,NA,NA,NA,NA,NA
hh_8919,63,NA,NA,NA,NA,NA,NA,NA
hh_8920,33,7,4,43,NA,NA,NA,NA
hh_8921,55,54,NA,NA,NA,NA,NA,NA
hh_8922,69,NA,NA,NA,NA,NA,NA,NA
hh_8923,24,5,NA,NA,NA,NA,NA,NA
hh_8924,73,NA,NA,NA,NA,NA,NA,NA
hh_8925,42,12,NA,NA,NA,NA,NA,NA
hh_8926,6,34,NA,NA,NA,NA,NA,NA
hh_8927,53,52,27,NA,NA,NA,NA,NA
hh_8928,43,15,NA,NA,NA,NA,NA,NA
hh_8930,50,12,9,NA,NA,NA,NA,NA
hh_8931,10,NA,NA,NA,NA,NA,NA,NA
hh_8932,54,16,9,NA,NA,NA,NA,NA
hh_8933,41,12,9,NA,NA,NA,NA,NA
hh_8934,61,NA,NA,NA,NA,NA,NA,NA
hh_8936,71,24,19,NA,NA,NA,NA,NA
hh_8937,12,11,38,NA,NA,NA,NA,NA
hh_8938,35,NA,NA,NA,NA,NA,NA,NA
hh_8939,67,68,13,NA,NA,NA,NA,NA
hh_8941,53,NA,NA,NA,NA,NA,NA,NA
hh_8942,8,7,NA,NA,NA,NA,NA,NA
hh_8943,43,14,NA,NA,NA,NA,NA,NA
hh_8944,22,50,15,NA,NA,NA,NA,NA
hh_8945,28,22,12,NA,NA,NA,NA,NA
hh_8946,28,6,2,NA,NA,NA,NA,NA
hh_8947,37,8,NA,NA,NA,NA,NA,NA
hh_8948,10,NA,NA,NA,NA,NA,NA,NA
hh_8949,25,55,16,NA,NA,NA,NA,NA
hh_8950,55,NA,NA,NA,NA,NA,NA,NA
hh_8951,45,20,9,NA,NA,NA,NA,NA
hh_8953,50,47,16,19,NA,NA,NA,NA
hh_8954,30,28,30,28,25,NA,NA,NA
hh_8955,40,NA,NA,NA,NA,NA,NA,NA
hh_8956,28,5,7,NA,NA,NA,NA,NA
hh_8957,30,8,3,NA,NA,NA,NA,NA
hh_8958,21,23,21,18,21,NA,NA,NA
hh_8960,69,37,NA,NA,NA,NA,NA,NA
hh_8961,30,25,27,NA,NA,NA,NA,NA
hh_8962,35,51,30,NA,NA,NA,NA,NA
hh_8963,41,34,12,5,NA,NA,NA,NA
hh_8965,64,NA,NA,NA,NA,NA,NA,NA
hh_8966,8,NA,NA,NA,NA,NA,NA,NA
hh_8967,44,9,5,36,NA,NA,NA,NA
hh_8968,30,3,NA,NA,NA,NA,NA,NA
hh_8970,55,27,59,NA,NA,NA,NA,NA
hh_8971,43,31,28,NA,NA,NA,NA,NA
hh_8973,34,8,5,3,NA,NA,NA,NA
hh_8974,78,NA,NA,NA,NA,NA,NA,NA
hh_8976,41,NA,NA,NA,NA,NA,NA,NA
hh_8977,7,39,NA,NA,NA,NA,NA,NA
hh_8978,28,6,NA,NA,NA,NA,NA,NA
hh_8979,1,6,31,43,NA,NA,NA,NA
hh_8980,31,NA,NA,NA,NA,NA,NA,NA
hh_8981,56,22,13,13,NA,NA,NA,NA
hh_8982,40,NA,NA,NA,NA,NA,NA,NA
hh_8984,33,1,NA,NA,NA,NA,NA,NA
hh_8985,4,NA,NA,NA,NA,NA,NA,NA
hh_8986,3,NA,NA,NA,NA,NA,NA,NA
hh_8987,49,14,9,NA,NA,NA,NA,NA
hh_8989,53,47,29,22,NA,NA,NA,NA
hh_8991,62,NA,NA,NA,NA,NA,NA,NA
hh_8992,16,NA,NA,NA,NA,NA,NA,NA
hh_8993,7,18,NA,NA,NA,NA,NA,NA
hh_8994,2,NA,NA,NA,NA,NA,NA,NA
hh_8995,39,18,NA,NA,NA,NA,NA,NA
hh_8996,38,NA,NA,NA,NA,NA,NA,NA
hh_8997,11,41,NA,NA,NA,NA,NA,NA
hh_8998,28,28,NA,NA,NA,NA,NA,NA
hh_8999,14,11,40,NA,NA,NA,NA,NA
hh_9001,54,56,NA,NA,NA,NA,NA,NA
hh_9002,27,NA,NA,NA,NA,NA,NA,NA
hh_9003,39,17,14,NA,NA,NA,NA,NA
hh_9004,52,22,NA,NA,NA,NA,NA,NA
hh_9005,64,34,NA,NA,NA,NA,NA,NA
hh_9006,29,5,11,37,NA,NA,NA,NA
hh_9007,42,15,12,NA,NA,NA,NA,NA
hh_9008,36,17,NA,NA,NA,NA,NA,NA
hh_9009,33,NA,NA,NA,NA,NA,NA,NA
hh_9011,59,4,NA,NA,NA,NA,NA,NA
hh_9013,49,15,12,NA,NA,NA,NA,NA
hh_9014,31,NA,NA,NA,NA,NA,NA,NA
hh_9015,75,NA,NA,NA,NA,NA,NA,NA
hh_9016,32,NA,NA,NA,NA,NA,NA,NA
hh_9017,36,NA,NA,NA,NA,NA,NA,NA
hh_9018,54,17,13,45,NA,NA,NA,NA
hh_9020,28,NA,NA,NA,NA,NA,NA,NA
hh_9021,31,25,19,NA,NA,NA,NA,NA
hh_9022,6,NA,NA,NA,NA,NA,NA,NA
hh_9023,34,13,12,5,NA,NA,NA,NA
hh_9024,53,NA,NA,NA,NA,NA,NA,NA
hh_9025,67,NA,NA,NA,NA,NA,NA,NA
hh_9026,45,12,10,NA,NA,NA,NA,NA
hh_9027,64,NA,NA,NA,NA,NA,NA,NA
hh_9028,37,4,NA,NA,NA,NA,NA,NA
hh_9029,62,NA,NA,NA,NA,NA,NA,NA
hh_9030,77,73,NA,NA,NA,NA,NA,NA
hh_9031,68,66,NA,NA,NA,NA,NA,NA
hh_9032,26,29,7,25,NA,NA,NA,NA
hh_9033,62,26,NA,NA,NA,NA,NA,NA
hh_9034,47,44,50,NA,NA,NA,NA,NA
hh_9035,25,NA,NA,NA,NA,NA,NA,NA
hh_9036,47,52,NA,NA,NA,NA,NA,NA
hh_9037,40,11,7,NA,NA,NA,NA,NA
hh_9038,23,60,50,NA,NA,NA,NA,NA
hh_9040,43,NA,NA,NA,NA,NA,NA,NA
hh_9041,32,NA,NA,NA,NA,NA,NA,NA
hh_9045,45,10,NA,NA,NA,NA,NA,NA
hh_9046,12,NA,NA,NA,NA,NA,NA,NA
hh_9047,36,2,NA,NA,NA,NA,NA,NA
hh_9048,36,11,9,NA,NA,NA,NA,NA
hh_9049,29,4,29,NA,NA,NA,NA,NA
hh_9050,5,4,28,NA,NA,NA,NA,NA
hh_9051,28,NA,NA,NA,NA,NA,NA,NA
hh_9052,45,14,9,4,1,NA,NA,NA
hh_9053,5,11,50,NA,NA,NA,NA,NA
hh_9054,45,13,NA,NA,NA,NA,NA,NA
hh_9055,26,NA,NA,NA,NA,NA,NA,NA
hh_9056,18,18,18,18,NA,NA,NA,NA
hh_9057,52,NA,NA,NA,NA,NA,NA,NA
hh_9059,54,51,15,NA,NA,NA,NA,NA
hh_9061,38,5,NA,NA,NA,NA,NA,NA
hh_9062,25,16,NA,NA,NA,NA,NA,NA
hh_9063,15,58,NA,NA,NA,NA,NA,NA
hh_9064,69,53,25,25,20,NA,NA,NA
hh_9065,27,NA,NA,NA,NA,NA,NA,NA
hh_9066,12,10,8,6,NA,NA,NA,NA
hh_9067,33,NA,NA,NA,NA,NA,NA,NA
hh_9069,48,19,59,1,NA,NA,NA,NA
hh_9070,53,23,20,13,NA,NA,NA,NA
hh_9071,7,5,4,NA,NA,NA,NA,NA
hh_9072,73,10,40,NA,NA,NA,NA,NA
hh_9073,62,NA,NA,NA,NA,NA,NA,NA
hh_9074,28,NA,NA,NA,NA,NA,NA,NA
hh_9075,49,23,20,NA,NA,NA,NA,NA
hh_9076,67,NA,NA,NA,NA,NA,NA,NA
hh_9077,72,16,NA,NA,NA,NA,NA,NA
hh_9078,44,11,NA,NA,NA,NA,NA,NA
hh_9080,20,25,26,24,NA,NA,NA,NA
hh_9081,29,3,1,NA,NA,NA,NA,NA
hh_9082,5,12,47,NA,NA,NA,NA,NA
hh_9083,60,NA,NA,NA,NA,NA,NA,NA
hh_9084,14,NA,NA,NA,NA,NA,NA,NA
hh_9086,28,NA,NA,NA,NA,NA,NA,NA
hh_9087,24,22,NA,NA,NA,NA,NA,NA
hh_9088,34,NA,NA,NA,NA,NA,NA,NA
hh_9089,39,12,6,NA,NA,NA,NA,NA
hh_9090,66,NA,NA,NA,NA,NA,NA,NA
hh_9092,11,17,47,NA,NA,NA,NA,NA
hh_9093,61,16,NA,NA,NA,NA,NA,NA
hh_9097,20,10,16,NA,NA,NA,NA,NA
hh_9098,30,28,5,NA,NA,NA,NA,NA
hh_9099,62,50,NA,NA,NA,NA,NA,NA
hh_9101,33,34,NA,NA,NA,NA,NA,NA
hh_9103,65,NA,NA,NA,NA,NA,NA,NA
hh_9105,71,74,35,NA,NA,NA,NA,NA
hh_9106,44,46,14,NA,NA,NA,NA,NA
hh_9107,16,9,54,46,NA,NA,NA,NA
hh_9108,50,2,NA,NA,NA,NA,NA,NA
hh_9109,64,NA,NA,NA,NA,NA,NA,NA
hh_9110,50,16,14,NA,NA,NA,NA,NA
hh_9111,58,61,NA,NA,NA,NA,NA,NA
hh_9112,51,18,16,47,NA,NA,NA,NA
hh_9113,32,9,8,6,4,NA,NA,NA
hh_9114,64,40,NA,NA,NA,NA,NA,NA
hh_9115,41,5,NA,NA,NA,NA,NA,NA
hh_9116,17,14,6,NA,NA,NA,NA,NA
hh_9117,55,19,NA,NA,NA,NA,NA,NA
hh_9118,19,NA,NA,NA,NA,NA,NA,NA
hh_9119,18,19,20,18,19,NA,NA,NA
hh_9120,62,NA,NA,NA,NA,NA,NA,NA
hh_9123,18,19,18,18,NA,NA,NA,NA
hh_9124,61,20,NA,NA,NA,NA,NA,NA
hh_9125,20,18,73,49,NA,NA,NA,NA
hh_9126,63,56,29,NA,NA,NA,NA,NA
hh_9127,46,46,NA,NA,NA,NA,NA,NA
hh_9128,41,12,51,NA,NA,NA,NA,NA
hh_9129,60,26,NA,NA,NA,NA,NA,NA
hh_9130,NA,NA,NA,NA,NA,NA,NA,NA
hh_9131,18,NA,NA,NA,NA,NA,NA,NA
hh_9132,62,NA,NA,NA,NA,NA,NA,NA
hh_9133,50,49,15,NA,NA,NA,NA,NA
hh_9134,63,NA,NA,NA,NA,NA,NA,NA
hh_9135,54,20,48,NA,NA,NA,NA,NA
hh_9136,19,17,NA,NA,NA,NA,NA,NA
hh_9137,47,5,NA,NA,NA,NA,NA,NA
hh_9138,61,NA,NA,NA,NA,NA,NA,NA
hh_9140,52,21,76,78,NA,NA,NA,NA
hh_9141,4,45,NA,NA,NA,NA,NA,NA
hh_9142,20,25,21,20,NA,NA,NA,NA
hh_9143,52,NA,NA,NA,NA,NA,NA,NA
hh_9144,66,NA,NA,NA,NA,NA,NA,NA
hh_9145,25,NA,NA,NA,NA,NA,NA,NA
hh_9146,55,NA,NA,NA,NA,NA,NA,NA
hh_9147,53,30,53,NA,NA,NA,NA,NA
hh_9148,58,48,NA,NA,NA,NA,NA,NA
hh_9149,27,NA,NA,NA,NA,NA,NA,NA
hh_9150,39,38,18,NA,NA,NA,NA,NA
hh_9152,45,70,29,50,NA,NA,NA,NA
hh_9153,57,NA,NA,NA,NA,NA,NA,NA
hh_9155,15,14,NA,NA,NA,NA,NA,NA
hh_9156,11,5,NA,NA,NA,NA,NA,NA
hh_9157,59,NA,NA,NA,NA,NA,NA,NA
hh_9158,42,17,33,30,NA,NA,NA,NA
hh_9159,70,NA,NA,NA,NA,NA,NA,NA
hh_9161,72,NA,NA,NA,NA,NA,NA,NA
hh_9162,20,14,NA,NA,NA,NA,NA,NA
hh_9163,24,NA,NA,NA,NA,NA,NA,NA
hh_9164,42,16,13,NA,NA,NA,NA,NA
hh_9165,57,55,NA,NA,NA,NA,NA,NA
hh_9166,53,17,15,13,50,NA,NA,NA
hh_9168,65,NA,NA,NA,NA,NA,NA,NA
hh_9169,77,17,NA,NA,NA,NA,NA,NA
hh_9170,38,33,9,12,55,NA,NA,NA
hh_9171,53,13,10,NA,NA,NA,NA,NA
hh_9172,54,70,57,NA,NA,NA,NA,NA
hh_9173,58,NA,NA,NA,NA,NA,NA,NA
hh_9174,65,NA,NA,NA,NA,NA,NA,NA
hh_9175,11,50,NA,NA,NA,NA,NA,NA
hh_9176,12,6,NA,NA,NA,NA,NA,NA
hh_9177,53,17,12,NA,NA,NA,NA,NA
hh_9178,71,57,NA,NA,NA,NA,NA,NA
hh_9179,82,NA,NA,NA,NA,NA,NA,NA
hh_9180,46,NA,NA,NA,NA,NA,NA,NA
hh_9181,49,NA,NA,NA,NA,NA,NA,NA
hh_9182,54,NA,NA,NA,NA,NA,NA,NA
hh_9184,17,15,46,NA,NA,NA,NA,NA
hh_9185,17,50,24,NA,NA,NA,NA,NA
hh_9186,44,NA,NA,NA,NA,NA,NA,NA
hh_9187,48,16,NA,NA,NA,NA,NA,NA
hh_9189,54,NA,NA,NA,NA,NA,NA,NA
hh_9191,55,20,17,NA,NA,NA,NA,NA
hh_9192,NA,NA,NA,NA,NA,NA,NA,NA
hh_9193,25,60,NA,NA,NA,NA,NA,NA
hh_9194,50,54,NA,NA,NA,NA,NA,NA
hh_9196,58,NA,NA,NA,NA,NA,NA,NA
hh_9197,68,28,19,NA,NA,NA,NA,NA
hh_9198,63,NA,NA,NA,NA,NA,NA,NA
hh_9199,70,NA,NA,NA,NA,NA,NA,NA
hh_9200,64,NA,NA,NA,NA,NA,NA,NA
hh_9201,25,27,29,NA,NA,NA,NA,NA
hh_9203,64,33,NA,NA,NA,NA,NA,NA
hh_9204,71,44,NA,NA,NA,NA,NA,NA
hh_9205,68,NA,NA,NA,NA,NA,NA,NA
hh_9207,60,NA,NA,NA,NA,NA,NA,NA
hh_9208,60,NA,NA,NA,NA,NA,NA,NA
hh_9209,2,33,NA,NA,NA,NA,NA,NA
hh_9210,45,22,NA,NA,NA,NA,NA,NA
hh_9211,46,11,14,NA,NA,NA,NA,NA
hh_9212,1,1,1,NA,NA,NA,NA,NA
hh_9213,44,12,NA,NA,NA,NA,NA,NA
hh_9214,33,8,4,NA,NA,NA,NA,NA
hh_9215,43,16,9,NA,NA,NA,NA,NA
hh_9216,32,6,3,NA,NA,NA,NA,NA
hh_9218,58,NA,NA,NA,NA,NA,NA,NA
hh_9219,66,69,NA,NA,NA,NA,NA,NA
hh_9220,32,NA,NA,NA,NA,NA,NA,NA
hh_9221,79,NA,NA,NA,NA,NA,NA,NA
hh_9222,43,10,NA,NA,NA,NA,NA,NA
hh_9223,53,NA,NA,NA,NA,NA,NA,NA
hh_9224,74,NA,NA,NA,NA,NA,NA,NA
hh_9225,60,NA,NA,NA,NA,NA,NA,NA
hh_9227,30,34,NA,NA,NA,NA,NA,NA
hh_9228,70,NA,NA,NA,NA,NA,NA,NA
hh_9230,10,42,NA,NA,NA,NA,NA,NA
hh_9232,35,3,2,35,NA,NA,NA,NA
hh_9233,45,11,8,NA,NA,NA,NA,NA
hh_9234,46,21,18,NA,NA,NA,NA,NA
hh_9235,19,25,19,16,NA,NA,NA,NA
hh_9236,22,43,52,19,12,NA,NA,NA
hh_9238,60,9,NA,NA,NA,NA,NA,NA
hh_9239,46,9,24,22,NA,NA,NA,NA
hh_9240,50,NA,NA,NA,NA,NA,NA,NA
hh_9241,29,5,14,9,NA,NA,NA,NA
hh_9242,38,NA,NA,NA,NA,NA,NA,NA
hh_9243,43,NA,NA,NA,NA,NA,NA,NA
hh_9244,42,15,14,NA,NA,NA,NA,NA
hh_9245,59,24,NA,NA,NA,NA,NA,NA
hh_9246,18,NA,NA,NA,NA,NA,NA,NA
hh_9248,36,28,NA,NA,NA,NA,NA,NA
hh_9249,69,NA,NA,NA,NA,NA,NA,NA
hh_9250,47,43,NA,NA,NA,NA,NA,NA
hh_9251,29,10,NA,NA,NA,NA,NA,NA
hh_9253,14,37,NA,NA,NA,NA,NA,NA
hh_9254,75,NA,NA,NA,NA,NA,NA,NA
hh_9255,25,31,9,NA,NA,NA,NA,NA
hh_9256,30,NA,NA,NA,NA,NA,NA,NA
hh_9257,76,NA,NA,NA,NA,NA,NA,NA
hh_9258,35,5,NA,NA,NA,NA,NA,NA
hh_9259,2,NA,NA,NA,NA,NA,NA,NA
hh_9261,5,3,40,NA,NA,NA,NA,NA
hh_9264,50,NA,NA,NA,NA,NA,NA,NA
hh_9265,63,NA,NA,NA,NA,NA,NA,NA
hh_9266,35,36,10,NA,NA,NA,NA,NA
hh_9268,44,48,NA,NA,NA,NA,NA,NA
hh_9269,21,19,NA,NA,NA,NA,NA,NA
hh_9270,33,10,6,NA,NA,NA,NA,NA
hh_9271,72,NA,NA,NA,NA,NA,NA,NA
hh_9272,3,NA,NA,NA,NA,NA,NA,NA
hh_9273,30,6,4,NA,NA,NA,NA,NA
hh_9274,49,NA,NA,NA,NA,NA,NA,NA
hh_9275,70,25,NA,NA,NA,NA,NA,NA
hh_9276,71,NA,NA,NA,NA,NA,NA,NA
hh_9277,18,NA,NA,NA,NA,NA,NA,NA
hh_9279,5,30,53,NA,NA,NA,NA,NA
hh_9280,68,NA,NA,NA,NA,NA,NA,NA
hh_9281,22,50,NA,NA,NA,NA,NA,NA
hh_9282,3,46,NA,NA,NA,NA,NA,NA
hh_9283,1,NA,NA,NA,NA,NA,NA,NA
hh_9284,42,21,18,16,13,NA,NA,NA
hh_9285,61,24,NA,NA,NA,NA,NA,NA
hh_9286,35,NA,NA,NA,NA,NA,NA,NA
hh_9287,32,6,3,NA,NA,NA,NA,NA
hh_9288,16,NA,NA,NA,NA,NA,NA,NA
hh_9289,73,NA,NA,NA,NA,NA,NA,NA
hh_9290,39,NA,NA,NA,NA,NA,NA,NA
hh_9291,64,47,NA,NA,NA,NA,NA,NA
hh_9293,61,55,21,NA,NA,NA,NA,NA
hh_9294,44,NA,NA,NA,NA,NA,NA,NA
hh_9295,45,8,NA,NA,NA,NA,NA,NA
hh_9297,49,NA,NA,NA,NA,NA,NA,NA
hh_9298,61,NA,NA,NA,NA,NA,NA,NA
hh_9299,37,10,NA,NA,NA,NA,NA,NA
hh_9300,53,NA,NA,NA,NA,NA,NA,NA
hh_9302,32,34,NA,NA,NA,NA,NA,NA
hh_9303,29,NA,NA,NA,NA,NA,NA,NA
hh_9304,63,NA,NA,NA,NA,NA,NA,NA
hh_9305,7,NA,NA,NA,NA,NA,NA,NA
hh_9306,52,9,50,NA,NA,NA,NA,NA
hh_9307,38,NA,NA,NA,NA,NA,NA,NA
hh_9308,34,6,3,NA,NA,NA,NA,NA
hh_9311,26,NA,NA,NA,NA,NA,NA,NA
hh_9313,71,23,NA,NA,NA,NA,NA,NA
hh_9314,45,15,13,11,NA,NA,NA,NA
hh_9315,29,7,4,NA,NA,NA,NA,NA
hh_9316,12,15,NA,NA,NA,NA,NA,NA
hh_9317,65,59,37,NA,NA,NA,NA,NA
hh_9318,48,11,NA,NA,NA,NA,NA,NA
hh_9320,39,1,NA,NA,NA,NA,NA,NA
hh_9322,53,NA,NA,NA,NA,NA,NA,NA
hh_9323,7,30,2,NA,NA,NA,NA,NA
hh_9324,50,12,7,NA,NA,NA,NA,NA
hh_9325,63,NA,NA,NA,NA,NA,NA,NA
hh_9326,30,NA,NA,NA,NA,NA,NA,NA
hh_9327,40,17,11,NA,NA,NA,NA,NA
hh_9328,24,NA,NA,NA,NA,NA,NA,NA
hh_9329,21,NA,NA,NA,NA,NA,NA,NA
hh_9330,34,35,5,NA,NA,NA,NA,NA
hh_9331,35,NA,NA,NA,NA,NA,NA,NA
hh_9332,37,NA,NA,NA,NA,NA,NA,NA
hh_9333,6,1,30,NA,NA,NA,NA,NA
hh_9334,31,30,80,NA,NA,NA,NA,NA
hh_9335,51,18,16,47,NA,NA,NA,NA
hh_9336,19,17,13,46,NA,NA,NA,NA
hh_9337,61,32,29,67,NA,NA,NA,NA
hh_9338,51,13,8,NA,NA,NA,NA,NA
hh_9339,51,NA,NA,NA,NA,NA,NA,NA
hh_9340,42,16,NA,NA,NA,NA,NA,NA
hh_9342,34,26,10,7,NA,NA,NA,NA
hh_9343,27,7,29,NA,NA,NA,NA,NA
hh_9344,26,NA,NA,NA,NA,NA,NA,NA
hh_9345,62,NA,NA,NA,NA,NA,NA,NA
hh_9346,42,45,8,6,NA,NA,NA,NA
hh_9348,60,NA,NA,NA,NA,NA,NA,NA
hh_9349,41,NA,NA,NA,NA,NA,NA,NA
hh_9350,39,NA,NA,NA,NA,NA,NA,NA
hh_9351,29,11,5,NA,NA,NA,NA,NA
hh_9352,28,6,3,NA,NA,NA,NA,NA
hh_9353,57,NA,NA,NA,NA,NA,NA,NA
hh_9355,29,37,47,64,67,29,NA,NA
hh_9356,20,22,NA,NA,NA,NA,NA,NA
hh_9357,34,32,NA,NA,NA,NA,NA,NA
hh_9358,55,14,12,NA,NA,NA,NA,NA
hh_9360,47,16,11,NA,NA,NA,NA,NA
hh_9361,48,17,15,11,NA,NA,NA,NA
hh_9363,62,NA,NA,NA,NA,NA,NA,NA
hh_9364,46,NA,NA,NA,NA,NA,NA,NA
hh_9365,16,27,56,NA,NA,NA,NA,NA
hh_9366,45,19,NA,NA,NA,NA,NA,NA
hh_9367,61,26,NA,NA,NA,NA,NA,NA
hh_9368,42,NA,NA,NA,NA,NA,NA,NA
hh_9369,25,21,NA,NA,NA,NA,NA,NA
hh_9370,58,NA,NA,NA,NA,NA,NA,NA
hh_9371,3,23,NA,NA,NA,NA,NA,NA
hh_9372,38,13,NA,NA,NA,NA,NA,NA
hh_9373,7,3,NA,NA,NA,NA,NA,NA
hh_9374,52,NA,NA,NA,NA,NA,NA,NA
hh_9375,28,22,NA,NA,NA,NA,NA,NA
hh_9378,4,NA,NA,NA,NA,NA,NA,NA
hh_9379,25,NA,NA,NA,NA,NA,NA,NA
hh_9380,32,14,11,2,NA,NA,NA,NA
hh_9383,15,12,NA,NA,NA,NA,NA,NA
hh_9384,45,15,11,NA,NA,NA,NA,NA
hh_9385,64,NA,NA,NA,NA,NA,NA,NA
hh_9386,25,NA,NA,NA,NA,NA,NA,NA
hh_9388,52,NA,NA,NA,NA,NA,NA,NA
hh_9389,5,2,28,NA,NA,NA,NA,NA
hh_9390,71,NA,NA,NA,NA,NA,NA,NA
hh_9391,4,NA,NA,NA,NA,NA,NA,NA
hh_9392,45,NA,NA,NA,NA,NA,NA,NA
hh_9394,50,20,9,NA,NA,NA,NA,NA
hh_9395,25,NA,NA,NA,NA,NA,NA,NA
hh_9396,56,59,NA,NA,NA,NA,NA,NA
hh_9397,49,NA,NA,NA,NA,NA,NA,NA
hh_9398,34,3,NA,NA,NA,NA,NA,NA
hh_9399,17,NA,NA,NA,NA,NA,NA,NA
hh_9400,27,4,NA,NA,NA,NA,NA,NA
hh_9401,54,NA,NA,NA,NA,NA,NA,NA
hh_9402,10,NA,NA,NA,NA,NA,NA,NA
hh_9403,20,23,NA,NA,NA,NA,NA,NA
hh_9404,56,41,22,NA,NA,NA,NA,NA
hh_9406,52,18,NA,NA,NA,NA,NA,NA
hh_9407,35,40,NA,NA,NA,NA,NA,NA
hh_9408,3,NA,26,NA,NA,NA,NA,NA
hh_9409,53,26,NA,NA,NA,NA,NA,NA
hh_9410,59,23,NA,NA,NA,NA,NA,NA
hh_9411,57,62,NA,NA,NA,NA,NA,NA
hh_9413,44,20,NA,NA,NA,NA,NA,NA
hh_9415,63,NA,NA,NA,NA,NA,NA,NA
hh_9416,35,35,NA,NA,NA,NA,NA,NA
hh_9417,46,18,16,NA,NA,NA,NA,NA
hh_9418,44,17,15,14,NA,NA,NA,NA
hh_9419,2,32,NA,NA,NA,NA,NA,NA
hh_9420,44,NA,NA,NA,NA,NA,NA,NA
hh_9421,44,16,59,NA,NA,NA,NA,NA
hh_9422,44,NA,NA,NA,NA,NA,NA,NA
hh_9424,66,NA,NA,NA,NA,NA,NA,NA
hh_9426,26,NA,NA,NA,NA,NA,NA,NA
hh_9427,46,17,NA,NA,NA,NA,NA,NA
hh_9428,39,36,NA,NA,NA,NA,NA,NA
hh_9430,28,22,NA,NA,NA,NA,NA,NA
hh_9431,38,5,3,NA,NA,NA,NA,NA
hh_9432,61,17,NA,NA,NA,NA,NA,NA
hh_9433,53,15,18,NA,NA,NA,NA,NA
hh_9434,42,NA,NA,NA,NA,NA,NA,NA
hh_9435,25,NA,NA,NA,NA,NA,NA,NA
hh_9436,59,20,NA,NA,NA,NA,NA,NA
hh_9437,50,NA,NA,NA,NA,NA,NA,NA
hh_9438,37,31,8,NA,NA,NA,NA,NA
hh_9440,74,NA,NA,NA,NA,NA,NA,NA
hh_9441,74,NA,NA,NA,NA,NA,NA,NA
hh_9442,56,61,NA,NA,NA,NA,NA,NA
hh_9443,29,NA,NA,NA,NA,NA,NA,NA
hh_9445,44,NA,NA,NA,NA,NA,NA,NA
hh_9446,53,14,14,NA,NA,NA,NA,NA
hh_9448,41,12,9,NA,NA,NA,NA,NA
hh_9449,60,NA,NA,NA,NA,NA,NA,NA
hh_9450,35,18,16,5,NA,NA,NA,NA
hh_9451,60,NA,NA,NA,NA,NA,NA,NA
hh_9452,28,26,NA,NA,NA,NA,NA,NA
hh_9453,26,24,23,21,19,16,57,NA
hh_9455,15,NA,NA,NA,NA,NA,NA,NA
hh_9456,25,9,5,NA,NA,NA,NA,NA
hh_9457,42,24,3,NA,NA,NA,NA,NA
hh_9458,25,NA,NA,NA,NA,NA,NA,NA
hh_9459,57,NA,NA,NA,NA,NA,NA,NA
hh_9462,27,24,NA,NA,NA,NA,NA,NA
hh_9465,11,35,5,4,NA,NA,NA,NA
hh_9467,46,9,7,NA,NA,NA,NA,NA
hh_9468,26,NA,NA,NA,NA,NA,NA,NA
hh_9470,41,8,7,NA,NA,NA,NA,NA
hh_9471,61,60,NA,NA,NA,NA,NA,NA
hh_9472,35,NA,NA,NA,NA,NA,NA,NA
hh_9473,61,NA,NA,NA,NA,NA,NA,NA
hh_9474,30,5,3,NA,NA,NA,NA,NA
hh_9475,63,66,NA,NA,NA,NA,NA,NA
hh_9476,83,79,NA,NA,NA,NA,NA,NA
hh_9477,26,NA,NA,NA,NA,NA,NA,NA
hh_9478,37,34,9,NA,NA,NA,NA,NA
hh_9479,NA,NA,NA,NA,NA,NA,NA,NA
hh_9480,41,10,5,NA,NA,NA,NA,NA
hh_9481,62,NA,NA,NA,NA,NA,NA,NA
hh_9483,55,57,NA,NA,NA,NA,NA,NA
hh_9484,9,7,39,NA,NA,NA,NA,NA
hh_9485,52,14,12,NA,NA,NA,NA,NA
hh_9486,45,9,7,NA,NA,NA,NA,NA
hh_9487,30,NA,NA,NA,NA,NA,NA,NA
hh_9488,62,60,NA,NA,NA,NA,NA,NA
hh_9489,12,9,50,NA,NA,NA,NA,NA
hh_9490,71,NA,NA,NA,NA,NA,NA,NA
hh_9491,47,13,49,16,NA,NA,NA,NA
hh_9492,30,NA,NA,NA,NA,NA,NA,NA
hh_9494,14,2,NA,NA,NA,NA,NA,NA
hh_9495,39,8,6,2,NA,NA,NA,NA
hh_9496,60,61,21,NA,NA,NA,NA,NA
hh_9497,24,4,2,NA,NA,NA,NA,NA
hh_9498,68,65,NA,NA,NA,NA,NA,NA
hh_9499,26,NA,NA,NA,NA,NA,NA,NA
hh_9500,33,9,13,NA,NA,NA,NA,NA
hh_9502,10,13,16,17,47,41,NA,NA
hh_9503,44,NA,NA,NA,NA,NA,NA,NA
hh_9504,20,55,59,NA,NA,NA,NA,NA
hh_9506,37,NA,NA,NA,NA,NA,NA,NA
hh_9507,13,13,NA,NA,NA,NA,NA,NA
hh_9508,34,NA,NA,NA,NA,NA,NA,NA
hh_9509,45,14,8,40,NA,NA,NA,NA
hh_9510,38,9,5,NA,NA,NA,NA,NA
hh_9511,66,63,NA,NA,NA,NA,NA,NA
hh_9512,51,NA,NA,NA,NA,NA,NA,NA
hh_9513,19,16,13,54,NA,NA,NA,NA
hh_9515,69,NA,NA,NA,NA,NA,NA,NA
hh_9516,64,NA,NA,NA,NA,NA,NA,NA
hh_9517,50,24,NA,NA,NA,NA,NA,NA
hh_9518,37,37,NA,NA,NA,NA,NA,NA
hh_9519,22,43,17,NA,NA,NA,NA,NA
hh_9520,42,13,6,NA,NA,NA,NA,NA
hh_9521,2,28,28,NA,NA,NA,NA,NA
hh_9522,30,NA,NA,NA,NA,NA,NA,NA
hh_9523,60,56,NA,NA,NA,NA,NA,NA
hh_9524,36,NA,NA,NA,NA,NA,NA,NA
hh_9525,72,NA,NA,NA,NA,NA,NA,NA
hh_9526,78,75,47,NA,NA,NA,NA,NA
hh_9527,26,5,3,NA,NA,NA,NA,NA
hh_9528,32,34,NA,NA,NA,NA,NA,NA
hh_9530,42,2,NA,NA,NA,NA,NA,NA
hh_9531,47,NA,NA,NA,NA,NA,NA,NA
hh_9533,78,NA,NA,NA,NA,NA,NA,NA
hh_9534,59,NA,NA,NA,NA,NA,NA,NA
hh_9535,63,NA,NA,NA,NA,NA,NA,NA
hh_9538,67,NA,NA,NA,NA,NA,NA,NA
hh_9539,62,NA,NA,NA,NA,NA,NA,NA
hh_9540,50,53,NA,NA,NA,NA,NA,NA
hh_9541,72,NA,NA,NA,NA,NA,NA,NA
hh_9544,32,13,9,NA,NA,NA,NA,NA
hh_9545,31,NA,NA,NA,NA,NA,NA,NA
hh_9547,46,41,15,9,NA,NA,NA,NA
hh_9548,56,26,23,18,NA,NA,NA,NA
hh_9549,78,NA,NA,NA,NA,NA,NA,NA
hh_9550,54,16,15,NA,NA,NA,NA,NA
hh_9551,61,NA,NA,NA,NA,NA,NA,NA
hh_9552,51,6,4,NA,NA,NA,NA,NA
hh_9553,67,NA,NA,NA,NA,NA,NA,NA
hh_9555,58,NA,NA,NA,NA,NA,NA,NA
hh_9556,49,NA,NA,NA,NA,NA,NA,NA
hh_9557,50,19,NA,NA,NA,NA,NA,NA
hh_9558,65,NA,NA,NA,NA,NA,NA,NA
hh_9559,1,27,NA,NA,NA,NA,NA,NA
hh_9561,19,17,NA,NA,NA,NA,NA,NA
hh_9563,52,27,NA,NA,NA,NA,NA,NA
hh_9564,46,NA,NA,NA,NA,NA,NA,NA
hh_9565,48,56,NA,NA,NA,NA,NA,NA
hh_9566,67,25,NA,NA,NA,NA,NA,NA
hh_9567,56,NA,NA,NA,NA,NA,NA,NA
hh_9568,61,26,NA,NA,NA,NA,NA,NA
hh_9569,44,NA,NA,NA,NA,NA,NA,NA
hh_9570,58,NA,NA,NA,NA,NA,NA,NA
hh_9571,62,NA,NA,NA,NA,NA,NA,NA
hh_9572,20,NA,NA,NA,NA,NA,NA,NA
hh_9573,64,30,NA,NA,NA,NA,NA,NA
hh_9574,37,32,NA,NA,NA,NA,NA,NA
hh_9575,46,NA,NA,NA,NA,NA,NA,NA
hh_9576,54,NA,NA,NA,NA,NA,NA,NA
hh_9577,21,42,50,66,NA,NA,NA,NA
hh_9578,19,48,NA,NA,NA,NA,NA,NA
hh_9580,39,19,14,NA,NA,NA,NA,NA
hh_9581,43,17,9,NA,NA,NA,NA,NA
hh_9582,64,28,NA,NA,NA,NA,NA,NA
hh_9585,36,14,12,NA,NA,NA,NA,NA
hh_9586,13,NA,NA,NA,NA,NA,NA,NA
hh_9587,11,14,29,59,NA,NA,NA,NA
hh_9588,24,NA,NA,NA,NA,NA,NA,NA
hh_9589,61,31,21,19,NA,NA,NA,NA
hh_9590,76,NA,NA,NA,NA,NA,NA,NA
hh_9592,27,NA,NA,NA,NA,NA,NA,NA
hh_9593,64,36,33,NA,NA,NA,NA,NA
hh_9594,45,NA,NA,NA,NA,NA,NA,NA
hh_9595,57,22,18,NA,NA,NA,NA,NA
hh_9596,83,NA,NA,NA,NA,NA,NA,NA
hh_9597,43,19,16,NA,NA,NA,NA,NA
hh_9599,59,NA,NA,NA,NA,NA,NA,NA
hh_9600,57,55,NA,NA,NA,NA,NA,NA
hh_9602,28,22,28,26,NA,NA,NA,NA
hh_9603,62,NA,NA,NA,NA,NA,NA,NA
hh_9604,60,27,22,NA,NA,NA,NA,NA
hh_9605,77,79,NA,NA,NA,NA,NA,NA
hh_9607,65,15,13,4,45,NA,NA,NA
hh_9608,55,20,NA,NA,NA,NA,NA,NA
hh_9609,43,NA,NA,NA,NA,NA,NA,NA
hh_9610,40,57,20,NA,NA,NA,NA,NA
hh_9612,73,NA,NA,NA,NA,NA,NA,NA
hh_9613,60,NA,NA,NA,NA,NA,NA,NA
hh_9614,58,NA,NA,NA,NA,NA,NA,NA
hh_9615,19,21,NA,NA,NA,NA,NA,NA
hh_9618,2,NA,NA,NA,NA,NA,NA,NA
hh_9619,49,11,9,NA,NA,NA,NA,NA
hh_9620,5,6,NA,NA,NA,NA,NA,NA
hh_9624,7,2,NA,NA,NA,NA,NA,NA
hh_9625,54,NA,NA,NA,NA,NA,NA,NA
hh_9629,67,NA,NA,NA,NA,NA,NA,NA
hh_9630,72,NA,NA,NA,NA,NA,NA,NA
hh_9631,83,NA,NA,NA,NA,NA,NA,NA
hh_9632,70,57,20,25,NA,NA,NA,NA
hh_9633,16,48,20,NA,NA,NA,NA,NA
hh_9634,57,NA,NA,NA,NA,NA,NA,NA
hh_9636,57,NA,NA,NA,NA,NA,NA,NA
hh_9637,59,25,NA,NA,NA,NA,NA,NA
hh_9638,8,16,22,NA,NA,NA,NA,NA
hh_9639,52,12,NA,NA,NA,NA,NA,NA
hh_9640,30,NA,NA,NA,NA,NA,NA,NA
hh_9642,58,NA,NA,NA,NA,NA,NA,NA
hh_9643,54,NA,NA,NA,NA,NA,NA,NA
hh_9644,17,NA,NA,NA,NA,NA,NA,NA
hh_9645,90,NA,NA,NA,NA,NA,NA,NA
hh_9646,73,NA,NA,NA,NA,NA,NA,NA
hh_9647,19,51,50,NA,NA,NA,NA,NA
hh_9648,35,NA,NA,NA,NA,NA,NA,NA
hh_9649,22,20,18,NA,NA,NA,NA,NA
hh_9650,40,NA,NA,NA,NA,NA,NA,NA
hh_9652,2,20,NA,NA,NA,NA,NA,NA
hh_9655,58,NA,NA,NA,NA,NA,NA,NA
hh_9656,60,NA,NA,NA,NA,NA,NA,NA
hh_9657,56,24,NA,NA,NA,NA,NA,NA
hh_9660,63,NA,NA,NA,NA,NA,NA,NA
hh_9661,90,NA,NA,NA,NA,NA,NA,NA
hh_9662,66,69,NA,NA,NA,NA,NA,NA
hh_9664,71,NA,NA,NA,NA,NA,NA,NA
hh_9665,71,NA,NA,NA,NA,NA,NA,NA
hh_9666,21,NA,NA,NA,NA,NA,NA,NA
hh_9667,70,NA,NA,NA,NA,NA,NA,NA
hh_9669,73,NA,NA,NA,NA,NA,NA,NA
hh_9670,80,NA,NA,NA,NA,NA,NA,NA
hh_9671,73,NA,NA,NA,NA,NA,NA,NA
hh_9672,65,NA,NA,NA,NA,NA,NA,NA
hh_9673,35,29,28,NA,NA,NA,NA,NA
hh_9675,53,NA,NA,NA,NA,NA,NA,NA
hh_1,32,NA,NA,NA,NA,NA,NA,NA
hh_2,79,NA,NA,NA,NA,NA,NA,NA
hh_3,6,38,80,33,NA,NA,NA,NA
hh_4,29,4,8,NA,NA,NA,NA,NA
hh_5,20,NA,NA,NA,NA,NA,NA,NA
hh_6,59,17,NA,NA,NA,NA,NA,NA
hh_7,39,NA,NA,NA,NA,NA,NA,NA
hh_8,34,4,NA,NA,NA,NA,NA,NA
hh_9,66,65,NA,NA,NA,NA,NA,NA
hh_11,64,21,8,21,17,NA,NA,NA
hh_14,27,32,NA,NA,NA,NA,NA,NA
hh_15,46,15,NA,NA,NA,NA,NA,NA
hh_16,24,NA,NA,NA,NA,NA,NA,NA
hh_17,30,27,NA,NA,NA,NA,NA,NA
hh_22,46,11,NA,NA,NA,NA,NA,NA
hh_23,25,25,NA,NA,NA,NA,NA,NA
hh_24,39,15,12,9,NA,NA,NA,NA
hh_25,31,NA,NA,NA,NA,NA,NA,NA
hh_26,33,NA,NA,NA,NA,NA,NA,NA
hh_27,26,6,1,7,NA,NA,NA,NA
hh_28,8,NA,NA,NA,NA,NA,NA,NA
hh_29,48,48,NA,NA,NA,NA,NA,NA
hh_30,16,NA,NA,NA,NA,NA,NA,NA
hh_31,62,20,NA,NA,NA,NA,NA,NA
hh_33,7,28,5,NA,NA,NA,NA,NA
hh_34,33,NA,NA,NA,NA,NA,NA,NA
hh_35,38,31,9,NA,NA,NA,NA,NA
hh_36,34,37,2,NA,NA,NA,NA,NA
hh_37,23,22,3,NA,NA,NA,NA,NA
hh_38,60,12,NA,NA,NA,NA,NA,NA
hh_39,66,NA,NA,NA,NA,NA,NA,NA
hh_40,1,NA,NA,NA,NA,NA,NA,NA
hh_41,25,1,NA,NA,NA,NA,NA,NA
hh_42,27,4,2,NA,NA,NA,NA,NA
hh_44,34,NA,NA,NA,NA,NA,NA,NA
hh_45,73,67,38,NA,NA,NA,NA,NA
hh_46,69,40,NA,NA,NA,NA,NA,NA
hh_48,63,18,NA,NA,NA,NA,NA,NA
hh_49,58,27,24,NA,NA,NA,NA,NA
hh_50,59,18,NA,NA,NA,NA,NA,NA
hh_52,40,NA,NA,NA,NA,NA,NA,NA
hh_53,48,25,21,4,NA,NA,NA,NA
hh_55,30,17,15,NA,NA,NA,NA,NA
hh_56,28,NA,NA,NA,NA,NA,NA,NA
hh_57,43,NA,NA,NA,NA,NA,NA,NA
hh_58,11,5,NA,NA,NA,NA,NA,NA
hh_59,61,NA,NA,NA,NA,NA,NA,NA
hh_60,56,NA,NA,NA,NA,NA,NA,NA
hh_61,35,NA,NA,NA,NA,NA,NA,NA
hh_62,35,5,73,70,NA,NA,NA,NA
hh_63,NA,NA,NA,NA,NA,NA,NA,NA
hh_64,46,19,NA,NA,NA,NA,NA,NA
hh_66,59,NA,NA,NA,NA,NA,NA,NA
hh_67,48,52,NA,NA,NA,NA,NA,NA
hh_68,32,15,10,NA,NA,NA,NA,NA
hh_69,46,15,10,NA,NA,NA,NA,NA
hh_70,36,NA,NA,NA,NA,NA,NA,NA
hh_71,54,52,NA,NA,NA,NA,NA,NA
hh_72,36,14,12,NA,NA,NA,NA,NA
hh_73,26,NA,NA,NA,NA,NA,NA,NA
hh_74,10,12,24,25,18,NA,NA,NA
hh_75,35,2,32,NA,NA,NA,NA,NA
hh_77,32,4,NA,NA,NA,NA,NA,NA
hh_78,38,NA,NA,NA,NA,NA,NA,NA
hh_79,24,29,NA,NA,NA,NA,NA,NA
hh_80,21,NA,NA,NA,NA,NA,NA,NA
hh_81,30,7,6,NA,NA,NA,NA,NA
hh_82,43,8,5,NA,NA,NA,NA,NA
hh_83,10,35,37,NA,NA,NA,NA,NA
hh_86,32,6,10,29,NA,NA,NA,NA
hh_89,47,14,11,NA,NA,NA,NA,NA
hh_90,40,15,NA,NA,NA,NA,NA,NA
hh_91,30,NA,NA,NA,NA,NA,NA,NA
hh_92,19,NA,NA,NA,NA,NA,NA,NA
hh_93,1,38,NA,NA,NA,NA,NA,NA
hh_94,35,13,10,NA,NA,NA,NA,NA
hh_95,62,49,NA,NA,NA,NA,NA,NA
hh_96,35,12,NA,NA,NA,NA,NA,NA
hh_97,71,NA,NA,NA,NA,NA,NA,NA
hh_99,38,NA,NA,NA,NA,NA,NA,NA
hh_100,67,NA,NA,NA,NA,NA,NA,NA
hh_101,36,5,4,42,NA,NA,NA,NA
hh_103,39,13,5,NA,NA,NA,NA,NA
hh_104,55,60,45,40,31,NA,NA,NA
hh_107,6,23,NA,NA,NA,NA,NA,NA
hh_110,60,NA,NA,NA,NA,NA,NA,NA
hh_111,59,NA,NA,NA,NA,NA,NA,NA
hh_112,1,24,26,NA,NA,NA,NA,NA
hh_113,13,50,45,NA,NA,NA,NA,NA
hh_114,30,32,NA,NA,NA,NA,NA,NA
hh_115,26,NA,NA,NA,NA,NA,NA,NA
hh_116,50,18,14,NA,NA,NA,NA,NA
hh_117,35,NA,NA,NA,NA,NA,NA,NA
hh_118,40,NA,NA,NA,NA,NA,NA,NA
hh_119,43,NA,NA,NA,NA,NA,NA,NA
hh_121,25,27,13,5,32,NA,NA,NA
hh_122,20,36,2,4,NA,NA,NA,NA
hh_123,75,NA,NA,NA,NA,NA,NA,NA
hh_124,36,7,4,1,NA,NA,NA,NA
hh_125,68,NA,NA,NA,NA,NA,NA,NA
hh_126,66,NA,NA,NA,NA,NA,NA,NA
hh_127,66,NA,NA,NA,NA,NA,NA,NA
hh_128,29,3,1,NA,NA,NA,NA,NA
hh_132,64,NA,NA,NA,NA,NA,NA,NA
hh_133,38,16,NA,NA,NA,NA,NA,NA
hh_134,50,NA,NA,NA,NA,NA,NA,NA
hh_135,59,NA,NA,NA,NA,NA,NA,NA
hh_136,6,NA,NA,NA,NA,NA,NA,NA
hh_137,15,NA,NA,NA,NA,NA,NA,NA
hh_138,51,22,NA,NA,NA,NA,NA,NA
hh_139,6,NA,NA,NA,NA,NA,NA,NA
hh_140,49,16,NA,NA,NA,NA,NA,NA
hh_141,20,20,19,18,19,NA,NA,NA
hh_143,61,NA,NA,NA,NA,NA,NA,NA
hh_144,38,7,4,NA,NA,NA,NA,NA
hh_146,75,70,NA,NA,NA,NA,NA,NA
hh_148,48,16,23,NA,NA,NA,NA,NA
hh_149,50,18,14,10,6,NA,NA,NA
hh_150,53,NA,NA,NA,NA,NA,NA,NA
hh_152,38,5,NA,NA,NA,NA,NA,NA
hh_154,32,NA,NA,NA,NA,NA,NA,NA
hh_155,38,35,NA,NA,NA,NA,NA,NA
hh_156,31,NA,NA,NA,NA,NA,NA,NA
hh_157,57,4,NA,NA,NA,NA,NA,NA
hh_158,58,NA,NA,NA,NA,NA,NA,NA
hh_159,60,34,26,NA,NA,NA,NA,NA
hh_160,56,18,NA,NA,NA,NA,NA,NA
hh_161,6,6,7,5,47,NA,NA,NA
hh_162,38,9,6,NA,NA,NA,NA,NA
hh_163,51,11,NA,NA,NA,NA,NA,NA
hh_165,67,NA,NA,NA,NA,NA,NA,NA
hh_166,9,11,44,NA,NA,NA,NA,NA
hh_168,44,9,1,NA,NA,NA,NA,NA
hh_170,57,NA,NA,NA,NA,NA,NA,NA
hh_171,80,NA,NA,NA,NA,NA,NA,NA
hh_172,52,38,15,20,70,72,NA,NA
hh_174,58,18,NA,NA,NA,NA,NA,NA
hh_176,34,4,1,NA,NA,NA,NA,NA
hh_178,16,14,11,NA,NA,NA,NA,NA
hh_179,53,NA,NA,NA,NA,NA,NA,NA
hh_180,61,28,NA,NA,NA,NA,NA,NA
hh_181,66,NA,NA,NA,NA,NA,NA,NA
hh_182,17,10,6,NA,NA,NA,NA,NA
hh_184,57,53,18,22,NA,NA,NA,NA
hh_185,53,NA,NA,NA,NA,NA,NA,NA
hh_187,48,21,19,NA,NA,NA,NA,NA
hh_188,54,27,23,NA,NA,NA,NA,NA
hh_189,52,37,25,NA,NA,NA,NA,NA
hh_190,36,NA,NA,NA,NA,NA,NA,NA
hh_192,35,14,8,NA,NA,NA,NA,NA
hh_193,60,24,NA,NA,NA,NA,NA,NA
hh_194,8,38,14,NA,NA,NA,NA,NA
hh_195,36,9,6,NA,NA,NA,NA,NA
hh_196,60,NA,NA,NA,NA,NA,NA,NA
hh_199,62,45,NA,NA,NA,NA,NA,NA
hh_200,55,23,62,22,NA,NA,NA,NA
hh_201,64,NA,NA,NA,NA,NA,NA,NA
hh_202,37,37,NA,NA,NA,NA,NA,NA
hh_203,47,19,12,NA,NA,NA,NA,NA
hh_204,50,14,12,NA,NA,NA,NA,NA
hh_205,27,NA,NA,NA,NA,NA,NA,NA
hh_206,41,NA,NA,NA,NA,NA,NA,NA
hh_209,45,53,16,NA,NA,NA,NA,NA
hh_210,85,40,3,NA,NA,NA,NA,NA
hh_211,53,NA,NA,NA,NA,NA,NA,NA
hh_212,61,46,14,NA,NA,NA,NA,NA
hh_213,14,40,12,9,NA,NA,NA,NA
hh_214,52,22,NA,NA,NA,NA,NA,NA
hh_215,64,NA,NA,NA,NA,NA,NA,NA
hh_216,37,18,17,15,NA,NA,NA,NA
hh_218,66,NA,NA,NA,NA,NA,NA,NA
hh_220,20,53,NA,NA,NA,NA,NA,NA
hh_221,71,NA,NA,NA,NA,NA,NA,NA
hh_222,39,NA,NA,NA,NA,NA,NA,NA
hh_224,60,NA,NA,NA,NA,NA,NA,NA
hh_225,26,NA,NA,NA,NA,NA,NA,NA
hh_226,53,NA,NA,NA,NA,NA,NA,NA
hh_227,61,NA,NA,NA,NA,NA,NA,NA
hh_228,26,24,NA,NA,NA,NA,NA,NA
hh_229,35,6,3,NA,NA,NA,NA,NA
hh_231,14,NA,NA,NA,NA,NA,NA,NA
hh_233,45,45,21,20,18,NA,NA,NA
hh_236,49,53,NA,NA,NA,NA,NA,NA
hh_237,62,33,NA,NA,NA,NA,NA,NA
hh_238,59,NA,NA,NA,NA,NA,NA,NA
hh_239,54,25,NA,NA,NA,NA,NA,NA
hh_240,45,18,15,8,NA,NA,NA,NA
hh_242,41,NA,NA,NA,NA,NA,NA,NA
hh_243,41,3,1,NA,NA,NA,NA,NA
hh_244,12,9,40,76,80,NA,NA,NA
hh_245,21,52,NA,NA,NA,NA,NA,NA
hh_246,26,7,5,NA,NA,NA,NA,NA
hh_247,13,NA,NA,NA,NA,NA,NA,NA
hh_249,18,NA,NA,NA,NA,NA,NA,NA
hh_251,50,48,33,20,NA,NA,NA,NA
hh_253,42,15,NA,NA,NA,NA,NA,NA
hh_254,58,13,NA,NA,NA,NA,NA,NA
hh_255,64,31,23,NA,NA,NA,NA,NA
hh_256,21,20,NA,NA,NA,NA,NA,NA
hh_257,14,NA,NA,NA,NA,NA,NA,NA
hh_258,58,57,29,27,NA,NA,NA,NA
hh_259,2,1,NA,NA,NA,NA,NA,NA
hh_260,14,NA,NA,NA,NA,NA,NA,NA
hh_261,51,18,16,NA,NA,NA,NA,NA
hh_262,68,NA,NA,NA,NA,NA,NA,NA
hh_264,22,11,NA,NA,NA,NA,NA,NA
hh_265,12,10,6,4,40,NA,NA,NA
hh_267,26,NA,NA,NA,NA,NA,NA,NA
hh_269,20,15,47,NA,NA,NA,NA,NA
hh_270,56,23,53,NA,NA,NA,NA,NA
hh_271,60,NA,NA,NA,NA,NA,NA,NA
hh_272,49,28,22,13,NA,NA,NA,NA
hh_273,58,NA,NA,NA,NA,NA,NA,NA
hh_275,73,21,NA,NA,NA,NA,NA,NA
hh_276,80,76,NA,NA,NA,NA,NA,NA
hh_277,50,20,11,17,11,74,52,NA
hh_278,49,49,49,NA,NA,NA,NA,NA
hh_279,60,17,NA,NA,NA,NA,NA,NA
hh_280,50,16,NA,NA,NA,NA,NA,NA
hh_281,18,NA,NA,NA,NA,NA,NA,NA
hh_283,56,NA,NA,NA,NA,NA,NA,NA
hh_284,8,NA,NA,NA,NA,NA,NA,NA
hh_286,66,NA,NA,NA,NA,NA,NA,NA
hh_287,69,NA,NA,NA,NA,NA,NA,NA
hh_288,44,5,3,NA,NA,NA,NA,NA
hh_289,55,NA,NA,NA,NA,NA,NA,NA
hh_290,52,NA,NA,NA,NA,NA,NA,NA
hh_291,50,20,1,NA,NA,NA,NA,NA
hh_292,31,NA,NA,NA,NA,NA,NA,NA
hh_293,15,11,NA,NA,NA,NA,NA,NA
hh_294,73,NA,NA,NA,NA,NA,NA,NA
hh_297,50,16,NA,NA,NA,NA,NA,NA
hh_298,66,NA,NA,NA,NA,NA,NA,NA
hh_299,74,44,NA,NA,NA,NA,NA,NA
hh_300,17,NA,NA,NA,NA,NA,NA,NA
hh_301,64,25,NA,NA,NA,NA,NA,NA
hh_302,20,NA,NA,NA,NA,NA,NA,NA
hh_304,57,NA,NA,NA,NA,NA,NA,NA
hh_308,64,NA,NA,NA,NA,NA,NA,NA
hh_309,65,56,NA,NA,NA,NA,NA,NA
hh_310,60,28,NA,NA,NA,NA,NA,NA
hh_312,53,17,NA,NA,NA,NA,NA,NA
hh_313,52,NA,NA,NA,NA,NA,NA,NA
hh_314,63,NA,NA,NA,NA,NA,NA,NA
hh_315,65,NA,NA,NA,NA,NA,NA,NA
hh_316,63,NA,NA,NA,NA,NA,NA,NA
hh_317,69,NA,NA,NA,NA,NA,NA,NA
hh_319,55,28,25,23,NA,NA,NA,NA
hh_391,63,NA,NA,NA,NA,NA,NA,NA
hh_392,24,NA,NA,NA,NA,NA,NA,NA
hh_393,33,15,8,NA,NA,NA,NA,NA
hh_394,11,25,NA,NA,NA,NA,NA,NA
hh_395,24,24,NA,NA,NA,NA,NA,NA
hh_397,58,29,NA,NA,NA,NA,NA,NA
hh_398,71,NA,NA,NA,NA,NA,NA,NA
hh_399,16,11,NA,NA,NA,NA,NA,NA
hh_401,17,55,52,75,26,NA,NA,NA
hh_402,69,33,31,32,NA,NA,NA,NA
hh_403,45,45,NA,NA,NA,NA,NA,NA
hh_404,20,NA,NA,NA,NA,NA,NA,NA
hh_405,15,7,3,NA,NA,NA,NA,NA
hh_406,69,NA,NA,NA,NA,NA,NA,NA
hh_409,40,15,11,NA,NA,NA,NA,NA
hh_410,32,NA,NA,NA,NA,NA,NA,NA
hh_412,23,22,NA,NA,NA,NA,NA,NA
hh_413,61,31,28,NA,NA,NA,NA,NA
hh_414,67,37,NA,NA,NA,NA,NA,NA
hh_415,15,25,NA,NA,NA,NA,NA,NA
hh_416,69,NA,NA,NA,NA,NA,NA,NA
hh_417,39,8,14,NA,NA,NA,NA,NA
hh_418,50,17,NA,NA,NA,NA,NA,NA
hh_419,72,39,NA,NA,NA,NA,NA,NA
hh_420,30,2,NA,NA,NA,NA,NA,NA
hh_424,47,NA,NA,NA,NA,NA,NA,NA
hh_426,53,14,12,NA,NA,NA,NA,NA
hh_427,43,10,8,NA,NA,NA,NA,NA
hh_428,58,NA,NA,NA,NA,NA,NA,NA
hh_429,19,17,NA,NA,NA,NA,NA,NA
hh_430,54,NA,NA,NA,NA,NA,NA,NA
hh_431,30,NA,NA,NA,NA,NA,NA,NA
hh_432,44,NA,NA,NA,NA,NA,NA,NA
hh_434,36,NA,NA,NA,NA,NA,NA,NA
hh_435,39,NA,NA,NA,NA,NA,NA,NA
hh_436,44,20,49,NA,NA,NA,NA,NA
hh_437,40,NA,NA,NA,NA,NA,NA,NA
hh_439,53,55,23,NA,NA,NA,NA,NA
hh_440,25,5,3,NA,NA,NA,NA,NA
hh_441,55,NA,NA,NA,NA,NA,NA,NA
hh_442,4,1,46,NA,NA,NA,NA,NA
hh_445,22,28,22,NA,NA,NA,NA,NA
hh_446,11,16,NA,NA,NA,NA,NA,NA
hh_447,34,35,NA,NA,NA,NA,NA,NA
hh_448,2,NA,NA,NA,NA,NA,NA,NA
hh_450,35,34,23,9,3,NA,NA,NA
hh_451,57,26,19,NA,NA,NA,NA,NA
hh_452,40,9,7,NA,NA,NA,NA,NA
hh_453,49,73,NA,NA,NA,NA,NA,NA
hh_454,72,NA,NA,NA,NA,NA,NA,NA
hh_456,22,NA,NA,NA,NA,NA,NA,NA
hh_457,28,NA,NA,NA,NA,NA,NA,NA
hh_458,52,52,21,15,NA,NA,NA,NA
hh_459,75,NA,NA,NA,NA,NA,NA,NA
hh_460,74,NA,NA,NA,NA,NA,NA,NA
hh_461,NA,NA,NA,NA,NA,NA,NA,NA
hh_462,5,31,NA,NA,NA,NA,NA,NA
hh_463,78,NA,NA,NA,NA,NA,NA,NA
hh_464,15,17,13,49,NA,NA,NA,NA
hh_467,18,NA,NA,NA,NA,NA,NA,NA
hh_468,49,15,NA,NA,NA,NA,NA,NA
hh_469,17,13,NA,NA,NA,NA,NA,NA
hh_470,57,NA,NA,NA,NA,NA,NA,NA
hh_471,46,10,7,70,NA,NA,NA,NA
hh_472,60,NA,NA,NA,NA,NA,NA,NA
hh_473,32,NA,NA,NA,NA,NA,NA,NA
hh_474,59,NA,NA,NA,NA,NA,NA,NA
hh_476,60,NA,NA,NA,NA,NA,NA,NA
hh_478,27,5,3,29,NA,NA,NA,NA
hh_479,35,10,6,3,NA,NA,NA,NA
hh_481,30,35,NA,NA,NA,NA,NA,NA
hh_482,46,NA,NA,NA,NA,NA,NA,NA
hh_483,24,3,NA,NA,NA,NA,NA,NA
hh_484,24,NA,NA,NA,NA,NA,NA,NA
hh_485,21,13,53,46,NA,NA,NA,NA
hh_486,70,NA,NA,NA,NA,NA,NA,NA
hh_487,54,18,NA,NA,NA,NA,NA,NA
hh_489,54,29,25,20,NA,NA,NA,NA
hh_490,43,16,NA,NA,NA,NA,NA,NA
hh_491,15,NA,NA,NA,NA,NA,NA,NA
hh_492,14,NA,NA,NA,NA,NA,NA,NA
hh_493,34,NA,NA,NA,NA,NA,NA,NA
hh_494,49,18,16,NA,NA,NA,NA,NA
hh_495,50,NA,NA,NA,NA,NA,NA,NA
hh_496,38,71,69,NA,NA,NA,NA,NA
hh_497,36,NA,NA,NA,NA,NA,NA,NA
hh_498,27,6,4,NA,NA,NA,NA,NA
hh_500,30,NA,NA,NA,NA,NA,NA,NA
hh_501,14,48,NA,NA,NA,NA,NA,NA
hh_502,40,NA,NA,NA,NA,NA,NA,NA
hh_504,52,28,NA,NA,NA,NA,NA,NA
hh_505,81,45,6,NA,NA,NA,NA,NA
hh_506,53,NA,NA,NA,NA,NA,NA,NA
hh_507,40,NA,NA,NA,NA,NA,NA,NA
hh_511,51,26,NA,NA,NA,NA,NA,NA
hh_512,65,37,NA,NA,NA,NA,NA,NA
hh_513,61,16,19,18,NA,NA,NA,NA
hh_514,56,NA,NA,NA,NA,NA,NA,NA
hh_516,56,NA,NA,NA,NA,NA,NA,NA
hh_517,30,8,5,2,NA,NA,NA,NA
hh_518,30,37,37,NA,NA,NA,NA,NA
hh_519,80,NA,NA,NA,NA,NA,NA,NA
hh_520,64,94,NA,NA,NA,NA,NA,NA
hh_522,NA,1,NA,NA,NA,NA,NA,NA
hh_523,27,27,27,27,NA,NA,NA,NA
hh_524,37,NA,NA,NA,NA,NA,NA,NA
hh_525,28,NA,NA,NA,NA,NA,NA,NA
hh_526,30,26,NA,NA,NA,NA,NA,NA
hh_527,30,NA,NA,NA,NA,NA,NA,NA
hh_528,38,8,4,NA,NA,NA,NA,NA
hh_530,5,4,18,32,NA,NA,NA,NA
hh_531,64,36,57,NA,NA,NA,NA,NA
hh_533,59,NA,NA,NA,NA,NA,NA,NA
hh_536,10,7,3,42,NA,NA,NA,NA
hh_537,23,14,54,NA,NA,NA,NA,NA
hh_539,76,40,NA,NA,NA,NA,NA,NA
hh_540,64,NA,NA,NA,NA,NA,NA,NA
hh_541,27,13,42,NA,NA,NA,NA,NA
hh_544,52,NA,NA,NA,NA,NA,NA,NA
hh_545,47,14,NA,NA,NA,NA,NA,NA
hh_546,14,16,NA,NA,NA,NA,NA,NA
hh_547,65,NA,NA,NA,NA,NA,NA,NA
hh_548,44,44,15,NA,NA,NA,NA,NA
hh_549,34,7,12,NA,NA,NA,NA,NA
hh_550,38,11,NA,NA,NA,NA,NA,NA
hh_551,16,NA,NA,NA,NA,NA,NA,NA
hh_552,49,14,10,NA,NA,NA,NA,NA
hh_553,41,11,5,NA,NA,NA,NA,NA
hh_555,38,7,5,NA,NA,NA,NA,NA
hh_556,26,49,56,NA,NA,NA,NA,NA
hh_557,46,NA,NA,NA,NA,NA,NA,NA
hh_559,17,26,NA,NA,NA,NA,NA,NA
hh_560,11,NA,NA,NA,NA,NA,NA,NA
hh_562,51,14,NA,NA,NA,NA,NA,NA
hh_563,8,40,NA,NA,NA,NA,NA,NA
hh_564,32,3,14,NA,NA,NA,NA,NA
hh_566,44,13,11,NA,NA,NA,NA,NA
hh_567,14,38,31,NA,NA,NA,NA,NA
hh_568,22,5,NA,NA,NA,NA,NA,NA
hh_570,35,27,NA,NA,NA,NA,NA,NA
hh_571,64,55,24,21,NA,NA,NA,NA
hh_572,70,28,36,NA,NA,NA,NA,NA
hh_573,45,8,4,NA,NA,NA,NA,NA
hh_574,46,40,NA,NA,NA,NA,NA,NA
hh_575,15,11,39,NA,NA,NA,NA,NA
hh_577,34,NA,NA,NA,NA,NA,NA,NA
hh_578,27,2,NA,NA,NA,NA,NA,NA
hh_580,38,NA,NA,NA,NA,NA,NA,NA
hh_581,13,8,NA,NA,NA,NA,NA,NA
hh_582,28,33,59,NA,NA,NA,NA,NA
hh_583,25,55,NA,NA,NA,NA,NA,NA
hh_584,4,10,11,NA,29,NA,NA,NA
hh_585,55,1,1,NA,NA,NA,NA,NA
hh_586,43,14,11,NA,NA,NA,NA,NA
hh_588,7,NA,NA,NA,NA,NA,NA,NA
hh_590,50,4,NA,NA,NA,NA,NA,NA
hh_591,34,NA,NA,NA,NA,NA,NA,NA
hh_592,74,NA,NA,NA,NA,NA,NA,NA
hh_593,74,NA,NA,NA,NA,NA,NA,NA
hh_595,32,9,NA,NA,NA,NA,NA,NA
hh_596,4,34,NA,NA,NA,NA,NA,NA
hh_597,30,6,5,4,6,NA,NA,NA
hh_599,49,NA,NA,NA,NA,NA,NA,NA
hh_600,39,20,NA,NA,NA,NA,NA,NA
hh_601,53,21,18,12,NA,NA,NA,NA
hh_602,33,NA,NA,NA,NA,NA,NA,NA
hh_603,25,27,25,22,NA,NA,NA,NA
hh_604,45,7,49,NA,NA,NA,NA,NA
hh_606,33,9,13,NA,NA,NA,NA,NA
hh_607,32,NA,NA,NA,NA,NA,NA,NA
hh_608,34,10,NA,NA,NA,NA,NA,NA
hh_610,67,NA,NA,NA,NA,NA,NA,NA
hh_614,37,2,NA,NA,NA,NA,NA,NA
hh_615,62,NA,NA,NA,NA,NA,NA,NA
hh_616,27,22,1,NA,NA,NA,NA,NA
hh_617,24,24,7,2,NA,NA,NA,NA
hh_618,8,45,10,NA,NA,NA,NA,NA
hh_619,35,NA,NA,NA,NA,NA,NA,NA
hh_621,50,NA,NA,NA,NA,NA,NA,NA
hh_624,43,NA,NA,NA,NA,NA,NA,NA
hh_625,15,11,9,39,NA,NA,NA,NA
hh_626,40,10,4,NA,NA,NA,NA,NA
hh_627,63,NA,NA,NA,NA,NA,NA,NA
hh_628,30,5,3,7,NA,NA,NA,NA
hh_629,49,NA,NA,NA,NA,NA,NA,NA
hh_630,30,NA,NA,NA,NA,NA,NA,NA
hh_632,27,60,NA,NA,NA,NA,NA,NA
hh_633,47,21,19,8,NA,NA,NA,NA
hh_634,13,56,18,NA,NA,NA,NA,NA
hh_635,21,21,21,21,21,21,NA,NA
hh_636,47,19,17,13,6,NA,NA,NA
hh_637,25,4,NA,NA,NA,NA,NA,NA
hh_638,50,NA,NA,NA,NA,NA,NA,NA
hh_639,35,3,29,NA,NA,NA,NA,NA
hh_641,39,12,10,NA,NA,NA,NA,NA
hh_643,45,24,22,17,NA,NA,NA,NA
hh_644,2,NA,NA,NA,NA,NA,NA,NA
hh_645,62,60,25,NA,NA,NA,NA,NA
hh_646,37,34,14,NA,NA,NA,NA,NA
hh_647,28,7,NA,NA,NA,NA,NA,NA
hh_648,31,5,NA,NA,NA,NA,NA,NA
hh_649,21,53,51,20,NA,NA,NA,NA
hh_650,29,30,NA,NA,NA,NA,NA,NA
hh_651,45,15,11,11,NA,NA,NA,NA
hh_652,54,NA,NA,NA,NA,NA,NA,NA
hh_654,41,43,23,NA,NA,NA,NA,NA
hh_656,16,17,NA,NA,NA,NA,NA,NA
hh_657,62,NA,NA,NA,NA,NA,NA,NA
hh_659,80,76,NA,NA,NA,NA,NA,NA
hh_660,32,NA,NA,NA,NA,NA,NA,NA
hh_662,37,NA,NA,NA,NA,NA,NA,NA
hh_663,44,NA,NA,NA,NA,NA,NA,NA
hh_665,23,58,20,NA,NA,NA,NA,NA
hh_666,11,10,41,NA,NA,NA,NA,NA
hh_667,31,NA,NA,NA,NA,NA,NA,NA
hh_668,42,19,16,NA,NA,NA,NA,NA
hh_670,11,40,38,NA,NA,NA,NA,NA
hh_671,64,NA,NA,NA,NA,NA,NA,NA
hh_672,49,9,NA,NA,NA,NA,NA,NA
hh_674,72,NA,NA,NA,NA,NA,NA,NA
hh_676,8,NA,NA,NA,NA,NA,NA,NA
hh_677,26,22,NA,NA,NA,NA,NA,NA
hh_678,64,NA,NA,NA,NA,NA,NA,NA
hh_679,54,NA,NA,NA,NA,NA,NA,NA
hh_680,56,14,NA,NA,NA,NA,NA,NA
hh_681,47,16,13,NA,NA,NA,NA,NA
hh_682,52,16,16,18,NA,NA,NA,NA
hh_683,67,NA,NA,NA,NA,NA,NA,NA
hh_684,40,13,9,NA,NA,NA,NA,NA
hh_685,19,1,2,NA,NA,NA,NA,NA
hh_687,55,22,NA,NA,NA,NA,NA,NA
hh_689,47,12,9,NA,NA,NA,NA,NA
hh_690,58,16,NA,NA,NA,NA,NA,NA
hh_691,33,16,NA,NA,NA,NA,NA,NA
hh_693,58,32,25,NA,NA,NA,NA,NA
hh_694,51,15,NA,NA,NA,NA,NA,NA
hh_695,10,5,1,50,NA,NA,NA,NA
hh_696,12,NA,NA,NA,NA,NA,NA,NA
hh_698,56,13,NA,NA,NA,NA,NA,NA
hh_699,18,NA,NA,NA,NA,NA,NA,NA
hh_701,57,20,24,NA,NA,NA,NA,NA
hh_702,60,64,NA,NA,NA,NA,NA,NA
hh_704,77,78,NA,NA,NA,NA,NA,NA
hh_705,62,37,24,16,NA,NA,NA,NA
hh_706,85,NA,NA,NA,NA,NA,NA,NA
hh_707,NA,NA,NA,NA,NA,NA,NA,NA
hh_709,59,NA,NA,NA,NA,NA,NA,NA
hh_710,52,15,12,51,NA,NA,NA,NA
hh_711,52,NA,NA,NA,NA,NA,NA,NA
hh_712,57,59,31,NA,NA,NA,NA,NA
hh_714,59,NA,NA,NA,NA,NA,NA,NA
hh_716,39,13,10,5,NA,NA,NA,NA
hh_717,17,12,NA,NA,NA,NA,NA,NA
hh_718,52,28,7,NA,NA,NA,NA,NA
hh_720,48,16,NA,NA,NA,NA,NA,NA
hh_721,61,NA,NA,NA,NA,NA,NA,NA
hh_722,61,NA,NA,NA,NA,NA,NA,NA
hh_723,58,63,NA,NA,NA,NA,NA,NA
hh_724,15,NA,NA,NA,NA,NA,NA,NA
hh_725,45,13,NA,NA,NA,NA,NA,NA
hh_726,63,13,NA,NA,NA,NA,NA,NA
hh_727,57,55,NA,NA,NA,NA,NA,NA
hh_728,20,NA,NA,NA,NA,NA,NA,NA
hh_731,53,8,15,17,NA,NA,NA,NA
hh_732,53,NA,NA,NA,NA,NA,NA,NA
hh_733,64,54,NA,NA,NA,NA,NA,NA
hh_734,3,40,NA,NA,NA,NA,NA,NA
hh_735,58,26,NA,NA,NA,NA,NA,NA
hh_737,65,65,NA,NA,NA,NA,NA,NA
hh_738,17,NA,NA,NA,NA,NA,NA,NA
hh_739,74,NA,NA,NA,NA,NA,NA,NA
hh_740,53,23,53,NA,NA,NA,NA,NA
hh_742,80,68,NA,NA,NA,NA,NA,NA
hh_743,56,NA,NA,NA,NA,NA,NA,NA
hh_745,50,76,NA,NA,NA,NA,NA,NA
hh_746,74,NA,NA,NA,NA,NA,NA,NA
hh_747,40,10,7,NA,NA,NA,NA,NA
hh_748,84,NA,NA,NA,NA,NA,NA,NA
hh_750,5,NA,NA,NA,NA,NA,NA,NA
hh_751,53,32,30,NA,NA,NA,NA,NA
hh_753,55,NA,NA,NA,NA,NA,NA,NA
hh_754,57,23,20,NA,NA,NA,NA,NA
hh_755,82,NA,NA,NA,NA,NA,NA,NA
hh_756,29,27,26,1,NA,NA,NA,NA
hh_757,71,66,NA,NA,NA,NA,NA,NA
hh_758,74,71,NA,NA,NA,NA,NA,NA
hh_759,68,42,42,NA,NA,NA,NA,NA
hh_760,60,20,NA,NA,NA,NA,NA,NA
hh_762,55,NA,NA,NA,NA,NA,NA,NA
hh_764,61,16,NA,NA,NA,NA,NA,NA
hh_765,75,NA,NA,NA,NA,NA,NA,NA
hh_767,57,NA,NA,NA,NA,NA,NA,NA
hh_768,32,NA,NA,NA,NA,NA,NA,NA
hh_769,63,NA,NA,NA,NA,NA,NA,NA
hh_770,55,NA,NA,NA,NA,NA,NA,NA
hh_771,68,NA,NA,NA,NA,NA,NA,NA
hh_772,63,NA,NA,NA,NA,NA,NA,NA
hh_773,NA,NA,NA,NA,NA,NA,NA,NA
hh_775,59,60,NA,NA,NA,NA,NA,NA
hh_777,62,35,NA,NA,NA,NA,NA,NA
hh_779,68,26,NA,NA,NA,NA,NA,NA
hh_780,55,NA,NA,NA,NA,NA,NA,NA
hh_781,74,NA,NA,NA,NA,NA,NA,NA
hh_784,17,25,NA,NA,NA,NA,NA,NA
hh_786,68,NA,NA,NA,NA,NA,NA,NA
hh_787,77,NA,NA,NA,NA,NA,NA,NA
hh_790,73,NA,NA,NA,NA,NA,NA,NA
hh_791,61,NA,NA,NA,NA,NA,NA,NA
hh_792,70,NA,NA,NA,NA,NA,NA,NA
hh_793,35,NA,NA,NA,NA,NA,NA,NA
hh_794,71,NA,NA,NA,NA,NA,NA,NA
hh_795,67,NA,NA,NA,NA,NA,NA,NA
hh_797,56,21,18,57,NA,NA,NA,NA
hh_798,61,NA,NA,NA,NA,NA,NA,NA
hh_799,58,NA,NA,NA,NA,NA,NA,NA
hh_800,70,NA,NA,NA,NA,NA,NA,NA
hh_802,64,NA,NA,NA,NA,NA,NA,NA
hh_803,55,NA,NA,NA,NA,NA,NA,NA
hh_804,65,40,7,NA,NA,NA,NA,NA
hh_870,14,7,NA,NA,NA,NA,NA,NA
hh_871,49,NA,NA,NA,NA,NA,NA,NA
hh_873,25,33,10,50,NA,NA,NA,NA
hh_874,40,14,11,NA,NA,NA,NA,NA
hh_875,54,NA,NA,NA,NA,NA,NA,NA
hh_876,43,5,2,NA,NA,NA,NA,NA
hh_877,68,NA,NA,NA,NA,NA,NA,NA
hh_879,35,6,4,NA,NA,NA,NA,NA
hh_880,5,40,4,NA,NA,NA,NA,NA
hh_882,73,NA,NA,NA,NA,NA,NA,NA
hh_884,1,NA,NA,NA,NA,NA,NA,NA
hh_885,56,27,57,29,NA,NA,NA,NA
hh_887,58,33,NA,NA,NA,NA,NA,NA
hh_888,34,1,17,NA,NA,NA,NA,NA
hh_890,52,NA,NA,NA,NA,NA,NA,NA
hh_891,20,NA,NA,NA,NA,NA,NA,NA
hh_893,61,NA,NA,NA,NA,NA,NA,NA
hh_894,27,5,8,17,NA,NA,NA,NA
hh_895,25,NA,NA,NA,NA,NA,NA,NA
hh_896,50,50,18,NA,NA,NA,NA,NA
hh_897,66,36,NA,NA,NA,NA,NA,NA
hh_898,21,NA,NA,NA,NA,NA,NA,NA
hh_899,42,15,11,NA,NA,NA,NA,NA
hh_901,28,26,NA,NA,NA,NA,NA,NA
hh_902,39,1,NA,NA,NA,NA,NA,NA
hh_903,24,NA,NA,NA,NA,NA,NA,NA
hh_904,71,NA,NA,NA,NA,NA,NA,NA
hh_905,57,NA,NA,NA,NA,NA,NA,NA
hh_906,15,13,47,NA,NA,NA,NA,NA
hh_907,29,8,NA,NA,NA,NA,NA,NA
hh_908,29,5,2,NA,NA,NA,NA,NA
hh_910,41,9,1,NA,NA,NA,NA,NA
hh_913,74,NA,NA,NA,NA,NA,NA,NA
hh_914,32,18,14,NA,NA,NA,NA,NA
hh_915,39,37,14,7,1,67,NA,NA
hh_916,70,NA,NA,NA,NA,NA,NA,NA
hh_917,25,NA,NA,NA,NA,NA,NA,NA
hh_919,41,14,2,NA,NA,NA,NA,NA
hh_920,36,38,8,3,NA,NA,NA,NA
hh_921,25,NA,NA,NA,NA,NA,NA,NA
hh_923,32,NA,NA,NA,NA,NA,NA,NA
hh_924,40,10,2,NA,NA,NA,NA,NA
hh_925,57,13,NA,NA,NA,NA,NA,NA
hh_926,31,NA,NA,NA,NA,NA,NA,NA
hh_927,79,NA,NA,NA,NA,NA,NA,NA
hh_929,51,22,18,NA,NA,NA,NA,NA
hh_930,34,2,NA,NA,NA,NA,NA,NA
hh_932,64,NA,NA,NA,NA,NA,NA,NA
hh_934,50,30,16,NA,NA,NA,NA,NA
hh_935,68,65,NA,NA,NA,NA,NA,NA
hh_936,53,56,19,NA,NA,NA,NA,NA
hh_937,38,NA,NA,NA,NA,NA,NA,NA
hh_938,52,17,NA,NA,NA,NA,NA,NA
hh_940,29,4,3,NA,NA,NA,NA,NA
hh_942,42,12,8,NA,NA,NA,NA,NA
hh_943,28,NA,NA,NA,NA,NA,NA,NA
hh_945,45,22,NA,NA,NA,NA,NA,NA
hh_947,NA,NA,26,25,NA,NA,NA,NA
hh_949,18,36,NA,NA,NA,NA,NA,NA
hh_950,11,NA,NA,NA,NA,NA,NA,NA
hh_951,72,NA,NA,NA,NA,NA,NA,NA
hh_952,40,9,7,NA,NA,NA,NA,NA
hh_953,16,48,54,19,NA,NA,NA,NA
hh_956,36,8,6,4,NA,NA,NA,NA
hh_957,10,22,NA,NA,NA,NA,NA,NA
hh_958,51,14,12,10,NA,NA,NA,NA
hh_959,39,NA,NA,NA,NA,NA,NA,NA
hh_960,6,12,NA,NA,NA,NA,NA,NA
hh_961,3,25,NA,NA,NA,NA,NA,NA
hh_962,70,36,10,NA,NA,NA,NA,NA
hh_963,35,1,NA,NA,NA,NA,NA,NA
hh_964,30,50,1,NA,NA,NA,NA,NA
hh_967,9,NA,NA,NA,NA,NA,NA,NA
hh_968,58,NA,NA,NA,NA,NA,NA,NA
hh_969,54,25,NA,NA,NA,NA,NA,NA
hh_970,14,10,NA,NA,NA,NA,NA,NA
hh_971,26,NA,NA,NA,NA,NA,NA,NA
hh_972,36,NA,NA,NA,NA,NA,NA,NA
hh_973,56,55,NA,NA,NA,NA,NA,NA
hh_974,67,42,39,9,6,50,NA,NA
hh_975,71,NA,NA,NA,NA,NA,NA,NA
hh_976,40,2,NA,NA,NA,NA,NA,NA
hh_978,41,NA,NA,NA,NA,NA,NA,NA
hh_979,59,NA,NA,NA,NA,NA,NA,NA
hh_980,45,NA,NA,NA,NA,NA,NA,NA
hh_981,28,25,27,24,NA,NA,NA,NA
hh_982,30,NA,NA,NA,NA,NA,NA,NA
hh_983,14,48,48,NA,NA,NA,NA,NA
hh_984,37,37,3,3,NA,NA,NA,NA
hh_985,34,9,NA,NA,NA,NA,NA,NA
hh_986,19,20,58,NA,NA,NA,NA,NA
hh_987,36,9,NA,NA,NA,NA,NA,NA
hh_989,56,NA,NA,NA,NA,NA,NA,NA
hh_990,22,57,NA,NA,NA,NA,NA,NA
hh_991,32,4,3,NA,NA,NA,NA,NA
hh_992,45,13,15,NA,NA,NA,NA,NA
hh_993,61,NA,NA,NA,NA,NA,NA,NA
hh_994,46,46,NA,NA,NA,NA,NA,NA
hh_995,50,29,31,NA,NA,NA,NA,NA
hh_996,13,11,NA,NA,NA,NA,NA,NA
hh_998,30,31,25,27,27,24,NA,NA
hh_1000,27,26,25,NA,NA,NA,NA,NA
hh_1001,35,14,43,NA,NA,NA,NA,NA
hh_1002,62,NA,NA,NA,NA,NA,NA,NA
hh_1003,19,NA,NA,NA,NA,NA,NA,NA
hh_1004,41,NA,NA,NA,NA,NA,NA,NA
hh_1005,26,NA,NA,NA,NA,NA,NA,NA
hh_1006,16,12,NA,NA,NA,NA,NA,NA
hh_1007,22,22,31,34,22,22,NA,NA
hh_1008,75,NA,NA,NA,NA,NA,NA,NA
hh_1009,37,4,NA,NA,NA,NA,NA,NA
hh_1011,43,NA,NA,NA,NA,NA,NA,NA
hh_1012,18,38,19,NA,NA,NA,NA,NA
hh_1013,11,NA,NA,NA,NA,NA,NA,NA
hh_1014,77,NA,NA,NA,NA,NA,NA,NA
hh_1015,5,10,35,NA,NA,NA,NA,NA
hh_1016,54,NA,NA,NA,NA,NA,NA,NA
hh_1017,38,12,NA,NA,NA,NA,NA,NA
hh_1020,28,30,34,NA,26,NA,NA,NA
hh_1022,27,NA,NA,NA,NA,NA,NA,NA
hh_1023,48,25,21,12,NA,NA,NA,NA
hh_1024,53,NA,NA,NA,NA,NA,NA,NA
hh_1025,50,NA,NA,NA,NA,NA,NA,NA
hh_1026,66,60,25,NA,NA,NA,NA,NA
hh_1027,48,48,15,13,NA,NA,NA,NA
hh_1028,36,34,72,NA,NA,NA,NA,NA
hh_1029,16,15,18,20,44,NA,NA,NA
hh_1030,39,7,3,NA,NA,NA,NA,NA
hh_1033,62,15,NA,NA,NA,NA,NA,NA
hh_1034,45,59,16,21,2,19,NA,NA
hh_1035,38,3,NA,NA,NA,NA,NA,NA
hh_1036,14,46,NA,NA,NA,NA,NA,NA
hh_1037,62,24,20,NA,NA,NA,NA,NA
hh_1038,59,NA,NA,NA,NA,NA,NA,NA
hh_1040,42,NA,NA,NA,NA,NA,NA,NA
hh_1041,62,11,13,NA,NA,NA,NA,NA
hh_1042,55,13,NA,NA,NA,NA,NA,NA
hh_1044,69,NA,NA,NA,NA,NA,NA,NA
hh_1045,51,13,NA,NA,NA,NA,NA,NA
hh_1046,43,NA,NA,NA,NA,NA,NA,NA
hh_1047,50,NA,NA,NA,NA,NA,NA,NA
hh_1048,30,29,22,NA,NA,NA,NA,NA
hh_1049,31,53,37,NA,NA,NA,NA,NA
hh_1050,20,NA,NA,NA,NA,NA,NA,NA
hh_1051,46,47,NA,NA,NA,NA,NA,NA
hh_1052,40,8,NA,NA,NA,NA,NA,NA
hh_1055,11,5,NA,NA,NA,NA,NA,NA
hh_1056,48,17,NA,NA,NA,NA,NA,NA
hh_1057,18,15,NA,NA,NA,NA,NA,NA
hh_1058,30,13,5,NA,NA,NA,NA,NA
hh_1059,11,NA,NA,NA,NA,NA,NA,NA
hh_1060,34,NA,NA,NA,NA,NA,NA,NA
hh_1061,46,26,NA,NA,NA,NA,NA,NA
hh_1063,10,6,NA,NA,NA,NA,NA,NA
hh_1064,74,74,NA,NA,NA,NA,NA,NA
hh_1066,26,58,20,NA,NA,NA,NA,NA
hh_1068,10,7,40,NA,NA,NA,NA,NA
hh_1069,77,NA,NA,NA,NA,NA,NA,NA
hh_1071,34,34,14,NA,NA,NA,NA,NA
hh_1072,31,59,NA,NA,NA,NA,NA,NA
hh_1073,43,12,NA,NA,NA,NA,NA,NA
hh_1074,19,NA,NA,NA,NA,NA,NA,NA
hh_1075,26,27,15,NA,NA,NA,NA,NA
hh_1078,44,21,15,NA,NA,NA,NA,NA
hh_1080,31,NA,NA,NA,NA,NA,NA,NA
hh_1081,58,13,NA,NA,NA,NA,NA,NA
hh_1082,47,46,14,11,NA,NA,NA,NA
hh_1083,50,17,15,8,7,NA,NA,NA
hh_1085,30,11,NA,NA,NA,NA,NA,NA
hh_1086,68,NA,NA,NA,NA,NA,NA,NA
hh_1088,13,NA,NA,NA,NA,NA,NA,NA
hh_1089,73,NA,NA,NA,NA,NA,NA,NA
hh_1090,35,17,12,NA,NA,NA,NA,NA
hh_1092,80,NA,NA,NA,NA,NA,NA,NA
hh_1093,35,NA,NA,NA,NA,NA,NA,NA
hh_1094,45,2,37,NA,NA,NA,NA,NA
hh_1095,35,2,NA,NA,NA,NA,NA,NA
hh_1096,51,22,17,13,2,NA,NA,NA
hh_1097,34,NA,NA,NA,NA,NA,NA,NA
hh_1099,24,24,20,NA,NA,NA,NA,NA
hh_1100,41,14,NA,NA,NA,NA,NA,NA
hh_1101,88,52,NA,NA,NA,NA,NA,NA
hh_1102,62,53,33,NA,NA,NA,NA,NA
hh_1103,35,NA,NA,NA,NA,NA,NA,NA
hh_1104,17,37,19,NA,NA,NA,NA,NA
hh_1106,52,18,13,NA,NA,NA,NA,NA
hh_1107,68,NA,NA,NA,NA,NA,NA,NA
hh_1108,38,6,3,NA,NA,NA,NA,NA
hh_1110,34,4,1,NA,NA,NA,NA,NA
hh_1112,4,15,35,NA,NA,NA,NA,NA
hh_1113,34,NA,NA,NA,NA,NA,NA,NA
hh_1114,41,12,NA,NA,NA,NA,NA,NA
hh_1115,44,26,NA,NA,NA,NA,NA,NA
hh_1118,35,14,9,6,NA,NA,NA,NA
hh_1121,76,NA,NA,NA,NA,NA,NA,NA
hh_1122,34,23,NA,NA,NA,NA,NA,NA
hh_1124,50,NA,NA,NA,NA,NA,NA,NA
hh_1125,21,NA,NA,NA,NA,NA,NA,NA
hh_1126,38,50,40,NA,NA,NA,NA,NA
hh_1127,43,NA,NA,NA,NA,NA,NA,NA
hh_1128,43,16,13,13,NA,NA,NA,NA
hh_1129,29,7,3,NA,NA,NA,NA,NA
hh_1130,54,23,18,13,NA,NA,NA,NA
hh_1132,30,NA,NA,NA,NA,NA,NA,NA
hh_1133,36,NA,NA,NA,NA,NA,NA,NA
hh_1134,33,7,5,NA,NA,NA,NA,NA
hh_1136,27,NA,NA,NA,NA,NA,NA,NA
hh_1137,42,24,23,22,20,19,18,16
hh_1138,39,NA,NA,NA,NA,NA,NA,NA
hh_1139,25,4,NA,NA,NA,NA,NA,NA
hh_1140,19,NA,NA,NA,NA,NA,NA,NA
hh_1144,19,18,18,18,18,NA,NA,NA
hh_1145,40,NA,NA,NA,NA,NA,NA,NA
hh_1146,67,NA,NA,NA,NA,NA,NA,NA
hh_1147,40,NA,NA,NA,NA,NA,NA,NA
hh_1148,6,27,29,NA,NA,NA,NA,NA
hh_1149,23,59,20,NA,NA,NA,NA,NA
hh_1150,25,7,3,NA,NA,NA,NA,NA
hh_1151,7,4,54,NA,NA,NA,NA,NA
hh_1152,32,13,8,6,NA,NA,NA,NA
hh_1154,42,12,10,NA,NA,NA,NA,NA
hh_1155,27,2,41,NA,NA,NA,NA,NA
hh_1156,55,NA,NA,NA,NA,NA,NA,NA
hh_1157,37,2,NA,NA,NA,NA,NA,NA
hh_1158,62,NA,NA,NA,NA,NA,NA,NA
hh_1159,60,NA,NA,NA,NA,NA,NA,NA
hh_1160,63,NA,NA,NA,NA,NA,NA,NA
hh_1161,24,2,NA,NA,NA,NA,NA,NA
hh_1162,13,10,NA,NA,NA,NA,NA,NA
hh_1165,66,NA,NA,NA,NA,NA,NA,NA
hh_1166,24,2,NA,NA,NA,NA,NA,NA
hh_1167,31,9,7,NA,NA,NA,NA,NA
hh_1169,26,5,28,NA,NA,NA,NA,NA
hh_1170,2,23,NA,NA,NA,NA,NA,NA
hh_1171,48,10,NA,NA,NA,NA,NA,NA
hh_1172,35,7,5,NA,NA,NA,NA,NA
hh_1174,40,NA,NA,NA,NA,NA,NA,NA
hh_1177,35,9,7,3,NA,NA,NA,NA
hh_1179,38,NA,NA,NA,NA,NA,NA,NA
hh_1180,38,4,1,NA,NA,NA,NA,NA
hh_1181,80,9,43,NA,NA,NA,NA,NA
hh_1182,16,36,NA,NA,NA,NA,NA,NA
hh_1183,1,6,97,4,NA,NA,NA,NA
hh_1184,59,66,NA,NA,NA,NA,NA,NA
hh_1185,62,NA,NA,NA,NA,NA,NA,NA
hh_1187,74,NA,NA,NA,NA,NA,NA,NA
hh_1188,1,NA,NA,NA,NA,NA,NA,NA
hh_1189,45,16,15,12,NA,NA,NA,NA
hh_1190,53,22,21,NA,NA,NA,NA,NA
hh_1191,49,51,NA,NA,NA,NA,NA,NA
hh_1192,39,6,NA,NA,NA,NA,NA,NA
hh_1193,32,26,23,NA,NA,NA,NA,NA
hh_1194,64,NA,NA,NA,NA,NA,NA,NA
hh_1195,38,16,11,NA,NA,NA,NA,NA
hh_1196,33,7,1,NA,NA,NA,NA,NA
hh_1198,35,13,NA,NA,NA,NA,NA,NA
hh_1199,56,53,NA,NA,NA,NA,NA,NA
hh_1200,49,NA,NA,NA,NA,NA,NA,NA
hh_1201,13,48,67,NA,NA,NA,NA,NA
hh_1202,52,19,NA,NA,NA,NA,NA,NA
hh_1203,46,43,4,NA,NA,NA,NA,NA
hh_1204,32,NA,NA,NA,NA,NA,NA,NA
hh_1205,31,NA,NA,NA,NA,NA,NA,NA
hh_1206,56,90,NA,NA,NA,NA,NA,NA
hh_1207,41,NA,NA,NA,NA,NA,NA,NA
hh_1209,29,7,7,25,NA,NA,NA,NA
hh_1210,24,26,26,NA,NA,NA,NA,NA
hh_1211,77,NA,NA,NA,NA,NA,NA,NA
hh_1212,53,NA,NA,NA,NA,NA,NA,NA
hh_1214,45,40,16,NA,NA,NA,NA,NA
hh_1215,47,19,17,12,NA,NA,NA,NA
hh_1216,57,57,NA,NA,NA,NA,NA,NA
hh_1217,18,NA,NA,NA,NA,NA,NA,NA
hh_1218,68,NA,NA,NA,NA,NA,NA,NA
hh_1220,59,NA,NA,NA,NA,NA,NA,NA
hh_1221,73,NA,NA,NA,NA,NA,NA,NA
hh_1222,62,NA,NA,NA,NA,NA,NA,NA
hh_1223,5,2,NA,NA,NA,NA,NA,NA
hh_1224,38,17,13,NA,NA,NA,NA,NA
hh_1226,65,NA,NA,NA,NA,NA,NA,NA
hh_1227,55,10,NA,NA,NA,NA,NA,NA
hh_1228,60,NA,NA,NA,NA,NA,NA,NA
hh_1231,33,5,43,NA,NA,NA,NA,NA
hh_1232,58,NA,NA,NA,NA,NA,NA,NA
hh_1233,67,NA,NA,NA,NA,NA,NA,NA
hh_1234,63,22,NA,NA,NA,NA,NA,NA
hh_1235,NA,NA,NA,NA,NA,NA,NA,NA
hh_1236,53,19,NA,NA,NA,NA,NA,NA
hh_1237,42,8,6,NA,NA,NA,NA,NA
hh_1238,20,18,16,NA,NA,NA,NA,NA
hh_1239,54,50,15,NA,NA,NA,NA,NA
hh_1240,43,NA,NA,NA,NA,NA,NA,NA
hh_1242,48,20,18,12,NA,NA,NA,NA
hh_1243,52,80,NA,NA,NA,NA,NA,NA
hh_1244,48,17,10,NA,NA,NA,NA,NA
hh_1245,21,24,48,51,NA,NA,NA,NA
hh_1246,41,NA,NA,NA,NA,NA,NA,NA
hh_1247,45,NA,NA,NA,NA,NA,NA,NA
hh_1248,29,NA,NA,NA,NA,NA,NA,NA
hh_1251,62,NA,NA,NA,NA,NA,NA,NA
hh_1253,69,NA,NA,NA,NA,NA,NA,NA
hh_1254,25,24,5,4,NA,NA,NA,NA
hh_1255,52,NA,NA,NA,NA,NA,NA,NA
hh_1257,81,80,NA,NA,NA,NA,NA,NA
hh_1258,36,NA,NA,NA,NA,NA,NA,NA
hh_1260,16,45,NA,NA,NA,NA,NA,NA
hh_1261,35,51,NA,NA,NA,NA,NA,NA
hh_1262,58,NA,NA,NA,NA,NA,NA,NA
hh_1264,15,13,NA,NA,NA,NA,NA,NA
hh_1265,49,20,NA,NA,NA,NA,NA,NA
hh_1266,53,15,12,NA,NA,NA,NA,NA
hh_1267,49,9,NA,NA,NA,NA,NA,NA
hh_1268,72,NA,NA,NA,NA,NA,NA,NA
hh_1269,31,NA,NA,NA,NA,NA,NA,NA
hh_1270,57,NA,NA,NA,NA,NA,NA,NA
hh_1271,47,9,NA,NA,NA,NA,NA,NA
hh_1272,31,NA,NA,NA,NA,NA,NA,NA
hh_1273,66,NA,NA,NA,NA,NA,NA,NA
hh_1275,20,NA,NA,NA,NA,NA,NA,NA
hh_1276,50,15,13,NA,NA,NA,NA,NA
hh_1277,30,NA,NA,NA,NA,NA,NA,NA
hh_1278,41,20,17,14,NA,NA,NA,NA
hh_1279,75,72,NA,NA,NA,NA,NA,NA
hh_1280,62,NA,NA,NA,NA,NA,NA,NA
hh_1282,30,NA,NA,NA,NA,NA,NA,NA
hh_1283,40,52,NA,NA,NA,NA,NA,NA
hh_1284,62,NA,NA,NA,NA,NA,NA,NA
hh_1286,42,NA,NA,NA,NA,NA,NA,NA
hh_1287,73,NA,NA,NA,NA,NA,NA,NA
hh_1289,22,6,NA,NA,NA,NA,NA,NA
hh_1290,NA,14,19,27,NA,NA,NA,NA
hh_1291,42,17,NA,NA,NA,NA,NA,NA
hh_1292,66,NA,NA,NA,NA,NA,NA,NA
hh_1293,78,NA,NA,NA,NA,NA,NA,NA
hh_1294,59,NA,NA,NA,NA,NA,NA,NA
hh_1295,61,NA,NA,NA,NA,NA,NA,NA
hh_1297,58,33,56,NA,NA,NA,NA,NA
hh_1299,69,NA,NA,NA,NA,NA,NA,NA
hh_1300,68,NA,NA,NA,NA,NA,NA,NA
hh_1301,59,22,NA,NA,NA,NA,NA,NA
hh_1302,51,16,17,NA,NA,NA,NA,NA
hh_1305,21,NA,NA,NA,NA,NA,NA,NA
hh_1306,44,NA,NA,NA,NA,NA,NA,NA
hh_1308,50,23,19,NA,NA,NA,NA,NA
hh_1309,63,21,NA,NA,NA,NA,NA,NA
hh_1310,61,33,30,14,NA,NA,NA,NA
hh_1311,21,NA,NA,NA,NA,NA,NA,NA
hh_1314,30,NA,NA,NA,NA,NA,NA,NA
hh_1315,38,80,36,NA,NA,NA,NA,NA
hh_1319,61,NA,NA,NA,NA,NA,NA,NA
hh_1321,58,NA,NA,NA,NA,NA,NA,NA
hh_1322,63,NA,NA,NA,NA,NA,NA,NA
hh_1323,52,15,NA,NA,NA,NA,NA,NA
hh_1324,16,48,18,NA,NA,NA,NA,NA
hh_1325,59,NA,NA,NA,NA,NA,NA,NA
hh_1326,1,NA,NA,NA,NA,NA,NA,NA
hh_1327,60,NA,NA,NA,NA,NA,NA,NA
hh_1328,49,18,NA,NA,NA,NA,NA,NA
hh_1330,74,NA,NA,NA,NA,NA,NA,NA
hh_1332,58,30,NA,NA,NA,NA,NA,NA
hh_1333,58,24,16,NA,NA,NA,NA,NA
hh_1335,51,26,23,NA,NA,NA,NA,NA
hh_1336,67,NA,NA,NA,NA,NA,NA,NA
hh_1337,50,20,NA,NA,NA,NA,NA,NA
hh_1339,82,NA,NA,NA,NA,NA,NA,NA
hh_1341,46,62,NA,NA,NA,NA,NA,NA
hh_1342,65,19,NA,NA,NA,NA,NA,NA
hh_1343,61,NA,NA,NA,NA,NA,NA,NA
hh_1344,58,28,NA,NA,NA,NA,NA,NA
hh_1345,60,NA,NA,NA,NA,NA,NA,NA
hh_1346,57,NA,NA,NA,NA,NA,NA,NA
hh_1347,59,NA,NA,NA,NA,NA,NA,NA
hh_1349,20,18,NA,NA,NA,NA,NA,NA
hh_1350,72,NA,NA,NA,NA,NA,NA,NA
hh_1352,62,NA,NA,NA,NA,NA,NA,NA
hh_1353,50,NA,NA,NA,NA,NA,NA,NA
hh_1358,49,17,NA,NA,NA,NA,NA,NA
hh_1359,23,20,NA,NA,NA,NA,NA,NA
hh_1360,39,14,11,NA,NA,NA,NA,NA
hh_1361,68,NA,NA,NA,NA,NA,NA,NA
hh_1363,60,NA,NA,NA,NA,NA,NA,NA
hh_1364,66,NA,NA,NA,NA,NA,NA,NA
hh_1366,20,NA,NA,NA,NA,NA,NA,NA
hh_1367,68,NA,NA,NA,NA,NA,NA,NA
hh_1368,52,47,NA,NA,NA,NA,NA,NA
hh_1369,64,NA,NA,NA,NA,NA,NA,NA
hh_1370,80,NA,NA,NA,NA,NA,NA,NA
hh_1374,75,61,NA,NA,NA,NA,NA,NA
hh_1375,17,15,NA,NA,NA,NA,NA,NA
hh_1376,60,NA,NA,NA,NA,NA,NA,NA
hh_1377,60,NA,NA,NA,NA,NA,NA,NA
hh_1381,60,62,NA,NA,NA,NA,NA,NA
hh_1382,54,10,NA,NA,NA,NA,NA,NA
hh_1383,67,NA,NA,NA,NA,NA,NA,NA
hh_1385,64,30,NA,NA,NA,NA,NA,NA
hh_1386,60,61,NA,NA,NA,NA,NA,NA
hh_1387,57,NA,NA,NA,NA,NA,NA,NA
hh_1388,50,NA,NA,NA,NA,NA,NA,NA
hh_1389,61,NA,NA,NA,NA,NA,NA,NA
hh_1390,49,54,21,NA,NA,NA,NA,NA
hh_1392,30,NA,NA,NA,NA,NA,NA,NA
hh_1393,59,NA,NA,NA,NA,NA,NA,NA
hh_1394,69,NA,NA,NA,NA,NA,NA,NA
hh_1396,45,14,NA,NA,NA,NA,NA,NA
hh_1397,66,65,NA,NA,NA,NA,NA,NA
hh_1398,53,32,NA,NA,NA,NA,NA,NA
hh_1400,66,NA,NA,NA,NA,NA,NA,NA
hh_1402,56,NA,NA,NA,NA,NA,NA,NA
hh_1403,60,NA,NA,NA,NA,NA,NA,NA
hh_1404,57,NA,NA,NA,NA,NA,NA,NA
hh_1407,27,36,NA,NA,NA,NA,NA,NA
hh_1409,69,NA,NA,NA,NA,NA,NA,NA
hh_1410,55,26,19,NA,NA,NA,NA,NA
hh_1413,74,NA,NA,NA,NA,NA,NA,NA
hh_1414,53,NA,NA,NA,NA,NA,NA,NA
hh_1416,66,NA,NA,NA,NA,NA,NA,NA
hh_1418,68,69,NA,NA,NA,NA,NA,NA
hh_1419,69,NA,NA,NA,NA,NA,NA,NA
hh_1420,65,NA,NA,NA,NA,NA,NA,NA
hh_1421,59,33,NA,NA,NA,NA,NA,NA
hh_1422,74,32,NA,NA,NA,NA,NA,NA
hh_1423,23,21,NA,NA,NA,NA,NA,NA
hh_1424,70,NA,NA,NA,NA,NA,NA,NA
hh_1475,10,NA,NA,NA,NA,NA,NA,NA
hh_1476,35,6,1,NA,NA,NA,NA,NA
hh_1477,3,39,NA,NA,NA,NA,NA,NA
hh_1478,19,24,NA,NA,NA,NA,NA,NA
hh_1479,65,NA,NA,NA,NA,NA,NA,NA
hh_1481,60,64,38,40,NA,NA,NA,NA
hh_1482,33,NA,NA,NA,NA,NA,NA,NA
hh_1489,34,NA,NA,NA,NA,NA,NA,NA
hh_1490,53,NA,NA,NA,NA,NA,NA,NA
hh_1491,57,NA,NA,NA,NA,NA,NA,NA
hh_1492,48,59,NA,NA,NA,NA,NA,NA
hh_1493,59,29,NA,NA,NA,NA,NA,NA
hh_1494,33,NA,NA,NA,NA,NA,NA,NA
hh_1496,43,14,NA,NA,NA,NA,NA,NA
hh_1497,52,18,14,NA,NA,NA,NA,NA
hh_1498,10,NA,NA,NA,NA,NA,NA,NA
hh_1499,29,34,NA,NA,NA,NA,NA,NA
hh_1500,18,50,50,NA,NA,NA,NA,NA
hh_1501,79,51,59,59,NA,NA,NA,NA
hh_1502,33,4,NA,NA,NA,NA,NA,NA
hh_1503,31,NA,NA,NA,NA,NA,NA,NA
hh_1504,37,12,3,NA,NA,NA,NA,NA
hh_1505,50,4,11,6,NA,NA,NA,NA
hh_1507,1,NA,NA,NA,NA,NA,NA,NA
hh_1510,66,NA,NA,NA,NA,NA,NA,NA
hh_1512,42,7,3,32,NA,NA,NA,NA
hh_1513,48,NA,NA,NA,NA,NA,NA,NA
hh_1514,12,18,NA,NA,NA,NA,NA,NA
hh_1515,72,NA,NA,NA,NA,NA,NA,NA
hh_1518,18,NA,NA,NA,NA,NA,NA,NA
hh_1519,22,23,22,19,19,20,24,20
hh_1520,8,NA,NA,NA,NA,NA,NA,NA
hh_1521,24,3,15,NA,NA,NA,NA,NA
hh_1522,14,6,38,NA,NA,NA,NA,NA
hh_1524,62,40,NA,NA,NA,NA,NA,NA
hh_1526,40,14,NA,NA,NA,NA,NA,NA
hh_1527,41,15,12,NA,NA,NA,NA,NA
hh_1529,56,19,18,16,NA,NA,NA,NA
hh_1530,14,9,NA,NA,NA,NA,NA,NA
hh_1531,34,NA,NA,NA,NA,NA,NA,NA
hh_1532,27,27,25,NA,NA,NA,NA,NA
hh_1533,30,NA,NA,NA,NA,NA,NA,NA
hh_1534,5,8,12,16,16,19,38,36
hh_1535,67,NA,NA,NA,NA,NA,NA,NA
hh_1536,12,3,NA,NA,NA,NA,NA,NA
hh_1538,1,12,32,NA,NA,NA,NA,NA
hh_1540,25,37,62,NA,NA,NA,NA,NA
hh_1541,12,47,NA,NA,NA,NA,NA,NA
hh_1542,40,5,2,NA,NA,NA,NA,NA
hh_1543,33,NA,NA,NA,NA,NA,NA,NA
hh_1544,26,26,24,NA,NA,NA,NA,NA
hh_1545,51,41,17,17,14,12,NA,NA
hh_1546,43,12,NA,NA,NA,NA,NA,NA
hh_1548,36,16,6,NA,NA,NA,NA,NA
hh_1549,24,NA,NA,NA,NA,NA,NA,NA
hh_1551,42,12,NA,NA,NA,NA,NA,NA
hh_1552,30,37,NA,NA,NA,NA,NA,NA
hh_1553,10,8,NA,NA,NA,NA,NA,NA
hh_1554,19,20,18,18,NA,NA,NA,NA
hh_1555,18,12,NA,NA,NA,NA,NA,NA
hh_1556,33,33,NA,NA,NA,NA,NA,NA
hh_1557,29,NA,NA,NA,NA,NA,NA,NA
hh_1558,42,10,NA,NA,NA,NA,NA,NA
hh_1559,32,NA,NA,NA,NA,NA,NA,NA
hh_1560,49,54,83,NA,NA,NA,NA,NA
hh_1562,18,NA,NA,NA,NA,NA,NA,NA
hh_1563,49,17,NA,NA,NA,NA,NA,NA
hh_1565,43,25,22,22,NA,NA,NA,NA
hh_1566,39,11,NA,NA,NA,NA,NA,NA
hh_1567,40,74,68,NA,NA,NA,NA,NA
hh_1568,34,3,NA,NA,NA,NA,NA,NA
hh_1569,17,7,14,NA,NA,NA,NA,NA
hh_1570,38,3,NA,NA,NA,NA,NA,NA
hh_1571,37,NA,NA,NA,NA,NA,NA,NA
hh_1573,46,NA,NA,NA,NA,NA,NA,NA
hh_1574,47,NA,NA,NA,NA,NA,NA,NA
hh_1575,35,14,5,NA,NA,NA,NA,NA
hh_1576,45,16,9,NA,NA,NA,NA,NA
hh_1577,48,39,31,23,NA,NA,NA,NA
hh_1578,26,23,NA,NA,NA,NA,NA,NA
hh_1579,30,3,4,NA,NA,NA,NA,NA
hh_1580,62,35,32,30,NA,NA,NA,NA
hh_1581,36,16,15,NA,NA,NA,NA,NA
hh_1585,40,8,75,NA,NA,NA,NA,NA
hh_1586,3,48,14,NA,NA,NA,NA,NA
hh_1588,11,14,NA,NA,NA,NA,NA,NA
hh_1590,26,1,NA,NA,NA,NA,NA,NA
hh_1591,30,36,NA,NA,NA,NA,NA,NA
hh_1592,30,13,31,NA,NA,NA,NA,NA
hh_1593,28,NA,NA,NA,NA,NA,NA,NA
hh_1595,63,56,23,NA,NA,NA,NA,NA
hh_1596,70,NA,NA,NA,NA,NA,NA,NA
hh_1597,9,27,NA,NA,NA,NA,NA,NA
hh_1598,5,NA,NA,NA,NA,NA,NA,NA
hh_1599,4,NA,NA,NA,NA,NA,NA,NA
hh_1600,11,40,NA,NA,NA,NA,NA,NA
hh_1602,64,26,NA,NA,NA,NA,NA,NA
hh_1603,51,14,13,NA,NA,NA,NA,NA
hh_1604,19,11,5,NA,NA,NA,NA,NA
hh_1609,50,57,19,NA,NA,NA,NA,NA
hh_1610,63,NA,NA,NA,NA,NA,NA,NA
hh_1611,52,53,21,NA,NA,NA,NA,NA
hh_1612,52,52,NA,NA,NA,NA,NA,NA
hh_1613,30,10,8,NA,NA,NA,NA,NA
hh_1614,30,NA,NA,NA,NA,NA,NA,NA
hh_1619,46,18,NA,NA,NA,NA,NA,NA
hh_1620,37,NA,NA,NA,NA,NA,NA,NA
hh_1621,17,18,NA,NA,NA,NA,NA,NA
hh_1622,65,NA,NA,NA,NA,NA,NA,NA
hh_1623,35,NA,NA,NA,NA,NA,NA,NA
hh_1625,78,NA,NA,NA,NA,NA,NA,NA
hh_1628,7,NA,NA,NA,NA,NA,NA,NA
hh_1629,69,8,6,NA,NA,NA,NA,NA
hh_1630,44,NA,NA,NA,NA,NA,NA,NA
hh_1631,40,NA,NA,NA,NA,NA,NA,NA
hh_1632,46,10,8,NA,NA,NA,NA,NA
hh_1633,30,5,NA,NA,NA,NA,NA,NA
hh_1634,19,50,52,22,NA,NA,NA,NA
hh_1635,17,14,NA,NA,NA,NA,NA,NA
hh_1636,69,NA,NA,NA,NA,NA,NA,NA
hh_1637,33,13,NA,NA,NA,NA,NA,NA
hh_1639,24,NA,NA,NA,NA,NA,NA,NA
hh_1642,16,NA,NA,NA,NA,NA,NA,NA
hh_1643,32,60,NA,NA,NA,NA,NA,NA
hh_1644,23,24,NA,NA,NA,NA,NA,NA
hh_1645,51,15,NA,NA,NA,NA,NA,NA
hh_1646,22,NA,NA,NA,NA,NA,NA,NA
hh_1647,51,50,NA,NA,NA,NA,NA,NA
hh_1648,65,9,12,NA,NA,NA,NA,NA
hh_1650,43,1,NA,NA,NA,NA,NA,NA
hh_1651,41,10,4,NA,NA,NA,NA,NA
hh_1652,42,14,8,NA,NA,NA,NA,NA
hh_1653,47,NA,NA,NA,NA,NA,NA,NA
hh_1654,38,7,NA,NA,NA,NA,NA,NA
hh_1655,64,NA,NA,NA,NA,NA,NA,NA
hh_1656,69,44,NA,NA,NA,NA,NA,NA
hh_1657,62,NA,NA,NA,NA,NA,NA,NA
hh_1658,28,NA,NA,NA,NA,NA,NA,NA
hh_1661,44,NA,NA,NA,NA,NA,NA,NA
hh_1664,52,18,16,12,NA,NA,NA,NA
hh_1665,23,21,NA,NA,NA,NA,NA,NA
hh_1667,34,17,NA,NA,NA,NA,NA,NA
hh_1668,28,NA,NA,NA,NA,NA,NA,NA
hh_1669,48,21,14,NA,NA,NA,NA,NA
hh_1670,42,NA,NA,NA,NA,NA,NA,NA
hh_1672,59,NA,NA,NA,NA,NA,NA,NA
hh_1673,71,NA,NA,NA,NA,NA,NA,NA
hh_1674,35,5,NA,NA,NA,NA,NA,NA
hh_1675,55,NA,NA,NA,NA,NA,NA,NA
hh_1676,33,5,2,NA,NA,NA,NA,NA
hh_1678,54,17,NA,NA,NA,NA,NA,NA
hh_1680,40,NA,NA,NA,NA,NA,NA,NA
hh_1683,24,23,NA,NA,NA,NA,NA,NA
hh_1684,15,22,NA,NA,NA,NA,NA,NA
hh_1685,2,55,62,NA,NA,NA,NA,NA
hh_1686,30,9,7,3,NA,NA,NA,NA
hh_1687,37,11,NA,NA,NA,NA,NA,NA
hh_1688,24,59,NA,NA,NA,NA,NA,NA
hh_1689,62,NA,NA,NA,NA,NA,NA,NA
hh_1691,15,NA,NA,NA,NA,NA,NA,NA
hh_1692,54,NA,NA,NA,NA,NA,NA,NA
hh_1694,44,13,9,45,NA,NA,NA,NA
hh_1695,65,66,NA,NA,NA,NA,NA,NA
hh_1696,2,25,6,24,30,26,NA,NA
hh_1697,12,40,NA,NA,NA,NA,NA,NA
hh_1698,59,29,NA,NA,NA,NA,NA,NA
hh_1699,30,7,2,NA,NA,NA,NA,NA
hh_1700,68,NA,NA,NA,NA,NA,NA,NA
hh_1701,20,NA,NA,NA,NA,NA,NA,NA
hh_1702,43,4,NA,NA,NA,NA,NA,NA
hh_1703,33,7,4,NA,NA,NA,NA,NA
hh_1705,15,6,65,NA,NA,NA,NA,NA
hh_1706,28,NA,NA,NA,NA,NA,NA,NA
hh_1707,74,NA,NA,NA,NA,NA,NA,NA
hh_1708,32,1,NA,NA,NA,NA,NA,NA
hh_1710,27,8,NA,NA,NA,NA,NA,NA
hh_1711,23,54,55,NA,NA,NA,NA,NA
hh_1712,28,NA,NA,NA,NA,NA,NA,NA
hh_1713,58,NA,NA,NA,NA,NA,NA,NA
hh_1714,58,5,NA,NA,NA,NA,NA,NA
hh_1716,71,NA,NA,NA,NA,NA,NA,NA
hh_1717,2,37,64,62,NA,NA,NA,NA
hh_1718,30,31,29,NA,NA,NA,NA,NA
hh_1719,75,NA,NA,NA,NA,NA,NA,NA
hh_1720,61,62,24,29,NA,NA,NA,NA
hh_1721,14,12,45,5,45,NA,NA,NA
hh_1722,20,NA,NA,NA,NA,NA,NA,NA
hh_1723,3,8,36,NA,NA,NA,NA,NA
hh_1729,32,NA,NA,NA,NA,NA,NA,NA
hh_1730,57,55,NA,NA,NA,NA,NA,NA
hh_1731,86,53,NA,NA,NA,NA,NA,NA
hh_1732,37,13,9,5,NA,NA,NA,NA
hh_1734,41,16,14,NA,NA,NA,NA,NA
hh_1735,69,38,NA,NA,NA,NA,NA,NA
hh_1736,56,12,NA,NA,NA,NA,NA,NA
hh_1738,40,33,40,5,NA,NA,NA,NA
hh_1739,63,NA,NA,NA,NA,NA,NA,NA
hh_1741,67,NA,NA,NA,NA,NA,NA,NA
hh_1742,65,NA,NA,NA,NA,NA,NA,NA
hh_1743,4,NA,NA,NA,NA,NA,NA,NA
hh_1744,36,9,43,NA,NA,NA,NA,NA
hh_1745,32,9,7,NA,NA,NA,NA,NA
hh_1746,35,11,NA,NA,NA,NA,NA,NA
hh_1747,41,11,7,NA,NA,NA,NA,NA
hh_1749,64,40,NA,NA,NA,NA,NA,NA
hh_1750,10,NA,NA,NA,NA,NA,NA,NA
hh_1751,46,15,12,NA,NA,NA,NA,NA
hh_1752,66,6,NA,NA,NA,NA,NA,NA
hh_1753,50,54,14,1,NA,NA,NA,NA
hh_1754,59,18,NA,NA,NA,NA,NA,NA
hh_1756,28,NA,NA,NA,NA,NA,NA,NA
hh_1757,26,NA,NA,NA,NA,NA,NA,NA
hh_1758,56,25,NA,NA,NA,NA,NA,NA
hh_1760,30,NA,NA,NA,NA,NA,NA,NA
hh_1761,22,NA,NA,NA,NA,NA,NA,NA
hh_1762,18,21,27,9,20,7,23,40
hh_1763,62,44,38,NA,NA,NA,NA,NA
hh_1764,37,13,10,NA,NA,NA,NA,NA
hh_1765,76,NA,NA,NA,NA,NA,NA,NA
hh_1766,29,5,2,NA,NA,NA,NA,NA
hh_1767,28,27,NA,NA,NA,NA,NA,NA
hh_1768,39,6,5,33,NA,NA,NA,NA
hh_1771,7,32,65,NA,NA,NA,NA,NA
hh_1772,12,NA,NA,NA,NA,NA,NA,NA
hh_1774,52,36,26,24,4,4,NA,NA
hh_1775,75,2,13,NA,NA,NA,NA,NA
hh_1776,16,NA,NA,NA,NA,NA,NA,NA
hh_1777,20,20,20,NA,NA,NA,NA,NA
hh_1778,59,NA,NA,NA,NA,NA,NA,NA
hh_1780,87,44,18,17,16,12,6,NA
hh_1782,34,41,3,NA,NA,NA,NA,NA
hh_1783,50,14,NA,NA,NA,NA,NA,NA
hh_1784,62,NA,NA,NA,NA,NA,NA,NA
hh_1785,18,46,46,NA,NA,NA,NA,NA
hh_1787,49,NA,NA,NA,NA,NA,NA,NA
hh_1788,53,53,NA,NA,NA,NA,NA,NA
hh_1789,53,57,22,NA,NA,NA,NA,NA
hh_1790,28,17,45,NA,NA,NA,NA,NA
hh_1791,56,28,31,NA,NA,NA,NA,NA
hh_1793,42,48,15,10,8,NA,NA,NA
hh_1794,59,17,NA,NA,NA,NA,NA,NA
hh_1795,NA,NA,NA,NA,NA,NA,NA,NA
hh_1796,21,21,21,NA,NA,NA,NA,NA
hh_1797,19,NA,NA,NA,NA,NA,NA,NA
hh_1798,50,19,56,NA,NA,NA,NA,NA
hh_1799,44,40,17,15,18,NA,NA,NA
hh_1800,67,NA,NA,NA,NA,NA,NA,NA
hh_1801,24,NA,NA,NA,NA,NA,NA,NA
hh_1802,35,5,NA,NA,NA,NA,NA,NA
hh_1804,50,55,15,NA,NA,NA,NA,NA
hh_1805,2,8,36,NA,NA,NA,NA,NA
hh_1806,69,67,36,NA,NA,NA,NA,NA
hh_1807,55,NA,NA,NA,NA,NA,NA,NA
hh_1808,26,24,NA,NA,NA,NA,NA,NA
hh_1809,52,21,20,NA,NA,NA,NA,NA
hh_1810,81,NA,NA,NA,NA,NA,NA,NA
hh_1812,51,48,NA,NA,NA,NA,NA,NA
hh_1813,6,42,NA,NA,NA,NA,NA,NA
hh_1816,39,NA,NA,NA,NA,NA,NA,NA
hh_1817,40,41,NA,NA,NA,NA,NA,NA
hh_1818,18,NA,NA,NA,NA,NA,NA,NA
hh_1819,59,NA,NA,NA,NA,NA,NA,NA
hh_1820,85,80,NA,NA,NA,NA,NA,NA
hh_1821,71,NA,NA,NA,NA,NA,NA,NA
hh_1822,42,14,12,NA,NA,NA,NA,NA
hh_1823,13,11,NA,NA,NA,NA,NA,NA
hh_1824,39,7,5,28,NA,NA,NA,NA
hh_1826,56,51,22,19,NA,NA,NA,NA
hh_1827,23,20,25,NA,NA,NA,NA,NA
hh_1829,46,19,13,NA,NA,NA,NA,NA
hh_1830,60,NA,NA,NA,NA,NA,NA,NA
hh_1831,70,57,NA,NA,NA,NA,NA,NA
hh_1832,36,6,10,3,36,NA,NA,NA
hh_1833,14,46,46,NA,NA,NA,NA,NA
hh_1834,68,65,NA,NA,NA,NA,NA,NA
hh_1835,48,NA,NA,NA,NA,NA,NA,NA
hh_1836,61,NA,NA,NA,NA,NA,NA,NA
hh_1837,69,NA,NA,NA,NA,NA,NA,NA
hh_1840,52,NA,NA,NA,NA,NA,NA,NA
hh_1841,67,NA,NA,NA,NA,NA,NA,NA
hh_1842,16,NA,NA,NA,NA,NA,NA,NA
hh_1844,17,11,40,NA,NA,NA,NA,NA
hh_1846,17,16,NA,NA,NA,NA,NA,NA
hh_1847,35,29,NA,NA,NA,NA,NA,NA
hh_1848,66,67,NA,NA,NA,NA,NA,NA
hh_1850,50,21,20,NA,NA,NA,NA,NA
hh_1851,70,NA,NA,NA,NA,NA,NA,NA
hh_1852,69,NA,NA,NA,NA,NA,NA,NA
hh_1853,60,56,NA,NA,NA,NA,NA,NA
hh_1854,20,21,20,19,20,22,21,20
hh_1856,20,20,45,17,45,NA,NA,NA
hh_1857,18,17,NA,NA,NA,NA,NA,NA
hh_1859,70,NA,NA,NA,NA,NA,NA,NA
hh_1861,59,NA,NA,NA,NA,NA,NA,NA
hh_1862,62,NA,NA,NA,NA,NA,NA,NA
hh_1863,21,21,19,22,NA,NA,NA,NA
hh_1864,38,NA,NA,NA,NA,NA,NA,NA
hh_1865,78,77,NA,NA,NA,NA,NA,NA
hh_1866,30,15,36,NA,NA,NA,NA,NA
hh_1867,61,30,NA,NA,NA,NA,NA,NA
hh_1868,57,16,12,NA,NA,NA,NA,NA
hh_1869,13,49,NA,NA,NA,NA,NA,NA
hh_1870,16,NA,NA,NA,NA,NA,NA,NA
hh_1871,49,NA,NA,NA,NA,NA,NA,NA
hh_1872,76,NA,NA,NA,NA,NA,NA,NA
hh_1874,17,22,52,NA,NA,NA,NA,NA
hh_1875,49,18,16,NA,NA,NA,NA,NA
hh_1876,57,23,NA,NA,NA,NA,NA,NA
hh_1877,15,7,1,NA,NA,NA,NA,NA
hh_1878,30,40,25,45,NA,NA,NA,NA
hh_1880,72,NA,NA,NA,NA,NA,NA,NA
hh_1881,57,NA,NA,NA,NA,NA,NA,NA
hh_1883,49,19,17,NA,NA,NA,NA,NA
hh_1884,71,35,NA,NA,NA,NA,NA,NA
hh_1885,57,NA,NA,NA,NA,NA,NA,NA
hh_1886,53,NA,NA,NA,NA,NA,NA,NA
hh_1887,48,13,10,NA,NA,NA,NA,NA
hh_1888,61,NA,NA,NA,NA,NA,NA,NA
hh_1889,56,19,NA,NA,NA,NA,NA,NA
hh_1890,56,17,NA,NA,NA,NA,NA,NA
hh_1892,77,78,NA,NA,NA,NA,NA,NA
hh_1893,74,NA,NA,NA,NA,NA,NA,NA
hh_1894,11,NA,NA,NA,NA,NA,NA,NA
hh_1895,76,28,25,NA,NA,NA,NA,NA
hh_1897,64,NA,NA,NA,NA,NA,NA,NA
hh_1899,58,NA,NA,NA,NA,NA,NA,NA
hh_1901,48,20,13,NA,NA,NA,NA,NA
hh_1902,19,63,NA,NA,NA,NA,NA,NA
hh_1903,48,NA,NA,NA,NA,NA,NA,NA
hh_1904,49,21,18,18,10,NA,NA,NA
hh_1905,76,75,NA,NA,NA,NA,NA,NA
hh_1906,50,10,9,86,85,NA,NA,NA
hh_1907,44,73,NA,NA,NA,NA,NA,NA
hh_1908,77,NA,NA,NA,NA,NA,NA,NA
hh_1911,62,NA,NA,NA,NA,NA,NA,NA
hh_1912,50,NA,NA,NA,NA,NA,NA,NA
hh_1913,74,71,NA,NA,NA,NA,NA,NA
hh_1914,60,NA,NA,NA,NA,NA,NA,NA
hh_1915,63,NA,NA,NA,NA,NA,NA,NA
hh_1916,53,NA,NA,NA,NA,NA,NA,NA
hh_1917,16,20,NA,NA,NA,NA,NA,NA
hh_1918,64,NA,NA,NA,NA,NA,NA,NA
hh_1920,45,78,77,NA,NA,NA,NA,NA
hh_1923,53,NA,NA,NA,NA,NA,NA,NA
hh_1924,45,45,8,11,14,NA,NA,NA
hh_1925,47,12,10,NA,NA,NA,NA,NA
hh_1926,48,18,NA,NA,NA,NA,NA,NA
hh_1928,62,9,NA,NA,NA,NA,NA,NA
hh_1929,59,NA,NA,NA,NA,NA,NA,NA
hh_1930,54,NA,NA,NA,NA,NA,NA,NA
hh_1931,69,21,18,NA,NA,NA,NA,NA
hh_1933,66,NA,NA,NA,NA,NA,NA,NA
hh_1935,56,25,NA,NA,NA,NA,NA,NA
hh_1936,29,61,NA,NA,NA,NA,NA,NA
hh_1938,62,41,NA,NA,NA,NA,NA,NA
hh_1940,61,15,14,15,NA,NA,NA,NA
hh_1941,68,68,NA,NA,NA,NA,NA,NA
hh_1944,64,32,31,NA,NA,NA,NA,NA
hh_1945,24,NA,NA,NA,NA,NA,NA,NA
hh_1946,65,64,NA,NA,NA,NA,NA,NA
hh_1947,64,38,NA,NA,NA,NA,NA,NA
hh_1949,32,NA,NA,NA,NA,NA,NA,NA
hh_1950,76,NA,NA,NA,NA,NA,NA,NA
hh_1951,77,NA,NA,NA,NA,NA,NA,NA
hh_1952,65,52,34,27,NA,NA,NA,NA
hh_1953,50,14,12,NA,NA,NA,NA,NA
hh_1955,58,NA,NA,NA,NA,NA,NA,NA
hh_1957,53,15,NA,NA,NA,NA,NA,NA
hh_1958,67,NA,NA,NA,NA,NA,NA,NA
hh_1960,36,32,15,5,4,3,NA,NA
hh_1963,67,NA,NA,NA,NA,NA,NA,NA
hh_1966,66,NA,NA,NA,NA,NA,NA,NA
hh_1967,25,NA,NA,NA,NA,NA,NA,NA
hh_1969,39,41,NA,NA,NA,NA,NA,NA
hh_1970,19,24,38,49,NA,NA,NA,NA
hh_1971,39,15,NA,NA,NA,NA,NA,NA
hh_1972,24,60,56,NA,NA,NA,NA,NA
hh_1974,14,14,NA,NA,NA,NA,NA,NA
hh_1975,29,NA,NA,NA,NA,NA,NA,NA
hh_1976,25,NA,NA,NA,NA,NA,NA,NA
hh_1977,6,37,NA,NA,NA,NA,NA,NA
hh_1978,3,3,NA,NA,NA,NA,NA,NA
hh_1979,34,NA,NA,NA,NA,NA,NA,NA
hh_1980,62,NA,NA,NA,NA,NA,NA,NA
hh_1981,21,16,NA,NA,NA,NA,NA,NA
hh_1983,40,42,28,25,NA,NA,NA,NA
hh_1984,62,NA,NA,NA,NA,NA,NA,NA
hh_1985,28,7,NA,NA,NA,NA,NA,NA
hh_1986,37,30,13,3,1,NA,NA,NA
hh_1987,57,55,NA,NA,NA,NA,NA,NA
hh_1988,55,53,18,NA,NA,NA,NA,NA
hh_1990,35,2,NA,NA,NA,NA,NA,NA
hh_1991,35,NA,2,NA,NA,NA,NA,NA
hh_1992,33,16,14,NA,NA,NA,NA,NA
hh_1993,25,2,NA,NA,NA,NA,NA,NA
hh_1994,33,13,8,NA,NA,NA,NA,NA
hh_1995,23,21,NA,NA,NA,NA,NA,NA
hh_1996,30,1,2,NA,NA,NA,NA,NA
hh_1997,65,NA,NA,NA,NA,NA,NA,NA
hh_1998,56,11,11,NA,NA,NA,NA,NA
hh_1999,24,25,3,NA,NA,NA,NA,NA
hh_2000,36,NA,NA,NA,NA,NA,NA,NA
hh_2001,40,24,NA,NA,NA,NA,NA,NA
hh_2002,35,43,10,NA,NA,NA,NA,NA
hh_2003,56,30,NA,NA,NA,NA,NA,NA
hh_2004,27,NA,NA,NA,NA,NA,NA,NA
hh_2005,36,NA,NA,NA,NA,NA,NA,NA
hh_2006,18,NA,NA,NA,NA,NA,NA,NA
hh_2007,27,5,15,NA,NA,NA,NA,NA
hh_2008,54,3,NA,NA,NA,NA,NA,NA
hh_2009,50,16,8,1,NA,NA,NA,NA
hh_2010,34,4,2,NA,NA,NA,NA,NA
hh_2011,4,30,NA,NA,NA,NA,NA,NA
hh_2012,59,NA,NA,NA,NA,NA,NA,NA
hh_2013,34,NA,NA,NA,NA,NA,NA,NA
hh_2014,24,54,50,6,4,28,NA,NA
hh_2015,73,44,73,NA,NA,NA,NA,NA
hh_2016,35,33,2,NA,NA,NA,NA,NA
hh_2017,23,4,NA,NA,NA,NA,NA,NA
hh_2018,8,6,NA,NA,NA,NA,NA,NA
hh_2019,65,NA,NA,NA,NA,NA,NA,NA
hh_2020,78,NA,NA,NA,NA,NA,NA,NA
hh_2021,25,26,NA,NA,NA,NA,NA,NA
hh_2022,44,44,NA,NA,NA,NA,NA,NA
hh_2023,26,26,26,NA,NA,NA,NA,NA
hh_2024,35,23,5,NA,NA,NA,NA,NA
hh_2027,42,NA,NA,NA,NA,NA,NA,NA
hh_2028,58,54,22,25,NA,NA,NA,NA
hh_2029,14,NA,NA,NA,NA,NA,NA,NA
hh_2030,57,NA,NA,NA,NA,NA,NA,NA
hh_2031,46,13,11,NA,NA,NA,NA,NA
hh_2032,46,28,NA,NA,NA,NA,NA,NA
hh_2033,51,56,21,19,NA,NA,NA,NA
hh_2034,33,3,3,NA,NA,NA,NA,NA
hh_2035,25,14,NA,NA,NA,NA,NA,NA
hh_2037,25,65,67,NA,NA,NA,NA,NA
hh_2038,48,NA,NA,NA,NA,NA,NA,NA
hh_2039,56,27,NA,NA,NA,NA,NA,NA
hh_2040,27,65,69,4,NA,NA,NA,NA
hh_2041,42,10,1,NA,NA,NA,NA,NA
hh_2043,27,5,3,NA,NA,NA,NA,NA
hh_2044,45,6,4,NA,NA,NA,NA,NA
hh_2045,32,NA,NA,NA,NA,NA,NA,NA
hh_2046,34,5,6,NA,NA,NA,NA,NA
hh_2047,28,1,32,NA,NA,NA,NA,NA
hh_2048,72,35,NA,NA,NA,NA,NA,NA
hh_2049,2,3,15,NA,NA,NA,NA,NA
hh_2051,56,18,55,NA,NA,NA,NA,NA
hh_2052,54,18,NA,NA,NA,NA,NA,NA
hh_2053,32,16,11,4,NA,NA,NA,NA
hh_2054,24,25,58,NA,NA,NA,NA,NA
hh_2055,19,18,19,21,18,NA,NA,NA
hh_2056,47,56,24,NA,NA,NA,NA,NA
hh_2057,13,NA,NA,NA,NA,NA,NA,NA
hh_2058,23,NA,NA,NA,NA,NA,NA,NA
hh_2059,38,1,NA,NA,NA,NA,NA,NA
hh_2061,54,64,19,18,20,NA,NA,NA
hh_2062,40,37,13,NA,NA,NA,NA,NA
hh_2064,21,23,17,8,9,46,43,NA
hh_2066,34,NA,NA,NA,NA,NA,NA,NA
hh_2067,34,13,8,3,NA,NA,NA,NA
hh_2068,15,NA,NA,NA,NA,NA,NA,NA
hh_2069,21,5,NA,NA,NA,NA,NA,NA
hh_2070,87,NA,NA,NA,NA,NA,NA,NA
hh_2071,16,13,7,NA,NA,NA,NA,NA
hh_2073,12,4,7,64,20,28,NA,NA
hh_2074,39,7,3,43,NA,NA,NA,NA
hh_2076,44,7,NA,NA,NA,NA,NA,NA
hh_2077,25,NA,NA,NA,NA,NA,NA,NA
hh_2078,16,44,50,NA,NA,NA,NA,NA
hh_2079,29,10,NA,NA,NA,NA,NA,NA
hh_2080,7,5,36,NA,NA,NA,NA,NA
hh_2082,69,70,NA,NA,NA,NA,NA,NA
hh_2085,52,16,NA,NA,NA,NA,NA,NA
hh_2086,40,NA,NA,NA,NA,NA,NA,NA
hh_2087,63,25,NA,NA,NA,NA,NA,NA
hh_2088,67,73,NA,NA,NA,NA,NA,NA
hh_2089,37,NA,NA,NA,NA,NA,NA,NA
hh_2090,31,NA,NA,NA,NA,NA,NA,NA
hh_2091,38,21,17,14,10,NA,NA,NA
hh_2092,27,NA,NA,NA,NA,NA,NA,NA
hh_2093,49,NA,NA,NA,NA,NA,NA,NA
hh_2095,37,NA,NA,NA,NA,NA,NA,NA
hh_2096,21,NA,NA,NA,NA,NA,NA,NA
hh_2097,30,NA,NA,NA,NA,NA,NA,NA
hh_2098,43,NA,NA,NA,NA,NA,NA,NA
hh_2099,25,8,4,NA,NA,NA,NA,NA
hh_2101,39,NA,NA,NA,NA,NA,NA,NA
hh_2102,28,58,60,NA,NA,NA,NA,NA
hh_2103,36,NA,NA,NA,NA,NA,NA,NA
hh_2104,36,NA,NA,NA,NA,NA,NA,NA
hh_2105,30,13,11,50,NA,NA,NA,NA
hh_2106,24,23,24,24,22,19,NA,NA
hh_2107,41,12,6,NA,NA,NA,NA,NA
hh_2109,18,14,NA,NA,NA,NA,NA,NA
hh_2110,47,21,NA,NA,NA,NA,NA,NA
hh_2111,NA,NA,NA,NA,NA,NA,NA,NA
hh_2112,74,35,NA,NA,NA,NA,NA,NA
hh_2113,40,NA,NA,NA,NA,NA,NA,NA
hh_2114,33,NA,NA,NA,NA,NA,NA,NA
hh_2115,34,1,NA,NA,NA,NA,NA,NA
hh_2116,45,NA,NA,NA,NA,NA,NA,NA
hh_2117,37,5,1,NA,NA,NA,NA,NA
hh_2118,63,NA,NA,NA,NA,NA,NA,NA
hh_2119,54,56,21,NA,NA,NA,NA,NA
hh_2120,39,6,4,NA,NA,NA,NA,NA
hh_2121,51,23,NA,NA,NA,NA,NA,NA
hh_2122,32,NA,NA,NA,NA,NA,NA,NA
hh_2123,19,22,54,58,NA,NA,NA,NA
hh_2124,25,21,79,NA,NA,NA,NA,NA
hh_2125,53,50,NA,NA,NA,NA,NA,NA
hh_2126,53,13,NA,NA,NA,NA,NA,NA
hh_2127,39,61,NA,NA,NA,NA,NA,NA
hh_2128,60,NA,NA,NA,NA,NA,NA,NA
hh_2129,41,49,26,38,NA,NA,NA,NA
hh_2130,29,NA,NA,NA,NA,NA,NA,NA
hh_2131,37,NA,NA,NA,NA,NA,NA,NA
hh_2132,51,44,23,NA,NA,NA,NA,NA
hh_2133,9,20,NA,NA,NA,NA,NA,NA
hh_2134,53,NA,NA,NA,NA,NA,NA,NA
hh_2135,20,19,19,20,NA,NA,NA,NA
hh_2136,17,NA,NA,NA,NA,NA,NA,NA
hh_2137,65,14,NA,NA,NA,NA,NA,NA
hh_2138,23,NA,NA,NA,NA,NA,NA,NA
hh_2139,28,35,NA,NA,NA,NA,NA,NA
hh_2140,36,10,4,NA,NA,NA,NA,NA
hh_2141,30,16,11,29,26,33,NA,NA
hh_2142,63,NA,NA,NA,NA,NA,NA,NA
hh_2143,49,NA,NA,NA,NA,NA,NA,NA
hh_2144,33,NA,NA,NA,NA,NA,NA,NA
hh_2145,19,17,41,NA,NA,NA,NA,NA
hh_2146,47,16,14,NA,NA,NA,NA,NA
hh_2147,28,8,4,NA,NA,NA,NA,NA
hh_2148,20,20,50,54,21,NA,NA,NA
hh_2149,24,NA,NA,NA,NA,NA,NA,NA
hh_2150,10,15,41,NA,NA,NA,NA,NA
hh_2151,62,29,NA,NA,NA,NA,NA,NA
hh_2152,23,NA,NA,NA,NA,NA,NA,NA
hh_2153,84,NA,NA,NA,NA,NA,NA,NA
hh_2154,30,57,55,NA,NA,NA,NA,NA
hh_2155,22,54,58,NA,NA,NA,NA,NA
hh_2156,62,58,26,NA,NA,NA,NA,NA
hh_2157,45,35,20,NA,NA,NA,NA,NA
hh_2158,23,19,34,37,NA,NA,NA,NA
hh_2159,NA,3,18,NA,NA,NA,NA,NA
hh_2160,41,NA,NA,NA,NA,NA,NA,NA
hh_2161,48,46,NA,NA,NA,NA,NA,NA
hh_2162,10,NA,NA,NA,NA,NA,NA,NA
hh_2163,28,NA,NA,NA,NA,NA,NA,NA
hh_2166,39,1,NA,NA,NA,NA,NA,NA
hh_2167,23,26,25,NA,NA,NA,NA,NA
hh_2168,42,2,NA,NA,NA,NA,NA,NA
hh_2169,35,NA,NA,NA,NA,NA,NA,NA
hh_2170,40,NA,NA,NA,NA,NA,NA,NA
hh_2171,41,33,NA,NA,NA,NA,NA,NA
hh_2172,38,16,15,13,NA,NA,NA,NA
hh_2173,42,24,30,22,NA,NA,NA,NA
hh_2174,60,NA,NA,NA,NA,NA,NA,NA
hh_2175,60,57,NA,NA,NA,NA,NA,NA
hh_2176,28,26,NA,NA,NA,NA,NA,NA
hh_2177,13,34,NA,NA,NA,NA,NA,NA
hh_2178,28,1,NA,NA,NA,NA,NA,NA
hh_2179,19,NA,NA,NA,NA,NA,NA,NA
hh_2180,46,12,7,NA,NA,NA,NA,NA
hh_2181,30,3,NA,NA,NA,NA,NA,NA
hh_2182,63,75,NA,NA,NA,NA,NA,NA
hh_2183,23,56,53,NA,NA,NA,NA,NA
hh_2184,29,NA,NA,NA,NA,NA,NA,NA
hh_2185,40,7,4,NA,NA,NA,NA,NA
hh_2186,16,NA,NA,NA,NA,NA,NA,NA
hh_2189,66,NA,NA,NA,NA,NA,NA,NA
hh_2190,53,60,9,32,NA,NA,NA,NA
hh_2191,41,NA,NA,NA,NA,NA,NA,NA
hh_2192,32,8,4,NA,NA,NA,NA,NA
hh_2193,24,NA,NA,NA,NA,NA,NA,NA
hh_2194,50,50,60,41,NA,NA,NA,NA
hh_2195,30,NA,NA,NA,NA,NA,NA,NA
hh_2196,69,69,NA,NA,NA,NA,NA,NA
hh_2197,57,33,NA,NA,NA,NA,NA,NA
hh_2198,23,24,NA,NA,NA,NA,NA,NA
hh_2199,22,7,NA,NA,NA,NA,NA,NA
hh_2200,3,NA,NA,NA,NA,NA,NA,NA
hh_2201,36,NA,NA,NA,NA,NA,NA,NA
hh_2202,38,NA,NA,NA,NA,NA,NA,NA
hh_2203,66,NA,NA,NA,NA,NA,NA,NA
hh_2204,42,22,NA,NA,NA,NA,NA,NA
hh_2205,27,NA,NA,NA,NA,NA,NA,NA
hh_2206,49,27,20,NA,NA,NA,NA,NA
hh_2207,33,NA,NA,NA,NA,NA,NA,NA
hh_2208,57,NA,NA,NA,NA,NA,NA,NA
hh_2209,64,NA,NA,NA,NA,NA,NA,NA
hh_2210,35,13,11,7,NA,NA,NA,NA
hh_2211,30,3,NA,NA,NA,NA,NA,NA
hh_2212,46,NA,NA,NA,NA,NA,NA,NA
hh_2213,22,49,22,NA,NA,NA,NA,NA
hh_2214,25,NA,NA,NA,NA,NA,NA,NA
hh_2215,20,51,52,NA,88,NA,NA,NA
hh_2216,28,NA,NA,NA,NA,NA,NA,NA
hh_2217,20,46,46,NA,NA,NA,NA,NA
hh_2218,30,NA,NA,NA,NA,NA,NA,NA
hh_2220,47,NA,NA,NA,NA,NA,NA,NA
hh_2221,40,14,11,NA,NA,NA,NA,NA
hh_2222,36,NA,NA,NA,NA,NA,NA,NA
hh_2223,7,6,5,NA,NA,NA,NA,NA
hh_2224,41,9,6,NA,NA,NA,NA,NA
hh_2226,25,NA,NA,NA,NA,NA,NA,NA
hh_2227,28,NA,NA,NA,NA,NA,NA,NA
hh_2228,62,58,27,NA,NA,NA,NA,NA
hh_2229,28,29,NA,NA,NA,NA,NA,NA
hh_2230,54,53,NA,NA,NA,NA,NA,NA
hh_2231,12,25,59,51,NA,NA,NA,NA
hh_2232,45,15,1,NA,NA,NA,NA,NA
hh_2233,40,NA,NA,NA,NA,NA,NA,NA
hh_2234,30,NA,NA,NA,NA,NA,NA,NA
hh_2235,34,7,NA,NA,NA,NA,NA,NA
hh_2236,31,10,3,NA,NA,NA,NA,NA
hh_2237,45,10,8,NA,NA,NA,NA,NA
hh_2238,43,2,NA,NA,NA,NA,NA,NA
hh_2239,50,62,NA,NA,NA,NA,NA,NA
hh_2240,35,NA,NA,NA,NA,NA,NA,NA
hh_2241,42,11,NA,NA,NA,NA,NA,NA
hh_2242,74,77,45,NA,NA,NA,NA,NA
hh_2244,44,3,11,NA,NA,NA,NA,NA
hh_2245,53,1,NA,NA,NA,NA,NA,NA
hh_2246,43,15,13,NA,NA,NA,NA,NA
hh_2247,57,18,NA,NA,NA,NA,NA,NA
hh_2248,6,NA,NA,NA,NA,NA,NA,NA
hh_2250,47,14,13,NA,NA,NA,NA,NA
hh_2253,50,9,NA,NA,NA,NA,NA,NA
hh_2254,56,24,21,NA,NA,NA,NA,NA
hh_2256,41,11,38,NA,NA,NA,NA,NA
hh_2257,50,5,53,NA,NA,NA,NA,NA
hh_2258,NA,2,4,8,10,NA,NA,NA
hh_2259,26,2,3,NA,NA,NA,NA,NA
hh_2260,10,NA,NA,NA,NA,NA,NA,NA
hh_2261,27,4,NA,NA,NA,NA,NA,NA
hh_2262,54,30,NA,NA,NA,NA,NA,NA
hh_2263,12,10,7,NA,NA,NA,NA,NA
hh_2265,18,35,NA,NA,NA,NA,NA,NA
hh_2266,27,6,NA,NA,NA,NA,NA,NA
hh_2267,36,NA,NA,NA,NA,NA,NA,NA
hh_2268,37,37,NA,NA,NA,NA,NA,NA
hh_2269,29,NA,NA,NA,NA,NA,NA,NA
hh_2270,25,NA,NA,NA,NA,NA,NA,NA
hh_2271,11,36,NA,NA,NA,NA,NA,NA
hh_2272,33,11,8,NA,NA,NA,NA,NA
hh_2273,36,NA,NA,NA,NA,NA,NA,NA
hh_2274,65,NA,NA,NA,NA,NA,NA,NA
hh_2275,58,NA,NA,NA,NA,NA,NA,NA
hh_2276,33,NA,NA,NA,NA,NA,NA,NA
hh_2277,58,87,NA,NA,NA,NA,NA,NA
hh_2279,62,NA,NA,NA,NA,NA,NA,NA
hh_2280,30,NA,NA,NA,NA,NA,NA,NA
hh_2282,20,17,15,8,NA,NA,NA,NA
hh_2283,12,9,34,NA,NA,NA,NA,NA
hh_2284,28,58,58,24,NA,NA,NA,NA
hh_2285,37,NA,NA,NA,NA,NA,NA,NA
hh_2286,26,4,NA,NA,NA,NA,NA,NA
hh_2287,43,13,11,9,2,NA,NA,NA
hh_2288,69,NA,NA,NA,NA,NA,NA,NA
hh_2290,48,17,15,11,9,NA,NA,NA
hh_2292,60,NA,NA,NA,NA,NA,NA,NA
hh_2293,64,NA,NA,NA,NA,NA,NA,NA
hh_2294,42,17,NA,NA,NA,NA,NA,NA
hh_2295,19,42,80,76,46,NA,NA,NA
hh_2296,71,63,15,NA,NA,NA,NA,NA
hh_2297,67,NA,NA,NA,NA,NA,NA,NA
hh_2299,29,NA,NA,NA,NA,NA,NA,NA
hh_2300,60,26,23,15,NA,NA,NA,NA
hh_2302,45,17,NA,NA,NA,NA,NA,NA
hh_2303,22,NA,NA,NA,NA,NA,NA,NA
hh_2304,52,NA,NA,NA,NA,NA,NA,NA
hh_2305,48,NA,NA,NA,NA,NA,NA,NA
hh_2306,76,NA,NA,NA,NA,NA,NA,NA
hh_2308,66,NA,NA,NA,NA,NA,NA,NA
hh_2309,72,NA,NA,NA,NA,NA,NA,NA
hh_2312,72,NA,NA,NA,NA,NA,NA,NA
hh_2313,55,NA,NA,NA,NA,NA,NA,NA
hh_2314,12,NA,NA,NA,NA,NA,NA,NA
hh_2316,61,NA,NA,NA,NA,NA,NA,NA
hh_2318,69,NA,NA,NA,NA,NA,NA,NA
hh_2319,62,19,17,NA,NA,NA,NA,NA
hh_2320,60,NA,NA,NA,NA,NA,NA,NA
hh_2321,57,NA,NA,NA,NA,NA,NA,NA
hh_2322,24,53,24,NA,NA,NA,NA,NA
hh_2323,71,NA,NA,NA,NA,NA,NA,NA
hh_2324,65,12,NA,NA,NA,NA,NA,NA
hh_2326,50,70,NA,NA,NA,NA,NA,NA
hh_2328,45,14,NA,NA,NA,NA,NA,NA
hh_2329,56,21,61,NA,NA,NA,NA,NA
hh_2331,50,20,18,13,NA,NA,NA,NA
hh_2333,68,NA,NA,NA,NA,NA,NA,NA
hh_2334,61,63,NA,NA,NA,NA,NA,NA
hh_2335,14,NA,NA,NA,NA,NA,NA,NA
hh_2338,38,16,13,NA,NA,NA,NA,NA
hh_2339,62,NA,NA,NA,NA,NA,NA,NA
hh_2342,66,NA,NA,NA,NA,NA,NA,NA
hh_2345,71,NA,NA,NA,NA,NA,NA,NA
hh_2347,38,NA,NA,NA,NA,NA,NA,NA
hh_2351,31,46,7,NA,NA,NA,NA,NA
hh_2352,20,6,53,NA,NA,NA,NA,NA
hh_2354,61,NA,NA,NA,NA,NA,NA,NA
hh_2355,19,NA,NA,NA,NA,NA,NA,NA
hh_2356,53,13,11,NA,NA,NA,NA,NA
hh_2357,48,NA,NA,NA,NA,NA,NA,NA
hh_2359,70,NA,NA,NA,NA,NA,NA,NA
hh_2360,46,14,11,NA,NA,NA,NA,NA
hh_2361,33,NA,NA,NA,NA,NA,NA,NA
hh_2362,76,47,13,8,NA,NA,NA,NA
hh_2363,76,NA,NA,NA,NA,NA,NA,NA
hh_2364,57,NA,NA,NA,NA,NA,NA,NA
hh_2365,85,NA,NA,NA,NA,NA,NA,NA
hh_2366,11,NA,NA,NA,NA,NA,NA,NA
hh_2367,70,NA,NA,NA,NA,NA,NA,NA
hh_2368,70,NA,NA,NA,NA,NA,NA,NA
hh_2369,58,NA,NA,NA,NA,NA,NA,NA
hh_2370,75,NA,NA,NA,NA,NA,NA,NA
hh_2371,38,NA,NA,NA,NA,NA,NA,NA
hh_2372,62,34,31,NA,NA,NA,NA,NA
hh_2373,36,10,4,NA,NA,NA,NA,NA
hh_2374,30,28,63,NA,NA,NA,NA,NA
hh_2375,46,12,NA,NA,NA,NA,NA,NA
hh_2376,45,8,NA,NA,NA,NA,NA,NA
hh_2377,40,10,7,NA,NA,NA,NA,NA
hh_2378,58,56,NA,NA,NA,NA,NA,NA
hh_2379,59,NA,NA,NA,NA,NA,NA,NA
hh_2380,57,16,14,NA,NA,NA,NA,NA
hh_2381,54,51,NA,NA,NA,NA,NA,NA
hh_2382,68,NA,NA,NA,NA,NA,NA,NA
hh_2383,64,NA,NA,NA,NA,NA,NA,NA
hh_2386,65,NA,NA,NA,NA,NA,NA,NA
hh_2387,46,13,10,5,NA,NA,NA,NA
hh_2390,32,14,NA,NA,NA,NA,NA,NA
hh_2391,44,25,NA,NA,NA,NA,NA,NA
hh_2392,51,NA,NA,NA,NA,NA,NA,NA
hh_2393,84,77,NA,NA,NA,NA,NA,NA
hh_2394,51,NA,NA,NA,NA,NA,NA,NA
hh_2396,62,24,NA,NA,NA,NA,NA,NA
hh_2397,83,NA,NA,NA,NA,NA,NA,NA
hh_2398,80,11,NA,NA,NA,NA,NA,NA
hh_2399,56,NA,NA,NA,NA,NA,NA,NA
hh_2400,55,35,32,NA,NA,NA,NA,NA
hh_2401,52,NA,NA,NA,NA,NA,NA,NA
hh_2402,8,6,7,NA,NA,NA,NA,NA
hh_2403,62,22,53,NA,NA,NA,NA,NA
hh_2404,56,NA,NA,NA,NA,NA,NA,NA
hh_2405,70,70,NA,NA,NA,NA,NA,NA
hh_2406,56,16,NA,NA,NA,NA,NA,NA
hh_2407,77,NA,NA,NA,NA,NA,NA,NA
hh_2408,56,30,26,NA,NA,NA,NA,NA
hh_2409,72,NA,NA,NA,NA,NA,NA,NA
hh_2410,61,22,19,29,NA,NA,NA,NA
hh_2411,50,NA,NA,NA,NA,NA,NA,NA
hh_2413,64,NA,NA,NA,NA,NA,NA,NA
hh_2415,65,66,NA,NA,NA,NA,NA,NA
hh_2416,60,NA,NA,NA,NA,NA,NA,NA
hh_2417,65,NA,NA,NA,NA,NA,NA,NA
hh_2418,14,11,NA,NA,NA,NA,NA,NA
hh_2422,21,18,65,NA,NA,NA,NA,NA
hh_2423,39,NA,NA,NA,NA,NA,NA,NA
hh_2424,33,2,NA,NA,NA,NA,NA,NA
hh_2425,51,50,20,17,NA,NA,NA,NA
hh_2429,63,NA,NA,NA,NA,NA,NA,NA
hh_2430,62,49,37,NA,NA,NA,NA,NA
hh_2432,7,9,5,NA,NA,NA,NA,NA
hh_2433,26,26,NA,NA,NA,NA,NA,NA
hh_2434,49,44,13,NA,NA,NA,NA,NA
hh_2435,25,45,30,11,50,NA,NA,NA
hh_2436,34,5,NA,NA,NA,NA,NA,NA
hh_2438,46,10,NA,NA,NA,NA,NA,NA
hh_2439,9,37,NA,NA,NA,NA,NA,NA
hh_2440,28,59,53,NA,NA,NA,NA,NA
hh_2441,26,5,36,NA,NA,NA,NA,NA
hh_2442,4,30,NA,NA,NA,NA,NA,NA
hh_2443,62,NA,NA,NA,NA,NA,NA,NA
hh_2444,14,16,NA,NA,NA,NA,NA,NA
hh_2445,43,12,11,7,NA,NA,NA,NA
hh_2446,61,NA,NA,NA,NA,NA,NA,NA
hh_2447,62,26,NA,NA,NA,NA,NA,NA
hh_2448,44,35,NA,NA,NA,NA,NA,NA
hh_2449,32,17,NA,NA,NA,NA,NA,NA
hh_2450,31,32,NA,NA,NA,NA,NA,NA
hh_2451,68,NA,NA,NA,NA,NA,NA,NA
hh_2453,1,37,NA,NA,NA,NA,NA,NA
hh_2454,37,13,11,11,NA,NA,NA,NA
hh_2455,20,49,NA,NA,NA,NA,NA,NA
hh_2456,76,NA,NA,NA,NA,NA,NA,NA
hh_2457,1,1,1,1,NA,NA,NA,NA
hh_2458,52,NA,NA,NA,NA,NA,NA,NA
hh_2459,9,NA,NA,NA,NA,NA,NA,NA
hh_2460,35,29,2,1,3,NA,NA,NA
hh_2461,40,30,NA,NA,NA,NA,NA,NA
hh_2462,63,NA,NA,NA,NA,NA,NA,NA
hh_2463,75,NA,NA,NA,NA,NA,NA,NA
hh_2464,84,85,NA,NA,NA,NA,NA,NA
hh_2465,30,NA,NA,NA,NA,NA,NA,NA
hh_2466,21,20,NA,NA,NA,NA,NA,NA
hh_2467,39,4,NA,NA,NA,NA,NA,NA
hh_2468,48,47,17,9,6,NA,NA,NA
hh_2469,37,19,17,12,1,NA,NA,NA
hh_2472,12,7,32,42,NA,NA,NA,NA
hh_2474,47,11,41,NA,NA,NA,NA,NA
hh_2475,9,NA,NA,NA,NA,NA,NA,NA
hh_2477,34,6,34,NA,NA,NA,NA,NA
hh_2478,60,3,38,NA,NA,NA,NA,NA
hh_2479,61,NA,NA,NA,NA,NA,NA,NA
hh_2480,56,16,NA,NA,NA,NA,NA,NA
hh_2481,63,NA,NA,NA,NA,NA,NA,NA
hh_2482,61,NA,NA,NA,NA,NA,NA,NA
hh_2483,74,NA,NA,NA,NA,NA,NA,NA
hh_2484,33,NA,NA,NA,NA,NA,NA,NA
hh_2485,46,53,NA,NA,NA,NA,NA,NA
hh_2486,40,NA,NA,NA,NA,NA,NA,NA
hh_2488,28,4,1,25,NA,NA,NA,NA
hh_2489,69,67,NA,NA,NA,NA,NA,NA
hh_2490,60,NA,NA,NA,NA,NA,NA,NA
hh_2491,24,NA,NA,NA,NA,NA,NA,NA
hh_2492,52,8,NA,NA,NA,NA,NA,NA
hh_2493,6,9,NA,NA,NA,NA,NA,NA
hh_2495,40,79,NA,NA,NA,NA,NA,NA
hh_2496,39,15,12,11,4,NA,NA,NA
hh_2497,24,24,NA,NA,NA,NA,NA,NA
hh_2498,8,10,12,26,NA,NA,NA,NA
hh_2499,2,28,NA,NA,NA,NA,NA,NA
hh_2500,45,23,18,NA,NA,NA,NA,NA
hh_2501,39,12,7,NA,NA,NA,NA,NA
hh_2502,41,72,17,11,NA,NA,NA,NA
hh_2503,24,5,3,NA,NA,NA,NA,NA
hh_2504,8,21,NA,NA,NA,NA,NA,NA
hh_2505,31,10,7,2,NA,NA,NA,NA
hh_2506,70,27,NA,NA,NA,NA,NA,NA
hh_2507,15,56,NA,NA,NA,NA,NA,NA
hh_2509,11,9,NA,NA,NA,NA,NA,NA
hh_2510,3,10,NA,NA,NA,NA,NA,NA
hh_2511,61,NA,NA,NA,NA,NA,NA,NA
hh_2514,44,12,43,NA,NA,NA,NA,NA
hh_2515,28,NA,NA,NA,NA,NA,NA,NA
hh_2516,24,NA,NA,NA,NA,NA,NA,NA
hh_2517,65,27,28,29,18,NA,NA,NA
hh_2518,24,NA,NA,NA,NA,NA,NA,NA
hh_2519,28,25,8,NA,NA,NA,NA,NA
hh_2520,12,NA,NA,NA,NA,NA,NA,NA
hh_2521,41,19,NA,NA,NA,NA,NA,NA
hh_2522,35,NA,NA,NA,NA,NA,NA,NA
hh_2524,28,5,3,NA,NA,NA,NA,NA
hh_2526,63,63,37,24,16,NA,NA,NA
hh_2527,57,25,NA,NA,NA,NA,NA,NA
hh_2528,25,5,3,29,NA,NA,NA,NA
hh_2529,28,5,NA,NA,NA,NA,NA,NA
hh_2531,34,NA,NA,NA,NA,NA,NA,NA
hh_2533,14,13,NA,NA,NA,NA,NA,NA
hh_2534,70,NA,NA,NA,NA,NA,NA,NA
hh_2535,48,11,9,52,NA,NA,NA,NA
hh_2536,53,NA,NA,NA,NA,NA,NA,NA
hh_2537,54,NA,NA,NA,NA,NA,NA,NA
hh_2538,29,7,3,NA,NA,NA,NA,NA
hh_2540,63,25,NA,NA,NA,NA,NA,NA
hh_2541,13,35,NA,NA,NA,NA,NA,NA
hh_2543,53,NA,NA,NA,NA,NA,NA,NA
hh_2544,59,NA,NA,NA,NA,NA,NA,NA
hh_2545,30,5,3,3,NA,NA,NA,NA
hh_2546,36,5,10,NA,NA,NA,NA,NA
hh_2547,37,5,3,NA,NA,NA,NA,NA
hh_2548,45,9,NA,NA,NA,NA,NA,NA
hh_2549,10,47,NA,NA,NA,NA,NA,NA
hh_2550,67,67,NA,NA,NA,NA,NA,NA
hh_2551,50,21,17,50,NA,NA,NA,NA
hh_2553,53,11,9,45,NA,NA,NA,NA
hh_2554,43,15,13,11,9,NA,NA,NA
hh_2555,49,23,NA,NA,NA,NA,NA,NA
hh_2556,2,4,45,NA,NA,NA,NA,NA
hh_2557,18,52,55,NA,NA,NA,NA,NA
hh_2559,29,NA,NA,NA,NA,NA,NA,NA
hh_2560,78,NA,NA,NA,NA,NA,NA,NA
hh_2561,13,7,31,NA,NA,NA,NA,NA
hh_2562,32,1,NA,NA,NA,NA,NA,NA
hh_2563,30,12,9,4,NA,NA,NA,NA
hh_2564,39,13,5,NA,NA,NA,NA,NA
hh_2565,52,11,24,NA,NA,NA,NA,NA
hh_2566,33,64,65,NA,NA,NA,NA,NA
hh_2567,4,NA,NA,NA,NA,NA,NA,NA
hh_2568,36,6,8,NA,NA,NA,NA,NA
hh_2569,32,NA,NA,NA,NA,NA,NA,NA
hh_2570,15,NA,NA,NA,NA,NA,NA,NA
hh_2571,70,NA,NA,NA,NA,NA,NA,NA
hh_2573,50,NA,NA,NA,NA,NA,NA,NA
hh_2575,4,2,34,NA,NA,NA,NA,NA
hh_2576,60,56,18,NA,NA,NA,NA,NA
hh_2577,29,6,2,NA,NA,NA,NA,NA
hh_2579,79,NA,NA,NA,NA,NA,NA,NA
hh_2580,31,59,65,NA,NA,NA,NA,NA
hh_2581,30,4,8,NA,NA,NA,NA,NA
hh_2582,35,6,3,32,NA,NA,NA,NA
hh_2583,33,NA,NA,NA,NA,NA,NA,NA
hh_2585,63,26,NA,NA,NA,NA,NA,NA
hh_2586,48,2,5,7,15,NA,NA,NA
hh_2587,45,NA,NA,NA,NA,NA,NA,NA
hh_2588,40,9,5,NA,NA,NA,NA,NA
hh_2589,45,8,2,NA,NA,NA,NA,NA
hh_2590,39,9,6,NA,NA,NA,NA,NA
hh_2591,75,NA,NA,NA,NA,NA,NA,NA
hh_2592,3,7,33,NA,NA,NA,NA,NA
hh_2593,66,23,18,NA,NA,NA,NA,NA
hh_2594,33,35,4,7,NA,NA,NA,NA
hh_2595,59,NA,NA,NA,NA,NA,NA,NA
hh_2596,9,7,39,NA,NA,NA,NA,NA
hh_2597,33,28,5,3,NA,NA,NA,NA
hh_2598,7,8,39,NA,NA,NA,NA,NA
hh_2599,32,12,9,NA,NA,NA,NA,NA
hh_2600,28,60,NA,NA,NA,NA,NA,NA
hh_2601,71,NA,NA,NA,NA,NA,NA,NA
hh_2602,15,20,21,NA,NA,NA,NA,NA
hh_2603,30,NA,NA,NA,NA,NA,NA,NA
hh_2604,31,10,5,NA,NA,NA,NA,NA
hh_2605,52,12,NA,NA,NA,NA,NA,NA
hh_2606,31,NA,NA,NA,NA,NA,NA,NA
hh_2607,39,34,15,NA,NA,NA,NA,NA
hh_2609,54,NA,NA,NA,NA,NA,NA,NA
hh_2610,73,NA,NA,NA,NA,NA,NA,NA
hh_2611,42,NA,NA,NA,NA,NA,NA,NA
hh_2612,36,6,5,NA,NA,NA,NA,NA
hh_2613,34,8,NA,NA,NA,NA,NA,NA
hh_2614,69,NA,NA,NA,NA,NA,NA,NA
hh_2616,42,17,NA,NA,NA,NA,NA,NA
hh_2617,47,NA,NA,NA,NA,NA,NA,NA
hh_2618,30,NA,NA,NA,NA,NA,NA,NA
hh_2619,49,NA,NA,NA,NA,NA,NA,NA
hh_2621,30,NA,NA,NA,NA,NA,NA,NA
hh_2622,5,6,NA,NA,NA,NA,NA,NA
hh_2625,67,NA,NA,NA,NA,NA,NA,NA
hh_2626,32,7,17,NA,NA,NA,NA,NA
hh_2627,8,5,NA,NA,NA,NA,NA,NA
hh_2628,10,5,3,33,NA,NA,NA,NA
hh_2630,14,19,NA,NA,NA,NA,NA,NA
hh_2631,48,11,11,6,NA,NA,NA,NA
hh_2632,60,30,NA,NA,NA,NA,NA,NA
hh_2633,5,NA,NA,NA,NA,NA,NA,NA
hh_2634,59,NA,NA,NA,NA,NA,NA,NA
hh_2635,35,7,5,NA,NA,NA,NA,NA
hh_2636,2,1,NA,NA,NA,NA,NA,NA
hh_2637,81,17,NA,NA,NA,NA,NA,NA
hh_2638,5,5,NA,NA,NA,NA,NA,NA
hh_2639,23,7,4,NA,NA,NA,NA,NA
hh_2640,12,30,NA,NA,NA,NA,NA,NA
hh_2641,41,14,10,7,NA,NA,NA,NA
hh_2642,52,25,20,55,34,37,NA,NA
hh_2643,42,10,7,3,NA,NA,NA,NA
hh_2644,65,41,NA,NA,NA,NA,NA,NA
hh_2645,9,NA,NA,NA,NA,NA,NA,NA
hh_2646,70,33,NA,NA,NA,NA,NA,NA
hh_2647,28,NA,NA,NA,NA,NA,NA,NA
hh_2648,34,24,NA,NA,NA,NA,NA,NA
hh_2649,49,49,16,20,NA,NA,NA,NA
hh_2650,71,NA,NA,NA,NA,NA,NA,NA
hh_2651,35,33,24,15,NA,NA,NA,NA
hh_2652,5,NA,NA,NA,NA,NA,NA,NA
hh_2654,29,31,26,NA,NA,NA,NA,NA
hh_2655,50,NA,NA,NA,NA,NA,NA,NA
hh_2656,37,9,7,NA,NA,NA,NA,NA
hh_2657,34,13,5,NA,NA,NA,NA,NA
hh_2658,3,9,NA,NA,NA,NA,NA,NA
hh_2660,11,7,40,NA,NA,NA,NA,NA
hh_2661,7,5,2,NA,NA,NA,NA,NA
hh_2662,38,68,NA,NA,NA,NA,NA,NA
hh_2663,57,61,NA,NA,NA,NA,NA,NA
hh_2664,45,36,11,NA,NA,NA,NA,NA
hh_2665,30,NA,NA,NA,NA,NA,NA,NA
hh_2666,23,4,NA,NA,NA,NA,NA,NA
hh_2668,53,NA,NA,NA,NA,NA,NA,NA
hh_2669,6,49,11,32,NA,NA,NA,NA
hh_2670,63,NA,NA,NA,NA,NA,NA,NA
hh_2671,33,13,5,NA,NA,NA,NA,NA
hh_2672,29,NA,NA,NA,NA,NA,NA,NA
hh_2674,29,4,NA,NA,NA,NA,NA,NA
hh_2675,80,76,NA,NA,NA,NA,NA,NA
hh_2676,39,16,13,10,NA,NA,NA,NA
hh_2677,15,11,6,2,1,NA,NA,NA
hh_2678,30,33,NA,NA,NA,NA,NA,NA
hh_2679,5,NA,NA,NA,NA,NA,NA,NA
hh_2680,65,34,33,3,1,NA,NA,NA
hh_2681,52,17,14,NA,NA,NA,NA,NA
hh_2683,36,28,NA,NA,NA,NA,NA,NA
hh_2684,9,30,NA,NA,NA,NA,NA,NA
hh_2685,30,7,NA,NA,NA,NA,NA,NA
hh_2687,51,22,21,11,NA,NA,NA,NA
hh_2688,16,NA,NA,NA,NA,NA,NA,NA
hh_2689,38,11,NA,NA,NA,NA,NA,NA
hh_2690,23,NA,NA,NA,NA,NA,NA,NA
hh_2691,18,22,73,NA,NA,NA,NA,NA
hh_2694,42,13,6,NA,NA,NA,NA,NA
hh_2695,50,25,49,NA,NA,NA,NA,NA
hh_2696,NA,34,NA,NA,NA,NA,NA,NA
hh_2697,70,NA,NA,NA,NA,NA,NA,NA
hh_2698,41,16,13,NA,NA,NA,NA,NA
hh_2699,59,35,NA,NA,NA,NA,NA,NA
hh_2701,57,NA,NA,NA,NA,NA,NA,NA
hh_2704,44,9,NA,NA,NA,NA,NA,NA
hh_2705,11,NA,NA,NA,NA,NA,NA,NA
hh_2706,31,NA,NA,NA,NA,NA,NA,NA
hh_2707,29,NA,NA,NA,NA,NA,NA,NA
hh_2708,50,23,21,NA,NA,NA,NA,NA
hh_2709,38,63,35,NA,NA,NA,NA,NA
hh_2711,22,NA,NA,NA,NA,NA,NA,NA
hh_2712,38,NA,NA,NA,NA,NA,NA,NA
hh_2713,48,49,NA,NA,NA,NA,NA,NA
hh_2715,65,NA,NA,NA,NA,NA,NA,NA
hh_2716,32,NA,NA,NA,NA,NA,NA,NA
hh_2717,39,9,8,21,NA,NA,NA,NA
hh_2718,39,16,35,NA,NA,NA,NA,NA
hh_2719,38,NA,NA,NA,NA,NA,NA,NA
hh_2720,74,NA,NA,NA,NA,NA,NA,NA
hh_2721,25,35,NA,NA,NA,NA,NA,NA
hh_2722,64,21,30,NA,NA,NA,NA,NA
hh_2723,68,NA,NA,NA,NA,NA,NA,NA
hh_2724,33,12,8,NA,NA,NA,NA,NA
hh_2726,11,9,6,NA,NA,NA,NA,NA
hh_2727,68,NA,NA,NA,NA,NA,NA,NA
hh_2728,78,NA,NA,NA,NA,NA,NA,NA
hh_2729,56,NA,NA,NA,NA,NA,NA,NA
hh_2732,17,NA,NA,NA,NA,NA,NA,NA
hh_2735,73,91,NA,NA,NA,NA,NA,NA
hh_2736,16,14,NA,NA,NA,NA,NA,NA
hh_2737,28,32,NA,NA,NA,NA,NA,NA
hh_2739,83,NA,NA,NA,NA,NA,NA,NA
hh_2741,42,19,8,NA,NA,NA,NA,NA
hh_2742,33,4,NA,NA,NA,NA,NA,NA
hh_2743,30,NA,NA,NA,NA,NA,NA,NA
hh_2744,44,15,NA,NA,NA,NA,NA,NA
hh_2745,46,NA,NA,NA,NA,NA,NA,NA
hh_2747,76,NA,NA,NA,NA,NA,NA,NA
hh_2748,54,NA,NA,NA,NA,NA,NA,NA
hh_2749,50,17,14,NA,NA,NA,NA,NA
hh_2750,32,32,NA,NA,NA,NA,NA,NA
hh_2751,78,77,NA,NA,NA,NA,NA,NA
hh_2752,45,6,NA,NA,NA,NA,NA,NA
hh_2753,24,19,19,18,NA,NA,NA,NA
hh_2754,35,14,35,NA,NA,NA,NA,NA
hh_2755,44,15,NA,NA,NA,NA,NA,NA
hh_2756,59,15,NA,NA,NA,NA,NA,NA
hh_2757,61,33,28,25,NA,NA,NA,NA
hh_2758,49,15,NA,NA,NA,NA,NA,NA
hh_2759,66,NA,NA,NA,NA,NA,NA,NA
hh_2760,7,5,NA,NA,NA,NA,NA,NA
hh_2761,63,59,NA,NA,NA,NA,NA,NA
hh_2762,28,NA,NA,NA,NA,NA,NA,NA
hh_2763,60,53,26,NA,NA,NA,NA,NA
hh_2766,50,NA,NA,NA,NA,NA,NA,NA
hh_2767,30,NA,NA,NA,NA,NA,NA,NA
hh_2768,43,11,8,NA,NA,NA,NA,NA
hh_2770,18,18,NA,NA,NA,NA,NA,NA
hh_2771,39,12,NA,NA,NA,NA,NA,NA
hh_2772,69,62,NA,NA,NA,NA,NA,NA
hh_2773,49,17,16,NA,NA,NA,NA,NA
hh_2774,29,NA,NA,NA,NA,NA,NA,NA
hh_2775,4,4,NA,NA,NA,NA,NA,NA
hh_2776,61,NA,NA,NA,NA,NA,NA,NA
hh_2777,9,8,1,NA,NA,NA,NA,NA
hh_2778,58,25,28,NA,NA,NA,NA,NA
hh_2779,67,NA,NA,NA,NA,NA,NA,NA
hh_2780,49,22,NA,NA,NA,NA,NA,NA
hh_2781,44,17,4,2,38,NA,NA,NA
hh_2783,62,NA,NA,NA,NA,NA,NA,NA
hh_2784,67,NA,NA,NA,NA,NA,NA,NA
hh_2785,25,7,5,NA,NA,NA,NA,NA
hh_2786,59,53,NA,NA,NA,NA,NA,NA
hh_2789,39,NA,NA,NA,NA,NA,NA,NA
hh_2790,30,3,2,NA,NA,NA,NA,NA
hh_2791,25,24,NA,NA,NA,NA,NA,NA
hh_2792,4,8,NA,NA,NA,NA,NA,NA
hh_2793,40,6,NA,NA,NA,NA,NA,NA
hh_2794,32,NA,NA,NA,NA,NA,NA,NA
hh_2796,34,NA,NA,NA,NA,NA,NA,NA
hh_2799,63,73,NA,NA,NA,NA,NA,NA
hh_2800,68,74,NA,NA,NA,NA,NA,NA
hh_2801,66,23,22,NA,NA,NA,NA,NA
hh_2802,17,35,30,NA,NA,NA,NA,NA
hh_2804,66,NA,NA,NA,NA,NA,NA,NA
hh_2805,19,19,19,19,NA,NA,NA,NA
hh_2808,28,NA,NA,NA,NA,NA,NA,NA
hh_2809,48,NA,NA,NA,NA,NA,NA,NA
hh_2810,44,NA,NA,NA,NA,NA,NA,NA
hh_2811,55,53,20,24,NA,NA,NA,NA
hh_2812,60,NA,NA,NA,NA,NA,NA,NA
hh_2814,55,NA,NA,NA,NA,NA,NA,NA
hh_2815,58,NA,NA,NA,NA,NA,NA,NA
hh_2817,32,NA,NA,NA,NA,NA,NA,NA
hh_2818,75,NA,NA,NA,NA,NA,NA,NA
hh_2819,58,16,NA,NA,NA,NA,NA,NA
hh_2821,40,NA,NA,NA,NA,NA,NA,NA
hh_2822,59,NA,NA,NA,NA,NA,NA,NA
hh_2823,44,5,3,45,NA,NA,NA,NA
hh_2824,29,NA,NA,NA,NA,NA,NA,NA
hh_2825,65,NA,NA,NA,NA,NA,NA,NA
hh_2826,63,38,NA,NA,NA,NA,NA,NA
hh_2827,64,NA,NA,NA,NA,NA,NA,NA
hh_2828,45,10,NA,NA,NA,NA,NA,NA
hh_2829,61,19,15,NA,NA,NA,NA,NA
hh_2830,24,NA,NA,NA,NA,NA,NA,NA
hh_2831,26,20,NA,NA,NA,NA,NA,NA
hh_2832,61,NA,NA,NA,NA,NA,NA,NA
hh_2834,13,47,NA,NA,NA,NA,NA,NA
hh_2835,46,25,3,6,2,NA,NA,NA
hh_2836,50,51,NA,NA,NA,NA,NA,NA
hh_2837,28,59,NA,NA,NA,NA,NA,NA
hh_2838,61,NA,NA,NA,NA,NA,NA,NA
hh_2840,48,49,47,NA,NA,NA,NA,NA
hh_2841,31,25,NA,NA,NA,NA,NA,NA
hh_2842,52,22,NA,NA,NA,NA,NA,NA
hh_2843,53,12,NA,NA,NA,NA,NA,NA
hh_2844,17,NA,NA,NA,NA,NA,NA,NA
hh_2845,67,NA,NA,NA,NA,NA,NA,NA
hh_2846,24,24,25,NA,NA,NA,NA,NA
hh_2847,57,NA,NA,NA,NA,NA,NA,NA
hh_2848,7,5,7,NA,NA,NA,NA,NA
hh_2850,60,21,NA,NA,NA,NA,NA,NA
hh_2851,8,NA,NA,NA,NA,NA,NA,NA
hh_2852,25,1,NA,NA,NA,NA,NA,NA
hh_2853,10,24,NA,NA,NA,NA,NA,NA
hh_2854,10,9,14,48,NA,NA,NA,NA
hh_2855,38,13,13,NA,NA,NA,NA,NA
hh_2857,40,16,13,5,NA,NA,NA,NA
hh_2858,63,NA,NA,NA,NA,NA,NA,NA
hh_2859,1,21,19,NA,NA,NA,NA,NA
hh_2860,29,NA,NA,NA,NA,NA,NA,NA
hh_2861,50,NA,NA,NA,NA,NA,NA,NA
hh_2862,22,NA,NA,NA,NA,NA,NA,NA
hh_2864,56,26,NA,NA,NA,NA,NA,NA
hh_2865,47,42,57,19,59,NA,NA,NA
hh_2866,18,NA,NA,NA,NA,NA,NA,NA
hh_2867,51,13,19,NA,NA,NA,NA,NA
hh_2868,47,16,14,NA,NA,NA,NA,NA
hh_2869,63,70,NA,NA,NA,NA,NA,NA
hh_2870,42,6,6,NA,NA,NA,NA,NA
hh_2871,2,12,14,35,36,61,61,NA
hh_2873,20,25,38,NA,NA,NA,NA,NA
hh_2874,20,15,NA,NA,NA,NA,NA,NA
hh_2875,4,NA,NA,NA,NA,NA,NA,NA
hh_2876,17,13,15,50,NA,NA,NA,NA
hh_2878,40,13,NA,NA,NA,NA,NA,NA
hh_2879,55,NA,NA,NA,NA,NA,NA,NA
hh_2880,53,NA,NA,NA,NA,NA,NA,NA
hh_2881,33,31,58,4,NA,NA,NA,NA
hh_2882,25,62,60,NA,NA,NA,NA,NA
hh_2883,50,16,NA,NA,NA,NA,NA,NA
hh_2885,36,NA,NA,NA,NA,NA,NA,NA
hh_2887,41,NA,NA,NA,NA,NA,NA,NA
hh_2889,39,NA,NA,NA,NA,NA,NA,NA
hh_2890,77,26,22,NA,NA,NA,NA,NA
hh_2891,50,57,19,31,NA,NA,NA,NA
hh_2893,46,12,43,NA,NA,NA,NA,NA
hh_2894,46,16,16,NA,NA,NA,NA,NA
hh_2895,5,3,38,NA,NA,NA,NA,NA
hh_2896,7,NA,NA,NA,NA,NA,NA,NA
hh_2899,35,7,4,NA,NA,NA,NA,NA
hh_2900,28,28,24,NA,NA,NA,NA,NA
hh_2901,46,16,13,NA,NA,NA,NA,NA
hh_2902,27,32,NA,NA,NA,NA,NA,NA
hh_2903,63,31,NA,NA,NA,NA,NA,NA
hh_2904,45,16,NA,NA,NA,NA,NA,NA
hh_2905,47,11,11,9,NA,NA,NA,NA
hh_2906,31,60,35,NA,NA,NA,NA,NA
hh_2908,2,35,NA,NA,NA,NA,NA,NA
hh_2909,40,14,10,7,NA,NA,NA,NA
hh_2910,5,5,NA,NA,NA,NA,NA,NA
hh_2911,36,NA,NA,NA,NA,NA,NA,NA
hh_2912,50,NA,NA,NA,NA,NA,NA,NA
hh_2913,18,13,16,58,NA,NA,NA,NA
hh_2914,39,NA,NA,NA,NA,NA,NA,NA
hh_2915,10,NA,NA,NA,NA,NA,NA,NA
hh_2916,64,NA,NA,NA,NA,NA,NA,NA
hh_2917,34,5,3,NA,NA,NA,NA,NA
hh_2918,62,NA,NA,NA,NA,NA,NA,NA
hh_2919,43,20,17,NA,NA,NA,NA,NA
hh_2920,32,NA,NA,NA,NA,NA,NA,NA
hh_2921,41,16,14,9,NA,NA,NA,NA
hh_2922,28,4,4,NA,NA,NA,NA,NA
hh_2923,28,1,30,NA,NA,NA,NA,NA
hh_2924,16,12,41,NA,NA,NA,NA,NA
hh_2925,31,5,NA,NA,NA,NA,NA,NA
hh_2926,7,NA,NA,NA,NA,NA,NA,NA
hh_2927,53,47,18,NA,NA,NA,NA,NA
hh_2928,60,NA,NA,NA,NA,NA,NA,NA
hh_2931,52,44,20,NA,NA,NA,NA,NA
hh_2932,28,28,26,27,24,NA,NA,NA
hh_2933,20,25,25,NA,NA,NA,NA,NA
hh_2934,52,75,NA,NA,NA,NA,NA,NA
hh_2935,68,NA,NA,NA,NA,NA,NA,NA
hh_2936,57,19,17,11,NA,NA,NA,NA
hh_2937,55,NA,NA,NA,NA,NA,NA,NA
hh_2938,45,NA,NA,NA,NA,NA,NA,NA
hh_2939,25,16,44,NA,NA,NA,NA,NA
hh_2940,35,NA,NA,NA,NA,NA,NA,NA
hh_2941,68,NA,NA,NA,NA,NA,NA,NA
hh_2942,52,51,17,NA,NA,NA,NA,NA
hh_2943,19,42,NA,NA,NA,NA,NA,NA
hh_2944,46,3,1,NA,NA,NA,NA,NA
hh_2947,13,NA,NA,NA,NA,NA,NA,NA
hh_2948,26,27,NA,NA,NA,NA,NA,NA
hh_2949,32,7,NA,NA,NA,NA,NA,NA
hh_2950,40,4,NA,NA,NA,NA,NA,NA
hh_2951,52,NA,NA,NA,NA,NA,NA,NA
hh_2952,5,4,NA,NA,NA,NA,NA,NA
hh_2953,53,NA,NA,NA,NA,NA,NA,NA
hh_2954,40,10,9,70,NA,NA,NA,NA
hh_2955,11,47,50,15,18,NA,NA,NA
hh_2956,34,NA,NA,NA,NA,NA,NA,NA
hh_2958,43,19,17,NA,NA,NA,NA,NA
hh_2959,36,8,NA,NA,NA,NA,NA,NA
hh_2960,31,7,3,NA,NA,NA,NA,NA
hh_2961,41,8,2,NA,NA,NA,NA,NA
hh_2962,27,27,22,27,NA,NA,NA,NA
hh_2963,52,19,2,22,NA,NA,NA,NA
hh_2965,37,13,10,9,NA,NA,NA,NA
hh_2966,28,30,34,NA,NA,NA,NA,NA
hh_2967,53,15,12,NA,NA,NA,NA,NA
hh_2968,7,6,NA,NA,NA,NA,NA,NA
hh_2969,25,29,NA,NA,NA,NA,NA,NA
hh_2971,38,9,14,59,NA,NA,NA,NA
hh_2973,42,15,NA,NA,NA,NA,NA,NA
hh_2974,36,33,4,NA,NA,NA,NA,NA
hh_2975,68,66,NA,NA,NA,NA,NA,NA
hh_2976,34,10,NA,NA,NA,NA,NA,NA
hh_2978,72,32,NA,NA,NA,NA,NA,NA
hh_2979,10,45,NA,NA,NA,NA,NA,NA
hh_2980,47,40,NA,NA,NA,NA,NA,NA
hh_2981,27,3,1,27,NA,NA,NA,NA
hh_2982,11,6,35,NA,NA,NA,NA,NA
hh_2984,33,13,9,NA,NA,NA,NA,NA
hh_2985,33,8,5,3,36,NA,NA,NA
hh_2986,31,30,NA,NA,NA,NA,NA,NA
hh_2987,43,15,9,2,NA,NA,NA,NA
hh_2988,58,24,NA,NA,NA,NA,NA,NA
hh_2990,27,NA,NA,NA,NA,NA,NA,NA
hh_2992,44,49,NA,NA,NA,NA,NA,NA
hh_2993,22,NA,NA,NA,NA,NA,NA,NA
hh_2994,31,6,4,NA,NA,NA,NA,NA
hh_2995,20,19,NA,NA,NA,NA,NA,NA
hh_2996,18,3,8,NA,NA,NA,NA,NA
hh_2998,43,10,NA,NA,NA,NA,NA,NA
hh_2999,28,8,NA,NA,NA,NA,NA,NA
hh_3000,34,38,21,19,NA,NA,NA,NA
hh_3001,4,7,8,NA,NA,NA,NA,NA
hh_3002,30,NA,NA,NA,NA,NA,NA,NA
hh_3003,16,14,18,43,NA,NA,NA,NA
hh_3004,65,64,38,16,NA,NA,NA,NA
hh_3005,36,3,NA,NA,NA,NA,NA,NA
hh_3006,8,4,NA,NA,NA,NA,NA,NA
hh_3007,43,7,1,30,NA,NA,NA,NA
hh_3008,22,23,NA,NA,NA,NA,NA,NA
hh_3009,4,27,21,NA,NA,NA,NA,NA
hh_3011,35,NA,NA,NA,NA,NA,NA,NA
hh_3012,74,70,NA,NA,NA,NA,NA,NA
hh_3013,30,2,NA,NA,NA,NA,NA,NA
hh_3014,68,28,NA,NA,NA,NA,NA,NA
hh_3015,18,18,18,NA,NA,NA,NA,NA
hh_3016,61,21,18,15,NA,NA,NA,NA
hh_3017,33,NA,NA,NA,NA,NA,NA,NA
hh_3018,28,NA,NA,NA,NA,NA,NA,NA
hh_3019,39,38,17,13,13,NA,NA,NA
hh_3020,30,NA,NA,NA,NA,NA,NA,NA
hh_3021,25,12,5,18,NA,NA,NA,NA
hh_3022,12,20,NA,NA,NA,NA,NA,NA
hh_3023,43,14,11,NA,NA,NA,NA,NA
hh_3024,27,26,NA,NA,NA,NA,NA,NA
hh_3025,44,9,6,2,1,NA,NA,NA
hh_3026,36,1,NA,NA,NA,NA,NA,NA
hh_3027,23,NA,NA,NA,NA,NA,NA,NA
hh_3028,40,10,7,6,3,NA,NA,NA
hh_3029,42,NA,NA,NA,NA,NA,NA,NA
hh_3030,29,NA,NA,NA,NA,NA,NA,NA
hh_3032,2,3,3,2,2,6,NA,NA
hh_3033,35,11,NA,NA,NA,NA,NA,NA
hh_3035,NA,30,NA,NA,NA,NA,NA,NA
hh_3037,42,NA,NA,NA,NA,NA,NA,NA
hh_3038,51,NA,NA,NA,NA,NA,NA,NA
hh_3039,41,12,16,NA,NA,NA,NA,NA
hh_3040,42,NA,NA,NA,NA,NA,NA,NA
hh_3041,60,55,NA,NA,NA,NA,NA,NA
hh_3042,41,34,31,35,7,NA,NA,NA
hh_3043,61,39,NA,NA,NA,NA,NA,NA
hh_3044,42,12,8,NA,NA,NA,NA,NA
hh_3045,34,9,7,NA,NA,NA,NA,NA
hh_3046,45,16,NA,NA,NA,NA,NA,NA
hh_3047,23,12,NA,NA,NA,NA,NA,NA
hh_3049,18,26,34,40,NA,NA,NA,NA
hh_3050,37,14,6,1,NA,NA,NA,NA
hh_3051,29,28,38,NA,NA,NA,NA,NA
hh_3052,18,20,47,50,NA,NA,NA,NA
hh_3053,6,10,44,NA,NA,NA,NA,NA
hh_3054,44,16,12,NA,NA,NA,NA,NA
hh_3055,76,NA,NA,NA,NA,NA,NA,NA
hh_3056,66,NA,NA,NA,NA,NA,NA,NA
hh_3057,39,9,NA,NA,NA,NA,NA,NA
hh_3058,52,18,15,NA,NA,NA,NA,NA
hh_3059,57,17,NA,NA,NA,NA,NA,NA
hh_3060,34,5,1,NA,NA,NA,NA,NA
hh_3061,18,NA,NA,NA,NA,NA,NA,NA
hh_3062,58,NA,NA,NA,NA,NA,NA,NA
hh_3063,8,5,3,30,NA,NA,NA,NA
hh_3064,18,23,10,15,NA,NA,NA,NA
hh_3065,29,1,NA,NA,NA,NA,NA,NA
hh_3066,67,NA,NA,NA,NA,NA,NA,NA
hh_3067,61,NA,NA,NA,NA,NA,NA,NA
hh_3068,51,NA,NA,NA,NA,NA,NA,NA
hh_3069,36,11,9,NA,NA,NA,NA,NA
hh_3070,39,13,11,NA,NA,NA,NA,NA
hh_3071,29,3,25,NA,NA,NA,NA,NA
hh_3072,57,NA,NA,NA,NA,NA,NA,NA
hh_3073,45,1,NA,NA,NA,NA,NA,NA
hh_3074,6,NA,NA,NA,NA,NA,NA,NA
hh_3075,24,32,NA,NA,NA,NA,NA,NA
hh_3076,40,63,72,NA,NA,NA,NA,NA
hh_3077,54,19,18,17,NA,NA,NA,NA
hh_3078,7,NA,NA,NA,NA,NA,NA,NA
hh_3079,51,11,9,NA,NA,NA,NA,NA
hh_3080,35,2,NA,NA,NA,NA,NA,NA
hh_3081,39,16,14,10,NA,NA,NA,NA
hh_3082,26,NA,NA,NA,NA,NA,NA,NA
hh_3083,39,NA,NA,NA,NA,NA,NA,NA
hh_3085,27,32,35,NA,NA,NA,NA,NA
hh_3086,35,6,1,NA,NA,NA,NA,NA
hh_3087,6,9,45,NA,NA,NA,NA,NA
hh_3088,40,13,9,35,NA,NA,NA,NA
hh_3089,3,53,37,41,54,40,NA,NA
hh_3090,10,24,24,NA,NA,NA,NA,NA
hh_3091,48,46,3,NA,NA,NA,NA,NA
hh_3092,15,12,NA,NA,NA,NA,NA,NA
hh_3093,31,NA,NA,NA,NA,NA,NA,NA
hh_3094,26,NA,NA,NA,NA,NA,NA,NA
hh_3095,26,24,NA,NA,NA,NA,NA,NA
hh_3096,2,NA,NA,NA,NA,NA,NA,NA
hh_3097,40,27,NA,NA,NA,NA,NA,NA
hh_3099,59,59,NA,NA,NA,NA,NA,NA
hh_3100,9,NA,NA,NA,NA,NA,NA,NA
hh_3101,54,16,17,NA,NA,NA,NA,NA
hh_3102,61,NA,NA,NA,NA,NA,NA,NA
hh_3103,16,19,21,25,NA,NA,NA,NA
hh_3104,31,NA,NA,NA,NA,NA,NA,NA
hh_3105,31,6,3,NA,NA,NA,NA,NA
hh_3106,9,16,42,45,NA,NA,NA,NA
hh_3107,35,21,36,NA,NA,NA,NA,NA
hh_3108,24,NA,NA,NA,NA,NA,NA,NA
hh_3109,38,53,26,NA,NA,NA,NA,NA
hh_3110,62,67,27,NA,NA,NA,NA,NA
hh_3111,58,23,17,NA,NA,NA,NA,NA
hh_3113,45,4,2,NA,NA,NA,NA,NA
hh_3114,54,21,17,NA,NA,NA,NA,NA
hh_3115,57,NA,NA,NA,NA,NA,NA,NA
hh_3116,37,4,NA,NA,NA,NA,NA,NA
hh_3117,29,4,2,38,NA,NA,NA,NA
hh_3118,23,25,NA,NA,NA,NA,NA,NA
hh_3119,25,27,30,35,NA,NA,NA,NA
hh_3120,3,3,NA,NA,NA,NA,NA,NA
hh_3121,30,NA,NA,NA,NA,NA,NA,NA
hh_3122,31,3,NA,NA,NA,NA,NA,NA
hh_3123,30,28,NA,NA,NA,NA,NA,NA
hh_3124,22,20,20,20,NA,NA,NA,NA
hh_3125,37,15,14,5,NA,NA,NA,NA
hh_3126,4,43,47,NA,NA,NA,NA,NA
hh_3127,36,10,NA,NA,NA,NA,NA,NA
hh_3129,45,55,53,NA,NA,NA,NA,NA
hh_3130,48,15,12,9,NA,NA,NA,NA
hh_3132,27,NA,NA,NA,NA,NA,NA,NA
hh_3134,38,NA,NA,NA,NA,NA,NA,NA
hh_3135,34,4,NA,NA,NA,NA,NA,NA
hh_3136,32,30,64,NA,NA,NA,NA,NA
hh_3137,7,31,28,NA,NA,NA,NA,NA
hh_3138,3,NA,NA,NA,NA,NA,NA,NA
hh_3139,32,NA,NA,NA,NA,NA,NA,NA
hh_3140,33,NA,NA,NA,NA,NA,NA,NA
hh_3141,21,NA,NA,NA,NA,NA,NA,NA
hh_3142,39,10,5,NA,NA,NA,NA,NA
hh_3144,26,1,NA,NA,NA,NA,NA,NA
hh_3145,67,34,1,26,NA,NA,NA,NA
hh_3146,4,22,NA,NA,NA,NA,NA,NA
hh_3147,43,3,NA,NA,NA,NA,NA,NA
hh_3149,28,18,16,6,2,NA,NA,NA
hh_3150,37,12,9,NA,NA,NA,NA,NA
hh_3151,39,10,5,NA,NA,NA,NA,NA
hh_3153,38,7,4,NA,NA,NA,NA,NA
hh_3154,29,NA,NA,NA,NA,NA,NA,NA
hh_3155,30,13,8,3,NA,NA,NA,NA
hh_3156,61,NA,NA,NA,NA,NA,NA,NA
hh_3157,27,8,NA,NA,NA,NA,NA,NA
hh_3158,33,12,11,7,NA,NA,NA,NA
hh_3159,44,8,4,NA,NA,NA,NA,NA
hh_3160,64,67,NA,NA,NA,NA,NA,NA
hh_3161,20,NA,NA,NA,NA,NA,NA,NA
hh_3162,32,NA,NA,NA,NA,NA,NA,NA
hh_3163,59,19,17,14,NA,NA,NA,NA
hh_3164,18,12,11,1,NA,NA,NA,NA
hh_3165,32,NA,NA,NA,NA,NA,NA,NA
hh_3166,62,NA,NA,NA,NA,NA,NA,NA
hh_3167,39,9,6,4,NA,NA,NA,NA
hh_3168,35,NA,NA,NA,NA,NA,NA,NA
hh_3169,48,14,16,NA,NA,NA,NA,NA
hh_3170,21,51,12,12,NA,NA,NA,NA
hh_3172,55,64,30,NA,NA,NA,NA,NA
hh_3173,26,7,NA,NA,NA,NA,NA,NA
hh_3174,61,NA,NA,NA,NA,NA,NA,NA
hh_3175,49,8,NA,NA,NA,NA,NA,NA
hh_3176,47,25,NA,NA,NA,NA,NA,NA
hh_3177,41,8,6,NA,NA,NA,NA,NA
hh_3179,25,NA,NA,NA,NA,NA,NA,NA
hh_3180,64,21,22,NA,NA,NA,NA,NA
hh_3181,8,NA,NA,NA,NA,NA,NA,NA
hh_3182,49,20,14,NA,NA,NA,NA,NA
hh_3183,10,38,77,NA,NA,NA,NA,NA
hh_3184,18,29,18,NA,NA,NA,NA,NA
hh_3185,75,NA,NA,NA,NA,NA,NA,NA
hh_3186,9,12,NA,NA,NA,NA,NA,NA
hh_3187,19,56,16,NA,NA,NA,NA,NA
hh_3189,42,17,12,66,NA,NA,NA,NA
hh_3190,27,49,NA,NA,NA,NA,NA,NA
hh_3191,44,NA,NA,NA,NA,NA,NA,NA
hh_3192,44,16,14,NA,NA,NA,NA,NA
hh_3193,31,NA,NA,NA,NA,NA,NA,NA
hh_3194,25,8,31,NA,NA,NA,NA,NA
hh_3195,17,25,NA,NA,NA,NA,NA,NA
hh_3196,50,16,52,NA,NA,NA,NA,NA
hh_3198,30,7,4,20,NA,NA,NA,NA
hh_3199,50,32,30,NA,NA,NA,NA,NA
hh_3200,11,9,76,38,NA,NA,NA,NA
hh_3202,57,36,NA,NA,NA,NA,NA,NA
hh_3203,10,25,5,NA,NA,NA,NA,NA
hh_3205,43,8,7,85,NA,NA,NA,NA
hh_3206,35,8,4,1,NA,NA,NA,NA
hh_3207,42,NA,NA,NA,NA,NA,NA,NA
hh_3208,48,21,16,NA,NA,NA,NA,NA
hh_3209,22,21,50,NA,NA,NA,NA,NA
hh_3211,11,13,42,35,NA,NA,NA,NA
hh_3212,53,84,NA,NA,NA,NA,NA,NA
hh_3213,20,42,76,82,NA,NA,NA,NA
hh_3214,67,70,NA,NA,NA,NA,NA,NA
hh_3215,69,34,NA,NA,NA,NA,NA,NA
hh_3216,58,31,NA,NA,NA,NA,NA,NA
hh_3218,26,68,NA,NA,NA,NA,NA,NA
hh_3219,59,NA,NA,NA,NA,NA,NA,NA
hh_3220,43,9,6,NA,NA,NA,NA,NA
hh_3221,47,NA,NA,NA,NA,NA,NA,NA
hh_3223,59,27,NA,NA,NA,NA,NA,NA
hh_3224,55,NA,NA,NA,NA,NA,NA,NA
hh_3228,31,62,NA,NA,NA,NA,NA,NA
hh_3229,27,22,53,NA,NA,NA,NA,NA
hh_3230,47,NA,NA,NA,NA,NA,NA,NA
hh_3231,69,NA,NA,NA,NA,NA,NA,NA
hh_3232,73,NA,NA,NA,NA,NA,NA,NA
hh_3233,56,NA,NA,NA,NA,NA,NA,NA
hh_3234,54,16,NA,NA,NA,NA,NA,NA
hh_3235,54,NA,NA,NA,NA,NA,NA,NA
hh_3238,66,NA,NA,NA,NA,NA,NA,NA
hh_3239,7,10,46,NA,NA,NA,NA,NA
hh_3240,52,55,NA,NA,NA,NA,NA,NA
hh_3241,51,15,13,7,NA,NA,NA,NA
hh_3243,68,NA,NA,NA,NA,NA,NA,NA
hh_3244,10,NA,NA,NA,NA,NA,NA,NA
hh_3245,66,NA,NA,NA,NA,NA,NA,NA
hh_3247,43,NA,NA,NA,NA,NA,NA,NA
hh_3248,65,NA,NA,NA,NA,NA,NA,NA
hh_3249,59,NA,NA,NA,NA,NA,NA,NA
hh_3250,22,NA,NA,NA,NA,NA,NA,NA
hh_3252,36,10,4,NA,NA,NA,NA,NA
hh_3253,46,58,NA,NA,NA,NA,NA,NA
hh_3254,58,NA,NA,NA,NA,NA,NA,NA
hh_3256,49,NA,NA,NA,NA,NA,NA,NA
hh_3257,34,NA,NA,NA,NA,NA,NA,NA
hh_3258,8,NA,NA,NA,NA,NA,NA,NA
hh_3259,63,NA,NA,NA,NA,NA,NA,NA
hh_3260,62,NA,NA,NA,NA,NA,NA,NA
hh_3261,58,NA,NA,NA,NA,NA,NA,NA
hh_3262,76,NA,NA,NA,NA,NA,NA,NA
hh_3263,18,13,NA,NA,NA,NA,NA,NA
hh_3264,38,8,NA,NA,NA,NA,NA,NA
hh_3265,94,NA,NA,NA,NA,NA,NA,NA
hh_3268,66,35,NA,NA,NA,NA,NA,NA
hh_3269,62,NA,NA,NA,NA,NA,NA,NA
hh_3270,72,72,NA,NA,NA,NA,NA,NA
hh_3271,53,25,NA,NA,NA,NA,NA,NA
hh_3272,49,20,17,14,NA,NA,NA,NA
hh_3273,60,NA,NA,NA,NA,NA,NA,NA
hh_3274,68,NA,NA,NA,NA,NA,NA,NA
hh_3275,50,NA,NA,NA,NA,NA,NA,NA
hh_3276,5,NA,NA,NA,NA,NA,NA,NA
hh_3277,60,82,NA,NA,NA,NA,NA,NA
hh_3278,55,27,26,55,NA,NA,NA,NA
hh_3280,16,14,NA,NA,NA,NA,NA,NA
hh_3281,68,34,NA,NA,NA,NA,NA,NA
hh_3282,56,NA,NA,NA,NA,NA,NA,NA
hh_3283,56,NA,NA,NA,NA,NA,NA,NA
hh_3284,18,NA,NA,NA,NA,NA,NA,NA
hh_3285,6,NA,NA,NA,NA,NA,NA,NA
hh_3286,66,NA,NA,NA,NA,NA,NA,NA
hh_3288,74,76,NA,NA,NA,NA,NA,NA
hh_3289,13,8,NA,NA,NA,NA,NA,NA
hh_3291,67,NA,NA,NA,NA,NA,NA,NA
hh_3292,58,15,13,NA,NA,NA,NA,NA
hh_3294,39,NA,NA,NA,NA,NA,NA,NA
hh_3295,61,32,NA,NA,NA,NA,NA,NA
hh_3296,58,NA,NA,NA,NA,NA,NA,NA
hh_3297,55,22,20,10,NA,NA,NA,NA
hh_3300,10,40,11,50,NA,NA,NA,NA
hh_3303,66,NA,NA,NA,NA,NA,NA,NA
hh_3304,75,NA,NA,NA,NA,NA,NA,NA
hh_3306,62,NA,NA,NA,NA,NA,NA,NA
hh_3307,40,37,10,8,65,NA,NA,NA
hh_3310,43,NA,NA,NA,NA,NA,NA,NA
hh_3311,50,14,49,NA,NA,NA,NA,NA
hh_3312,43,88,16,12,8,NA,NA,NA
hh_3314,20,NA,NA,NA,NA,NA,NA,NA
hh_3317,60,NA,NA,NA,NA,NA,NA,NA
hh_3318,79,78,NA,NA,NA,NA,NA,NA
hh_3319,30,NA,NA,NA,NA,NA,NA,NA
hh_3320,71,41,7,NA,NA,NA,NA,NA
hh_3321,80,70,NA,40,NA,NA,NA,NA
hh_3322,50,22,22,NA,NA,NA,NA,NA
hh_3323,52,10,8,NA,NA,NA,NA,NA
hh_3324,55,NA,NA,NA,NA,NA,NA,NA
hh_3325,16,50,NA,NA,NA,NA,NA,NA
hh_3326,34,33,NA,NA,NA,NA,NA,NA
hh_3327,63,NA,NA,NA,NA,NA,NA,NA
hh_3328,46,NA,NA,NA,NA,NA,NA,NA
hh_3329,18,16,NA,NA,NA,NA,NA,NA
hh_3331,54,NA,NA,NA,NA,NA,NA,NA
hh_3332,71,NA,NA,NA,NA,NA,NA,NA
hh_3333,67,62,28,NA,NA,NA,NA,NA
hh_3334,79,25,NA,NA,NA,NA,NA,NA
hh_3335,22,16,NA,NA,NA,NA,NA,NA
hh_3336,34,36,38,9,NA,NA,NA,NA
hh_3337,82,NA,NA,NA,NA,NA,NA,NA
hh_3338,48,17,15,NA,NA,NA,NA,NA
hh_3339,56,NA,NA,NA,NA,NA,NA,NA
hh_3340,72,NA,NA,NA,NA,NA,NA,NA
hh_3345,11,40,NA,NA,NA,NA,NA,NA
hh_3346,45,NA,NA,NA,NA,NA,NA,NA
hh_3347,13,50,NA,NA,NA,NA,NA,NA
hh_3349,51,NA,NA,NA,NA,NA,NA,NA
hh_3350,58,64,NA,NA,NA,NA,NA,NA
hh_3351,81,NA,NA,NA,NA,NA,NA,NA
hh_3352,75,NA,NA,NA,NA,NA,NA,NA
hh_3353,14,NA,NA,NA,NA,NA,NA,NA
hh_3355,61,NA,NA,NA,NA,NA,NA,NA
hh_3356,44,4,2,2,NA,NA,NA,NA
hh_3357,52,24,26,NA,NA,NA,NA,NA
hh_3358,19,NA,NA,NA,NA,NA,NA,NA
hh_3359,65,NA,NA,NA,NA,NA,NA,NA
hh_3360,60,31,26,NA,NA,NA,NA,NA
hh_3361,48,NA,NA,NA,NA,NA,NA,NA
hh_3362,57,28,22,NA,NA,NA,NA,NA
hh_3363,44,12,10,NA,NA,NA,NA,NA
hh_3366,46,NA,NA,NA,NA,NA,NA,NA
hh_3370,33,NA,NA,NA,NA,NA,NA,NA
hh_3371,66,34,NA,NA,NA,NA,NA,NA
hh_3372,78,64,NA,NA,NA,NA,NA,NA
hh_3373,43,NA,NA,NA,NA,NA,NA,NA
hh_3375,57,NA,NA,NA,NA,NA,NA,NA
hh_3376,27,62,82,NA,NA,NA,NA,NA
hh_3377,77,NA,NA,NA,NA,NA,NA,NA
hh_3379,25,7,NA,NA,NA,NA,NA,NA
hh_3380,64,NA,NA,NA,NA,NA,NA,NA
hh_3382,70,63,NA,NA,NA,NA,NA,NA
hh_3383,66,59,NA,NA,NA,NA,NA,NA
hh_3384,52,NA,NA,NA,NA,NA,NA,NA
hh_3385,55,NA,NA,NA,NA,NA,NA,NA
hh_3386,57,NA,NA,NA,NA,NA,NA,NA
hh_3389,57,NA,NA,NA,NA,NA,NA,NA
hh_3391,31,NA,NA,NA,NA,NA,NA,NA
hh_3392,16,15,10,NA,NA,NA,NA,NA
hh_3395,64,NA,NA,NA,NA,NA,NA,NA
hh_3397,52,23,NA,NA,NA,NA,NA,NA
hh_3398,55,32,NA,NA,NA,NA,NA,NA
hh_3400,24,15,14,16,NA,NA,NA,NA
hh_3402,19,17,NA,NA,NA,NA,NA,NA
hh_3403,43,9,NA,NA,NA,NA,NA,NA
hh_3404,60,NA,NA,NA,NA,NA,NA,NA
hh_3405,6,38,NA,NA,NA,NA,NA,NA
hh_3406,44,NA,NA,NA,NA,NA,NA,NA
hh_3408,42,19,3,NA,NA,NA,NA,NA
hh_3409,40,NA,NA,NA,NA,NA,NA,NA
hh_3410,25,NA,NA,NA,NA,NA,NA,NA
hh_3411,60,58,24,NA,NA,NA,NA,NA
hh_3412,6,9,25,NA,NA,NA,NA,NA
hh_3413,32,10,7,NA,NA,NA,NA,NA
hh_3414,49,51,14,NA,NA,NA,NA,NA
hh_3416,35,13,5,NA,NA,NA,NA,NA
hh_3417,42,11,8,NA,NA,NA,NA,NA
hh_3418,10,7,NA,NA,NA,NA,NA,NA
hh_3420,45,15,16,NA,NA,NA,NA,NA
hh_3421,50,15,15,NA,NA,NA,NA,NA
hh_3423,25,1,2,5,78,NA,NA,NA
hh_3425,47,NA,NA,NA,NA,NA,NA,NA
hh_3426,63,24,NA,NA,NA,NA,NA,NA
hh_3427,83,64,NA,NA,NA,NA,NA,NA
hh_3428,11,9,NA,NA,NA,NA,NA,NA
hh_3429,17,13,8,NA,NA,NA,NA,NA
hh_3431,65,41,NA,NA,NA,NA,NA,NA
hh_3433,29,NA,NA,NA,NA,NA,NA,NA
hh_3434,4,32,NA,NA,NA,NA,NA,NA
hh_3435,50,32,30,NA,NA,NA,NA,NA
hh_3436,28,4,2,NA,NA,NA,NA,NA
hh_3437,43,NA,NA,NA,NA,NA,NA,NA
hh_3438,50,NA,NA,NA,NA,NA,NA,NA
hh_3439,32,36,39,23,NA,NA,NA,NA
hh_3442,42,NA,NA,NA,NA,NA,NA,NA
hh_3443,48,53,18,17,13,NA,NA,NA
hh_3444,14,NA,NA,NA,NA,NA,NA,NA
hh_3445,23,NA,NA,NA,NA,NA,NA,NA
hh_3446,37,33,NA,NA,NA,NA,NA,NA
hh_3447,64,17,NA,NA,NA,NA,NA,NA
hh_3448,25,2,NA,NA,NA,NA,NA,NA
hh_3449,24,2,NA,NA,NA,NA,NA,NA
hh_3450,50,45,16,NA,NA,NA,NA,NA
hh_3452,2,NA,35,NA,NA,NA,NA,NA
hh_3453,77,78,NA,NA,NA,NA,NA,NA
hh_3454,25,NA,NA,NA,NA,NA,NA,NA
hh_3457,71,67,NA,NA,NA,NA,NA,NA
hh_3458,35,6,1,NA,NA,NA,NA,NA
hh_3459,55,56,20,14,NA,NA,NA,NA
hh_3460,4,19,4,20,NA,NA,NA,NA
hh_3461,33,4,2,NA,NA,NA,NA,NA
hh_3463,25,NA,NA,NA,NA,NA,NA,NA
hh_3464,10,7,4,36,NA,NA,NA,NA
hh_3465,51,13,12,58,NA,NA,NA,NA
hh_3466,30,NA,NA,NA,NA,NA,NA,NA
hh_3467,34,NA,NA,NA,NA,NA,NA,NA
hh_3468,70,33,NA,NA,NA,NA,NA,NA
hh_3469,50,7,NA,NA,NA,NA,NA,NA
hh_3470,58,NA,NA,NA,NA,NA,NA,NA
hh_3471,35,98,NA,NA,NA,NA,NA,NA
hh_3472,46,13,9,NA,NA,NA,NA,NA
hh_3473,37,17,31,NA,NA,NA,NA,NA
hh_3474,20,NA,NA,NA,NA,NA,NA,NA
hh_3475,47,58,NA,NA,NA,NA,NA,NA
hh_3476,34,2,40,NA,NA,NA,NA,NA
hh_3477,29,NA,NA,NA,NA,NA,NA,NA
hh_3478,11,13,NA,NA,NA,NA,NA,NA
hh_3479,21,NA,NA,NA,NA,NA,NA,NA
hh_3480,28,12,13,NA,NA,NA,NA,NA
hh_3482,22,22,NA,NA,NA,NA,NA,NA
hh_3483,60,64,83,NA,NA,NA,NA,NA
hh_3484,17,15,4,44,NA,NA,NA,NA
hh_3485,32,4,NA,NA,NA,NA,NA,NA
hh_3486,9,13,4,33,NA,NA,NA,NA
hh_3487,37,7,4,NA,NA,NA,NA,NA
hh_3488,26,NA,NA,NA,NA,NA,NA,NA
hh_3491,36,45,NA,NA,NA,NA,NA,NA
hh_3492,34,11,9,4,NA,NA,NA,NA
hh_3493,60,NA,NA,NA,NA,NA,NA,NA
hh_3495,31,NA,NA,NA,NA,NA,NA,NA
hh_3496,57,27,22,NA,NA,NA,NA,NA
hh_3497,35,NA,NA,NA,NA,NA,NA,NA
hh_3498,58,23,21,89,NA,NA,NA,NA
hh_3499,44,NA,NA,NA,NA,NA,NA,NA
hh_3500,25,25,NA,NA,NA,NA,NA,NA
hh_3502,27,23,2,NA,NA,NA,NA,NA
hh_3503,57,NA,NA,NA,NA,NA,NA,NA
hh_3504,41,14,11,9,NA,NA,NA,NA
hh_3505,12,4,2,NA,NA,NA,NA,NA
hh_3506,67,NA,NA,NA,NA,NA,NA,NA
hh_3507,37,17,15,13,10,8,NA,NA
hh_3509,16,53,13,16,NA,NA,NA,NA
hh_3510,34,NA,NA,NA,NA,NA,NA,NA
hh_3511,67,NA,NA,NA,NA,NA,NA,NA
hh_3512,39,8,6,NA,NA,NA,NA,NA
hh_3513,29,19,NA,NA,NA,NA,NA,NA
hh_3514,17,5,NA,NA,NA,NA,NA,NA
hh_3515,32,21,6,29,12,NA,NA,NA
hh_3516,20,NA,NA,NA,NA,NA,NA,NA
hh_3517,24,24,24,NA,NA,NA,NA,NA
hh_3518,25,49,13,12,NA,NA,NA,NA
hh_3519,59,NA,NA,NA,NA,NA,NA,NA
hh_3520,56,NA,NA,NA,NA,NA,NA,NA
hh_3521,25,1,NA,NA,NA,NA,NA,NA
hh_3522,30,15,4,30,NA,NA,NA,NA
hh_3523,73,71,NA,NA,NA,NA,NA,NA
hh_3524,22,20,23,NA,NA,NA,NA,NA
hh_3525,11,9,37,NA,NA,NA,NA,NA
hh_3526,30,27,16,16,NA,NA,NA,NA
hh_3528,64,62,33,27,NA,NA,NA,NA
hh_3529,29,6,3,NA,NA,NA,NA,NA
hh_3530,9,6,NA,NA,NA,NA,NA,NA
hh_3531,24,23,24,28,NA,NA,NA,NA
hh_3532,19,45,19,23,NA,NA,NA,NA
hh_3533,10,27,7,29,NA,NA,NA,NA
hh_3534,60,55,40,NA,NA,NA,NA,NA
hh_3535,56,58,16,NA,NA,NA,NA,NA
hh_3537,1,NA,NA,NA,NA,NA,NA,NA
hh_3538,5,8,11,8,5,13,NA,NA
hh_3539,28,7,NA,NA,NA,NA,NA,NA
hh_3540,38,5,2,NA,NA,NA,NA,NA
hh_3541,31,5,9,NA,NA,NA,NA,NA
hh_3542,34,6,NA,NA,NA,NA,NA,NA
hh_3543,46,13,NA,NA,NA,NA,NA,NA
hh_3544,53,58,20,NA,NA,NA,NA,NA
hh_3545,36,37,NA,NA,NA,NA,NA,NA
hh_3546,3,27,NA,NA,NA,NA,NA,NA
hh_3547,60,26,21,NA,NA,NA,NA,NA
hh_3548,60,NA,NA,NA,NA,NA,NA,NA
hh_3549,8,5,3,30,NA,NA,NA,NA
hh_3551,12,56,NA,NA,NA,NA,NA,NA
hh_3552,53,18,15,12,NA,NA,NA,NA
hh_3553,48,31,NA,NA,NA,NA,NA,NA
hh_3554,7,4,30,NA,NA,NA,NA,NA
hh_3555,23,2,NA,NA,NA,NA,NA,NA
hh_3556,52,16,NA,NA,NA,NA,NA,NA
hh_3557,30,31,NA,NA,NA,NA,NA,NA
hh_3558,63,NA,NA,NA,NA,NA,NA,NA
hh_3559,29,NA,NA,NA,NA,NA,NA,NA
hh_3560,45,14,9,3,NA,NA,NA,NA
hh_3561,44,10,6,NA,NA,NA,NA,NA
hh_3562,2,32,NA,NA,NA,NA,NA,NA
hh_3564,41,15,NA,NA,NA,NA,NA,NA
hh_3565,1,2,NA,NA,NA,NA,NA,NA
hh_3566,10,32,NA,NA,NA,NA,NA,NA
hh_3567,63,4,NA,NA,NA,NA,NA,NA
hh_3568,24,27,51,52,NA,NA,NA,NA
hh_3569,11,45,31,NA,NA,NA,NA,NA
hh_3570,27,NA,NA,NA,NA,NA,NA,NA
hh_3571,27,NA,NA,NA,NA,NA,NA,NA
hh_3572,44,44,NA,NA,NA,NA,NA,NA
hh_3573,34,11,2,NA,NA,NA,NA,NA
hh_3574,32,NA,NA,NA,NA,NA,NA,NA
hh_3575,50,59,NA,NA,NA,NA,NA,NA
hh_3576,57,69,NA,NA,NA,NA,NA,NA
hh_3577,38,NA,NA,NA,NA,NA,NA,NA
hh_3578,32,NA,NA,NA,NA,NA,NA,NA
hh_3579,46,8,12,NA,NA,NA,NA,NA
hh_3580,9,NA,NA,NA,NA,NA,NA,NA
hh_3581,3,29,NA,NA,NA,NA,NA,NA
hh_3582,29,14,NA,NA,NA,NA,NA,NA
hh_3583,6,25,3,NA,NA,NA,NA,NA
hh_3584,15,50,NA,NA,NA,NA,NA,NA
hh_3585,41,17,11,NA,NA,NA,NA,NA
hh_3586,11,8,52,NA,NA,NA,NA,NA
hh_3587,38,14,4,NA,NA,NA,NA,NA
hh_3588,60,NA,NA,NA,NA,NA,NA,NA
hh_3591,48,NA,NA,NA,NA,NA,NA,NA
hh_3592,18,19,23,30,22,NA,NA,NA
hh_3593,56,14,13,NA,NA,NA,NA,NA
hh_3594,3,23,NA,NA,NA,NA,NA,NA
hh_3595,41,17,13,12,7,5,3,19
hh_3596,39,42,NA,NA,NA,NA,NA,NA
hh_3597,42,2,NA,NA,NA,NA,NA,NA
hh_3598,2,2,2,8,NA,NA,NA,NA
hh_3599,29,3,NA,NA,NA,NA,NA,NA
hh_3600,55,62,25,4,NA,NA,NA,NA
hh_3601,25,NA,NA,NA,NA,NA,NA,NA
hh_3602,36,NA,NA,NA,NA,NA,NA,NA
hh_3603,10,NA,NA,NA,NA,NA,NA,NA
hh_3605,17,11,NA,NA,NA,NA,NA,NA
hh_3606,37,6,NA,NA,NA,NA,NA,NA
hh_3607,35,NA,NA,NA,NA,NA,NA,NA
hh_3608,47,17,NA,NA,NA,NA,NA,NA
hh_3609,17,38,47,NA,NA,NA,NA,NA
hh_3610,35,5,45,NA,NA,NA,NA,NA
hh_3611,27,25,NA,NA,NA,NA,NA,NA
hh_3612,17,16,14,NA,NA,NA,NA,NA
hh_3613,9,7,NA,29,NA,NA,NA,NA
hh_3614,20,NA,NA,NA,NA,NA,NA,NA
hh_3615,43,13,12,7,NA,NA,NA,NA
hh_3616,32,NA,NA,NA,NA,NA,NA,NA
hh_3617,39,14,12,8,NA,NA,NA,NA
hh_3618,35,5,14,NA,NA,NA,NA,NA
hh_3619,7,32,32,NA,NA,NA,NA,NA
hh_3620,61,NA,NA,NA,NA,NA,NA,NA
hh_3621,39,NA,NA,NA,NA,NA,NA,NA
hh_3623,18,23,40,67,52,NA,NA,NA
hh_3624,24,NA,NA,NA,NA,NA,NA,NA
hh_3625,36,16,7,3,NA,NA,NA,NA
hh_3626,20,35,NA,NA,NA,NA,NA,NA
hh_3627,39,NA,NA,NA,NA,NA,NA,NA
hh_3628,37,3,2,NA,NA,NA,NA,NA
hh_3631,40,12,NA,NA,NA,NA,NA,NA
hh_3632,53,NA,NA,NA,NA,NA,NA,NA
hh_3633,36,10,1,NA,NA,NA,NA,NA
hh_3634,28,8,NA,NA,NA,NA,NA,NA
hh_3635,64,60,24,NA,NA,NA,NA,NA
hh_3636,12,NA,NA,NA,NA,NA,NA,NA
hh_3637,33,2,NA,NA,NA,NA,NA,NA
hh_3638,44,NA,NA,NA,NA,NA,NA,NA
hh_3639,31,7,3,NA,NA,NA,NA,NA
hh_3640,31,NA,NA,NA,NA,NA,NA,NA
hh_3641,25,NA,NA,NA,NA,NA,NA,NA
hh_3642,31,2,NA,NA,NA,NA,NA,NA
hh_3644,7,24,NA,NA,NA,NA,NA,NA
hh_3645,54,16,NA,NA,NA,NA,NA,NA
hh_3646,33,NA,NA,NA,NA,NA,NA,NA
hh_3647,59,NA,NA,NA,NA,NA,NA,NA
hh_3648,50,19,NA,NA,NA,NA,NA,NA
hh_3649,40,11,NA,NA,NA,NA,NA,NA
hh_3651,62,18,NA,NA,NA,NA,NA,NA
hh_3652,16,13,7,40,NA,NA,NA,NA
hh_3653,48,21,12,NA,NA,NA,NA,NA
hh_3654,35,NA,NA,NA,NA,NA,NA,NA
hh_3656,42,12,9,NA,NA,NA,NA,NA
hh_3657,39,5,NA,NA,NA,NA,NA,NA
hh_3658,10,3,NA,NA,NA,NA,NA,NA
hh_3659,18,NA,NA,NA,NA,NA,NA,NA
hh_3660,36,NA,NA,NA,NA,NA,NA,NA
hh_3661,19,14,NA,NA,NA,NA,NA,NA
hh_3662,34,12,7,NA,NA,NA,NA,NA
hh_3663,64,NA,NA,NA,NA,NA,NA,NA
hh_3664,69,67,47,12,NA,NA,NA,NA
hh_3665,16,50,NA,NA,NA,NA,NA,NA
hh_3666,74,NA,NA,NA,NA,NA,NA,NA
hh_3668,17,15,13,NA,NA,NA,NA,NA
hh_3669,35,53,58,9,NA,NA,NA,NA
hh_3670,34,4,1,NA,NA,NA,NA,NA
hh_3671,40,1,NA,NA,NA,NA,NA,NA
hh_3672,50,NA,NA,NA,NA,NA,NA,NA
hh_3673,11,13,39,NA,NA,NA,NA,NA
hh_3675,64,NA,NA,NA,NA,NA,NA,NA
hh_3676,24,30,60,NA,NA,NA,NA,NA
hh_3678,6,35,4,NA,NA,NA,NA,NA
hh_3680,76,NA,NA,NA,NA,NA,NA,NA
hh_3681,26,NA,NA,NA,NA,NA,NA,NA
hh_3683,69,NA,NA,NA,NA,NA,NA,NA
hh_3684,61,NA,NA,NA,NA,NA,NA,NA
hh_3685,46,16,13,NA,NA,NA,NA,NA
hh_3686,53,20,15,NA,NA,NA,NA,NA
hh_3687,5,13,NA,NA,NA,NA,NA,NA
hh_3688,50,45,16,NA,NA,NA,NA,NA
hh_3689,58,58,NA,NA,NA,NA,NA,NA
hh_3691,4,6,NA,NA,NA,NA,NA,NA
hh_3693,63,45,NA,NA,NA,NA,NA,NA
hh_3694,67,NA,NA,NA,NA,NA,NA,NA
hh_3696,66,NA,NA,NA,NA,NA,NA,NA
hh_3698,78,NA,NA,NA,NA,NA,NA,NA
hh_3699,53,NA,NA,NA,NA,NA,NA,NA
hh_3700,48,16,NA,NA,NA,NA,NA,NA
hh_3701,68,NA,NA,NA,NA,NA,NA,NA
hh_3702,51,16,12,NA,NA,NA,NA,NA
hh_3704,65,NA,NA,NA,NA,NA,NA,NA
hh_3705,68,NA,NA,NA,NA,NA,NA,NA
hh_3707,42,11,NA,NA,NA,NA,NA,NA
hh_3708,64,NA,NA,NA,NA,NA,NA,NA
hh_3709,21,54,21,NA,NA,NA,NA,NA
hh_3710,50,22,22,NA,NA,NA,NA,NA
hh_3711,79,NA,NA,NA,NA,NA,NA,NA
hh_3713,55,17,NA,NA,NA,NA,NA,NA
hh_3714,2,NA,NA,NA,NA,NA,NA,NA
hh_3715,70,NA,NA,NA,NA,NA,NA,NA
hh_3716,77,NA,NA,NA,NA,NA,NA,NA
hh_3717,11,NA,NA,NA,NA,NA,NA,NA
hh_3718,56,16,NA,NA,NA,NA,NA,NA
hh_3719,14,50,17,NA,NA,NA,NA,NA
hh_3720,81,NA,NA,NA,NA,NA,NA,NA
hh_3721,46,12,6,NA,NA,NA,NA,NA
hh_3722,59,NA,NA,NA,NA,NA,NA,NA
hh_3723,56,NA,NA,NA,NA,NA,NA,NA
hh_3724,66,66,NA,NA,NA,NA,NA,NA
hh_3726,62,NA,NA,NA,NA,NA,NA,NA
hh_3727,8,54,NA,NA,NA,NA,NA,NA
hh_3728,31,NA,NA,NA,NA,NA,NA,NA
hh_3729,52,NA,NA,NA,NA,NA,NA,NA
hh_3733,42,2,47,NA,NA,NA,NA,NA
hh_3734,52,82,NA,NA,NA,NA,NA,NA
hh_3735,57,NA,NA,NA,NA,NA,NA,NA
hh_3737,66,NA,NA,NA,NA,NA,NA,NA
hh_3738,73,NA,NA,NA,NA,NA,NA,NA
hh_3739,75,NA,NA,NA,NA,NA,NA,NA
hh_3740,36,16,10,NA,NA,NA,NA,NA
hh_3741,44,13,11,NA,NA,NA,NA,NA
hh_3742,52,NA,NA,NA,NA,NA,NA,NA
hh_3743,47,NA,NA,NA,NA,NA,NA,NA
hh_3744,55,NA,NA,NA,NA,NA,NA,NA
hh_3746,56,23,21,NA,NA,NA,NA,NA
hh_3747,67,NA,NA,NA,NA,NA,NA,NA
hh_3748,14,NA,NA,NA,NA,NA,NA,NA
hh_3749,75,NA,NA,NA,NA,NA,NA,NA
hh_3750,14,NA,NA,NA,NA,NA,NA,NA
hh_3751,59,NA,NA,NA,NA,NA,NA,NA
hh_3752,52,61,NA,NA,NA,NA,NA,NA
hh_3753,55,21,NA,NA,NA,NA,NA,NA
hh_3754,65,NA,NA,NA,NA,NA,NA,NA
hh_3755,49,17,15,NA,NA,NA,NA,NA
hh_3756,78,NA,NA,NA,NA,NA,NA,NA
hh_3758,53,10,NA,NA,NA,NA,NA,NA
hh_3759,53,NA,NA,NA,NA,NA,NA,NA
hh_3760,44,12,10,NA,NA,NA,NA,NA
hh_3762,48,NA,NA,NA,NA,NA,NA,NA
hh_3763,64,21,NA,NA,NA,NA,NA,NA
hh_3764,62,NA,NA,NA,NA,NA,NA,NA
hh_3765,53,24,21,NA,NA,NA,NA,NA
hh_3766,59,30,27,27,NA,NA,NA,NA
hh_3768,44,10,8,NA,NA,NA,NA,NA
hh_3769,19,16,12,NA,NA,NA,NA,NA
hh_3770,76,NA,NA,NA,NA,NA,NA,NA
hh_3771,67,NA,NA,NA,NA,NA,NA,NA
hh_3773,17,17,NA,NA,NA,NA,NA,NA
hh_3775,51,18,NA,NA,NA,NA,NA,NA
hh_3776,46,12,NA,NA,NA,NA,NA,NA
hh_3778,49,8,NA,NA,NA,NA,NA,NA
hh_3780,21,NA,NA,NA,NA,NA,NA,NA
hh_3781,65,NA,NA,NA,NA,NA,NA,NA
hh_3782,25,16,12,9,7,46,NA,NA
hh_3783,68,NA,NA,NA,NA,NA,NA,NA
hh_3784,42,11,NA,NA,NA,NA,NA,NA
hh_3785,61,NA,NA,NA,NA,NA,NA,NA
hh_3786,76,NA,NA,NA,NA,NA,NA,NA
hh_3789,59,14,11,NA,NA,NA,NA,NA
hh_3790,13,NA,NA,NA,NA,NA,NA,NA
hh_3792,28,NA,NA,NA,NA,NA,NA,NA
hh_3794,42,16,24,NA,NA,NA,NA,NA
hh_3795,48,NA,NA,NA,NA,NA,NA,NA
hh_3796,19,NA,NA,NA,NA,NA,NA,NA
hh_3797,55,NA,NA,NA,NA,NA,NA,NA
hh_3798,65,NA,NA,NA,NA,NA,NA,NA
hh_3799,51,NA,NA,NA,NA,NA,NA,NA
hh_3801,82,55,NA,NA,NA,NA,NA,NA
hh_3802,61,NA,NA,NA,NA,NA,NA,NA
hh_3803,63,NA,NA,NA,NA,NA,NA,NA
hh_3804,34,2,NA,NA,NA,NA,NA,NA
hh_3805,64,NA,NA,NA,NA,NA,NA,NA
hh_3806,56,42,10,NA,NA,NA,NA,NA
hh_3810,48,16,NA,NA,NA,NA,NA,NA
hh_3811,50,NA,NA,NA,NA,NA,NA,NA
hh_3812,27,18,79,NA,NA,NA,NA,NA
hh_3815,52,NA,NA,NA,NA,NA,NA,NA
hh_3818,63,NA,NA,NA,NA,NA,NA,NA
hh_3819,62,NA,NA,NA,NA,NA,NA,NA
hh_3820,46,46,NA,NA,NA,NA,NA,NA
hh_3821,63,NA,NA,NA,NA,NA,NA,NA
hh_3823,64,22,22,NA,NA,NA,NA,NA
hh_3825,52,15,15,NA,NA,NA,NA,NA
hh_3827,62,27,NA,NA,NA,NA,NA,NA
hh_3828,24,NA,NA,NA,NA,NA,NA,NA
hh_3829,72,NA,NA,NA,NA,NA,NA,NA
hh_3830,71,NA,NA,NA,NA,NA,NA,NA
hh_3831,25,4,NA,NA,NA,NA,NA,NA
hh_3832,18,NA,NA,NA,NA,NA,NA,NA
hh_3833,38,4,37,NA,NA,NA,NA,NA
hh_3834,31,NA,NA,NA,NA,NA,NA,NA
hh_3835,7,NA,NA,NA,NA,NA,NA,NA
hh_3836,41,14,12,NA,NA,NA,NA,NA
hh_3837,47,17,14,8,NA,NA,NA,NA
hh_3838,44,24,15,13,11,NA,NA,NA
hh_3839,30,2,NA,NA,NA,NA,NA,NA
hh_3841,31,5,3,NA,NA,NA,NA,NA
hh_3842,5,27,3,NA,NA,NA,NA,NA
hh_3843,12,16,NA,NA,NA,NA,NA,NA
hh_3844,4,NA,NA,NA,NA,NA,NA,NA
hh_3845,34,NA,NA,NA,NA,NA,NA,NA
hh_3847,36,9,7,NA,NA,NA,NA,NA
hh_3848,39,14,5,NA,NA,NA,NA,NA
hh_3849,76,NA,NA,NA,NA,NA,NA,NA
hh_3850,37,13,8,NA,NA,NA,NA,NA
hh_3851,19,19,18,19,19,18,18,NA
hh_3852,35,NA,NA,NA,NA,NA,NA,NA
hh_3853,70,NA,NA,NA,NA,NA,NA,NA
hh_3854,15,34,16,NA,NA,NA,NA,NA
hh_3855,42,10,5,NA,NA,NA,NA,NA
hh_3856,53,12,7,NA,NA,NA,NA,NA
hh_3858,53,NA,NA,NA,NA,NA,NA,NA
hh_3859,35,17,7,6,3,NA,NA,NA
hh_3860,52,56,NA,NA,NA,NA,NA,NA
hh_3861,24,28,30,27,29,29,NA,NA
hh_3862,27,30,5,2,28,NA,NA,NA
hh_3863,14,40,NA,NA,NA,NA,NA,NA
hh_3864,38,13,11,9,NA,NA,NA,NA
hh_3866,23,NA,NA,NA,NA,NA,NA,NA
hh_3867,36,3,NA,NA,NA,NA,NA,NA
hh_3869,36,5,3,NA,NA,NA,NA,NA
hh_3870,3,1,40,30,NA,NA,NA,NA
hh_3871,3,NA,NA,NA,NA,NA,NA,NA
hh_3872,29,NA,NA,NA,NA,NA,NA,NA
hh_3873,27,6,NA,NA,NA,NA,NA,NA
hh_3875,26,NA,NA,NA,NA,NA,NA,NA
hh_3876,23,NA,NA,NA,NA,NA,NA,NA
hh_3877,26,25,NA,NA,NA,NA,NA,NA
hh_3878,27,29,NA,NA,NA,NA,NA,NA
hh_3879,40,8,NA,NA,NA,NA,NA,NA
hh_3880,28,30,34,NA,NA,NA,NA,NA
hh_3881,30,NA,NA,NA,NA,NA,NA,NA
hh_3882,32,28,NA,NA,NA,NA,NA,NA
hh_3883,35,6,1,NA,NA,NA,NA,NA
hh_3884,35,3,NA,NA,NA,NA,NA,NA
hh_3885,41,42,18,NA,NA,NA,NA,NA
hh_3886,19,NA,NA,NA,NA,NA,NA,NA
hh_3887,32,NA,NA,NA,NA,NA,NA,NA
hh_3888,17,NA,NA,NA,NA,NA,NA,NA
hh_3889,34,NA,NA,NA,NA,NA,NA,NA
hh_3890,35,13,12,NA,NA,NA,NA,NA
hh_3891,28,NA,NA,NA,NA,NA,NA,NA
hh_3892,24,26,26,NA,NA,NA,NA,NA
hh_3893,37,8,4,NA,NA,NA,NA,NA
hh_3894,16,NA,NA,NA,NA,NA,NA,NA
hh_3895,24,NA,NA,NA,NA,NA,NA,NA
hh_3896,45,3,5,NA,NA,NA,NA,NA
hh_3897,71,NA,NA,NA,NA,NA,NA,NA
hh_3898,59,NA,NA,NA,NA,NA,NA,NA
hh_3900,55,NA,NA,NA,NA,NA,NA,NA
hh_3901,31,25,NA,NA,NA,NA,NA,NA
hh_3902,24,3,NA,NA,NA,NA,NA,NA
hh_3903,24,6,2,29,NA,NA,NA,NA
hh_3904,48,12,NA,NA,NA,NA,NA,NA
hh_3905,28,27,NA,NA,NA,NA,NA,NA
hh_3907,38,NA,NA,NA,NA,NA,NA,NA
hh_3908,41,NA,NA,NA,NA,NA,NA,NA
hh_3909,58,NA,NA,NA,NA,NA,NA,NA
hh_3910,49,47,17,15,13,NA,NA,NA
hh_3911,22,19,NA,NA,NA,NA,NA,NA
hh_3913,32,NA,NA,NA,NA,NA,NA,NA
hh_3914,4,2,30,NA,NA,NA,NA,NA
hh_3915,27,7,NA,NA,NA,NA,NA,NA
hh_3916,13,9,1,NA,NA,NA,NA,NA
hh_3917,13,41,51,NA,NA,NA,NA,NA
hh_3918,66,35,26,NA,NA,NA,NA,NA
hh_3919,34,2,NA,NA,NA,NA,NA,NA
hh_3920,2,NA,NA,NA,NA,NA,NA,NA
hh_3921,45,11,8,8,6,4,NA,NA
hh_3923,55,NA,NA,NA,NA,NA,NA,NA
hh_3924,30,34,NA,NA,NA,NA,NA,NA
hh_3925,27,6,3,NA,NA,NA,NA,NA
hh_3926,17,NA,NA,NA,NA,NA,NA,NA
hh_3927,30,13,10,NA,NA,NA,NA,NA
hh_3928,37,4,2,NA,NA,NA,NA,NA
hh_3930,36,5,NA,NA,NA,NA,NA,NA
hh_3932,36,14,10,NA,NA,NA,NA,NA
hh_3933,30,30,30,NA,NA,NA,NA,NA
hh_3934,33,5,NA,NA,NA,NA,NA,NA
hh_3935,28,5,3,NA,NA,NA,NA,NA
hh_3936,25,46,33,NA,NA,NA,NA,NA
hh_3937,28,8,6,4,2,NA,NA,NA
hh_3938,49,NA,NA,NA,NA,NA,NA,NA
hh_3939,23,NA,NA,NA,NA,NA,NA,NA
hh_3940,62,21,14,NA,NA,NA,NA,NA
hh_3941,23,60,NA,NA,NA,NA,NA,NA
hh_3942,22,23,22,19,NA,NA,NA,NA
hh_3943,49,12,NA,NA,NA,NA,NA,NA
hh_3944,39,13,8,6,41,NA,NA,NA
hh_3945,54,NA,NA,NA,NA,NA,NA,NA
hh_3946,31,NA,NA,NA,NA,NA,NA,NA
hh_3947,24,53,52,NA,NA,NA,NA,NA
hh_3948,1,NA,NA,NA,NA,NA,NA,NA
hh_3950,51,NA,NA,NA,NA,NA,NA,NA
hh_3951,33,29,NA,NA,NA,NA,NA,NA
hh_3952,52,NA,NA,NA,NA,NA,NA,NA
hh_3953,53,16,15,10,8,NA,NA,NA
hh_3954,32,26,9,NA,NA,NA,NA,NA
hh_3955,86,NA,NA,NA,NA,NA,NA,NA
hh_3956,43,12,9,NA,NA,NA,NA,NA
hh_3957,29,40,33,30,NA,NA,NA,NA
hh_3958,68,70,NA,NA,NA,NA,NA,NA
hh_3959,23,3,NA,NA,NA,NA,NA,NA
hh_3960,46,NA,NA,NA,NA,NA,NA,NA
hh_3961,4,40,NA,NA,NA,NA,NA,NA
hh_3962,45,12,NA,NA,NA,NA,NA,NA
hh_3963,36,NA,NA,NA,NA,NA,NA,NA
hh_3964,32,NA,NA,NA,NA,NA,NA,NA
hh_3965,16,66,NA,NA,NA,NA,NA,NA
hh_3966,62,55,NA,NA,NA,NA,NA,NA
hh_3967,37,4,NA,NA,NA,NA,NA,NA
hh_3968,51,51,21,NA,NA,NA,NA,NA
hh_3969,22,24,NA,NA,NA,NA,NA,NA
hh_3970,1,6,NA,NA,NA,NA,NA,NA
hh_3972,18,NA,NA,NA,NA,NA,NA,NA
hh_3973,32,1,NA,NA,NA,NA,NA,NA
hh_3975,27,7,5,NA,NA,NA,NA,NA
hh_3976,42,11,8,NA,NA,NA,NA,NA
hh_3977,27,63,NA,NA,NA,NA,NA,NA
hh_3978,20,33,35,NA,NA,NA,NA,NA
hh_3979,25,NA,NA,NA,NA,NA,NA,NA
hh_3980,24,51,NA,NA,NA,NA,NA,NA
hh_3981,1,1,26,NA,NA,NA,NA,NA
hh_3982,25,8,4,4,NA,NA,NA,NA
hh_3983,32,3,1,NA,NA,NA,NA,NA
hh_3984,34,NA,NA,NA,NA,NA,NA,NA
hh_3985,31,34,NA,NA,NA,NA,NA,NA
hh_3986,41,52,40,35,NA,NA,NA,NA
hh_3987,32,6,2,NA,NA,NA,NA,NA
hh_3988,7,1,17,36,NA,NA,NA,NA
hh_3989,28,NA,NA,NA,NA,NA,NA,NA
hh_3990,62,NA,NA,NA,NA,NA,NA,NA
hh_3991,41,4,NA,NA,NA,NA,NA,NA
hh_3992,47,58,NA,NA,NA,NA,NA,NA
hh_3994,34,41,NA,NA,NA,NA,NA,NA
hh_3995,50,NA,NA,NA,NA,NA,NA,NA
hh_3996,32,10,NA,NA,NA,NA,NA,NA
hh_3997,32,32,NA,NA,NA,NA,NA,NA
hh_3998,48,19,11,NA,NA,NA,NA,NA
hh_3999,34,NA,NA,NA,NA,NA,NA,NA
hh_4000,33,2,4,NA,NA,NA,NA,NA
hh_4001,26,26,NA,NA,NA,NA,NA,NA
hh_4003,42,17,14,9,7,NA,NA,NA
hh_4004,44,10,8,NA,NA,NA,NA,NA
hh_4005,22,22,22,23,NA,NA,NA,NA
hh_4006,23,14,NA,NA,NA,NA,NA,NA
hh_4008,33,35,10,NA,NA,NA,NA,NA
hh_4009,58,19,NA,NA,NA,NA,NA,NA
hh_4010,35,8,3,NA,NA,NA,NA,NA
hh_4013,63,NA,NA,NA,NA,NA,NA,NA
hh_4014,45,44,13,NA,NA,NA,NA,NA
hh_4015,39,14,NA,NA,NA,NA,NA,NA
hh_4016,62,32,NA,NA,NA,NA,NA,NA
hh_4018,35,3,NA,NA,NA,NA,NA,NA
hh_4019,25,14,11,NA,NA,NA,NA,NA
hh_4021,21,21,NA,NA,NA,NA,NA,NA
hh_4022,21,22,21,NA,NA,NA,NA,NA
hh_4023,21,NA,NA,NA,NA,NA,NA,NA
hh_4024,28,NA,NA,NA,NA,NA,NA,NA
hh_4025,40,9,6,37,NA,NA,NA,NA
hh_4026,22,NA,NA,NA,NA,NA,NA,NA
hh_4027,51,35,21,33,NA,NA,NA,NA
hh_4028,46,11,NA,NA,NA,NA,NA,NA
hh_4029,40,4,2,NA,NA,NA,NA,NA
hh_4031,23,NA,NA,NA,NA,NA,NA,NA
hh_4032,27,8,NA,NA,NA,NA,NA,NA
hh_4033,65,NA,NA,NA,NA,NA,NA,NA
hh_4035,33,4,4,NA,NA,NA,NA,NA
hh_4036,29,17,10,9,NA,NA,NA,NA
hh_4037,42,24,23,22,20,19,18,16
hh_4038,38,40,NA,NA,NA,NA,NA,NA
hh_4039,59,63,NA,NA,NA,NA,NA,NA
hh_4040,40,NA,NA,NA,NA,NA,NA,NA
hh_4041,58,NA,NA,NA,NA,NA,NA,NA
hh_4042,46,10,NA,NA,NA,NA,NA,NA
hh_4044,38,36,13,9,NA,NA,NA,NA
hh_4045,30,1,NA,NA,NA,NA,NA,NA
hh_4046,29,30,NA,NA,NA,NA,NA,NA
hh_4047,57,53,27,NA,NA,NA,NA,NA
hh_4048,8,13,14,15,40,NA,NA,NA
hh_4049,69,8,6,NA,NA,NA,NA,NA
hh_4050,47,47,23,NA,NA,NA,NA,NA
hh_4051,41,NA,NA,NA,NA,NA,NA,NA
hh_4052,34,35,38,42,28,NA,NA,NA
hh_4054,30,4,2,NA,NA,NA,NA,NA
hh_4055,49,15,11,NA,NA,NA,NA,NA
hh_4057,17,NA,NA,NA,NA,NA,NA,NA
hh_4058,38,NA,NA,NA,NA,NA,NA,NA
hh_4059,29,28,9,NA,NA,NA,NA,NA
hh_4060,32,14,NA,NA,NA,NA,NA,NA
hh_4061,13,12,NA,NA,NA,NA,NA,NA
hh_4062,43,NA,NA,NA,NA,NA,NA,NA
hh_4063,35,10,7,NA,NA,NA,NA,NA
hh_4064,23,31,NA,NA,NA,NA,NA,NA
hh_4065,27,25,24,26,28,NA,NA,NA
hh_4067,38,NA,NA,NA,NA,NA,NA,NA
hh_4068,48,NA,NA,NA,NA,NA,NA,NA
hh_4069,45,NA,NA,NA,NA,NA,NA,NA
hh_4070,46,19,NA,NA,NA,NA,NA,NA
hh_4071,55,22,21,13,NA,NA,NA,NA
hh_4072,33,4,3,1,NA,NA,NA,NA
hh_4073,21,NA,NA,NA,NA,NA,NA,NA
hh_4074,44,NA,NA,NA,NA,NA,NA,NA
hh_4075,35,NA,NA,NA,NA,NA,NA,NA
hh_4076,41,14,12,11,6,3,NA,NA
hh_4077,59,32,59,NA,NA,NA,NA,NA
hh_4078,39,13,10,NA,NA,NA,NA,NA
hh_4079,70,29,27,NA,NA,NA,NA,NA
hh_4080,8,53,NA,NA,NA,NA,NA,NA
hh_4082,58,85,NA,NA,NA,NA,NA,NA
hh_4083,38,8,3,NA,NA,NA,NA,NA
hh_4084,4,NA,NA,NA,NA,NA,NA,NA
hh_4085,57,16,NA,NA,NA,NA,NA,NA
hh_4086,63,NA,NA,NA,NA,NA,NA,NA
hh_4087,40,10,NA,NA,NA,NA,NA,NA
hh_4088,48,11,10,NA,NA,NA,NA,NA
hh_4089,35,9,NA,NA,NA,NA,NA,NA
hh_4090,14,45,NA,NA,NA,NA,NA,NA
hh_4091,76,NA,NA,NA,NA,NA,NA,NA
hh_4092,72,25,NA,NA,NA,NA,NA,NA
hh_4094,49,61,63,NA,NA,NA,NA,NA
hh_4095,30,NA,NA,NA,NA,NA,NA,NA
hh_4096,21,18,NA,NA,NA,NA,NA,NA
hh_4097,57,22,NA,NA,NA,NA,NA,NA
hh_4098,42,10,4,NA,NA,NA,NA,NA
hh_4099,72,NA,NA,NA,NA,NA,NA,NA
hh_4100,36,12,11,NA,NA,NA,NA,NA
hh_4102,48,NA,NA,NA,NA,NA,NA,NA
hh_4103,59,NA,NA,NA,NA,NA,NA,NA
hh_4104,38,17,16,8,7,NA,NA,NA
hh_4105,60,NA,NA,NA,NA,NA,NA,NA
hh_4106,33,NA,NA,NA,NA,NA,NA,NA
hh_4107,37,15,13,NA,NA,NA,NA,NA
hh_4108,40,6,NA,NA,NA,NA,NA,NA
hh_4109,55,14,NA,NA,NA,NA,NA,NA
hh_4110,41,12,NA,NA,NA,NA,NA,NA
hh_4112,10,35,NA,NA,NA,NA,NA,NA
hh_4113,67,68,NA,NA,NA,NA,NA,NA
hh_4114,36,NA,NA,NA,NA,NA,NA,NA
hh_4115,56,5,NA,NA,NA,NA,NA,NA
hh_4117,15,NA,NA,NA,NA,NA,NA,NA
hh_4118,28,7,13,13,10,NA,NA,NA
hh_4121,41,NA,NA,NA,NA,NA,NA,NA
hh_4123,54,16,NA,NA,NA,NA,NA,NA
hh_4124,70,68,35,17,9,NA,NA,NA
hh_4126,43,NA,NA,NA,NA,NA,NA,NA
hh_4127,64,21,18,NA,NA,NA,NA,NA
hh_4128,56,16,NA,NA,NA,NA,NA,NA
hh_4129,34,54,NA,NA,NA,NA,NA,NA
hh_4132,18,NA,NA,NA,NA,NA,NA,NA
hh_4133,47,10,15,12,NA,NA,NA,NA
hh_4134,79,NA,NA,NA,NA,NA,NA,NA
hh_4135,27,10,6,2,NA,NA,NA,NA
hh_4136,46,12,9,NA,NA,NA,NA,NA
hh_4137,55,NA,NA,NA,NA,NA,NA,NA
hh_4138,49,20,NA,NA,NA,NA,NA,NA
hh_4139,73,NA,NA,NA,NA,NA,NA,NA
hh_4140,47,22,15,NA,NA,NA,NA,NA
hh_4142,21,NA,NA,NA,NA,NA,NA,NA
hh_4143,20,NA,NA,NA,NA,NA,NA,NA
hh_4144,51,16,13,NA,NA,NA,NA,NA
hh_4145,18,53,NA,NA,NA,NA,NA,NA
hh_4146,66,NA,NA,NA,NA,NA,NA,NA
hh_4148,64,36,36,NA,NA,NA,NA,NA
hh_4150,30,8,NA,NA,NA,NA,NA,NA
hh_4151,26,NA,NA,NA,NA,NA,NA,NA
hh_4152,95,NA,NA,NA,NA,NA,NA,NA
hh_4153,67,NA,NA,NA,NA,NA,NA,NA
hh_4154,54,NA,NA,NA,NA,NA,NA,NA
hh_4155,40,14,7,NA,NA,NA,NA,NA
hh_4156,54,24,22,NA,NA,NA,NA,NA
hh_4157,60,19,9,NA,NA,NA,NA,NA
hh_4158,58,NA,NA,NA,NA,NA,NA,NA
hh_4159,12,NA,NA,NA,NA,NA,NA,NA
hh_4160,53,NA,NA,NA,NA,NA,NA,NA
hh_4162,60,17,NA,NA,NA,NA,NA,NA
hh_4163,60,NA,NA,NA,NA,NA,NA,NA
hh_4164,58,NA,NA,NA,NA,NA,NA,NA
hh_4165,78,NA,NA,NA,NA,NA,NA,NA
hh_4166,56,21,19,19,NA,NA,NA,NA
hh_4168,47,NA,NA,NA,NA,NA,NA,NA
hh_4169,42,15,NA,NA,NA,NA,NA,NA
hh_4171,15,NA,NA,NA,NA,NA,NA,NA
hh_4172,68,63,NA,NA,NA,NA,NA,NA
hh_4173,51,16,NA,NA,NA,NA,NA,NA
hh_4174,41,2,NA,NA,NA,NA,NA,NA
hh_4175,14,56,NA,NA,NA,NA,NA,NA
hh_4176,45,19,18,12,NA,NA,NA,NA
hh_4177,66,NA,NA,NA,NA,NA,NA,NA
hh_4179,48,2,5,7,15,NA,NA,NA
hh_4181,69,NA,NA,NA,NA,NA,NA,NA
hh_4182,57,NA,NA,NA,NA,NA,NA,NA
hh_4183,30,NA,NA,NA,NA,NA,NA,NA
hh_4184,49,NA,NA,NA,NA,NA,NA,NA
hh_4187,48,NA,NA,NA,NA,NA,NA,NA
hh_4188,51,27,NA,NA,NA,NA,NA,NA
hh_4189,43,5,2,NA,NA,NA,NA,NA
hh_4192,63,NA,NA,NA,NA,NA,NA,NA
hh_4194,16,NA,NA,NA,NA,NA,NA,NA
hh_4195,43,NA,NA,NA,NA,NA,NA,NA
hh_4196,64,NA,NA,NA,NA,NA,NA,NA
hh_4197,70,NA,NA,NA,NA,NA,NA,NA
hh_4198,18,15,NA,NA,NA,NA,NA,NA
hh_4199,64,NA,NA,NA,NA,NA,NA,NA
hh_4200,26,54,NA,NA,NA,NA,NA,NA
hh_4201,67,NA,NA,NA,NA,NA,NA,NA
hh_4202,50,22,NA,NA,NA,NA,NA,NA
hh_4204,62,NA,NA,NA,NA,NA,NA,NA
hh_4205,59,57,NA,NA,NA,NA,NA,NA
hh_4207,62,NA,NA,NA,NA,NA,NA,NA
hh_4208,56,NA,NA,NA,NA,NA,NA,NA
hh_4209,70,NA,NA,NA,NA,NA,NA,NA
hh_4214,58,NA,NA,NA,NA,NA,NA,NA
hh_4215,60,36,NA,NA,NA,NA,NA,NA
hh_4216,83,NA,NA,NA,NA,NA,NA,NA
hh_4217,55,NA,NA,NA,NA,NA,NA,NA
hh_4218,62,NA,NA,NA,NA,NA,NA,NA
hh_4219,59,NA,NA,NA,NA,NA,NA,NA
hh_4220,62,NA,NA,NA,NA,NA,NA,NA
hh_4222,60,NA,NA,NA,NA,NA,NA,NA
hh_4223,50,15,11,NA,NA,NA,NA,NA
hh_4227,77,NA,NA,NA,NA,NA,NA,NA
hh_4228,64,NA,NA,NA,NA,NA,NA,NA
hh_4229,70,NA,NA,NA,NA,NA,NA,NA
hh_4230,21,55,55,28,NA,NA,NA,NA
hh_4231,31,NA,NA,NA,NA,NA,NA,NA
hh_4232,36,8,NA,NA,NA,NA,NA,NA
hh_4233,53,54,NA,NA,NA,NA,NA,NA
hh_4234,9,6,52,NA,NA,NA,NA,NA
hh_4236,52,53,17,12,8,NA,NA,NA
hh_4237,40,45,NA,NA,NA,NA,NA,NA
hh_4238,2,28,NA,NA,NA,NA,NA,NA
hh_4239,41,NA,NA,NA,NA,NA,NA,NA
hh_4240,56,NA,NA,NA,NA,NA,NA,NA
hh_4241,31,NA,NA,NA,NA,NA,NA,NA
hh_4242,4,NA,NA,NA,NA,NA,NA,NA
hh_4243,60,53,NA,NA,NA,NA,NA,NA
hh_4244,5,3,29,NA,NA,NA,NA,NA
hh_4245,32,10,7,NA,NA,NA,NA,NA
hh_4246,47,12,11,NA,NA,NA,NA,NA
hh_4248,31,3,2,NA,NA,NA,NA,NA
hh_4250,56,16,NA,NA,NA,NA,NA,NA
hh_4251,29,NA,NA,NA,NA,NA,NA,NA
hh_4252,52,NA,NA,NA,NA,NA,NA,NA
hh_4254,22,21,21,21,21,NA,NA,NA
hh_4255,4,1,25,23,34,4,11,NA
hh_4256,29,24,NA,NA,NA,NA,NA,NA
hh_4257,29,NA,NA,NA,NA,NA,NA,NA
hh_4258,22,NA,NA,NA,NA,NA,NA,NA
hh_4259,4,23,NA,NA,NA,NA,NA,NA
hh_4260,42,3,5,NA,NA,NA,NA,NA
hh_4261,22,NA,NA,NA,NA,NA,NA,NA
hh_4262,38,16,13,9,NA,NA,NA,NA
hh_4263,3,14,22,NA,NA,NA,NA,NA
hh_4264,57,NA,NA,NA,NA,NA,NA,NA
hh_4265,2,11,NA,NA,NA,NA,NA,NA
hh_4266,10,7,36,NA,NA,NA,NA,NA
hh_4267,4,25,8,29,NA,NA,NA,NA
hh_4268,29,14,10,NA,NA,NA,NA,NA
hh_4269,43,18,16,NA,NA,NA,NA,NA
hh_4270,52,23,NA,NA,NA,NA,NA,NA
hh_4271,36,NA,NA,NA,NA,NA,NA,NA
hh_4272,12,11,34,NA,NA,NA,NA,NA
hh_4273,34,17,15,NA,NA,NA,NA,NA
hh_4274,47,20,18,NA,NA,NA,NA,NA
hh_4275,42,16,13,NA,NA,NA,NA,NA
hh_4276,20,18,NA,NA,NA,NA,NA,NA
hh_4277,45,NA,NA,NA,NA,NA,NA,NA
hh_4278,71,NA,NA,NA,NA,NA,NA,NA
hh_4279,38,39,NA,NA,NA,NA,NA,NA
hh_4280,39,NA,NA,NA,NA,NA,NA,NA
hh_4281,45,40,NA,NA,NA,NA,NA,NA
hh_4282,24,NA,6,NA,NA,NA,NA,NA
hh_4283,14,12,11,9,3,NA,NA,NA
hh_4284,16,18,NA,NA,NA,NA,NA,NA
hh_4285,31,1,NA,NA,NA,NA,NA,NA
hh_4286,49,NA,NA,NA,NA,NA,NA,NA
hh_4287,43,45,15,NA,NA,NA,NA,NA
hh_4288,2,34,26,NA,NA,NA,NA,NA
hh_4290,4,6,NA,NA,NA,NA,NA,NA
hh_4291,51,NA,NA,NA,NA,NA,NA,NA
hh_4292,35,14,8,NA,NA,NA,NA,NA
hh_4293,28,NA,NA,NA,NA,NA,NA,NA
hh_4294,38,66,63,NA,NA,NA,NA,NA
hh_4295,5,8,NA,NA,NA,NA,NA,NA
hh_4296,37,6,NA,NA,NA,NA,NA,NA
hh_4297,41,NA,NA,NA,NA,NA,NA,NA
hh_4298,29,25,NA,NA,NA,NA,NA,NA
hh_4300,22,52,18,16,NA,NA,NA,NA
hh_4301,40,4,28,NA,NA,NA,NA,NA
hh_4302,40,19,NA,NA,NA,NA,NA,NA
hh_4303,14,16,NA,NA,NA,NA,NA,NA
hh_4304,5,6,15,7,6,11,NA,NA
hh_4305,46,14,16,NA,NA,NA,NA,NA
hh_4306,34,6,3,NA,NA,NA,NA,NA
hh_4307,10,12,NA,NA,NA,NA,NA,NA
hh_4308,7,6,NA,NA,NA,NA,NA,NA
hh_4309,31,1,51,NA,NA,NA,NA,NA
hh_4310,32,3,6,NA,NA,NA,NA,NA
hh_4311,45,NA,NA,NA,NA,NA,NA,NA
hh_4312,49,23,NA,NA,NA,NA,NA,NA
hh_4313,51,20,NA,NA,NA,NA,NA,NA
hh_4315,77,NA,NA,NA,NA,NA,NA,NA
hh_4316,24,11,3,NA,NA,NA,NA,NA
hh_4317,11,12,30,NA,NA,NA,NA,NA
hh_4318,13,10,38,NA,NA,NA,NA,NA
hh_4319,27,4,2,NA,NA,NA,NA,NA
hh_4320,29,NA,NA,NA,NA,NA,NA,NA
hh_4321,50,NA,NA,NA,NA,NA,NA,NA
hh_4322,31,3,NA,NA,NA,NA,NA,NA
hh_4323,77,NA,NA,NA,NA,NA,NA,NA
hh_4324,37,15,7,4,NA,NA,NA,NA
hh_4325,15,25,46,NA,NA,NA,NA,NA
hh_4328,21,1,NA,NA,NA,NA,NA,NA
hh_4329,39,14,12,4,NA,NA,NA,NA
hh_4331,16,NA,NA,NA,NA,NA,NA,NA
hh_4332,59,58,NA,NA,NA,NA,NA,NA
hh_4333,8,7,NA,NA,NA,NA,NA,NA
hh_4334,49,50,20,NA,NA,NA,NA,NA
hh_4335,48,NA,NA,NA,NA,NA,NA,NA
hh_4336,39,6,NA,NA,NA,NA,NA,NA
hh_4337,30,5,4,NA,NA,NA,NA,NA
hh_4338,1,25,NA,NA,NA,NA,NA,NA
hh_4339,33,44,NA,NA,NA,NA,NA,NA
hh_4340,21,21,NA,NA,NA,NA,NA,NA
hh_4341,36,10,NA,NA,NA,NA,NA,NA
hh_4342,4,NA,NA,NA,NA,NA,NA,NA
hh_4344,4,2,41,NA,NA,NA,NA,NA
hh_4345,60,NA,NA,NA,NA,NA,NA,NA
hh_4346,20,17,NA,NA,NA,NA,NA,NA
hh_4347,36,3,NA,NA,NA,NA,NA,NA
hh_4348,21,52,48,NA,NA,NA,NA,NA
hh_4349,35,17,15,13,NA,NA,NA,NA
hh_4350,17,NA,NA,NA,NA,NA,NA,NA
hh_4351,30,31,NA,NA,NA,NA,NA,NA
hh_4352,39,NA,NA,NA,NA,NA,NA,NA
hh_4353,25,22,NA,NA,NA,NA,NA,NA
hh_4354,18,44,1,NA,NA,NA,NA,NA
hh_4355,45,4,NA,NA,NA,NA,NA,NA
hh_4356,41,NA,NA,NA,NA,NA,NA,NA
hh_4357,44,8,6,4,10,NA,NA,NA
hh_4358,41,13,10,9,NA,NA,NA,NA
hh_4360,15,68,NA,NA,NA,NA,NA,NA
hh_4361,59,NA,NA,NA,NA,NA,NA,NA
hh_4362,45,NA,NA,NA,NA,NA,NA,NA
hh_4363,38,NA,NA,NA,NA,NA,NA,NA
hh_4365,42,13,7,NA,NA,NA,NA,NA
hh_4366,44,NA,NA,NA,NA,NA,NA,NA
hh_4367,9,24,6,2,NA,NA,NA,NA
hh_4368,20,14,9,7,5,NA,NA,NA
hh_4369,60,10,30,NA,NA,NA,NA,NA
hh_4370,25,2,NA,NA,NA,NA,NA,NA
hh_4371,60,62,40,NA,NA,NA,NA,NA
hh_4373,27,23,NA,NA,NA,NA,NA,NA
hh_4374,29,24,NA,NA,NA,NA,NA,NA
hh_4375,27,NA,NA,NA,NA,NA,NA,NA
hh_4376,12,NA,NA,NA,NA,NA,NA,NA
hh_4377,14,NA,NA,NA,NA,NA,NA,NA
hh_4378,41,7,5,NA,NA,NA,NA,NA
hh_4379,26,8,4,2,NA,NA,NA,NA
hh_4381,39,20,10,8,NA,NA,NA,NA
hh_4382,48,16,14,NA,NA,NA,NA,NA
hh_4383,5,NA,NA,NA,NA,NA,NA,NA
hh_4384,5,NA,NA,NA,NA,NA,NA,NA
hh_4385,15,NA,NA,NA,NA,NA,NA,NA
hh_4386,43,8,1,NA,NA,NA,NA,NA
hh_4388,53,22,NA,NA,NA,NA,NA,NA
hh_4389,6,12,NA,NA,NA,NA,NA,NA
hh_4390,2,8,NA,NA,NA,NA,NA,NA
hh_4391,56,56,NA,NA,NA,NA,NA,NA
hh_4392,65,NA,NA,NA,NA,NA,NA,NA
hh_4393,24,38,NA,NA,NA,NA,NA,NA
hh_4395,37,37,NA,NA,NA,NA,NA,NA
hh_4396,27,30,30,40,NA,NA,NA,NA
hh_4397,6,NA,NA,NA,NA,NA,NA,NA
hh_4398,4,NA,NA,NA,NA,NA,NA,NA
hh_4399,51,NA,NA,NA,NA,NA,NA,NA
hh_4400,48,NA,NA,NA,NA,NA,NA,NA
hh_4401,20,20,20,NA,NA,NA,NA,NA
hh_4402,8,NA,NA,NA,NA,NA,NA,NA
hh_4403,40,5,NA,NA,NA,NA,NA,NA
hh_4404,44,56,NA,NA,NA,NA,NA,NA
hh_4405,7,13,35,32,NA,NA,NA,NA
hh_4406,35,9,13,NA,NA,NA,NA,NA
hh_4407,32,NA,NA,NA,NA,NA,NA,NA
hh_4408,53,61,NA,NA,NA,NA,NA,NA
hh_4409,12,9,NA,NA,NA,NA,NA,NA
hh_4411,31,1,NA,NA,NA,NA,NA,NA
hh_4412,65,35,17,11,NA,NA,NA,NA
hh_4413,55,56,25,25,NA,NA,NA,NA
hh_4414,6,8,28,NA,NA,NA,NA,NA
hh_4415,26,3,NA,NA,NA,NA,NA,NA
hh_4416,52,17,17,NA,NA,NA,NA,NA
hh_4419,23,NA,NA,NA,NA,NA,NA,NA
hh_4420,14,10,NA,NA,NA,NA,NA,NA
hh_4421,32,NA,NA,NA,NA,NA,NA,NA
hh_4422,30,1,NA,NA,NA,NA,NA,NA
hh_4423,59,14,11,8,NA,NA,NA,NA
hh_4424,24,7,4,4,44,NA,NA,NA
hh_4425,59,22,20,18,NA,NA,NA,NA
hh_4426,4,NA,NA,NA,NA,NA,NA,NA
hh_4427,47,62,NA,NA,NA,NA,NA,NA
hh_4428,53,51,26,20,NA,NA,NA,NA
hh_4429,27,7,3,2,NA,NA,NA,NA
hh_4430,55,57,26,NA,NA,NA,NA,NA
hh_4431,76,75,38,40,NA,NA,NA,NA
hh_4432,10,5,47,NA,NA,NA,NA,NA
hh_4433,34,14,9,4,NA,NA,NA,NA
hh_4434,5,4,NA,37,26,NA,NA,NA
hh_4435,40,28,21,19,NA,NA,NA,NA
hh_4436,28,NA,NA,NA,NA,NA,NA,NA
hh_4437,8,7,NA,NA,NA,NA,NA,NA
hh_4438,36,5,8,NA,NA,NA,NA,NA
hh_4440,55,18,13,4,NA,NA,NA,NA
hh_4441,38,3,3,NA,NA,NA,NA,NA
hh_4442,36,2,NA,NA,NA,NA,NA,NA
hh_4443,16,22,NA,NA,NA,NA,NA,NA
hh_4444,11,NA,NA,NA,NA,NA,NA,NA
hh_4445,40,11,13,NA,NA,NA,NA,NA
hh_4446,41,4,1,NA,NA,NA,NA,NA
hh_4447,59,55,NA,NA,NA,NA,NA,NA
hh_4448,20,20,20,22,NA,NA,NA,NA
hh_4449,40,36,11,7,NA,NA,NA,NA
hh_4450,28,8,5,NA,NA,NA,NA,NA
hh_4451,50,46,13,NA,NA,NA,NA,NA
hh_4452,30,NA,NA,NA,NA,NA,NA,NA
hh_4453,34,13,10,NA,NA,NA,NA,NA
hh_4454,44,13,27,NA,NA,NA,NA,NA
hh_4455,41,36,15,13,13,7,NA,NA
hh_4456,32,NA,NA,NA,NA,NA,NA,NA
hh_4457,14,10,NA,NA,NA,NA,NA,NA
hh_4458,33,11,7,5,NA,NA,NA,NA
hh_4459,43,4,11,NA,NA,NA,NA,NA
hh_4460,43,3,NA,NA,NA,NA,NA,NA
hh_4461,52,27,29,NA,NA,NA,NA,NA
hh_4462,23,24,NA,NA,NA,NA,NA,NA
hh_4463,15,12,10,NA,NA,NA,NA,NA
hh_4464,56,25,NA,NA,NA,NA,NA,NA
hh_4465,31,13,8,2,NA,NA,NA,NA
hh_4466,63,60,NA,NA,NA,NA,NA,NA
hh_4467,1,4,38,NA,NA,NA,NA,NA
hh_4468,38,17,6,NA,NA,NA,NA,NA
hh_4469,57,NA,NA,NA,NA,NA,NA,NA
hh_4470,31,6,NA,NA,NA,NA,NA,NA
hh_4472,30,15,10,7,3,NA,NA,NA
hh_4473,24,3,NA,NA,NA,NA,NA,NA
hh_4474,29,7,5,NA,NA,NA,NA,NA
hh_4475,51,17,NA,NA,NA,NA,NA,NA
hh_4476,6,30,3,NA,NA,NA,NA,NA
hh_4477,65,33,11,7,NA,NA,NA,NA
hh_4478,36,17,15,13,NA,NA,NA,NA
hh_4479,29,35,NA,NA,NA,NA,NA,NA
hh_4480,35,28,15,12,8,NA,NA,NA
hh_4481,40,26,37,NA,NA,NA,NA,NA
hh_4482,32,NA,NA,NA,NA,NA,NA,NA
hh_4483,32,32,NA,NA,NA,NA,NA,NA
hh_4484,20,9,NA,NA,NA,NA,NA,NA
hh_4485,34,NA,NA,NA,NA,NA,NA,NA
hh_4486,44,NA,NA,NA,NA,NA,NA,NA
hh_4487,53,23,72,42,NA,NA,NA,NA
hh_4488,60,26,24,22,NA,NA,NA,NA
hh_4489,19,NA,NA,NA,NA,NA,NA,NA
hh_4490,21,22,NA,NA,NA,NA,NA,NA
hh_4491,63,38,18,NA,NA,NA,NA,NA
hh_4492,30,30,26,21,NA,NA,NA,NA
hh_4493,46,NA,NA,NA,NA,NA,NA,NA
hh_4494,35,NA,NA,NA,NA,NA,NA,NA
hh_4495,29,4,NA,NA,NA,NA,NA,NA
hh_4496,30,6,3,NA,NA,NA,NA,NA
hh_4498,62,59,26,16,NA,NA,NA,NA
hh_4499,46,9,NA,NA,NA,NA,NA,NA
hh_4500,46,15,8,NA,NA,NA,NA,NA
hh_4501,28,4,2,NA,NA,NA,NA,NA
hh_4502,47,8,43,NA,NA,NA,NA,NA
hh_4503,26,NA,NA,NA,NA,NA,NA,NA
hh_4504,30,7,4,NA,NA,NA,NA,NA
hh_4505,39,5,1,NA,NA,NA,NA,NA
hh_4506,56,45,31,24,11,NA,NA,NA
hh_4507,49,42,23,23,7,NA,NA,NA
hh_4508,49,4,NA,NA,NA,NA,NA,NA
hh_4509,NA,NA,NA,NA,NA,NA,NA,NA
hh_4510,NA,2,6,8,11,14,50,NA
hh_4511,42,24,NA,NA,NA,NA,NA,NA
hh_4512,28,20,48,62,NA,NA,NA,NA
hh_4513,1,24,NA,NA,NA,NA,NA,NA
hh_4514,10,35,NA,NA,NA,NA,NA,NA
hh_4515,31,5,2,53,60,NA,NA,NA
hh_4516,20,27,18,21,26,NA,NA,NA
hh_4517,56,28,61,NA,NA,NA,NA,NA
hh_4518,6,19,NA,NA,NA,NA,NA,NA
hh_4519,39,9,5,NA,NA,NA,NA,NA
hh_4520,48,43,19,12,3,NA,NA,NA
hh_4521,59,NA,NA,NA,NA,NA,NA,NA
hh_4523,20,18,16,45,53,NA,NA,NA
hh_4524,26,25,13,14,7,NA,NA,NA
hh_4525,51,13,10,NA,NA,NA,NA,NA
hh_4526,45,3,NA,NA,NA,NA,NA,NA
hh_4527,16,12,44,47,NA,NA,NA,NA
hh_4528,26,26,NA,NA,NA,NA,NA,NA
hh_4529,24,13,8,NA,NA,NA,NA,NA
hh_4530,42,44,23,10,NA,NA,NA,NA
hh_4531,24,7,33,NA,NA,NA,NA,NA
hh_4532,30,7,4,NA,NA,NA,NA,NA
hh_4533,6,10,44,NA,NA,NA,NA,NA
hh_4534,40,40,18,20,NA,NA,NA,NA
hh_4535,28,NA,NA,NA,NA,NA,NA,NA
hh_4536,36,14,8,2,NA,NA,NA,NA
hh_4537,32,6,NA,NA,NA,NA,NA,NA
hh_4538,8,8,53,NA,NA,NA,NA,NA
hh_4539,37,35,NA,NA,NA,NA,NA,NA
hh_4541,36,14,10,NA,NA,NA,NA,NA
hh_4542,14,62,NA,NA,NA,NA,NA,NA
hh_4543,53,53,17,NA,NA,NA,NA,NA
hh_4544,44,34,NA,NA,NA,NA,NA,NA
hh_4545,58,50,21,NA,NA,NA,NA,NA
hh_4547,45,6,11,NA,NA,NA,NA,NA
hh_4548,63,52,31,29,27,26,12,NA
hh_4549,26,NA,NA,NA,NA,NA,NA,NA
hh_4550,46,5,NA,NA,NA,NA,NA,NA
hh_4551,76,NA,NA,NA,NA,NA,NA,NA
hh_4552,9,NA,NA,NA,NA,NA,NA,NA
hh_4553,43,48,21,16,NA,NA,NA,NA
hh_4554,23,24,22,23,22,19,24,NA
hh_4555,50,18,15,NA,NA,NA,NA,NA
hh_4556,57,58,58,NA,NA,NA,NA,NA
hh_4557,60,45,NA,NA,NA,NA,NA,NA
hh_4558,49,13,12,8,NA,NA,NA,NA
hh_4561,1,52,NA,NA,NA,NA,NA,NA
hh_4562,20,16,46,NA,NA,NA,NA,NA
hh_4563,1,24,NA,NA,NA,NA,NA,NA
hh_4564,NA,30,8,36,NA,NA,NA,NA
hh_4565,40,45,19,12,NA,NA,NA,NA
hh_4566,51,60,13,NA,NA,NA,NA,NA
hh_4567,12,48,44,NA,NA,NA,NA,NA
hh_4568,21,NA,NA,NA,NA,NA,NA,NA
hh_4569,66,16,NA,NA,NA,NA,NA,NA
hh_4570,62,21,15,NA,NA,NA,NA,NA
hh_4571,16,23,NA,NA,NA,NA,NA,NA
hh_4572,55,NA,NA,NA,NA,NA,NA,NA
hh_4573,49,64,NA,NA,NA,NA,NA,NA
hh_4574,67,NA,NA,NA,NA,NA,NA,NA
hh_4575,25,NA,NA,NA,NA,NA,NA,NA
hh_4576,41,18,14,4,NA,NA,NA,NA
hh_4577,55,NA,NA,NA,NA,NA,NA,NA
hh_4578,63,NA,NA,NA,NA,NA,NA,NA
hh_4579,21,46,47,NA,NA,NA,NA,NA
hh_4580,30,NA,NA,NA,NA,NA,NA,NA
hh_4581,64,66,NA,NA,NA,NA,NA,NA
hh_4582,59,35,31,NA,NA,NA,NA,NA
hh_4583,46,14,NA,NA,NA,NA,NA,NA
hh_4584,64,11,4,NA,NA,NA,NA,NA
hh_4585,60,NA,NA,NA,NA,NA,NA,NA
hh_4586,55,26,NA,NA,NA,NA,NA,NA
hh_4588,17,79,49,NA,NA,NA,NA,NA
hh_4590,35,75,NA,NA,NA,NA,NA,NA
hh_4591,64,NA,NA,NA,NA,NA,NA,NA
hh_4592,17,14,47,NA,NA,NA,NA,NA
hh_4593,46,15,18,11,NA,NA,NA,NA
hh_4595,41,12,72,NA,NA,NA,NA,NA
hh_4596,69,49,NA,NA,NA,NA,NA,NA
hh_4598,47,15,NA,NA,NA,NA,NA,NA
hh_4599,49,NA,NA,NA,NA,NA,NA,NA
hh_4600,51,15,14,NA,NA,NA,NA,NA
hh_4601,65,NA,NA,NA,NA,NA,NA,NA
hh_4602,46,13,NA,NA,NA,NA,NA,NA
hh_4603,57,NA,NA,NA,NA,NA,NA,NA
hh_4604,23,NA,NA,NA,NA,NA,NA,NA
hh_4605,23,8,NA,NA,NA,NA,NA,NA
hh_4606,56,26,19,NA,NA,NA,NA,NA
hh_4607,76,NA,NA,NA,NA,NA,NA,NA
hh_4608,57,24,18,11,NA,NA,NA,NA
hh_4610,60,NA,NA,NA,NA,NA,NA,NA
hh_4611,59,30,NA,NA,NA,NA,NA,NA
hh_4612,35,6,NA,NA,NA,NA,NA,NA
hh_4613,32,30,NA,NA,NA,NA,NA,NA
hh_4614,21,NA,NA,NA,NA,NA,NA,NA
hh_4615,35,17,16,15,NA,NA,NA,NA
hh_4616,61,NA,NA,NA,NA,NA,NA,NA
hh_4617,18,12,46,NA,NA,NA,NA,NA
hh_4618,59,NA,NA,NA,NA,NA,NA,NA
hh_4622,33,61,35,15,12,NA,NA,NA
hh_4623,17,20,51,NA,NA,NA,NA,NA
hh_4625,63,NA,NA,NA,NA,NA,NA,NA
hh_4626,49,NA,NA,NA,NA,NA,NA,NA
hh_4627,71,32,22,10,NA,NA,NA,NA
hh_4628,62,NA,NA,NA,NA,NA,NA,NA
hh_4631,17,84,NA,NA,NA,NA,NA,NA
hh_4633,57,NA,NA,NA,NA,NA,NA,NA
hh_4635,11,NA,NA,NA,NA,NA,NA,NA
hh_4638,54,NA,NA,NA,NA,NA,NA,NA
hh_4639,45,10,8,NA,NA,NA,NA,NA
hh_4640,52,22,NA,NA,NA,NA,NA,NA
hh_4641,17,15,30,NA,NA,NA,NA,NA
hh_4642,67,74,35,NA,NA,NA,NA,NA
hh_4643,45,NA,NA,NA,NA,NA,NA,NA
hh_4645,70,NA,NA,NA,NA,NA,NA,NA
hh_4646,18,NA,NA,NA,NA,NA,NA,NA
hh_4647,73,73,NA,NA,NA,NA,NA,NA
hh_4650,94,NA,NA,NA,NA,NA,NA,NA
hh_4651,50,24,NA,NA,NA,NA,NA,NA
hh_4652,49,53,NA,NA,NA,NA,NA,NA
hh_4654,73,NA,NA,NA,NA,NA,NA,NA
hh_4656,51,55,NA,NA,NA,NA,NA,NA
hh_4657,72,NA,NA,NA,NA,NA,NA,NA
hh_4658,63,NA,NA,NA,NA,NA,NA,NA
hh_4659,57,NA,NA,NA,NA,NA,NA,NA
hh_4660,49,19,NA,NA,NA,NA,NA,NA
hh_4661,21,50,NA,NA,NA,NA,NA,NA
hh_4662,72,NA,NA,NA,NA,NA,NA,NA
hh_4664,76,NA,NA,NA,NA,NA,NA,NA
hh_4665,34,38,14,12,NA,NA,NA,NA
hh_4666,51,18,NA,NA,NA,NA,NA,NA
hh_4667,55,NA,NA,NA,NA,NA,NA,NA
hh_4668,20,23,20,NA,NA,NA,NA,NA
hh_4669,32,NA,NA,NA,NA,NA,NA,NA
hh_4670,40,79,NA,NA,NA,NA,NA,NA
hh_4673,32,6,NA,NA,NA,NA,NA,NA
hh_4674,28,4,12,NA,NA,NA,NA,NA
hh_4675,38,NA,NA,NA,NA,NA,NA,NA
hh_4676,20,49,51,NA,NA,NA,NA,NA
hh_4677,12,54,NA,NA,NA,NA,NA,NA
hh_4678,56,16,NA,NA,NA,NA,NA,NA
hh_4679,26,14,11,NA,NA,NA,NA,NA
hh_4680,1,35,NA,NA,NA,NA,NA,NA
hh_4681,38,16,12,NA,NA,NA,NA,NA
hh_4684,6,9,41,37,NA,NA,NA,NA
hh_4685,27,3,1,NA,NA,NA,NA,NA
hh_4686,53,NA,NA,NA,NA,NA,NA,NA
hh_4687,86,49,42,23,19,15,NA,NA
hh_4688,28,7,4,NA,NA,NA,NA,NA
hh_4689,47,NA,NA,NA,NA,NA,NA,NA
hh_4690,32,11,NA,NA,NA,NA,NA,NA
hh_4691,37,NA,NA,NA,NA,NA,NA,NA
hh_4692,45,NA,NA,NA,NA,NA,NA,NA
hh_4695,35,13,8,3,1,NA,NA,NA
hh_4698,23,22,NA,NA,NA,NA,NA,NA
hh_4699,51,48,15,NA,NA,NA,NA,NA
hh_4701,25,29,NA,NA,NA,NA,NA,NA
hh_4702,25,5,1,NA,NA,NA,NA,NA
hh_4703,17,54,NA,NA,NA,NA,NA,NA
hh_4705,42,21,15,NA,NA,NA,NA,NA
hh_4706,16,20,55,57,NA,NA,NA,NA
hh_4708,35,13,NA,NA,NA,NA,NA,NA
hh_4709,62,NA,NA,NA,NA,NA,NA,NA
hh_4710,33,NA,NA,NA,NA,NA,NA,NA
hh_4711,42,2,14,NA,NA,NA,NA,NA
hh_4712,12,19,44,7,7,7,NA,NA
hh_4713,43,12,9,NA,NA,NA,NA,NA
hh_4714,67,NA,NA,NA,NA,NA,NA,NA
hh_4716,28,NA,NA,NA,NA,NA,NA,NA
hh_4717,21,NA,NA,NA,NA,NA,NA,NA
hh_4718,48,10,NA,NA,NA,NA,NA,NA
hh_4719,36,3,NA,NA,NA,NA,NA,NA
hh_4720,47,16,8,NA,NA,NA,NA,NA
hh_4721,41,38,14,10,NA,NA,NA,NA
hh_4722,39,34,39,48,40,NA,NA,NA
hh_4724,15,14,NA,NA,NA,NA,NA,NA
hh_4725,15,17,43,NA,NA,NA,NA,NA
hh_4727,29,17,15,NA,NA,NA,NA,NA
hh_4728,22,4,NA,NA,NA,NA,NA,NA
hh_4729,48,14,NA,NA,NA,NA,NA,NA
hh_4730,60,30,NA,NA,NA,NA,NA,NA
hh_4731,38,6,NA,NA,NA,NA,NA,NA
hh_4732,42,12,10,NA,NA,NA,NA,NA
hh_4733,60,NA,NA,NA,NA,NA,NA,NA
hh_4734,32,8,7,NA,NA,NA,NA,NA
hh_4735,45,19,18,12,NA,NA,NA,NA
hh_4738,39,41,NA,NA,NA,NA,NA,NA
hh_4739,22,NA,NA,NA,NA,NA,NA,NA
hh_4740,30,25,62,NA,NA,NA,NA,NA
hh_4741,37,9,4,NA,NA,NA,NA,NA
hh_4742,44,22,16,NA,NA,NA,NA,NA
hh_4743,40,NA,NA,NA,NA,NA,NA,NA
hh_4744,39,12,10,NA,NA,NA,NA,NA
hh_4745,44,6,3,NA,NA,NA,NA,NA
hh_4746,61,NA,NA,NA,NA,NA,NA,NA
hh_4747,17,16,5,NA,NA,NA,NA,NA
hh_4749,27,2,22,NA,NA,NA,NA,NA
hh_4751,50,21,19,NA,NA,NA,NA,NA
hh_4752,29,4,2,1,NA,NA,NA,NA
hh_4753,54,45,NA,NA,NA,NA,NA,NA
hh_4754,55,NA,NA,NA,NA,NA,NA,NA
hh_4755,5,35,2,31,NA,NA,NA,NA
hh_4756,18,50,21,NA,NA,NA,NA,NA
hh_4757,46,30,26,17,NA,NA,NA,NA
hh_4760,10,NA,NA,NA,NA,NA,NA,NA
hh_4763,37,5,3,NA,NA,NA,NA,NA
hh_4764,74,NA,NA,NA,NA,NA,NA,NA
hh_4765,33,1,NA,NA,NA,NA,NA,NA
hh_4766,33,37,35,NA,NA,NA,NA,NA
hh_4767,13,NA,NA,NA,NA,NA,NA,NA
hh_4768,57,NA,NA,NA,NA,NA,NA,NA
hh_4769,30,NA,NA,NA,NA,NA,NA,NA
hh_4771,33,65,NA,NA,NA,NA,NA,NA
hh_4772,25,26,25,NA,NA,NA,NA,NA
hh_4773,25,22,23,NA,NA,NA,NA,NA
hh_4775,35,17,10,NA,NA,NA,NA,NA
hh_4776,18,NA,NA,NA,NA,NA,NA,NA
hh_4777,33,1,NA,NA,NA,NA,NA,NA
hh_4778,2,33,NA,NA,NA,NA,NA,NA
hh_4780,36,57,NA,NA,NA,NA,NA,NA
hh_4782,11,NA,NA,NA,NA,NA,NA,NA
hh_4783,30,4,2,NA,NA,NA,NA,NA
hh_4784,14,5,9,20,22,NA,NA,NA
hh_4785,22,25,NA,NA,NA,NA,NA,NA
hh_4786,24,22,NA,NA,NA,NA,NA,NA
hh_4787,40,15,10,NA,NA,NA,NA,NA
hh_4788,33,8,NA,NA,NA,NA,NA,NA
hh_4789,35,10,7,4,NA,NA,NA,NA
hh_4790,4,8,38,NA,NA,NA,NA,NA
hh_4793,48,25,18,NA,NA,NA,NA,NA
hh_4794,27,NA,NA,NA,NA,NA,NA,NA
hh_4795,18,51,NA,NA,NA,NA,NA,NA
hh_4796,21,20,NA,NA,NA,NA,NA,NA
hh_4797,57,60,24,26,20,NA,NA,NA
hh_4798,24,NA,NA,NA,NA,NA,NA,NA
hh_4799,37,7,5,NA,NA,NA,NA,NA
hh_4800,54,52,23,19,NA,NA,NA,NA
hh_4801,24,25,NA,NA,NA,NA,NA,NA
hh_4802,37,9,5,NA,NA,NA,NA,NA
hh_4804,50,19,3,NA,NA,NA,NA,NA
hh_4805,29,13,31,NA,NA,NA,NA,NA
hh_4806,31,10,10,4,NA,NA,NA,NA
hh_4808,28,NA,NA,NA,NA,NA,NA,NA
hh_4809,28,10,NA,NA,NA,NA,NA,NA
hh_4810,21,NA,NA,NA,NA,NA,NA,NA
hh_4811,20,42,19,NA,NA,NA,NA,NA
hh_4813,26,23,24,11,9,NA,NA,NA
hh_4816,42,7,NA,NA,NA,NA,NA,NA
hh_4817,67,NA,NA,NA,NA,NA,NA,NA
hh_4818,49,NA,NA,NA,NA,NA,NA,NA
hh_4820,27,NA,NA,NA,NA,NA,NA,NA
hh_4821,35,40,14,NA,NA,NA,NA,NA
hh_4822,42,37,10,5,3,NA,NA,NA
hh_4823,35,7,NA,NA,NA,NA,NA,NA
hh_4824,3,NA,NA,NA,NA,NA,NA,NA
hh_4826,22,4,NA,NA,NA,NA,NA,NA
hh_4827,29,NA,NA,NA,NA,NA,NA,NA
hh_4829,38,3,NA,NA,NA,NA,NA,NA
hh_4830,47,14,12,NA,NA,NA,NA,NA
hh_4831,40,65,4,NA,NA,NA,NA,NA
hh_4832,36,6,4,34,NA,NA,NA,NA
hh_4833,41,NA,NA,NA,NA,NA,NA,NA
hh_4834,25,6,4,28,NA,NA,NA,NA
hh_4835,43,NA,NA,NA,NA,NA,NA,NA
hh_4837,57,60,NA,NA,NA,NA,NA,NA
hh_4839,40,8,3,NA,NA,NA,NA,NA
hh_4840,57,27,NA,NA,NA,NA,NA,NA
hh_4841,52,41,23,29,NA,NA,NA,NA
hh_4842,57,60,NA,NA,NA,NA,NA,NA
hh_4844,32,NA,NA,NA,NA,NA,NA,NA
hh_4845,34,NA,NA,NA,NA,NA,NA,NA
hh_4846,7,NA,NA,NA,NA,NA,NA,NA
hh_4848,44,NA,NA,NA,NA,NA,NA,NA
hh_4849,3,1,NA,NA,NA,NA,NA,NA
hh_4850,36,21,19,14,NA,NA,NA,NA
hh_4851,47,12,9,NA,NA,NA,NA,NA
hh_4852,47,1,75,75,NA,NA,NA,NA
hh_4853,37,18,17,NA,NA,NA,NA,NA
hh_4854,33,NA,NA,NA,NA,NA,NA,NA
hh_4855,44,15,12,4,NA,NA,NA,NA
hh_4856,53,NA,NA,NA,NA,NA,NA,NA
hh_4857,27,6,NA,NA,NA,NA,NA,NA
hh_4859,32,8,NA,NA,NA,NA,NA,NA
hh_4860,6,9,40,NA,NA,NA,NA,NA
hh_4861,58,19,NA,NA,NA,NA,NA,NA
hh_4862,70,70,40,NA,NA,NA,NA,NA
hh_4864,49,26,NA,NA,NA,NA,NA,NA
hh_4866,30,8,5,NA,NA,NA,NA,NA
hh_4867,51,38,NA,NA,NA,NA,NA,NA
hh_4868,47,NA,NA,NA,NA,NA,NA,NA
hh_4870,37,4,3,NA,NA,NA,NA,NA
hh_4872,53,NA,NA,NA,NA,NA,NA,NA
hh_4873,33,5,NA,NA,NA,NA,NA,NA
hh_4874,30,23,34,NA,NA,NA,NA,NA
hh_4875,14,11,39,NA,NA,NA,NA,NA
hh_4876,50,25,NA,NA,NA,NA,NA,NA
hh_4877,4,NA,NA,NA,NA,NA,NA,NA
hh_4878,24,NA,NA,NA,NA,NA,NA,NA
hh_4879,46,23,NA,NA,NA,NA,NA,NA
hh_4881,45,12,5,NA,NA,NA,NA,NA
hh_4882,38,7,NA,NA,NA,NA,NA,NA
hh_4883,57,NA,NA,NA,NA,NA,NA,NA
hh_4884,24,45,15,NA,NA,NA,NA,NA
hh_4885,46,NA,NA,NA,NA,NA,NA,NA
hh_4886,16,13,NA,NA,NA,NA,NA,NA
hh_4887,38,6,3,NA,NA,NA,NA,NA
hh_4888,49,11,45,NA,NA,NA,NA,NA
hh_4889,48,17,9,NA,NA,NA,NA,NA
hh_4890,44,2,NA,NA,NA,NA,NA,NA
hh_4892,41,16,12,NA,NA,NA,NA,NA
hh_4893,39,10,5,2,NA,NA,NA,NA
hh_4894,39,9,NA,NA,NA,NA,NA,NA
hh_4895,55,NA,NA,NA,NA,NA,NA,NA
hh_4896,32,30,50,NA,NA,NA,NA,NA
hh_4898,36,10,7,NA,NA,NA,NA,NA
hh_4899,77,77,NA,NA,NA,NA,NA,NA
hh_4901,5,30,NA,NA,NA,NA,NA,NA
hh_4903,59,NA,NA,NA,NA,NA,NA,NA
hh_4904,62,62,NA,NA,NA,NA,NA,NA
hh_4905,50,22,16,13,12,NA,NA,NA
hh_4907,46,51,NA,NA,NA,NA,NA,NA
hh_4908,81,81,NA,NA,NA,NA,NA,NA
hh_4909,75,11,15,50,NA,NA,NA,NA
hh_4911,64,NA,NA,NA,NA,NA,NA,NA
hh_4912,54,NA,NA,NA,NA,NA,NA,NA
hh_4914,34,4,NA,NA,NA,NA,NA,NA
hh_4915,53,18,9,NA,NA,NA,NA,NA
hh_4916,46,80,80,NA,NA,NA,NA,NA
hh_4917,52,NA,NA,NA,NA,NA,NA,NA
hh_4919,65,NA,NA,NA,NA,NA,NA,NA
hh_4920,15,NA,NA,NA,NA,NA,NA,NA
hh_4921,45,15,NA,NA,NA,NA,NA,NA
hh_4922,63,NA,NA,NA,NA,NA,NA,NA
hh_4925,59,59,NA,NA,NA,NA,NA,NA
hh_4926,19,15,50,NA,NA,NA,NA,NA
hh_4928,47,43,15,8,NA,NA,NA,NA
hh_4929,70,20,NA,NA,NA,NA,NA,NA
hh_4930,47,19,17,7,NA,NA,NA,NA
hh_4931,18,15,49,NA,NA,NA,NA,NA
hh_4932,63,24,17,17,63,NA,NA,NA
hh_4933,NA,NA,NA,NA,NA,NA,NA,NA
hh_4934,44,8,5,NA,NA,NA,NA,NA
hh_4936,63,NA,NA,NA,NA,NA,NA,NA
hh_4937,45,NA,NA,NA,NA,NA,NA,NA
hh_4938,60,NA,NA,NA,NA,NA,NA,NA
hh_4940,17,13,NA,NA,NA,NA,NA,NA
hh_4941,52,NA,NA,NA,NA,NA,NA,NA
hh_4942,62,NA,NA,NA,NA,NA,NA,NA
hh_4943,27,54,NA,NA,NA,NA,NA,NA
hh_4944,65,NA,NA,NA,NA,NA,NA,NA
hh_4948,41,19,22,9,NA,NA,NA,NA
hh_4949,54,13,NA,NA,NA,NA,NA,NA
hh_4950,46,12,NA,NA,NA,NA,NA,NA
hh_4953,37,NA,NA,NA,NA,NA,NA,NA
hh_4956,51,NA,NA,NA,NA,NA,NA,NA
hh_4962,83,NA,NA,NA,NA,NA,NA,NA
hh_4964,36,40,NA,NA,NA,NA,NA,NA
hh_4965,62,NA,NA,NA,NA,NA,NA,NA
hh_4966,19,16,53,NA,NA,NA,NA,NA
hh_4967,84,63,NA,NA,NA,NA,NA,NA
hh_4969,72,NA,NA,NA,NA,NA,NA,NA
hh_4970,61,NA,NA,NA,NA,NA,NA,NA
hh_4972,56,NA,NA,NA,NA,NA,NA,NA
hh_5048,34,13,8,3,1,NA,NA,NA
hh_5049,19,47,13,NA,NA,NA,NA,NA
hh_5050,37,NA,NA,NA,NA,NA,NA,NA
hh_5051,40,13,11,7,1,NA,NA,NA
hh_5052,14,47,20,NA,NA,NA,NA,NA
hh_5053,54,11,3,NA,NA,NA,NA,NA
hh_5054,25,NA,NA,NA,NA,NA,NA,NA
hh_5055,26,13,7,NA,NA,NA,NA,NA
hh_5056,47,14,9,NA,NA,NA,NA,NA
hh_5058,30,NA,NA,NA,NA,NA,NA,NA
hh_5060,28,9,7,4,NA,NA,NA,NA
hh_5061,53,NA,NA,NA,NA,NA,NA,NA
hh_5062,35,NA,NA,NA,NA,NA,NA,NA
hh_5063,33,13,7,NA,NA,NA,NA,NA
hh_5064,50,57,19,31,34,NA,NA,NA
hh_5066,28,2,4,NA,NA,NA,NA,NA
hh_5067,45,2,NA,NA,NA,NA,NA,NA
hh_5069,34,11,8,3,NA,NA,NA,NA
hh_5070,22,3,NA,NA,NA,NA,NA,NA
hh_5071,60,60,NA,NA,NA,NA,NA,NA
hh_5072,32,4,32,NA,NA,NA,NA,NA
hh_5073,38,32,2,NA,NA,NA,NA,NA
hh_5074,29,NA,NA,NA,NA,NA,NA,NA
hh_5075,45,12,9,7,5,NA,NA,NA
hh_5076,43,41,15,4,NA,NA,NA,NA
hh_5077,28,NA,NA,NA,NA,NA,NA,NA
hh_5078,39,4,2,NA,NA,NA,NA,NA
hh_5080,28,4,2,NA,NA,NA,NA,NA
hh_5081,53,13,16,53,NA,NA,NA,NA
hh_5082,43,34,7,44,NA,NA,NA,NA
hh_5083,17,NA,NA,NA,NA,NA,NA,NA
hh_5084,24,5,3,NA,NA,NA,NA,NA
hh_5085,5,6,NA,NA,NA,NA,NA,NA
hh_5086,5,NA,NA,NA,NA,NA,NA,NA
hh_5087,37,6,NA,NA,NA,NA,NA,NA
hh_5089,28,30,57,3,5,NA,NA,NA
hh_5091,47,38,20,NA,NA,NA,NA,NA
hh_5092,14,44,47,NA,NA,NA,NA,NA
hh_5093,52,21,14,43,NA,NA,NA,NA
hh_5094,53,48,17,16,14,7,NA,NA
hh_5095,17,16,NA,NA,NA,NA,NA,NA
hh_5096,32,NA,NA,NA,NA,NA,NA,NA
hh_5097,23,25,26,NA,NA,NA,NA,NA
hh_5098,54,NA,NA,NA,NA,NA,NA,NA
hh_5099,37,4,12,NA,NA,NA,NA,NA
hh_5100,38,2,2,NA,NA,NA,NA,NA
hh_5102,31,NA,NA,NA,NA,NA,NA,NA
hh_5103,35,NA,NA,NA,NA,NA,NA,NA
hh_5104,45,37,NA,NA,NA,NA,NA,NA
hh_5105,51,24,NA,NA,NA,NA,NA,NA
hh_5106,31,62,NA,NA,NA,NA,NA,NA
hh_5107,3,2,NA,NA,NA,NA,NA,NA
hh_5108,18,29,4,NA,NA,NA,NA,NA
hh_5110,45,NA,NA,NA,NA,NA,NA,NA
hh_5111,18,50,52,NA,NA,NA,NA,NA
hh_5113,7,28,16,12,10,NA,NA,NA
hh_5114,14,9,NA,NA,NA,NA,NA,NA
hh_5117,8,9,31,NA,NA,NA,NA,NA
hh_5118,44,42,9,NA,NA,NA,NA,NA
hh_5119,34,4,3,NA,NA,NA,NA,NA
hh_5120,32,5,NA,NA,NA,NA,NA,NA
hh_5121,73,NA,NA,NA,NA,NA,NA,NA
hh_5122,28,NA,NA,NA,NA,NA,NA,NA
hh_5124,18,22,NA,NA,NA,NA,NA,NA
hh_5125,50,3,NA,NA,NA,NA,NA,NA
hh_5126,60,24,NA,NA,NA,NA,NA,NA
hh_5127,40,NA,NA,NA,NA,NA,NA,NA
hh_5129,28,NA,NA,NA,NA,NA,NA,NA
hh_5130,49,8,NA,NA,NA,NA,NA,NA
hh_5131,39,5,10,NA,NA,NA,NA,NA
hh_5132,3,2,NA,NA,NA,NA,NA,NA
hh_5133,3,NA,31,NA,NA,NA,NA,NA
hh_5135,22,NA,NA,NA,NA,NA,NA,NA
hh_5136,34,NA,NA,NA,NA,NA,NA,NA
hh_5137,26,7,26,NA,NA,NA,NA,NA
hh_5138,57,22,NA,NA,NA,NA,NA,NA
hh_5139,36,3,NA,NA,NA,NA,NA,NA
hh_5141,22,20,18,52,NA,NA,NA,NA
hh_5142,32,7,4,NA,NA,NA,NA,NA
hh_5143,50,36,50,38,25,NA,NA,NA
hh_5144,70,17,NA,NA,NA,NA,NA,NA
hh_5146,32,31,39,NA,NA,NA,NA,NA
hh_5147,41,18,12,9,NA,NA,NA,NA
hh_5149,20,NA,NA,NA,NA,NA,NA,NA
hh_5151,44,16,12,NA,NA,NA,NA,NA
hh_5152,33,5,NA,NA,NA,NA,NA,NA
hh_5154,40,7,NA,NA,NA,NA,NA,NA
hh_5155,31,41,20,50,83,NA,NA,NA
hh_5157,37,16,11,NA,NA,NA,NA,NA
hh_5158,48,48,NA,NA,NA,NA,NA,NA
hh_5159,39,36,35,NA,NA,NA,NA,NA
hh_5160,6,NA,NA,NA,NA,NA,NA,NA
hh_5161,24,NA,22,NA,NA,NA,NA,NA
hh_5162,27,5,3,NA,NA,NA,NA,NA
hh_5163,42,11,7,NA,NA,NA,NA,NA
hh_5165,35,15,10,NA,NA,NA,NA,NA
hh_5166,45,49,NA,NA,NA,NA,NA,NA
hh_5169,43,5,3,NA,NA,NA,NA,NA
hh_5170,4,27,2,NA,NA,NA,NA,NA
hh_5171,35,NA,NA,NA,NA,NA,NA,NA
hh_5172,3,37,27,27,47,NA,NA,NA
hh_5173,29,NA,NA,NA,NA,NA,NA,NA
hh_5174,43,13,10,NA,NA,NA,NA,NA
hh_5175,25,27,25,21,NA,NA,NA,NA
hh_5176,51,54,26,21,24,22,NA,NA
hh_5177,56,49,16,NA,NA,NA,NA,NA
hh_5179,29,10,1,NA,NA,NA,NA,NA
hh_5180,97,NA,NA,NA,NA,NA,NA,NA
hh_5181,23,NA,NA,NA,NA,NA,NA,NA
hh_5182,31,NA,NA,NA,NA,NA,NA,NA
hh_5183,38,2,NA,NA,NA,NA,NA,NA
hh_5184,42,21,NA,NA,NA,NA,NA,NA
hh_5185,28,6,5,NA,NA,NA,NA,NA
hh_5186,24,50,24,NA,NA,NA,NA,NA
hh_5187,36,8,6,2,NA,NA,NA,NA
hh_5188,35,NA,NA,NA,NA,NA,NA,NA
hh_5190,39,NA,NA,NA,NA,NA,NA,NA
hh_5191,36,2,NA,NA,NA,NA,NA,NA
hh_5192,49,44,27,NA,NA,NA,NA,NA
hh_5193,48,16,12,NA,NA,NA,NA,NA
hh_5194,18,45,NA,NA,NA,NA,NA,NA
hh_5195,48,22,20,15,NA,NA,NA,NA
hh_5197,70,70,NA,NA,NA,NA,NA,NA
hh_5198,44,20,15,12,NA,NA,NA,NA
hh_5199,51,14,NA,NA,NA,NA,NA,NA
hh_5201,32,NA,NA,NA,NA,NA,NA,NA
hh_5202,29,NA,NA,NA,NA,NA,NA,NA
hh_5204,38,6,3,32,NA,NA,NA,NA
hh_5205,63,65,NA,NA,NA,NA,NA,NA
hh_5206,39,14,12,NA,NA,NA,NA,NA
hh_5207,32,38,12,2,NA,NA,NA,NA
hh_5209,57,NA,NA,NA,NA,NA,NA,NA
hh_5210,28,25,NA,NA,NA,NA,NA,NA
hh_5212,29,5,NA,NA,NA,NA,NA,NA
hh_5213,37,7,4,NA,NA,NA,NA,NA
hh_5214,47,22,19,18,NA,NA,NA,NA
hh_5215,54,18,15,12,10,NA,NA,NA
hh_5216,39,6,2,NA,NA,NA,NA,NA
hh_5218,72,71,NA,NA,NA,NA,NA,NA
hh_5219,49,NA,NA,NA,NA,NA,NA,NA
hh_5220,26,NA,NA,NA,NA,NA,NA,NA
hh_5221,24,27,29,65,61,NA,NA,NA
hh_5223,39,11,8,NA,NA,NA,NA,NA
hh_5225,43,20,15,NA,NA,NA,NA,NA
hh_5226,37,NA,NA,NA,NA,NA,NA,NA
hh_5227,1,25,NA,NA,NA,NA,NA,NA
hh_5229,42,13,NA,NA,NA,NA,NA,NA
hh_5230,1,36,36,NA,NA,NA,NA,NA
hh_5231,39,36,NA,NA,NA,NA,NA,NA
hh_5232,35,8,NA,NA,NA,NA,NA,NA
hh_5234,43,NA,NA,NA,NA,NA,NA,NA
hh_5236,1,NA,NA,NA,NA,NA,NA,NA
hh_5237,24,29,NA,NA,NA,NA,NA,NA
hh_5238,49,75,NA,NA,NA,NA,NA,NA
hh_5239,13,28,20,NA,NA,NA,NA,NA
hh_5240,34,9,2,NA,NA,NA,NA,NA
hh_5241,16,NA,NA,NA,NA,NA,NA,NA
hh_5242,72,NA,NA,NA,NA,NA,NA,NA
hh_5243,78,44,9,NA,NA,NA,NA,NA
hh_5245,62,NA,NA,NA,NA,NA,NA,NA
hh_5246,16,50,NA,NA,NA,NA,NA,NA
hh_5248,44,NA,NA,NA,NA,NA,NA,NA
hh_5249,43,37,NA,NA,NA,NA,NA,NA
hh_5250,29,NA,NA,NA,NA,NA,NA,NA
hh_5251,43,NA,NA,NA,NA,NA,NA,NA
hh_5252,45,NA,NA,NA,NA,NA,NA,NA
hh_5253,30,5,NA,NA,NA,NA,NA,NA
hh_5254,37,9,4,NA,NA,NA,NA,NA
hh_5256,52,NA,NA,NA,NA,NA,NA,NA
hh_5257,40,NA,NA,NA,NA,NA,NA,NA
hh_5258,4,38,7,NA,NA,NA,NA,NA
hh_5259,44,17,15,12,10,NA,NA,NA
hh_5260,12,13,4,36,NA,NA,NA,NA
hh_5262,64,64,38,NA,NA,NA,NA,NA
hh_5264,5,1,NA,NA,NA,NA,NA,NA
hh_5265,58,28,27,NA,NA,NA,NA,NA
hh_5267,50,15,18,NA,NA,NA,NA,NA
hh_5268,52,52,NA,NA,NA,NA,NA,NA
hh_5269,86,NA,NA,NA,NA,NA,NA,NA
hh_5270,60,30,27,NA,NA,NA,NA,NA
hh_5271,31,NA,NA,NA,NA,NA,NA,NA
hh_5272,58,NA,NA,NA,NA,NA,NA,NA
hh_5273,17,14,45,NA,NA,NA,NA,NA
hh_5274,45,15,13,11,NA,NA,NA,NA
hh_5275,44,NA,NA,NA,NA,NA,NA,NA
hh_5276,27,28,25,NA,NA,NA,NA,NA
hh_5278,59,13,NA,NA,NA,NA,NA,NA
hh_5280,45,21,18,NA,NA,NA,NA,NA
hh_5281,35,26,NA,NA,NA,NA,NA,NA
hh_5282,48,NA,NA,NA,NA,NA,NA,NA
hh_5283,45,5,NA,NA,NA,NA,NA,NA
hh_5284,45,11,NA,NA,NA,NA,NA,NA
hh_5285,45,7,4,NA,NA,NA,NA,NA
hh_5286,47,16,9,NA,NA,NA,NA,NA
hh_5289,67,15,NA,NA,NA,NA,NA,NA
hh_5290,63,NA,NA,NA,NA,NA,NA,NA
hh_5291,54,30,28,23,NA,NA,NA,NA
hh_5292,43,41,NA,NA,NA,NA,NA,NA
hh_5293,60,21,NA,NA,NA,NA,NA,NA
hh_5294,57,NA,NA,NA,NA,NA,NA,NA
hh_5295,43,NA,NA,NA,NA,NA,NA,NA
hh_5296,18,13,NA,NA,NA,NA,NA,NA
hh_5297,17,57,NA,NA,NA,NA,NA,NA
hh_5300,79,72,NA,NA,NA,NA,NA,NA
hh_5301,88,NA,NA,NA,NA,NA,NA,NA
hh_5302,19,NA,NA,NA,NA,NA,NA,NA
hh_5303,15,NA,NA,NA,NA,NA,NA,NA
hh_5304,45,NA,NA,NA,NA,NA,NA,NA
hh_5306,71,NA,NA,NA,NA,NA,NA,NA
hh_5308,64,29,26,NA,NA,NA,NA,NA
hh_5309,13,10,NA,NA,NA,NA,NA,NA
hh_5311,69,NA,NA,NA,NA,NA,NA,NA
hh_5312,18,NA,NA,NA,NA,NA,NA,NA
hh_5313,68,NA,NA,NA,NA,NA,NA,NA
hh_5314,15,11,NA,NA,NA,NA,NA,NA
hh_5315,75,25,NA,NA,NA,NA,NA,NA
hh_5316,70,57,NA,NA,NA,NA,NA,NA
hh_5317,44,13,10,NA,NA,NA,NA,NA
hh_5318,23,NA,NA,NA,NA,NA,NA,NA
hh_5319,56,13,13,NA,NA,NA,NA,NA
hh_5323,62,22,69,NA,NA,NA,NA,NA
hh_5324,58,NA,NA,NA,NA,NA,NA,NA
hh_5325,31,14,NA,NA,NA,NA,NA,NA
hh_5327,58,NA,NA,NA,NA,NA,NA,NA
hh_5329,56,16,NA,NA,NA,NA,NA,NA
hh_5331,46,NA,NA,NA,NA,NA,NA,NA
hh_5333,79,NA,NA,NA,NA,NA,NA,NA
hh_5334,66,NA,NA,NA,NA,NA,NA,NA
hh_5335,19,NA,NA,NA,NA,NA,NA,NA
hh_5410,33,12,10,NA,NA,NA,NA,NA
hh_5411,30,12,8,NA,NA,NA,NA,NA
hh_5412,23,NA,NA,NA,NA,NA,NA,NA
hh_5413,35,2,NA,NA,NA,NA,NA,NA
hh_5414,29,6,4,NA,NA,NA,NA,NA
hh_5415,5,34,NA,NA,NA,NA,NA,NA
hh_5417,63,NA,NA,NA,NA,NA,NA,NA
hh_5418,35,10,8,NA,NA,NA,NA,NA
hh_5420,22,24,24,24,21,NA,NA,NA
hh_5421,9,14,32,NA,NA,NA,NA,NA
hh_5422,32,6,4,NA,NA,NA,NA,NA
hh_5423,36,36,32,NA,NA,NA,NA,NA
hh_5424,37,NA,NA,NA,NA,NA,NA,NA
hh_5425,39,NA,NA,NA,NA,NA,NA,NA
hh_5426,40,8,9,NA,NA,NA,NA,NA
hh_5428,70,NA,NA,NA,NA,NA,NA,NA
hh_5429,20,13,NA,NA,NA,NA,NA,NA
hh_5431,39,13,NA,NA,NA,NA,NA,NA
hh_5432,30,6,2,NA,NA,NA,NA,NA
hh_5433,30,5,3,NA,NA,NA,NA,NA
hh_5434,24,5,2,NA,NA,NA,NA,NA
hh_5435,12,58,47,NA,NA,NA,NA,NA
hh_5436,8,5,3,NA,NA,NA,NA,NA
hh_5438,54,54,NA,NA,NA,NA,NA,NA
hh_5440,70,61,NA,NA,NA,NA,NA,NA
hh_5442,33,NA,NA,NA,NA,NA,NA,NA
hh_5443,37,8,7,NA,NA,NA,NA,NA
hh_5444,53,NA,NA,NA,NA,NA,NA,NA
hh_5445,24,25,NA,NA,NA,NA,NA,NA
hh_5446,19,NA,NA,NA,NA,NA,NA,NA
hh_5447,27,NA,NA,NA,NA,NA,NA,NA
hh_5448,23,21,27,34,34,NA,NA,NA
hh_5449,47,11,NA,NA,NA,NA,NA,NA
hh_5450,42,8,4,NA,NA,NA,NA,NA
hh_5451,76,NA,NA,NA,NA,NA,NA,NA
hh_5453,11,NA,NA,NA,NA,NA,NA,NA
hh_5454,60,23,28,NA,NA,NA,NA,NA
hh_5455,60,NA,NA,NA,NA,NA,NA,NA
hh_5457,19,4,NA,NA,NA,NA,NA,NA
hh_5458,17,48,NA,NA,NA,NA,NA,NA
hh_5459,35,29,NA,NA,NA,NA,NA,NA
hh_5460,12,45,NA,NA,NA,NA,NA,NA
hh_5461,11,27,3,20,36,NA,NA,NA
hh_5462,27,29,40,25,27,NA,NA,NA
hh_5464,16,NA,NA,NA,NA,NA,NA,NA
hh_5465,22,2,NA,NA,NA,NA,NA,NA
hh_5466,9,NA,NA,NA,NA,NA,NA,NA
hh_5467,29,70,33,33,NA,NA,NA,NA
hh_5468,34,6,3,NA,NA,NA,NA,NA
hh_5469,50,50,NA,NA,NA,NA,NA,NA
hh_5470,29,1,32,NA,NA,NA,NA,NA
hh_5471,16,14,NA,NA,NA,NA,NA,NA
hh_5472,29,29,NA,NA,NA,NA,NA,NA
hh_5475,57,NA,NA,NA,NA,NA,NA,NA
hh_5476,40,38,NA,NA,NA,NA,NA,NA
hh_5477,29,29,5,NA,NA,NA,NA,NA
hh_5479,38,NA,NA,NA,NA,NA,NA,NA
hh_5480,35,NA,NA,NA,NA,NA,NA,NA
hh_5481,29,55,24,56,NA,NA,NA,NA
hh_5482,50,NA,NA,NA,NA,NA,NA,NA
hh_5483,14,1,3,4,NA,NA,NA,NA
hh_5484,17,13,49,NA,NA,NA,NA,NA
hh_5486,23,28,23,26,NA,NA,NA,NA
hh_5487,21,21,NA,NA,NA,NA,NA,NA
hh_5488,33,29,NA,NA,NA,NA,NA,NA
hh_5489,62,NA,NA,NA,NA,NA,NA,NA
hh_5490,18,NA,NA,NA,NA,NA,NA,NA
hh_5491,60,50,NA,NA,NA,NA,NA,NA
hh_5492,42,8,3,68,NA,NA,NA,NA
hh_5493,20,NA,NA,NA,NA,NA,NA,NA
hh_5494,30,13,NA,NA,NA,NA,NA,NA
hh_5495,44,5,NA,NA,NA,NA,NA,NA
hh_5497,28,25,NA,NA,NA,NA,NA,NA
hh_5498,12,4,NA,NA,NA,NA,NA,NA
hh_5499,25,27,28,42,NA,NA,NA,NA
hh_5501,37,34,NA,NA,NA,NA,NA,NA
hh_5502,3,3,NA,NA,NA,NA,NA,NA
hh_5503,64,64,38,NA,NA,NA,NA,NA
hh_5504,11,NA,NA,NA,NA,NA,NA,NA
hh_5505,47,14,8,7,NA,NA,NA,NA
hh_5506,46,13,NA,NA,NA,NA,NA,NA
hh_5508,32,NA,NA,NA,NA,NA,NA,NA
hh_5509,55,45,21,7,NA,NA,NA,NA
hh_5510,NA,NA,NA,NA,NA,NA,NA,NA
hh_5511,19,24,69,60,NA,NA,NA,NA
hh_5512,25,NA,NA,NA,NA,NA,NA,NA
hh_5513,16,NA,NA,NA,NA,NA,NA,NA
hh_5514,25,27,NA,NA,NA,NA,NA,NA
hh_5515,38,11,3,2,NA,NA,NA,NA
hh_5516,19,19,NA,NA,NA,NA,NA,NA
hh_5517,41,NA,NA,NA,NA,NA,NA,NA
hh_5519,51,19,16,52,NA,NA,NA,NA
hh_5520,17,15,NA,NA,NA,NA,NA,NA
hh_5521,19,NA,NA,NA,NA,NA,NA,NA
hh_5522,41,2,NA,NA,NA,NA,NA,NA
hh_5523,24,NA,NA,NA,NA,NA,NA,NA
hh_5524,46,19,16,13,NA,NA,NA,NA
hh_5525,58,NA,NA,NA,NA,NA,NA,NA
hh_5526,20,11,NA,NA,NA,NA,NA,NA
hh_5527,21,36,19,14,NA,NA,NA,NA
hh_5528,40,11,6,NA,NA,NA,NA,NA
hh_5530,30,NA,NA,NA,NA,NA,NA,NA
hh_5531,67,NA,NA,NA,NA,NA,NA,NA
hh_5532,50,NA,NA,NA,NA,NA,NA,NA
hh_5533,48,17,NA,NA,NA,NA,NA,NA
hh_5534,10,11,NA,NA,NA,NA,NA,NA
hh_5535,60,NA,NA,NA,NA,NA,NA,NA
hh_5536,52,23,16,NA,NA,NA,NA,NA
hh_5537,28,6,NA,NA,NA,NA,NA,NA
hh_5538,27,5,NA,NA,NA,NA,NA,NA
hh_5539,36,3,2,NA,NA,NA,NA,NA
hh_5541,29,4,NA,NA,NA,NA,NA,NA
hh_5542,26,30,23,27,NA,NA,NA,NA
hh_5543,80,76,56,51,NA,NA,NA,NA
hh_5544,31,7,2,NA,NA,NA,NA,NA
hh_5545,39,NA,NA,NA,NA,NA,NA,NA
hh_5546,33,NA,NA,NA,NA,NA,NA,NA
hh_5547,38,4,NA,NA,NA,NA,NA,NA
hh_5548,6,10,37,NA,NA,NA,NA,NA
hh_5549,31,NA,NA,NA,NA,NA,NA,NA
hh_5550,30,7,NA,NA,NA,NA,NA,NA
hh_5552,28,60,NA,NA,NA,NA,NA,NA
hh_5553,13,17,6,9,41,21,NA,NA
hh_5554,40,41,NA,NA,NA,NA,NA,NA
hh_5555,16,42,15,13,NA,NA,NA,NA
hh_5556,31,NA,NA,NA,NA,NA,NA,NA
hh_5557,60,69,NA,NA,NA,NA,NA,NA
hh_5558,35,NA,NA,NA,NA,NA,NA,NA
hh_5559,27,26,24,NA,NA,NA,NA,NA
hh_5560,4,NA,NA,NA,NA,NA,NA,NA
hh_5561,19,44,21,NA,NA,NA,NA,NA
hh_5563,52,13,9,NA,NA,NA,NA,NA
hh_5566,76,NA,NA,NA,NA,NA,NA,NA
hh_5567,38,16,7,NA,NA,NA,NA,NA
hh_5568,52,NA,NA,NA,NA,NA,NA,NA
hh_5569,26,NA,NA,NA,NA,NA,NA,NA
hh_5570,37,9,NA,NA,NA,NA,NA,NA
hh_5571,38,9,6,NA,NA,NA,NA,NA
hh_5572,45,85,NA,NA,NA,NA,NA,NA
hh_5574,55,7,NA,NA,NA,NA,NA,NA
hh_5575,46,17,11,3,NA,NA,NA,NA
hh_5577,33,65,NA,NA,NA,NA,NA,NA
hh_5578,27,NA,NA,NA,NA,NA,NA,NA
hh_5579,68,65,NA,NA,NA,NA,NA,NA
hh_5580,34,4,2,NA,NA,NA,NA,NA
hh_5581,70,70,NA,NA,NA,NA,NA,NA
hh_5582,74,71,NA,NA,NA,NA,NA,NA
hh_5583,3,NA,NA,NA,NA,NA,NA,NA
hh_5585,43,15,13,NA,NA,NA,NA,NA
hh_5586,17,43,15,NA,NA,NA,NA,NA
hh_5587,18,63,NA,NA,NA,NA,NA,NA
hh_5588,6,2,36,NA,NA,NA,NA,NA
hh_5589,39,11,7,NA,NA,NA,NA,NA
hh_5590,51,12,10,NA,NA,NA,NA,NA
hh_5591,46,16,NA,NA,NA,NA,NA,NA
hh_5592,61,NA,NA,NA,NA,NA,NA,NA
hh_5593,40,NA,NA,NA,NA,NA,NA,NA
hh_5594,55,87,NA,NA,NA,NA,NA,NA
hh_5597,30,NA,NA,NA,NA,NA,NA,NA
hh_5599,35,35,NA,NA,NA,NA,NA,NA
hh_5600,58,NA,NA,NA,NA,NA,NA,NA
hh_5601,53,55,NA,NA,NA,NA,NA,NA
hh_5602,11,1,NA,NA,NA,NA,NA,NA
hh_5605,50,17,16,14,NA,NA,NA,NA
hh_5607,36,6,4,NA,NA,NA,NA,NA
hh_5608,46,8,NA,NA,NA,NA,NA,NA
hh_5609,59,61,NA,NA,NA,NA,NA,NA
hh_5610,54,NA,NA,NA,NA,NA,NA,NA
hh_5611,14,13,NA,NA,NA,NA,NA,NA
hh_5612,67,NA,NA,NA,NA,NA,NA,NA
hh_5613,32,37,29,30,NA,NA,NA,NA
hh_5614,45,52,NA,NA,NA,NA,NA,NA
hh_5615,46,14,7,4,NA,NA,NA,NA
hh_5616,34,15,12,NA,NA,NA,NA,NA
hh_5618,53,90,NA,NA,NA,NA,NA,NA
hh_5620,25,NA,NA,NA,NA,NA,NA,NA
hh_5621,10,16,19,48,NA,NA,NA,NA
hh_5622,55,NA,NA,NA,NA,NA,NA,NA
hh_5624,55,NA,NA,NA,NA,NA,NA,NA
hh_5625,60,NA,NA,NA,NA,NA,NA,NA
hh_5627,16,12,NA,NA,NA,NA,NA,NA
hh_5629,56,NA,NA,NA,NA,NA,NA,NA
hh_5630,56,NA,NA,NA,NA,NA,NA,NA
hh_5631,16,12,NA,NA,NA,NA,NA,NA
hh_5632,27,NA,NA,NA,NA,NA,NA,NA
hh_5635,55,NA,NA,NA,NA,NA,NA,NA
hh_5636,53,NA,NA,NA,NA,NA,NA,NA
hh_5637,52,NA,NA,NA,NA,NA,NA,NA
hh_5638,20,17,45,78,NA,NA,NA,NA
hh_5640,64,NA,NA,NA,NA,NA,NA,NA
hh_5643,15,NA,NA,NA,NA,NA,NA,NA
hh_5646,74,NA,NA,NA,NA,NA,NA,NA
hh_5647,49,15,NA,NA,NA,NA,NA,NA
hh_5648,60,NA,NA,NA,NA,NA,NA,NA
hh_5649,74,12,50,NA,NA,NA,NA,NA
hh_5651,51,NA,NA,NA,NA,NA,NA,NA
hh_5652,60,NA,NA,NA,NA,NA,NA,NA
hh_5653,79,NA,NA,NA,NA,NA,NA,NA
hh_5654,20,55,NA,NA,NA,NA,NA,NA
hh_5656,28,28,NA,NA,NA,NA,NA,NA
hh_5657,63,NA,NA,NA,NA,NA,NA,NA
hh_5658,65,30,NA,NA,NA,NA,NA,NA
hh_5662,3,37,NA,NA,NA,NA,NA,NA
hh_5663,54,16,15,NA,NA,NA,NA,NA
hh_5665,54,26,20,NA,NA,NA,NA,NA
hh_5666,60,NA,NA,NA,NA,NA,NA,NA
hh_5667,53,22,18,NA,NA,NA,NA,NA
hh_5669,35,NA,NA,NA,NA,NA,NA,NA
hh_5670,64,NA,NA,NA,NA,NA,NA,NA
hh_5671,34,66,NA,NA,NA,NA,NA,NA
hh_5673,68,NA,NA,NA,NA,NA,NA,NA
hh_5674,56,8,4,NA,NA,NA,NA,NA
hh_5676,62,NA,NA,NA,NA,NA,NA,NA
hh_5677,48,NA,NA,NA,NA,NA,NA,NA
hh_5678,56,65,29,NA,NA,NA,NA,NA
hh_5679,58,15,NA,NA,NA,NA,NA,NA
hh_5680,66,NA,NA,NA,NA,NA,NA,NA
hh_5681,16,NA,NA,NA,NA,NA,NA,NA
hh_5682,41,10,NA,NA,NA,NA,NA,NA
hh_5685,62,72,NA,NA,NA,NA,NA,NA
hh_5686,55,25,NA,NA,NA,NA,NA,NA
hh_5687,49,15,18,NA,NA,NA,NA,NA
hh_5688,53,32,3,5,NA,NA,NA,NA
hh_5690,59,NA,NA,NA,NA,NA,NA,NA
hh_5692,50,12,7,NA,NA,NA,NA,NA
hh_5695,26,26,NA,NA,NA,NA,NA,NA
hh_5697,15,NA,NA,NA,NA,NA,NA,NA
hh_5698,2,4,7,10,NA,NA,NA,NA
hh_5699,40,9,7,NA,NA,NA,NA,NA
hh_5700,58,18,NA,NA,NA,NA,NA,NA
hh_5701,21,52,NA,NA,NA,NA,NA,NA
hh_5707,65,NA,NA,NA,NA,NA,NA,NA
hh_5708,30,NA,NA,NA,NA,NA,NA,NA
hh_5709,54,NA,NA,NA,NA,NA,NA,NA
hh_5710,57,NA,NA,NA,NA,NA,NA,NA
hh_5713,51,NA,NA,NA,NA,NA,NA,NA
hh_5715,77,81,18,NA,NA,NA,NA,NA
hh_5717,19,NA,NA,NA,NA,NA,NA,NA
hh_5718,64,NA,NA,NA,NA,NA,NA,NA
hh_5719,63,NA,NA,NA,NA,NA,NA,NA
hh_5720,57,23,24,NA,NA,NA,NA,NA
hh_5722,61,NA,NA,NA,NA,NA,NA,NA
hh_5723,68,NA,NA,NA,NA,NA,NA,NA
hh_5730,66,NA,NA,NA,NA,NA,NA,NA
hh_5731,63,NA,NA,NA,NA,NA,NA,NA
hh_5732,71,NA,NA,NA,NA,NA,NA,NA
hh_5733,52,23,21,NA,NA,NA,NA,NA
hh_5734,57,28,27,NA,NA,NA,NA,NA
hh_5735,64,NA,NA,NA,NA,NA,NA,NA
hh_5737,80,NA,NA,NA,NA,NA,NA,NA
hh_5739,63,NA,NA,NA,NA,NA,NA,NA
hh_5740,66,NA,NA,NA,NA,NA,NA,NA
hh_5742,16,NA,NA,NA,NA,NA,NA,NA
hh_5743,56,26,NA,NA,NA,NA,NA,NA
hh_5747,32,NA,NA,NA,NA,NA,NA,NA
hh_5751,60,NA,NA,NA,NA,NA,NA,NA
hh_5752,53,NA,NA,NA,NA,NA,NA,NA
hh_5755,60,NA,NA,NA,NA,NA,NA,NA
hh_5758,65,NA,NA,NA,NA,NA,NA,NA
hh_5761,79,NA,NA,NA,NA,NA,NA,NA
hh_5830,38,5,NA,NA,NA,NA,NA,NA
hh_5831,49,21,50,NA,NA,NA,NA,NA
hh_5833,27,1,NA,NA,NA,NA,NA,NA
hh_5834,54,NA,NA,NA,NA,NA,NA,NA
hh_5835,2,21,18,72,NA,NA,NA,NA
hh_5836,60,16,50,NA,NA,NA,NA,NA
hh_5837,32,6,2,NA,NA,NA,NA,NA
hh_5838,38,8,10,NA,NA,NA,NA,NA
hh_5840,24,NA,NA,NA,NA,NA,NA,NA
hh_5841,4,2,NA,NA,NA,NA,NA,NA
hh_5842,25,9,7,NA,NA,NA,NA,NA
hh_5843,36,NA,NA,NA,NA,NA,NA,NA
hh_5844,30,5,6,NA,NA,NA,NA,NA
hh_5845,30,29,NA,NA,NA,NA,NA,NA
hh_5846,8,11,37,NA,NA,NA,NA,NA
hh_5847,25,1,NA,NA,NA,NA,NA,NA
hh_5848,15,15,10,NA,NA,NA,NA,NA
hh_5849,31,5,NA,NA,NA,NA,NA,NA
hh_5851,24,21,8,6,NA,NA,NA,NA
hh_5852,12,55,NA,NA,NA,NA,NA,NA
hh_5853,36,5,1,NA,NA,NA,NA,NA
hh_5854,40,18,17,NA,NA,NA,NA,NA
hh_5855,22,NA,NA,NA,NA,NA,NA,NA
hh_5856,6,NA,NA,NA,NA,NA,NA,NA
hh_5857,15,45,54,15,NA,NA,NA,NA
hh_5858,10,NA,NA,NA,NA,NA,NA,NA
hh_5859,35,10,7,NA,NA,NA,NA,NA
hh_5860,40,8,3,NA,NA,NA,NA,NA
hh_5862,35,NA,NA,NA,NA,NA,NA,NA
hh_5863,32,3,NA,NA,NA,NA,NA,NA
hh_5864,52,19,15,NA,NA,NA,NA,NA
hh_5865,25,7,5,NA,NA,NA,NA,NA
hh_5866,30,27,31,35,24,NA,NA,NA
hh_5868,25,34,NA,NA,NA,NA,NA,NA
hh_5869,28,6,NA,NA,NA,NA,NA,NA
hh_5870,48,36,51,NA,NA,NA,NA,NA
hh_5871,24,8,6,25,NA,NA,NA,NA
hh_5873,4,2,29,NA,NA,NA,NA,NA
hh_5875,23,22,22,NA,NA,NA,NA,NA
hh_5876,37,NA,NA,NA,NA,NA,NA,NA
hh_5877,66,21,NA,NA,NA,NA,NA,NA
hh_5878,50,16,NA,NA,NA,NA,NA,NA
hh_5879,59,NA,NA,NA,NA,NA,NA,NA
hh_5880,66,66,NA,NA,NA,NA,NA,NA
hh_5881,57,54,NA,NA,NA,NA,NA,NA
hh_5882,62,NA,NA,NA,NA,NA,NA,NA
hh_5884,18,7,NA,NA,NA,NA,NA,NA
hh_5885,64,14,NA,NA,NA,NA,NA,NA
hh_5886,33,NA,NA,NA,NA,NA,NA,NA
hh_5887,35,NA,NA,NA,NA,NA,NA,NA
hh_5888,28,21,19,NA,NA,NA,NA,NA
hh_5889,39,NA,NA,NA,NA,NA,NA,NA
hh_5890,30,11,4,NA,NA,NA,NA,NA
hh_5891,30,NA,NA,NA,NA,NA,NA,NA
hh_5892,45,48,10,7,NA,NA,NA,NA
hh_5893,32,9,7,2,NA,NA,NA,NA
hh_5895,29,30,NA,NA,NA,NA,NA,NA
hh_5896,7,NA,4,4,5,NA,NA,NA
hh_5897,27,23,NA,NA,NA,NA,NA,NA
hh_5899,18,18,19,19,18,NA,NA,NA
hh_5900,22,NA,NA,NA,NA,NA,NA,NA
hh_5901,28,NA,NA,NA,NA,NA,NA,NA
hh_5902,24,NA,NA,NA,NA,NA,NA,NA
hh_5903,47,45,NA,NA,NA,NA,NA,NA
hh_5904,7,4,3,1,NA,NA,NA,NA
hh_5906,38,5,NA,NA,NA,NA,NA,NA
hh_5907,29,3,1,NA,NA,NA,NA,NA
hh_5908,43,25,16,NA,NA,NA,NA,NA
hh_5909,48,9,NA,NA,NA,NA,NA,NA
hh_5910,24,NA,NA,NA,NA,NA,NA,NA
hh_5911,51,4,NA,NA,NA,NA,NA,NA
hh_5912,5,1,NA,NA,NA,NA,NA,NA
hh_5913,2,NA,NA,NA,NA,NA,NA,NA
hh_5914,1,2,NA,NA,NA,NA,NA,NA
hh_5917,34,12,NA,NA,NA,NA,NA,NA
hh_5918,11,NA,NA,NA,NA,NA,NA,NA
hh_5919,24,18,50,NA,NA,NA,NA,NA
hh_5920,74,NA,NA,NA,NA,NA,NA,NA
hh_5922,27,29,9,NA,NA,NA,NA,NA
hh_5923,15,26,24,NA,NA,NA,NA,NA
hh_5924,27,27,NA,NA,NA,NA,NA,NA
hh_5925,20,NA,NA,NA,NA,NA,NA,NA
hh_5926,40,7,2,NA,NA,NA,NA,NA
hh_5928,14,12,11,6,NA,NA,NA,NA
hh_5929,25,25,22,26,26,25,NA,NA
hh_5930,49,44,NA,NA,NA,NA,NA,NA
hh_5931,67,66,32,5,NA,NA,NA,NA
hh_5932,29,5,3,NA,NA,NA,NA,NA
hh_5933,56,NA,NA,NA,NA,NA,NA,NA
hh_5934,27,NA,NA,NA,NA,NA,NA,NA
hh_5935,40,42,20,NA,NA,NA,NA,NA
hh_5936,29,4,7,28,NA,NA,NA,NA
hh_5937,37,37,12,3,8,NA,NA,NA
hh_5939,34,14,10,NA,NA,NA,NA,NA
hh_5940,53,18,15,13,NA,NA,NA,NA
hh_5941,40,3,NA,NA,NA,NA,NA,NA
hh_5942,74,NA,NA,NA,NA,NA,NA,NA
hh_5943,10,NA,NA,NA,NA,NA,NA,NA
hh_5945,60,NA,NA,NA,NA,NA,NA,NA
hh_5946,20,NA,NA,NA,NA,NA,NA,NA
hh_5947,35,44,NA,NA,NA,NA,NA,NA
hh_5950,56,25,NA,NA,NA,NA,NA,NA
hh_5951,49,48,19,NA,NA,NA,NA,NA
hh_5952,14,8,8,NA,NA,NA,NA,NA
hh_5953,28,NA,NA,NA,NA,NA,NA,NA
hh_5954,1,37,74,NA,NA,NA,NA,NA
hh_5955,22,65,37,34,44,61,48,18
hh_5956,12,17,34,NA,NA,NA,NA,NA
hh_5957,12,17,36,NA,NA,NA,NA,NA
hh_5958,12,17,33,NA,NA,NA,NA,NA
hh_5959,38,17,38,NA,NA,NA,NA,NA
hh_5961,51,1,43,NA,NA,NA,NA,NA
hh_5962,35,14,2,NA,NA,NA,NA,NA
hh_5963,34,NA,NA,NA,NA,NA,NA,NA
hh_5964,51,NA,NA,NA,NA,NA,NA,NA
hh_5965,20,NA,NA,NA,NA,NA,NA,NA
hh_5966,59,NA,NA,NA,NA,NA,NA,NA
hh_5968,50,44,17,NA,NA,NA,NA,NA
hh_5969,30,28,NA,NA,NA,NA,NA,NA
hh_5970,31,NA,NA,NA,NA,NA,NA,NA
hh_5972,21,20,21,NA,NA,NA,NA,NA
hh_5974,26,NA,NA,NA,NA,NA,NA,NA
hh_5975,50,25,NA,NA,NA,NA,NA,NA
hh_5976,64,NA,NA,NA,NA,NA,NA,NA
hh_5977,46,42,NA,NA,NA,NA,NA,NA
hh_5978,33,NA,NA,NA,NA,NA,NA,NA
hh_5979,28,22,NA,NA,NA,NA,NA,NA
hh_5980,30,41,NA,NA,NA,NA,NA,NA
hh_5981,29,8,NA,NA,NA,NA,NA,NA
hh_5983,11,8,NA,NA,NA,NA,NA,NA
hh_5984,79,NA,NA,NA,NA,NA,NA,NA
hh_5985,24,23,NA,NA,NA,NA,NA,NA
hh_5986,5,36,NA,NA,NA,NA,NA,NA
hh_5987,20,47,NA,NA,NA,NA,NA,NA
hh_5989,16,NA,NA,NA,NA,NA,NA,NA
hh_5990,57,19,NA,NA,NA,NA,NA,NA
hh_5991,60,NA,NA,NA,NA,NA,NA,NA
hh_5994,6,NA,NA,NA,NA,NA,NA,NA
hh_5995,25,3,6,NA,NA,NA,NA,NA
hh_5996,42,14,44,18,NA,NA,NA,NA
hh_5997,44,48,18,24,NA,NA,NA,NA
hh_5998,29,NA,NA,NA,NA,NA,NA,NA
hh_5999,36,5,2,NA,NA,NA,NA,NA
hh_6000,42,14,12,NA,NA,NA,NA,NA
hh_6001,36,3,1,NA,NA,NA,NA,NA
hh_6002,42,2,NA,NA,NA,NA,NA,NA
hh_6003,20,20,NA,NA,NA,NA,NA,NA
hh_6005,38,4,6,NA,NA,NA,NA,NA
hh_6006,50,10,8,NA,NA,NA,NA,NA
hh_6007,30,NA,NA,NA,NA,NA,NA,NA
hh_6008,20,NA,NA,NA,NA,NA,NA,NA
hh_6009,30,9,11,6,3,NA,NA,NA
hh_6010,45,NA,NA,NA,NA,NA,NA,NA
hh_6011,33,11,6,3,2,NA,NA,NA
hh_6013,37,40,5,NA,NA,NA,NA,NA
hh_6014,29,3,NA,NA,NA,NA,NA,NA
hh_6016,17,12,NA,NA,NA,NA,NA,NA
hh_6017,46,86,NA,NA,NA,NA,NA,NA
hh_6018,40,16,13,5,NA,NA,NA,NA
hh_6019,14,16,NA,NA,NA,NA,NA,NA
hh_6020,31,30,32,NA,NA,NA,NA,NA
hh_6021,38,NA,NA,NA,NA,NA,NA,NA
hh_6022,47,NA,NA,NA,NA,NA,NA,NA
hh_6023,25,4,1,NA,NA,NA,NA,NA
hh_6024,33,8,NA,NA,NA,NA,NA,NA
hh_6025,28,NA,NA,NA,NA,NA,NA,NA
hh_6027,30,NA,NA,NA,NA,NA,NA,NA
hh_6029,37,5,3,NA,NA,NA,NA,NA
hh_6032,25,9,7,NA,NA,NA,NA,NA
hh_6033,8,59,20,5,NA,NA,NA,NA
hh_6034,33,7,4,NA,NA,NA,NA,NA
hh_6035,31,3,NA,NA,NA,NA,NA,NA
hh_6036,18,NA,NA,NA,NA,NA,NA,NA
hh_6038,4,21,NA,NA,NA,NA,NA,NA
hh_6039,44,17,12,NA,NA,NA,NA,NA
hh_6040,4,35,NA,NA,NA,NA,NA,NA
hh_6041,66,65,35,NA,NA,NA,NA,NA
hh_6042,16,NA,NA,NA,NA,NA,NA,NA
hh_6043,36,3,NA,NA,NA,NA,NA,NA
hh_6045,39,8,6,NA,NA,NA,NA,NA
hh_6046,52,18,14,NA,NA,NA,NA,NA
hh_6049,55,52,NA,NA,NA,NA,NA,NA
hh_6050,10,14,43,35,NA,NA,NA,NA
hh_6051,43,9,NA,NA,NA,NA,NA,NA
hh_6053,15,11,NA,NA,NA,NA,NA,NA
hh_6054,31,6,4,NA,NA,NA,NA,NA
hh_6055,25,NA,NA,NA,NA,NA,NA,NA
hh_6056,23,23,54,14,NA,NA,NA,NA
hh_6057,14,58,NA,NA,NA,NA,NA,NA
hh_6058,54,NA,NA,NA,NA,NA,NA,NA
hh_6060,65,20,NA,NA,NA,NA,NA,NA
hh_6061,49,NA,NA,NA,NA,NA,NA,NA
hh_6062,41,78,10,7,NA,NA,NA,NA
hh_6063,39,17,NA,NA,NA,NA,NA,NA
hh_6064,46,17,NA,NA,NA,NA,NA,NA
hh_6065,67,NA,NA,NA,NA,NA,NA,NA
hh_6066,55,19,14,NA,NA,NA,NA,NA
hh_6067,45,11,8,5,NA,NA,NA,NA
hh_6068,47,11,9,9,NA,NA,NA,NA
hh_6069,12,47,NA,NA,NA,NA,NA,NA
hh_6071,36,13,10,37,21,NA,NA,NA
hh_6072,39,22,18,NA,NA,NA,NA,NA
hh_6073,53,NA,NA,NA,NA,NA,NA,NA
hh_6074,7,3,35,NA,NA,NA,NA,NA
hh_6075,73,NA,NA,NA,NA,NA,NA,NA
hh_6076,72,NA,NA,NA,NA,NA,NA,NA
hh_6077,2,4,39,NA,NA,NA,NA,NA
hh_6078,31,NA,NA,NA,NA,NA,NA,NA
hh_6079,38,20,18,NA,NA,NA,NA,NA
hh_6080,38,NA,NA,NA,NA,NA,NA,NA
hh_6082,41,11,6,NA,NA,NA,NA,NA
hh_6083,63,NA,NA,NA,NA,NA,NA,NA
hh_6084,23,NA,NA,NA,NA,NA,NA,NA
hh_6085,64,63,NA,NA,NA,NA,NA,NA
hh_6087,46,20,19,16,NA,NA,NA,NA
hh_6088,77,NA,NA,NA,NA,NA,NA,NA
hh_6089,53,NA,NA,NA,NA,NA,NA,NA
hh_6091,45,12,18,NA,NA,NA,NA,NA
hh_6093,58,20,NA,NA,NA,NA,NA,NA
hh_6094,28,NA,NA,NA,NA,NA,NA,NA
hh_6095,59,21,NA,NA,NA,NA,NA,NA
hh_6096,50,NA,NA,NA,NA,NA,NA,NA
hh_6097,65,NA,NA,NA,NA,NA,NA,NA
hh_6098,59,24,21,17,NA,NA,NA,NA
hh_6099,54,NA,NA,NA,NA,NA,NA,NA
hh_6100,52,NA,NA,NA,NA,NA,NA,NA
hh_6101,78,NA,NA,NA,NA,NA,NA,NA
hh_6102,14,35,49,NA,NA,NA,NA,NA
hh_6104,57,NA,NA,NA,NA,NA,NA,NA
hh_6105,65,NA,NA,NA,NA,NA,NA,NA
hh_6106,55,NA,NA,NA,NA,NA,NA,NA
hh_6107,14,12,49,NA,NA,NA,NA,NA
hh_6108,41,43,53,NA,NA,NA,NA,NA
hh_6109,9,NA,NA,NA,NA,NA,NA,NA
hh_6110,54,25,17,NA,NA,NA,NA,NA
hh_6112,73,39,NA,NA,NA,NA,NA,NA
hh_6113,70,NA,NA,NA,NA,NA,NA,NA
hh_6115,7,NA,NA,NA,NA,NA,NA,NA
hh_6116,1,33,NA,NA,NA,NA,NA,NA
hh_6117,60,NA,NA,NA,NA,NA,NA,NA
hh_6118,42,22,19,15,38,8,NA,NA
hh_6119,58,NA,NA,NA,NA,NA,NA,NA
hh_6123,19,22,NA,NA,NA,NA,NA,NA
hh_6126,67,NA,NA,NA,NA,NA,NA,NA
hh_6127,20,18,NA,NA,NA,NA,NA,NA
hh_6128,51,21,20,NA,NA,NA,NA,NA
hh_6130,33,NA,NA,NA,NA,NA,NA,NA
hh_6131,68,NA,NA,NA,NA,NA,NA,NA
hh_6132,48,12,4,9,NA,NA,NA,NA
hh_6133,48,29,NA,NA,NA,NA,NA,NA
hh_6134,60,37,NA,NA,NA,NA,NA,NA
hh_6135,37,NA,NA,NA,NA,NA,NA,NA
hh_6137,46,18,14,NA,NA,NA,NA,NA
hh_6139,19,14,14,NA,NA,NA,NA,NA
hh_6140,55,NA,NA,NA,NA,NA,NA,NA
hh_6141,54,NA,NA,NA,NA,NA,NA,NA
hh_6142,48,14,12,NA,NA,NA,NA,NA
hh_6143,54,16,NA,NA,NA,NA,NA,NA
hh_6144,61,NA,NA,NA,NA,NA,NA,NA
hh_6146,37,16,NA,NA,NA,NA,NA,NA
hh_6150,10,NA,NA,NA,NA,NA,NA,NA
hh_6151,45,NA,NA,NA,NA,NA,NA,NA
hh_6152,68,NA,NA,NA,NA,NA,NA,NA
hh_6153,74,NA,NA,NA,NA,NA,NA,NA
hh_6155,52,NA,NA,NA,NA,NA,NA,NA
hh_6156,60,NA,NA,NA,NA,NA,NA,NA
hh_6157,15,NA,NA,NA,NA,NA,NA,NA
hh_6159,46,15,13,NA,NA,NA,NA,NA
hh_6160,56,NA,NA,NA,NA,NA,NA,NA
hh_6161,49,20,18,27,NA,NA,NA,NA
hh_6162,52,27,60,NA,NA,NA,NA,NA
hh_6163,50,NA,NA,NA,NA,NA,NA,NA
hh_6164,42,10,8,NA,NA,NA,NA,NA
hh_6165,20,NA,NA,NA,NA,NA,NA,NA
hh_6168,76,NA,NA,NA,NA,NA,NA,NA
hh_6170,69,NA,NA,NA,NA,NA,NA,NA
hh_6196,44,NA,NA,NA,NA,NA,NA,NA
hh_6198,63,25,NA,NA,NA,NA,NA,NA
hh_6200,34,NA,NA,NA,NA,NA,NA,NA
hh_6201,25,16,16,NA,NA,NA,NA,NA
hh_6202,71,NA,NA,NA,NA,NA,NA,NA
hh_6203,32,8,3,NA,NA,NA,NA,NA
hh_6204,61,2,NA,NA,NA,NA,NA,NA
hh_6205,25,NA,NA,NA,NA,NA,NA,NA
hh_6207,5,30,13,27,NA,NA,NA,NA
hh_6208,40,17,14,10,37,NA,NA,NA
hh_6209,35,NA,NA,NA,NA,NA,NA,NA
hh_6210,26,NA,NA,NA,NA,NA,NA,NA
hh_6211,59,NA,NA,NA,NA,NA,NA,NA
hh_6212,28,8,4,NA,NA,NA,NA,NA
hh_6213,27,7,5,NA,NA,NA,NA,NA
hh_6214,81,NA,NA,NA,NA,NA,NA,NA
hh_6216,36,16,10,3,NA,NA,NA,NA
hh_6217,30,NA,NA,NA,NA,NA,NA,NA
hh_6218,39,9,NA,NA,NA,NA,NA,NA
hh_6219,5,1,5,NA,NA,NA,NA,NA
hh_6220,32,7,4,NA,NA,NA,NA,NA
hh_6221,30,60,57,13,6,NA,NA,NA
hh_6222,14,40,NA,NA,NA,NA,NA,NA
hh_6223,11,13,24,NA,NA,NA,NA,NA
hh_6224,35,8,NA,NA,NA,NA,NA,NA
hh_6225,49,17,14,NA,NA,NA,NA,NA
hh_6226,48,50,12,NA,NA,NA,NA,NA
hh_6227,54,16,NA,NA,NA,NA,NA,NA
hh_6228,25,5,7,NA,NA,NA,NA,NA
hh_6229,42,11,NA,NA,NA,NA,NA,NA
hh_6230,8,NA,NA,NA,NA,NA,NA,NA
hh_6231,8,NA,NA,NA,NA,NA,NA,NA
hh_6232,57,NA,NA,NA,NA,NA,NA,NA
hh_6233,23,NA,NA,NA,NA,NA,NA,NA
hh_6234,19,18,16,NA,NA,NA,NA,NA
hh_6235,34,2,NA,NA,NA,NA,NA,NA
hh_6236,20,18,16,12,NA,NA,NA,NA
hh_6237,42,3,NA,NA,NA,NA,NA,NA
hh_6238,27,3,1,NA,NA,NA,NA,NA
hh_6239,60,27,NA,NA,NA,NA,NA,NA
hh_6240,41,10,NA,NA,NA,NA,NA,NA
hh_6242,NA,19,NA,NA,NA,NA,NA,NA
hh_6243,10,34,54,NA,NA,NA,NA,NA
hh_6244,62,NA,NA,NA,NA,NA,NA,NA
hh_6245,39,14,37,NA,NA,NA,NA,NA
hh_6246,20,35,NA,NA,NA,NA,NA,NA
hh_6247,28,NA,NA,NA,NA,NA,NA,NA
hh_6248,24,24,6,2,NA,NA,NA,NA
hh_6249,12,NA,NA,NA,NA,NA,NA,NA
hh_6250,12,10,NA,NA,NA,NA,NA,NA
hh_6251,27,NA,NA,NA,NA,NA,NA,NA
hh_6252,28,5,3,NA,NA,NA,NA,NA
hh_6253,52,NA,NA,NA,NA,NA,NA,NA
hh_6254,40,15,10,5,NA,NA,NA,NA
hh_6255,NA,NA,NA,NA,NA,NA,NA,NA
hh_6256,31,NA,NA,NA,NA,NA,NA,NA
hh_6257,25,NA,NA,NA,NA,NA,NA,NA
hh_6258,31,NA,NA,NA,NA,NA,NA,NA
hh_6259,27,5,3,NA,NA,NA,NA,NA
hh_6260,5,5,41,NA,NA,NA,NA,NA
hh_6261,60,NA,NA,NA,NA,NA,NA,NA
hh_6262,44,42,16,NA,NA,NA,NA,NA
hh_6263,36,4,55,NA,NA,NA,NA,NA
hh_6264,50,10,NA,NA,NA,NA,NA,NA
hh_6265,21,NA,NA,NA,NA,NA,NA,NA
hh_6266,47,NA,NA,NA,NA,NA,NA,NA
hh_6267,71,1,NA,NA,NA,NA,NA,NA
hh_6269,28,20,NA,NA,NA,NA,NA,NA
hh_6270,29,NA,NA,NA,NA,NA,NA,NA
hh_6271,8,5,2,18,38,NA,NA,NA
hh_6272,18,NA,NA,NA,NA,NA,NA,NA
hh_6274,36,NA,NA,NA,NA,NA,NA,NA
hh_6275,34,3,NA,NA,NA,NA,NA,NA
hh_6276,14,17,50,51,8,NA,NA,NA
hh_6277,53,50,15,NA,NA,NA,NA,NA
hh_6278,33,NA,NA,NA,NA,NA,NA,NA
hh_6279,6,24,NA,NA,NA,NA,NA,NA
hh_6280,37,NA,NA,NA,NA,NA,NA,NA
hh_6281,24,24,36,NA,NA,NA,NA,NA
hh_6282,34,NA,NA,NA,NA,NA,NA,NA
hh_6283,42,3,5,NA,NA,NA,NA,NA
hh_6284,33,NA,NA,NA,NA,NA,NA,NA
hh_6285,28,8,5,3,NA,NA,NA,NA
hh_6286,5,1,NA,NA,NA,NA,NA,NA
hh_6288,56,NA,NA,NA,NA,NA,NA,NA
hh_6292,23,24,NA,NA,NA,NA,NA,NA
hh_6293,7,NA,NA,NA,NA,NA,NA,NA
hh_6295,53,60,NA,NA,NA,NA,NA,NA
hh_6296,41,14,9,NA,NA,NA,NA,NA
hh_6297,19,13,5,NA,NA,NA,NA,NA
hh_6298,48,57,NA,NA,NA,NA,NA,NA
hh_6299,23,NA,NA,NA,NA,NA,NA,NA
hh_6300,26,24,NA,NA,NA,NA,NA,NA
hh_6301,41,NA,NA,NA,NA,NA,NA,NA
hh_6303,15,12,NA,NA,NA,NA,NA,NA
hh_6304,36,37,NA,NA,NA,NA,NA,NA
hh_6305,20,NA,NA,NA,NA,NA,NA,NA
hh_6306,40,19,NA,NA,NA,NA,NA,NA
hh_6307,55,50,NA,NA,NA,NA,NA,NA
hh_6308,28,50,50,NA,NA,NA,NA,NA
hh_6309,65,60,33,29,NA,NA,NA,NA
hh_6310,35,NA,NA,NA,NA,NA,NA,NA
hh_6311,41,18,17,13,11,7,6,5
hh_6313,40,1,NA,NA,NA,NA,NA,NA
hh_6314,29,5,2,NA,NA,NA,NA,NA
hh_6315,7,NA,NA,NA,NA,NA,NA,NA
hh_6316,46,NA,NA,NA,NA,NA,NA,NA
hh_6318,27,23,NA,NA,NA,NA,NA,NA
hh_6320,11,13,49,48,NA,NA,NA,NA
hh_6321,72,18,26,NA,NA,NA,NA,NA
hh_6322,50,21,NA,NA,NA,NA,NA,NA
hh_6323,2,NA,NA,NA,NA,NA,NA,NA
hh_6324,31,6,3,NA,NA,NA,NA,NA
hh_6325,30,7,5,NA,NA,NA,NA,NA
hh_6326,38,14,12,NA,NA,NA,NA,NA
hh_6327,68,NA,NA,NA,NA,NA,NA,NA
hh_6328,39,8,NA,NA,NA,NA,NA,NA
hh_6329,69,40,NA,NA,NA,NA,NA,NA
hh_6330,50,14,NA,NA,NA,NA,NA,NA
hh_6331,29,NA,NA,NA,NA,NA,NA,NA
hh_6332,29,NA,NA,NA,NA,NA,NA,NA
hh_6333,31,4,1,NA,NA,NA,NA,NA
hh_6334,27,16,8,4,NA,NA,NA,NA
hh_6335,30,NA,NA,NA,NA,NA,NA,NA
hh_6336,30,7,7,NA,NA,NA,NA,NA
hh_6337,29,7,5,NA,NA,NA,NA,NA
hh_6338,54,50,25,20,NA,NA,NA,NA
hh_6339,32,NA,NA,NA,NA,NA,NA,NA
hh_6340,33,5,2,32,NA,NA,NA,NA
hh_6341,21,23,47,56,18,NA,NA,NA
hh_6342,24,6,NA,NA,NA,NA,NA,NA
hh_6343,42,5,4,3,2,NA,NA,NA
hh_6344,26,NA,NA,NA,NA,NA,NA,NA
hh_6345,31,1,NA,NA,NA,NA,NA,NA
hh_6346,25,15,NA,NA,NA,NA,NA,NA
hh_6347,25,5,NA,NA,NA,NA,NA,NA
hh_6348,37,8,5,NA,NA,NA,NA,NA
hh_6349,36,14,NA,NA,NA,NA,NA,NA
hh_6350,26,NA,NA,NA,NA,NA,NA,NA
hh_6351,45,43,25,12,NA,NA,NA,NA
hh_6352,43,34,NA,NA,NA,NA,NA,NA
hh_6353,22,22,22,NA,NA,NA,NA,NA
hh_6354,39,NA,NA,NA,NA,NA,NA,NA
hh_6355,46,11,1,NA,NA,NA,NA,NA
hh_6356,49,7,NA,NA,NA,NA,NA,NA
hh_6357,23,NA,NA,NA,NA,NA,NA,NA
hh_6358,30,12,5,2,NA,NA,NA,NA
hh_6359,28,NA,NA,NA,NA,NA,NA,NA
hh_6360,60,65,30,NA,NA,NA,NA,NA
hh_6361,21,19,NA,NA,NA,NA,NA,NA
hh_6362,30,6,10,12,7,NA,NA,NA
hh_6363,46,40,38,24,NA,NA,NA,NA
hh_6364,70,68,45,NA,NA,NA,NA,NA
hh_6365,24,25,NA,NA,NA,NA,NA,NA
hh_6367,NA,NA,NA,NA,NA,NA,NA,NA
hh_6368,32,NA,NA,NA,NA,NA,NA,NA
hh_6369,22,20,18,NA,NA,NA,NA,NA
hh_6370,27,35,44,40,50,53,NA,NA
hh_6371,32,2,NA,NA,NA,NA,NA,NA
hh_6372,68,NA,NA,NA,NA,NA,NA,NA
hh_6373,28,11,8,NA,NA,NA,NA,NA
hh_6374,14,42,44,NA,NA,NA,NA,NA
hh_6375,36,12,6,NA,NA,NA,NA,NA
hh_6376,27,4,6,NA,NA,NA,NA,NA
hh_6377,36,1,3,NA,NA,NA,NA,NA
hh_6378,30,3,1,NA,NA,NA,NA,NA
hh_6379,28,10,NA,NA,NA,NA,NA,NA
hh_6380,21,40,13,18,2,NA,NA,NA
hh_6381,34,9,NA,NA,NA,NA,NA,NA
hh_6382,36,8,5,NA,NA,NA,NA,NA
hh_6383,22,10,NA,NA,NA,NA,NA,NA
hh_6384,20,22,44,45,NA,NA,NA,NA
hh_6385,3,48,NA,NA,NA,NA,NA,NA
hh_6386,53,18,NA,NA,NA,NA,NA,NA
hh_6387,34,NA,NA,NA,NA,NA,NA,NA
hh_6388,30,24,26,60,50,NA,NA,NA
hh_6389,57,14,10,NA,NA,NA,NA,NA
hh_6390,10,6,3,1,NA,NA,NA,NA
hh_6391,47,46,19,NA,NA,NA,NA,NA
hh_6392,63,18,NA,NA,NA,NA,NA,NA
hh_6393,32,2,NA,NA,NA,NA,NA,NA
hh_6394,24,NA,NA,NA,NA,NA,NA,NA
hh_6395,37,8,6,NA,NA,NA,NA,NA
hh_6396,58,89,23,21,NA,NA,NA,NA
hh_6397,25,5,NA,NA,NA,NA,NA,NA
hh_6398,25,19,24,NA,NA,NA,NA,NA
hh_6399,4,37,39,NA,NA,NA,NA,NA
hh_6400,46,16,NA,NA,NA,NA,NA,NA
hh_6401,18,17,9,NA,NA,NA,NA,NA
hh_6402,30,NA,NA,NA,NA,NA,NA,NA
hh_6403,55,57,27,26,NA,NA,NA,NA
hh_6404,33,NA,NA,NA,NA,NA,NA,NA
hh_6405,54,19,17,14,NA,NA,NA,NA
hh_6406,37,8,5,NA,NA,NA,NA,NA
hh_6407,25,NA,NA,NA,NA,NA,NA,NA
hh_6408,37,2,NA,NA,NA,NA,NA,NA
hh_6409,38,6,6,NA,NA,NA,NA,NA
hh_6410,73,NA,NA,NA,NA,NA,NA,NA
hh_6411,33,30,14,8,NA,NA,NA,NA
hh_6412,40,40,18,NA,NA,NA,NA,NA
hh_6413,2,4,3,NA,NA,NA,NA,NA
hh_6414,10,15,35,NA,NA,NA,NA,NA
hh_6415,38,7,NA,NA,NA,NA,NA,NA
hh_6416,18,38,46,NA,NA,NA,NA,NA
hh_6417,18,17,25,19,31,NA,NA,NA
hh_6418,55,18,17,NA,NA,NA,NA,NA
hh_6419,29,6,4,NA,NA,NA,NA,NA
hh_6420,41,18,15,NA,NA,NA,NA,NA
hh_6421,40,1,NA,NA,NA,NA,NA,NA
hh_6422,11,9,NA,NA,NA,NA,NA,NA
hh_6423,50,17,NA,NA,NA,NA,NA,NA
hh_6424,46,12,3,3,NA,NA,NA,NA
hh_6425,65,68,NA,NA,NA,NA,NA,NA
hh_6426,46,50,8,NA,NA,NA,NA,NA
hh_6427,30,36,37,NA,NA,NA,NA,NA
hh_6429,24,23,NA,NA,NA,NA,NA,NA
hh_6430,21,1,1,NA,NA,NA,NA,NA
hh_6431,47,NA,NA,NA,NA,NA,NA,NA
hh_6432,2,21,NA,NA,NA,NA,NA,NA
hh_6433,46,22,14,10,NA,NA,NA,NA
hh_6434,39,8,6,NA,NA,NA,NA,NA
hh_6435,7,7,NA,NA,NA,NA,NA,NA
hh_6436,41,5,2,NA,NA,NA,NA,NA
hh_6437,2,13,41,33,NA,NA,NA,NA
hh_6438,11,10,NA,NA,NA,NA,NA,NA
hh_6439,57,35,NA,NA,NA,NA,NA,NA
hh_6440,47,52,NA,NA,NA,NA,NA,NA
hh_6441,57,59,NA,NA,NA,NA,NA,NA
hh_6442,55,57,NA,NA,NA,NA,NA,NA
hh_6443,38,NA,NA,NA,NA,NA,NA,NA
hh_6444,19,17,NA,NA,NA,NA,NA,NA
hh_6446,49,19,NA,NA,NA,NA,NA,NA
hh_6447,49,13,NA,NA,NA,NA,NA,NA
hh_6448,28,12,10,NA,NA,NA,NA,NA
hh_6449,36,NA,NA,NA,NA,NA,NA,NA
hh_6450,45,1,NA,NA,NA,NA,NA,NA
hh_6451,13,49,7,NA,NA,NA,NA,NA
hh_6452,30,NA,NA,NA,NA,NA,NA,NA
hh_6453,39,7,2,NA,NA,NA,NA,NA
hh_6454,44,12,9,NA,NA,NA,NA,NA
hh_6455,43,22,22,19,19,NA,NA,NA
hh_6456,43,43,NA,NA,NA,NA,NA,NA
hh_6457,24,11,NA,NA,NA,NA,NA,NA
hh_6459,30,5,10,13,NA,NA,NA,NA
hh_6460,14,NA,NA,NA,NA,NA,NA,NA
hh_6461,53,NA,NA,NA,NA,NA,NA,NA
hh_6462,7,5,NA,NA,NA,NA,NA,NA
hh_6463,25,54,NA,NA,NA,NA,NA,NA
hh_6464,14,11,63,NA,NA,NA,NA,NA
hh_6465,53,26,78,NA,NA,NA,NA,NA
hh_6466,50,12,10,NA,NA,NA,NA,NA
hh_6467,56,8,NA,NA,NA,NA,NA,NA
hh_6468,18,15,53,NA,NA,NA,NA,NA
hh_6469,46,10,14,NA,NA,NA,NA,NA
hh_6470,57,NA,NA,NA,NA,NA,NA,NA
hh_6471,57,16,NA,NA,NA,NA,NA,NA
hh_6472,8,NA,NA,NA,NA,NA,NA,NA
hh_6473,32,NA,NA,NA,NA,NA,NA,NA
hh_6474,51,20,18,NA,NA,NA,NA,NA
hh_6476,17,16,12,NA,NA,NA,NA,NA
hh_6477,57,16,NA,NA,NA,NA,NA,NA
hh_6478,25,28,54,NA,NA,NA,NA,NA
hh_6480,63,NA,NA,NA,NA,NA,NA,NA
hh_6481,47,13,NA,NA,NA,NA,NA,NA
hh_6482,77,77,25,NA,NA,NA,NA,NA
hh_6483,50,15,NA,NA,NA,NA,NA,NA
hh_6484,56,13,NA,NA,NA,NA,NA,NA
hh_6485,45,8,NA,NA,NA,NA,NA,NA
hh_6486,27,NA,NA,NA,NA,NA,NA,NA
hh_6487,73,75,45,NA,NA,NA,NA,NA
hh_6488,56,20,NA,NA,NA,NA,NA,NA
hh_6489,56,18,NA,NA,NA,NA,NA,NA
hh_6490,53,56,NA,NA,NA,NA,NA,NA
hh_6491,44,18,13,NA,NA,NA,NA,NA
hh_6492,64,NA,NA,NA,NA,NA,NA,NA
hh_6494,54,13,17,NA,NA,NA,NA,NA
hh_6495,54,4,1,NA,NA,NA,NA,NA
hh_6496,53,NA,NA,NA,NA,NA,NA,NA
hh_6497,51,NA,NA,NA,NA,NA,NA,NA
hh_6499,20,56,NA,NA,NA,NA,NA,NA
hh_6500,64,NA,NA,NA,NA,NA,NA,NA
hh_6501,78,NA,NA,NA,NA,NA,NA,NA
hh_6503,44,9,NA,NA,NA,NA,NA,NA
hh_6504,19,NA,NA,NA,NA,NA,NA,NA
hh_6505,65,NA,NA,NA,NA,NA,NA,NA
hh_6506,11,8,3,1,NA,NA,NA,NA
hh_6507,53,NA,NA,NA,NA,NA,NA,NA
hh_6508,46,20,NA,NA,NA,NA,NA,NA
hh_6509,4,9,37,NA,NA,NA,NA,NA
hh_6510,19,18,19,18,19,18,NA,NA
hh_6511,35,6,2,NA,NA,NA,NA,NA
hh_6512,37,12,7,NA,NA,NA,NA,NA
hh_6513,29,6,4,NA,NA,NA,NA,NA
hh_6514,7,10,38,NA,NA,NA,NA,NA
hh_6515,3,5,27,NA,NA,NA,NA,NA
hh_6516,3,2,20,NA,NA,NA,NA,NA
hh_6517,9,29,NA,NA,NA,NA,NA,NA
hh_6518,6,3,33,NA,NA,NA,NA,NA
hh_6519,56,NA,NA,NA,NA,NA,NA,NA
hh_6520,11,36,NA,NA,NA,NA,NA,NA
hh_6521,33,5,2,NA,NA,NA,NA,NA
hh_6522,5,3,10,10,NA,NA,NA,NA
hh_6523,36,24,NA,NA,NA,NA,NA,NA
hh_6524,44,17,11,NA,NA,NA,NA,NA
hh_6525,67,NA,NA,NA,NA,NA,NA,NA
hh_6526,30,4,2,NA,NA,NA,NA,NA
hh_6527,52,19,16,NA,NA,NA,NA,NA
hh_6528,48,21,NA,NA,NA,NA,NA,NA
hh_6530,25,25,NA,NA,NA,NA,NA,NA
hh_6531,63,NA,NA,NA,NA,NA,NA,NA
hh_6532,29,5,2,NA,NA,NA,NA,NA
hh_6533,31,30,NA,NA,NA,NA,NA,NA
hh_6534,27,31,26,27,NA,NA,NA,NA
hh_6535,31,26,NA,NA,NA,NA,NA,NA
hh_6536,30,2,NA,NA,NA,NA,NA,NA
hh_6538,24,4,2,NA,NA,NA,NA,NA
hh_6539,53,25,NA,NA,NA,NA,NA,NA
hh_6540,42,16,14,12,NA,NA,NA,NA
hh_6541,29,6,3,NA,NA,NA,NA,NA
hh_6542,19,2,1,NA,NA,NA,NA,NA
hh_6543,4,2,25,NA,NA,NA,NA,NA
hh_6544,34,1,NA,NA,NA,NA,NA,NA
hh_6545,40,14,NA,NA,NA,NA,NA,NA
hh_6546,64,67,NA,NA,NA,NA,NA,NA
hh_6547,32,1,NA,NA,NA,NA,NA,NA
hh_6548,40,12,NA,NA,NA,NA,NA,NA
hh_6549,55,51,NA,NA,NA,NA,NA,NA
hh_6550,45,20,15,NA,NA,NA,NA,NA
hh_6551,16,NA,NA,NA,NA,NA,NA,NA
hh_6553,25,NA,NA,NA,NA,NA,NA,NA
hh_6554,52,NA,NA,NA,NA,NA,NA,NA
hh_6555,43,15,13,NA,NA,NA,NA,NA
hh_6556,9,39,NA,NA,NA,NA,NA,NA
hh_6557,25,6,3,NA,NA,NA,NA,NA
hh_6558,40,32,NA,NA,NA,NA,NA,NA
hh_6559,30,6,29,NA,NA,NA,NA,NA
hh_6560,29,NA,NA,NA,NA,NA,NA,NA
hh_6561,56,52,29,21,28,NA,NA,NA
hh_6562,68,34,2,3,NA,NA,NA,NA
hh_6563,23,NA,NA,NA,NA,NA,NA,NA
hh_6564,29,NA,NA,NA,NA,NA,NA,NA
hh_6565,39,7,16,NA,NA,NA,NA,NA
hh_6566,12,NA,NA,NA,NA,NA,NA,NA
hh_6567,63,NA,NA,NA,NA,NA,NA,NA
hh_6568,48,17,14,1,NA,NA,NA,NA
hh_6569,52,47,NA,NA,NA,NA,NA,NA
hh_6570,4,8,32,NA,NA,NA,NA,NA
hh_6571,26,24,30,NA,NA,NA,NA,NA
hh_6572,30,NA,NA,NA,NA,NA,NA,NA
hh_6574,23,47,NA,NA,NA,NA,NA,NA
hh_6575,42,7,13,5,3,NA,NA,NA
hh_6577,40,13,6,NA,NA,NA,NA,NA
hh_6578,29,5,5,3,NA,NA,NA,NA
hh_6579,26,NA,NA,NA,NA,NA,NA,NA
hh_6580,26,3,NA,NA,NA,NA,NA,NA
hh_6581,32,NA,NA,NA,NA,NA,NA,NA
hh_6582,35,5,NA,NA,NA,NA,NA,NA
hh_6583,25,12,5,10,NA,NA,NA,NA
hh_6585,50,30,29,23,16,14,11,2
hh_6586,38,8,5,NA,NA,NA,NA,NA
hh_6587,21,21,21,21,NA,NA,NA,NA
hh_6589,35,NA,NA,NA,NA,NA,NA,NA
hh_6590,37,5,NA,NA,NA,NA,NA,NA
hh_6591,24,18,54,NA,NA,NA,NA,NA
hh_6592,19,37,NA,NA,NA,NA,NA,NA
hh_6593,15,14,NA,NA,NA,NA,NA,NA
hh_6594,13,6,NA,NA,NA,NA,NA,NA
hh_6595,12,14,NA,NA,NA,NA,NA,NA
hh_6596,27,25,19,21,22,22,25,23
hh_6597,94,NA,NA,NA,NA,NA,NA,NA
hh_6598,37,10,4,NA,NA,NA,NA,NA
hh_6599,84,84,NA,NA,NA,NA,NA,NA
hh_6600,23,NA,NA,NA,NA,NA,NA,NA
hh_6601,39,12,13,8,1,1,NA,NA
hh_6602,19,20,21,25,19,NA,NA,NA
hh_6603,31,13,11,7,NA,NA,NA,NA
hh_6604,31,NA,NA,NA,NA,NA,NA,NA
hh_6605,35,2,5,NA,NA,NA,NA,NA
hh_6606,21,19,54,22,NA,NA,NA,NA
hh_6609,47,11,7,NA,NA,NA,NA,NA
hh_6610,41,10,8,5,NA,NA,NA,NA
hh_6611,58,54,21,NA,NA,NA,NA,NA
hh_6612,55,53,24,NA,NA,NA,NA,NA
hh_6613,34,8,6,3,NA,NA,NA,NA
hh_6614,61,62,26,NA,NA,NA,NA,NA
hh_6615,57,50,NA,NA,NA,NA,NA,NA
hh_6616,38,38,NA,NA,NA,NA,NA,NA
hh_6618,4,NA,NA,NA,NA,NA,NA,NA
hh_6619,52,24,15,NA,NA,NA,NA,NA
hh_6620,63,36,NA,NA,NA,NA,NA,NA
hh_6621,62,NA,NA,NA,NA,NA,NA,NA
hh_6622,25,NA,NA,NA,NA,NA,NA,NA
hh_6623,22,NA,NA,NA,NA,NA,NA,NA
hh_6624,52,18,15,49,NA,NA,NA,NA
hh_6625,58,22,17,16,14,12,NA,NA
hh_6626,39,NA,NA,NA,NA,NA,NA,NA
hh_6627,40,9,7,NA,NA,NA,NA,NA
hh_6628,35,1,27,NA,NA,NA,NA,NA
hh_6629,56,59,23,NA,NA,NA,NA,NA
hh_6630,30,NA,NA,NA,NA,NA,NA,NA
hh_6631,15,17,NA,NA,NA,NA,NA,NA
hh_6632,44,NA,NA,NA,NA,NA,NA,NA
hh_6633,33,6,9,NA,NA,NA,NA,NA
hh_6634,34,9,NA,NA,NA,NA,NA,NA
hh_6635,25,NA,NA,NA,NA,NA,NA,NA
hh_6636,48,NA,NA,NA,NA,NA,NA,NA
hh_6637,9,NA,NA,NA,NA,NA,NA,NA
hh_6638,64,NA,NA,NA,NA,NA,NA,NA
hh_6639,16,NA,NA,NA,NA,NA,NA,NA
hh_6640,54,NA,NA,NA,NA,NA,NA,NA
hh_6641,51,NA,NA,NA,NA,NA,NA,NA
hh_6642,38,NA,NA,NA,NA,NA,NA,NA
hh_6643,15,NA,NA,NA,NA,NA,NA,NA
hh_6644,45,6,NA,NA,NA,NA,NA,NA
hh_6645,23,NA,NA,NA,NA,NA,NA,NA
hh_6646,3,NA,NA,NA,NA,NA,NA,NA
hh_6647,37,15,12,35,NA,NA,NA,NA
hh_6648,22,NA,NA,NA,NA,NA,NA,NA
hh_6650,14,31,NA,NA,NA,NA,NA,NA
hh_6651,28,9,NA,NA,NA,NA,NA,NA
hh_6653,45,NA,NA,NA,NA,NA,NA,NA
hh_6654,44,3,NA,NA,NA,NA,NA,NA
hh_6656,2,NA,23,NA,NA,NA,NA,NA
hh_6657,24,20,NA,NA,NA,NA,NA,NA
hh_6658,5,3,1,NA,NA,NA,NA,NA
hh_6659,53,58,19,4,6,7,NA,NA
hh_6660,52,27,NA,NA,NA,NA,NA,NA
hh_6661,45,13,NA,NA,NA,NA,NA,NA
hh_6663,53,12,18,NA,NA,NA,NA,NA
hh_6664,8,7,39,NA,NA,NA,NA,NA
hh_6665,33,NA,NA,NA,NA,NA,NA,NA
hh_6667,46,13,NA,NA,NA,NA,NA,NA
hh_6668,3,27,6,NA,NA,NA,NA,NA
hh_6669,32,NA,3,31,NA,NA,NA,NA
hh_6670,47,8,1,NA,NA,NA,NA,NA
hh_6672,36,NA,NA,NA,NA,NA,NA,NA
hh_6674,35,NA,NA,NA,NA,NA,NA,NA
hh_6675,37,2,NA,NA,NA,NA,NA,NA
hh_6676,7,NA,NA,NA,NA,NA,NA,NA
hh_6677,37,12,6,NA,NA,NA,NA,NA
hh_6678,34,1,NA,NA,NA,NA,NA,NA
hh_6679,46,26,NA,NA,NA,NA,NA,NA
hh_6680,27,4,2,NA,NA,NA,NA,NA
hh_6681,10,NA,NA,NA,NA,NA,NA,NA
hh_6682,28,2,NA,NA,NA,NA,NA,NA
hh_6683,42,7,NA,NA,NA,NA,NA,NA
hh_6684,35,5,2,NA,NA,NA,NA,NA
hh_6685,42,15,10,NA,NA,NA,NA,NA
hh_6686,33,NA,NA,NA,NA,NA,NA,NA
hh_6687,29,NA,NA,NA,NA,NA,NA,NA
hh_6688,23,27,NA,NA,NA,NA,NA,NA
hh_6689,6,1,38,37,NA,NA,NA,NA
hh_6690,25,27,NA,NA,NA,NA,NA,NA
hh_6691,29,5,3,1,NA,NA,NA,NA
hh_6692,33,NA,NA,NA,NA,NA,NA,NA
hh_6693,29,NA,NA,NA,NA,NA,NA,NA
hh_6694,9,NA,NA,NA,NA,NA,NA,NA
hh_6695,39,NA,NA,NA,NA,NA,NA,NA
hh_6696,24,32,28,NA,NA,NA,NA,NA
hh_6697,41,NA,NA,NA,NA,NA,NA,NA
hh_6698,36,1,NA,NA,NA,NA,NA,NA
hh_6699,36,17,4,NA,NA,NA,NA,NA
hh_6700,60,NA,NA,NA,NA,NA,NA,NA
hh_6701,48,5,NA,NA,NA,NA,NA,NA
hh_6703,17,15,41,10,NA,NA,NA,NA
hh_6705,NA,25,67,69,NA,NA,NA,NA
hh_6706,44,NA,NA,NA,NA,NA,NA,NA
hh_6707,20,NA,NA,NA,NA,NA,NA,NA
hh_6708,48,22,19,48,NA,NA,NA,NA
hh_6709,61,20,12,NA,NA,NA,NA,NA
hh_6710,32,32,NA,NA,NA,NA,NA,NA
hh_6711,35,NA,NA,NA,NA,NA,NA,NA
hh_6712,6,NA,NA,NA,NA,NA,NA,NA
hh_6713,36,6,NA,NA,NA,NA,NA,NA
hh_6714,20,2,NA,NA,NA,NA,NA,NA
hh_6715,33,NA,NA,NA,NA,NA,NA,NA
hh_6716,7,NA,NA,NA,NA,NA,NA,NA
hh_6717,12,11,NA,NA,NA,NA,NA,NA
hh_6718,38,11,7,5,14,NA,NA,NA
hh_6719,32,NA,NA,NA,NA,NA,NA,NA
hh_6720,9,7,40,NA,NA,NA,NA,NA
hh_6721,42,15,NA,NA,NA,NA,NA,NA
hh_6723,33,7,4,NA,NA,NA,NA,NA
hh_6724,57,NA,NA,NA,NA,NA,NA,NA
hh_6725,42,NA,NA,NA,NA,NA,NA,NA
hh_6726,39,39,54,45,47,31,30,NA
hh_6727,43,18,11,10,NA,41,NA,NA
hh_6728,12,9,44,NA,NA,NA,NA,NA
hh_6730,19,17,NA,NA,NA,NA,NA,NA
hh_6731,5,32,28,NA,NA,NA,NA,NA
hh_6732,26,NA,NA,NA,NA,NA,NA,NA
hh_6733,78,NA,NA,NA,NA,NA,NA,NA
hh_6734,39,11,7,NA,NA,NA,NA,NA
hh_6738,50,NA,NA,NA,NA,NA,NA,NA
hh_6739,51,49,NA,NA,NA,NA,NA,NA
hh_6740,62,NA,NA,NA,NA,NA,NA,NA
hh_6741,72,NA,NA,NA,NA,NA,NA,NA
hh_6742,64,NA,NA,NA,NA,NA,NA,NA
hh_6744,68,NA,NA,NA,NA,NA,NA,NA
hh_6745,48,21,19,15,11,NA,NA,NA
hh_6746,21,NA,NA,NA,NA,NA,NA,NA
hh_6747,55,36,NA,NA,NA,NA,NA,NA
hh_6748,22,NA,NA,NA,NA,NA,NA,NA
hh_6749,45,9,5,NA,NA,NA,NA,NA
hh_6750,59,NA,NA,NA,NA,NA,NA,NA
hh_6753,53,23,NA,NA,NA,NA,NA,NA
hh_6754,47,19,16,NA,NA,NA,NA,NA
hh_6755,62,NA,NA,NA,NA,NA,NA,NA
hh_6756,71,62,NA,NA,NA,NA,NA,NA
hh_6758,45,19,NA,NA,NA,NA,NA,NA
hh_6759,57,29,NA,NA,NA,NA,NA,NA
hh_6760,54,24,20,NA,NA,NA,NA,NA
hh_6761,31,10,13,16,NA,NA,NA,NA
hh_6762,4,NA,NA,NA,NA,NA,NA,NA
hh_6763,62,NA,NA,NA,NA,NA,NA,NA
hh_6764,70,61,28,NA,NA,NA,NA,NA
hh_6765,43,14,11,7,NA,NA,NA,NA
hh_6766,1,3,NA,NA,NA,NA,NA,NA
hh_6767,35,12,9,NA,NA,NA,NA,NA
hh_6768,17,NA,NA,NA,NA,NA,NA,NA
hh_6769,54,42,15,NA,NA,NA,NA,NA
hh_6771,50,68,21,20,21,19,74,NA
hh_6772,61,NA,NA,NA,NA,NA,NA,NA
hh_6773,62,NA,NA,NA,NA,NA,NA,NA
hh_6774,26,24,26,24,NA,NA,NA,NA
hh_6775,10,50,26,2,13,NA,NA,NA
hh_6776,34,40,31,NA,NA,NA,NA,NA
hh_6777,43,53,18,18,NA,NA,NA,NA
hh_6778,30,9,7,NA,NA,NA,NA,NA
hh_6780,74,NA,NA,NA,NA,NA,NA,NA
hh_6781,36,NA,NA,NA,NA,NA,NA,NA
hh_6782,34,15,NA,NA,NA,NA,NA,NA
hh_6783,21,NA,NA,NA,NA,NA,NA,NA
hh_6784,20,24,22,NA,NA,NA,NA,NA
hh_6785,22,3,36,30,NA,NA,NA,NA
hh_6786,65,NA,NA,NA,NA,NA,NA,NA
hh_6787,35,9,NA,NA,NA,NA,NA,NA
hh_6791,34,NA,NA,NA,NA,NA,NA,NA
hh_6792,37,17,11,10,NA,NA,NA,NA
hh_6793,31,NA,NA,NA,NA,NA,NA,NA
hh_6794,44,NA,NA,NA,NA,NA,NA,NA
hh_6795,33,NA,NA,NA,NA,NA,NA,NA
hh_6796,26,27,43,36,22,NA,NA,NA
hh_6798,6,5,28,NA,NA,NA,NA,NA
hh_6799,42,40,17,13,NA,NA,NA,NA
hh_6800,20,41,NA,NA,NA,NA,NA,NA
hh_6801,54,31,NA,NA,NA,NA,NA,NA
hh_6802,29,NA,NA,NA,NA,NA,NA,NA
hh_6803,60,NA,NA,NA,NA,NA,NA,NA
hh_6804,2,3,5,NA,NA,NA,NA,NA
hh_6805,37,NA,NA,NA,NA,NA,NA,NA
hh_6806,29,4,2,NA,NA,NA,NA,NA
hh_6807,34,NA,NA,NA,NA,NA,NA,NA
hh_6810,25,4,6,15,NA,NA,NA,NA
hh_6811,52,13,NA,NA,NA,NA,NA,NA
hh_6814,44,40,11,NA,NA,NA,NA,NA
hh_6815,54,54,NA,NA,NA,NA,NA,NA
hh_6817,60,NA,NA,NA,NA,NA,NA,NA
hh_6818,38,7,5,NA,NA,NA,NA,NA
hh_6819,35,2,NA,NA,NA,NA,NA,NA
hh_6820,27,5,1,NA,NA,NA,NA,NA
hh_6821,15,14,NA,NA,NA,NA,NA,NA
hh_6822,65,NA,NA,NA,NA,NA,NA,NA
hh_6823,48,10,1,NA,NA,NA,NA,NA
hh_6824,26,17,NA,NA,NA,NA,NA,NA
hh_6825,32,10,34,NA,NA,NA,NA,NA
hh_6826,19,52,48,NA,NA,NA,NA,NA
hh_6827,7,26,NA,NA,NA,NA,NA,NA
hh_6828,37,1,NA,NA,NA,NA,NA,NA
hh_6830,25,NA,NA,NA,NA,NA,NA,NA
hh_6831,28,9,NA,NA,NA,NA,NA,NA
hh_6834,29,7,3,NA,NA,NA,NA,NA
hh_6835,60,NA,NA,NA,NA,NA,NA,NA
hh_6836,50,NA,NA,NA,NA,NA,NA,NA
hh_6837,20,18,NA,NA,NA,NA,NA,NA
hh_6838,25,5,3,NA,NA,NA,NA,NA
hh_6839,23,21,15,19,5,NA,NA,NA
hh_6840,86,85,53,NA,NA,NA,NA,NA
hh_6842,18,13,11,12,NA,NA,NA,NA
hh_6843,48,49,16,NA,NA,NA,NA,NA
hh_6844,66,NA,NA,NA,NA,NA,NA,NA
hh_6845,12,9,NA,NA,NA,NA,NA,NA
hh_6846,59,NA,NA,NA,NA,NA,NA,NA
hh_6847,45,17,13,NA,NA,NA,NA,NA
hh_6848,41,22,18,NA,NA,NA,NA,NA
hh_6849,9,NA,NA,NA,NA,NA,NA,NA
hh_6850,32,10,4,NA,NA,NA,NA,NA
hh_6851,63,58,NA,NA,NA,NA,NA,NA
hh_6852,33,8,2,NA,NA,NA,NA,NA
hh_6853,19,17,NA,NA,NA,NA,NA,NA
hh_6854,7,4,32,NA,NA,NA,NA,NA
hh_6855,24,27,NA,NA,NA,NA,NA,NA
hh_6856,23,28,NA,NA,NA,NA,NA,NA
hh_6857,42,25,10,5,3,NA,NA,NA
hh_6860,43,71,11,14,NA,NA,NA,NA
hh_6861,36,4,9,NA,NA,NA,NA,NA
hh_6862,19,10,12,NA,NA,NA,NA,NA
hh_6863,67,11,49,NA,NA,NA,NA,NA
hh_6865,32,4,NA,NA,NA,NA,NA,NA
hh_6866,12,15,1,NA,NA,NA,NA,NA
hh_6868,63,NA,NA,NA,NA,NA,NA,NA
hh_6870,21,20,21,21,20,NA,NA,NA
hh_6871,76,NA,NA,NA,NA,NA,NA,NA
hh_6872,44,41,37,34,NA,NA,NA,NA
hh_6873,63,17,NA,NA,NA,NA,NA,NA
hh_6874,63,NA,NA,NA,NA,NA,NA,NA
hh_6875,27,NA,NA,NA,NA,NA,NA,NA
hh_6878,50,30,NA,NA,NA,NA,NA,NA
hh_6879,28,NA,NA,NA,NA,NA,NA,NA
hh_6880,30,1,3,NA,NA,NA,NA,NA
hh_6881,70,NA,NA,NA,NA,NA,NA,NA
hh_6882,57,23,21,NA,NA,NA,NA,NA
hh_6884,9,6,30,NA,NA,NA,NA,NA
hh_6885,51,16,13,NA,NA,NA,NA,NA
hh_6890,58,16,24,NA,NA,NA,NA,NA
hh_6891,62,NA,NA,NA,NA,NA,NA,NA
hh_6892,36,6,NA,NA,NA,NA,NA,NA
hh_6893,33,10,2,NA,NA,NA,NA,NA
hh_6894,38,9,7,5,NA,NA,NA,NA
hh_6895,20,19,13,39,NA,NA,NA,NA
hh_6896,69,NA,NA,NA,NA,NA,NA,NA
hh_6897,40,14,10,7,NA,NA,NA,NA
hh_6898,2,14,16,21,31,NA,NA,NA
hh_6899,43,NA,NA,NA,NA,NA,NA,NA
hh_6900,4,8,6,3,4,NA,NA,NA
hh_6901,4,6,9,14,NA,NA,NA,NA
hh_6902,40,NA,NA,NA,NA,NA,NA,NA
hh_6903,58,56,16,21,NA,NA,NA,NA
hh_6904,42,NA,NA,NA,NA,NA,NA,NA
hh_6905,57,53,NA,NA,NA,NA,NA,NA
hh_6906,33,NA,NA,NA,NA,NA,NA,NA
hh_6907,3,22,2,14,23,NA,NA,NA
hh_6908,34,14,12,9,NA,NA,NA,NA
hh_6909,42,NA,NA,NA,NA,NA,NA,NA
hh_6911,28,6,4,NA,NA,NA,NA,NA
hh_6913,53,NA,NA,NA,NA,NA,NA,NA
hh_6914,28,2,NA,NA,NA,NA,NA,NA
hh_6915,46,13,NA,NA,NA,NA,NA,NA
hh_6916,65,60,5,3,28,NA,NA,NA
hh_6918,7,4,15,2,NA,NA,NA,NA
hh_6919,64,95,NA,NA,NA,NA,NA,NA
hh_6920,52,NA,NA,NA,NA,NA,NA,NA
hh_6921,31,60,59,NA,NA,NA,NA,NA
hh_6923,18,40,NA,NA,NA,NA,NA,NA
hh_6924,52,48,NA,NA,NA,NA,NA,NA
hh_6925,53,54,24,NA,NA,NA,NA,NA
hh_6926,3,NA,NA,NA,NA,NA,NA,NA
hh_6927,35,10,NA,NA,NA,NA,NA,NA
hh_6928,9,NA,NA,NA,NA,NA,NA,NA
hh_6929,60,NA,NA,NA,NA,NA,NA,NA
hh_6930,28,NA,NA,NA,NA,NA,NA,NA
hh_6931,57,26,NA,NA,NA,NA,NA,NA
hh_6932,4,8,12,NA,NA,NA,NA,NA
hh_6933,49,50,27,NA,NA,NA,NA,NA
hh_6934,37,10,3,NA,NA,NA,NA,NA
hh_6935,34,7,NA,NA,NA,NA,NA,NA
hh_6938,44,12,9,NA,NA,NA,NA,NA
hh_6939,43,NA,NA,NA,NA,NA,NA,NA
hh_6940,37,NA,NA,NA,NA,NA,NA,NA
hh_6942,73,NA,NA,NA,NA,NA,NA,NA
hh_6943,11,8,NA,NA,NA,NA,NA,NA
hh_6944,53,NA,NA,NA,NA,NA,NA,NA
hh_6945,58,21,62,NA,NA,NA,NA,NA
hh_6946,37,13,NA,NA,NA,NA,NA,NA
hh_6947,26,NA,NA,NA,NA,NA,NA,NA
hh_6948,11,NA,NA,NA,NA,NA,NA,NA
hh_6949,21,21,22,22,NA,NA,NA,NA
hh_6950,20,48,NA,NA,NA,NA,NA,NA
hh_6951,4,NA,NA,NA,NA,NA,NA,NA
hh_6952,60,NA,NA,NA,NA,NA,NA,NA
hh_6953,65,8,NA,NA,NA,NA,NA,NA
hh_6954,42,15,13,NA,NA,NA,NA,NA
hh_6955,44,4,NA,NA,NA,NA,NA,NA
hh_6956,39,5,3,NA,NA,NA,NA,NA
hh_6957,45,7,5,NA,NA,NA,NA,NA
hh_6958,35,NA,NA,NA,NA,NA,NA,NA
hh_6959,40,21,9,NA,NA,NA,NA,NA
hh_6960,36,6,NA,NA,NA,NA,NA,NA
hh_6961,3,20,NA,NA,NA,NA,NA,NA
hh_6962,60,36,NA,NA,NA,NA,NA,NA
hh_6963,11,8,21,40,18,NA,NA,NA
hh_6964,19,NA,NA,NA,NA,NA,NA,NA
hh_6965,63,NA,NA,NA,NA,NA,NA,NA
hh_6966,60,NA,NA,NA,NA,NA,NA,NA
hh_6967,51,14,11,8,NA,NA,NA,NA
hh_6968,55,NA,NA,NA,NA,NA,NA,NA
hh_6969,16,8,6,NA,NA,NA,NA,NA
hh_6970,60,NA,NA,NA,NA,NA,NA,NA
hh_6971,27,1,NA,NA,NA,NA,NA,NA
hh_6972,25,6,NA,NA,NA,NA,NA,NA
hh_6973,32,27,NA,NA,NA,NA,NA,NA
hh_6974,33,1,NA,NA,NA,NA,NA,NA
hh_6975,36,24,NA,NA,NA,NA,NA,NA
hh_6976,34,1,4,15,18,NA,NA,NA
hh_6977,31,NA,NA,NA,NA,NA,NA,NA
hh_6978,29,NA,NA,NA,NA,NA,NA,NA
hh_6979,28,NA,NA,NA,NA,NA,NA,NA
hh_6980,62,NA,NA,NA,NA,NA,NA,NA
hh_6981,18,NA,NA,NA,NA,NA,NA,NA
hh_6983,33,7,5,NA,NA,NA,NA,NA
hh_6984,30,NA,NA,NA,NA,NA,NA,NA
hh_6985,40,10,5,NA,NA,NA,NA,NA
hh_6987,46,32,NA,NA,NA,NA,NA,NA
hh_6988,58,11,NA,NA,NA,NA,NA,NA
hh_6989,25,NA,NA,NA,NA,NA,NA,NA
hh_6990,10,4,NA,NA,NA,NA,NA,NA
hh_6991,35,35,35,NA,NA,NA,NA,NA
hh_6992,62,NA,NA,NA,NA,NA,NA,NA
hh_6993,45,10,13,NA,NA,NA,NA,NA
hh_6994,31,6,NA,NA,NA,NA,NA,NA
hh_6995,11,73,76,NA,NA,NA,NA,NA
hh_6996,25,7,15,16,NA,NA,NA,NA
hh_6997,46,3,1,NA,NA,NA,NA,NA
hh_6998,4,27,NA,NA,NA,NA,NA,NA
hh_6999,26,5,3,NA,NA,NA,NA,NA
hh_7000,59,52,22,NA,NA,NA,NA,NA
hh_7001,21,55,14,NA,NA,NA,NA,NA
hh_7002,64,67,NA,NA,NA,NA,NA,NA
hh_7003,4,13,28,NA,NA,NA,NA,NA
hh_7004,40,12,35,NA,NA,NA,NA,NA
hh_7005,10,5,NA,NA,NA,NA,NA,NA
hh_7006,37,3,5,NA,NA,NA,NA,NA
hh_7007,49,16,NA,NA,NA,NA,NA,NA
hh_7008,40,15,NA,NA,NA,NA,NA,NA
hh_7009,27,3,NA,NA,NA,NA,NA,NA
hh_7010,29,NA,NA,NA,NA,NA,NA,NA
hh_7011,42,13,NA,NA,NA,NA,NA,NA
hh_7012,45,11,NA,NA,NA,NA,NA,NA
hh_7014,31,23,NA,NA,NA,NA,NA,NA
hh_7016,19,20,NA,NA,NA,NA,NA,NA
hh_7018,32,15,11,4,NA,NA,NA,NA
hh_7019,27,13,8,NA,NA,NA,NA,NA
hh_7020,39,13,9,5,NA,NA,NA,NA
hh_7021,79,NA,NA,NA,NA,NA,NA,NA
hh_7022,4,27,22,NA,NA,NA,NA,NA
hh_7024,61,16,NA,NA,NA,NA,NA,NA
hh_7025,11,7,1,NA,NA,NA,NA,NA
hh_7027,30,NA,NA,NA,NA,NA,NA,NA
hh_7028,58,23,NA,NA,NA,NA,NA,NA
hh_7029,18,16,NA,NA,NA,NA,NA,NA
hh_7030,71,NA,NA,NA,NA,NA,NA,NA
hh_7031,55,NA,NA,NA,NA,NA,NA,NA
hh_7032,3,6,NA,NA,NA,NA,NA,NA
hh_7033,61,NA,NA,NA,NA,NA,NA,NA
hh_7034,63,63,NA,NA,NA,NA,NA,NA
hh_7035,7,10,15,29,NA,NA,NA,NA
hh_7036,50,13,8,NA,NA,NA,NA,NA
hh_7037,60,61,26,37,NA,NA,NA,NA
hh_7038,39,12,7,NA,NA,NA,NA,NA
hh_7039,11,7,40,NA,NA,NA,NA,NA
hh_7040,50,22,21,NA,NA,NA,NA,NA
hh_7041,41,39,14,10,NA,NA,NA,NA
hh_7042,50,13,10,1,NA,NA,NA,NA
hh_7043,42,1,NA,NA,NA,NA,NA,NA
hh_7044,23,19,NA,NA,NA,NA,NA,NA
hh_7045,36,6,NA,NA,NA,NA,NA,NA
hh_7046,14,12,NA,NA,NA,NA,NA,NA
hh_7047,45,6,NA,NA,NA,NA,NA,NA
hh_7048,61,NA,NA,NA,NA,NA,NA,NA
hh_7049,68,26,NA,NA,NA,NA,NA,NA
hh_7050,15,NA,NA,NA,NA,NA,NA,NA
hh_7053,36,80,18,17,16,12,5,NA
hh_7054,52,NA,NA,NA,NA,NA,NA,NA
hh_7056,73,NA,NA,NA,NA,NA,NA,NA
hh_7058,45,22,NA,NA,NA,NA,NA,NA
hh_7059,18,13,NA,NA,NA,NA,NA,NA
hh_7060,52,NA,NA,NA,NA,NA,NA,NA
hh_7063,66,15,13,NA,NA,NA,NA,NA
hh_7064,47,NA,NA,NA,NA,NA,NA,NA
hh_7065,50,24,18,16,NA,NA,NA,NA
hh_7066,76,NA,NA,NA,NA,NA,NA,NA
hh_7067,75,NA,NA,NA,NA,NA,NA,NA
hh_7068,55,NA,NA,NA,NA,NA,NA,NA
hh_7069,76,NA,NA,NA,NA,NA,NA,NA
hh_7070,63,NA,NA,NA,NA,NA,NA,NA
hh_7071,45,5,NA,NA,NA,NA,NA,NA
hh_7072,58,58,NA,NA,NA,NA,NA,NA
hh_7073,54,13,13,NA,NA,NA,NA,NA
hh_7074,69,NA,NA,NA,NA,NA,NA,NA
hh_7075,67,15,9,NA,NA,NA,NA,NA
hh_7076,54,26,NA,NA,NA,NA,NA,NA
hh_7078,73,NA,NA,NA,NA,NA,NA,NA
hh_7079,51,NA,NA,NA,NA,NA,NA,NA
hh_7080,36,10,16,NA,NA,NA,NA,NA
hh_7081,61,16,NA,NA,NA,NA,NA,NA
hh_7082,49,NA,NA,NA,NA,NA,NA,NA
hh_7083,80,NA,NA,NA,NA,NA,NA,NA
hh_7084,59,NA,NA,NA,NA,NA,NA,NA
hh_7085,56,NA,NA,NA,NA,NA,NA,NA
hh_7086,60,NA,NA,NA,NA,NA,NA,NA
hh_7087,67,NA,NA,NA,NA,NA,NA,NA
hh_7088,48,16,14,NA,NA,NA,NA,NA
hh_7089,30,28,NA,NA,NA,NA,NA,NA
hh_7090,4,59,NA,NA,NA,NA,NA,NA
hh_7091,47,18,NA,NA,NA,NA,NA,NA
hh_7092,47,16,14,NA,NA,NA,NA,NA
hh_7093,67,67,NA,NA,NA,NA,NA,NA
hh_7094,76,NA,NA,NA,NA,NA,NA,NA
hh_7095,16,14,11,6,NA,NA,NA,NA
hh_7096,45,15,13,NA,NA,NA,NA,NA
hh_7097,56,53,NA,NA,NA,NA,NA,NA
hh_7098,47,18,NA,NA,NA,NA,NA,NA
hh_7099,60,NA,NA,NA,NA,NA,NA,NA
hh_7100,14,NA,NA,NA,NA,NA,NA,NA
hh_7101,55,NA,NA,NA,NA,NA,NA,NA
hh_7102,54,23,21,NA,NA,NA,NA,NA
hh_7103,48,11,NA,NA,NA,NA,NA,NA
hh_7104,57,NA,NA,NA,NA,NA,NA,NA
hh_7105,53,13,9,NA,NA,NA,NA,NA
hh_7106,16,53,NA,NA,NA,NA,NA,NA
hh_7107,42,1,NA,NA,NA,NA,NA,NA
hh_7108,67,NA,NA,NA,NA,NA,NA,NA
hh_7109,66,NA,NA,NA,NA,NA,NA,NA
hh_7110,34,14,11,NA,NA,NA,NA,NA
hh_7111,16,3,NA,NA,NA,NA,NA,NA
hh_7112,51,NA,NA,NA,NA,NA,NA,NA
hh_7113,40,NA,NA,NA,NA,NA,NA,NA
hh_7114,50,52,NA,NA,NA,NA,NA,NA
hh_7115,72,NA,NA,NA,NA,NA,NA,NA
hh_7116,54,NA,NA,NA,NA,NA,NA,NA
hh_7117,49,17,NA,NA,NA,NA,NA,NA
hh_7118,80,NA,NA,NA,NA,NA,NA,NA
hh_7119,37,49,NA,NA,NA,NA,NA,NA
hh_7120,9,13,NA,NA,NA,NA,NA,NA
hh_7122,48,15,48,12,NA,NA,NA,NA
hh_7123,87,NA,NA,NA,NA,NA,NA,NA
hh_7124,46,21,14,13,8,NA,NA,NA
hh_7125,34,NA,NA,NA,NA,NA,NA,NA
hh_7126,72,NA,NA,NA,NA,NA,NA,NA
hh_7127,53,15,13,NA,NA,NA,NA,NA
hh_7128,74,NA,NA,NA,NA,NA,NA,NA
hh_7130,26,47,NA,NA,NA,NA,NA,NA
hh_7131,67,34,38,NA,NA,NA,NA,NA
hh_7134,56,NA,NA,NA,NA,NA,NA,NA
hh_7135,11,47,NA,NA,NA,NA,NA,NA
hh_7136,25,NA,NA,NA,NA,NA,NA,NA
hh_7138,31,30,29,NA,NA,NA,NA,NA
hh_7141,56,15,57,NA,NA,NA,NA,NA
hh_7143,56,NA,NA,NA,NA,NA,NA,NA
hh_7146,49,23,18,NA,NA,NA,NA,NA
hh_7147,58,74,NA,NA,NA,NA,NA,NA
hh_7148,66,NA,NA,NA,NA,NA,NA,NA
hh_7149,45,19,17,NA,NA,NA,NA,NA
hh_7150,28,NA,NA,NA,NA,NA,NA,NA
hh_7151,34,6,NA,NA,NA,NA,NA,NA
hh_7152,40,7,5,NA,NA,NA,NA,NA
hh_7153,16,37,NA,NA,NA,NA,NA,NA
hh_7154,37,5,2,NA,NA,NA,NA,NA
hh_7155,20,18,18,21,20,NA,NA,NA
hh_7156,26,NA,NA,NA,NA,NA,NA,NA
hh_7157,49,17,15,NA,NA,NA,NA,NA
hh_7158,20,10,8,NA,NA,NA,NA,NA
hh_7159,55,NA,NA,NA,NA,NA,NA,NA
hh_7160,NA,NA,NA,NA,NA,NA,NA,NA
hh_7161,15,13,41,73,NA,NA,NA,NA
hh_7162,11,66,NA,NA,NA,NA,NA,NA
hh_7163,21,54,29,NA,NA,NA,NA,NA
hh_7166,40,85,NA,NA,NA,NA,NA,NA
hh_7168,NA,NA,NA,NA,NA,NA,NA,NA
hh_7169,53,21,NA,NA,NA,NA,NA,NA
hh_7170,41,15,10,NA,NA,NA,NA,NA
hh_7171,36,NA,NA,NA,NA,NA,NA,NA
hh_7172,37,9,41,NA,NA,NA,NA,NA
hh_7173,30,14,12,11,NA,NA,NA,NA
hh_7174,39,8,NA,NA,NA,NA,NA,NA
hh_7175,39,1,NA,NA,NA,NA,NA,NA
hh_7176,28,1,3,NA,NA,NA,NA,NA
hh_7177,15,7,NA,NA,NA,NA,NA,NA
hh_7178,65,NA,NA,NA,NA,NA,NA,NA
hh_7179,37,2,NA,NA,NA,NA,NA,NA
hh_7180,71,NA,NA,NA,NA,NA,NA,NA
hh_7181,6,25,NA,NA,NA,NA,NA,NA
hh_7182,47,9,NA,NA,NA,NA,NA,NA
hh_7183,34,NA,NA,NA,NA,NA,NA,NA
hh_7184,40,NA,NA,NA,NA,NA,NA,NA
hh_7185,30,29,2,NA,NA,NA,NA,NA
hh_7186,30,11,10,5,NA,NA,NA,NA
hh_7188,69,NA,NA,NA,NA,NA,NA,NA
hh_7189,30,10,4,NA,NA,NA,NA,NA
hh_7190,33,34,28,NA,NA,NA,NA,NA
hh_7191,50,16,NA,NA,NA,NA,NA,NA
hh_7193,29,4,NA,NA,NA,NA,NA,NA
hh_7196,64,NA,NA,NA,NA,NA,NA,NA
hh_7197,31,8,13,NA,NA,NA,NA,NA
hh_7198,23,NA,NA,NA,NA,NA,NA,NA
hh_7199,49,42,17,9,NA,NA,NA,NA
hh_7200,55,17,15,NA,NA,NA,NA,NA
hh_7201,43,8,4,NA,NA,NA,NA,NA
hh_7202,29,NA,NA,NA,NA,NA,NA,NA
hh_7203,9,28,NA,NA,NA,NA,NA,NA
hh_7204,91,1,4,NA,NA,NA,NA,NA
hh_7205,30,8,5,20,NA,NA,NA,NA
hh_7207,21,NA,NA,NA,NA,NA,NA,NA
hh_7208,48,NA,NA,NA,NA,NA,NA,NA
hh_7209,42,15,13,NA,NA,NA,NA,NA
hh_7210,37,15,NA,NA,NA,NA,NA,NA
hh_7211,55,57,28,26,24,34,NA,NA
hh_7212,16,12,30,NA,NA,NA,NA,NA
hh_7213,19,NA,NA,NA,NA,NA,NA,NA
hh_7214,36,5,3,NA,NA,NA,NA,NA
hh_7215,50,21,14,NA,NA,NA,NA,NA
hh_7216,48,8,7,NA,NA,NA,NA,NA
hh_7217,31,5,NA,NA,NA,NA,NA,NA
hh_7218,38,4,NA,NA,NA,NA,NA,NA
hh_7219,34,8,5,NA,NA,NA,NA,NA
hh_7220,78,NA,NA,NA,NA,NA,NA,NA
hh_7222,34,12,NA,NA,NA,NA,NA,NA
hh_7223,50,NA,NA,NA,NA,NA,NA,NA
hh_7224,38,NA,NA,NA,NA,NA,NA,NA
hh_7225,37,3,14,NA,NA,NA,NA,NA
hh_7226,42,NA,NA,NA,NA,NA,NA,NA
hh_7227,82,NA,NA,NA,NA,NA,NA,NA
hh_7228,56,17,14,NA,NA,NA,NA,NA
hh_7229,49,10,NA,NA,NA,NA,NA,NA
hh_7230,25,NA,NA,NA,NA,NA,NA,NA
hh_7231,24,NA,NA,NA,NA,NA,NA,NA
hh_7233,50,2,39,NA,NA,NA,NA,NA
hh_7234,31,5,3,NA,NA,NA,NA,NA
hh_7235,27,NA,NA,NA,NA,NA,NA,NA
hh_7236,45,NA,NA,NA,NA,NA,NA,NA
hh_7237,41,10,2,NA,NA,NA,NA,NA
hh_7238,8,25,34,NA,NA,NA,NA,NA
hh_7239,1,33,67,37,NA,NA,NA,NA
hh_7240,75,NA,NA,NA,NA,NA,NA,NA
hh_7241,70,NA,NA,NA,NA,NA,NA,NA
hh_7242,48,14,12,NA,NA,NA,NA,NA
hh_7243,45,8,6,3,NA,33,NA,NA
hh_7244,51,14,8,4,NA,NA,NA,NA
hh_7245,35,7,5,NA,NA,NA,NA,NA
hh_7246,27,68,33,62,NA,NA,NA,NA
hh_7247,19,17,16,14,17,23,23,NA
hh_7248,32,NA,NA,NA,NA,NA,NA,NA
hh_7249,24,NA,NA,NA,NA,NA,NA,NA
hh_7250,3,5,27,NA,NA,NA,NA,NA
hh_7251,66,36,64,NA,NA,NA,NA,NA
hh_7252,4,35,NA,NA,NA,NA,NA,NA
hh_7253,58,61,NA,NA,NA,NA,NA,NA
hh_7254,44,18,16,13,8,NA,NA,NA
hh_7255,43,16,9,NA,NA,NA,NA,NA
hh_7256,40,1,NA,NA,NA,NA,NA,NA
hh_7258,9,NA,NA,NA,NA,NA,NA,NA
hh_7259,35,14,10,NA,NA,NA,NA,NA
hh_7260,43,17,15,NA,NA,NA,NA,NA
hh_7261,45,30,33,NA,NA,NA,NA,NA
hh_7262,47,24,81,NA,NA,NA,NA,NA
hh_7263,46,NA,NA,NA,NA,NA,NA,NA
hh_7264,12,NA,NA,NA,NA,NA,NA,NA
hh_7265,23,NA,NA,NA,NA,NA,NA,NA
hh_7266,32,NA,NA,NA,NA,NA,NA,NA
hh_7267,55,62,83,NA,NA,NA,NA,NA
hh_7268,35,11,8,1,NA,NA,NA,NA
hh_7269,35,3,24,NA,NA,NA,NA,NA
hh_7270,50,18,NA,NA,NA,NA,NA,NA
hh_7271,18,29,NA,NA,NA,NA,NA,NA
hh_7272,25,3,NA,NA,NA,NA,NA,NA
hh_7273,4,6,35,NA,NA,NA,NA,NA
hh_7274,62,32,28,17,26,NA,NA,NA
hh_7275,56,22,17,59,NA,NA,NA,NA
hh_7277,27,27,28,NA,NA,NA,NA,NA
hh_7278,45,4,NA,NA,NA,NA,NA,NA
hh_7279,9,36,NA,NA,NA,NA,NA,NA
hh_7280,45,NA,NA,NA,NA,NA,NA,NA
hh_7281,54,75,NA,NA,NA,NA,NA,NA
hh_7282,40,8,4,NA,NA,NA,NA,NA
hh_7284,40,3,NA,NA,NA,NA,NA,NA
hh_7285,38,4,2,NA,NA,NA,NA,NA
hh_7286,54,62,NA,NA,NA,NA,NA,NA
hh_7287,21,NA,NA,NA,NA,NA,NA,NA
hh_7288,49,13,11,40,NA,NA,NA,NA
hh_7290,16,15,26,NA,NA,NA,NA,NA
hh_7292,43,NA,NA,NA,NA,NA,NA,NA
hh_7293,50,24,14,NA,NA,NA,NA,NA
hh_7294,39,11,8,NA,NA,NA,NA,NA
hh_7295,62,NA,NA,NA,NA,NA,NA,NA
hh_7296,57,NA,NA,NA,NA,NA,NA,NA
hh_7297,4,12,NA,NA,NA,NA,NA,NA
hh_7298,53,22,18,NA,NA,NA,NA,NA
hh_7301,33,NA,NA,NA,NA,NA,NA,NA
hh_7302,15,13,10,9,NA,NA,NA,NA
hh_7303,11,13,45,73,NA,NA,NA,NA
hh_7304,25,NA,NA,NA,NA,NA,NA,NA
hh_7305,46,12,NA,NA,NA,NA,NA,NA
hh_7307,54,NA,NA,NA,NA,NA,NA,NA
hh_7308,34,NA,NA,NA,NA,NA,NA,NA
hh_7309,37,16,NA,NA,NA,NA,NA,NA
hh_7310,79,NA,NA,NA,NA,NA,NA,NA
hh_7311,56,30,28,28,5,NA,NA,NA
hh_7312,12,NA,NA,NA,NA,NA,NA,NA
hh_7313,59,NA,NA,NA,NA,NA,NA,NA
hh_7316,56,NA,NA,NA,NA,NA,NA,NA
hh_7319,56,NA,NA,NA,NA,NA,NA,NA
hh_7321,26,23,20,NA,NA,NA,NA,NA
hh_7322,46,14,11,NA,NA,NA,NA,NA
hh_7323,13,10,NA,NA,NA,NA,NA,NA
hh_7324,7,44,3,NA,NA,NA,NA,NA
hh_7325,62,20,22,NA,NA,NA,NA,NA
hh_7327,60,NA,NA,NA,NA,NA,NA,NA
hh_7328,50,15,13,NA,NA,NA,NA,NA
hh_7329,63,NA,NA,NA,NA,NA,NA,NA
hh_7330,21,55,NA,NA,NA,NA,NA,NA
hh_7331,64,NA,NA,NA,NA,NA,NA,NA
hh_7332,76,NA,NA,NA,NA,NA,NA,NA
hh_7333,49,48,12,14,NA,NA,NA,NA
hh_7334,29,5,NA,NA,NA,NA,NA,NA
hh_7335,73,73,NA,NA,NA,NA,NA,NA
hh_7336,26,NA,NA,NA,NA,NA,NA,NA
hh_7337,75,NA,NA,NA,NA,NA,NA,NA
hh_7338,21,NA,NA,NA,NA,NA,NA,NA
hh_20001,73,NA,NA,NA,NA,NA,NA,NA
hh_20002,74,NA,NA,NA,NA,NA,NA,NA
hh_20005,75,NA,NA,NA,NA,NA,NA,NA
hh_20006,60,NA,NA,NA,NA,NA,NA,NA
hh_20007,75,NA,NA,NA,NA,NA,NA,NA
hh_20008,63,NA,NA,NA,NA,NA,NA,NA
hh_20009,66,NA,NA,NA,NA,NA,NA,NA
hh_20010,74,NA,NA,NA,NA,NA,NA,NA
hh_20013,73,40,41,NA,NA,NA,NA,NA
hh_20015,64,64,NA,NA,NA,NA,NA,NA
hh_20017,82,NA,NA,NA,NA,NA,NA,NA
hh_20018,74,NA,NA,NA,NA,NA,NA,NA
hh_20019,93,NA,NA,NA,NA,NA,NA,NA
hh_20020,75,43,NA,NA,NA,NA,NA,NA
hh_20021,60,36,NA,NA,NA,NA,NA,NA
hh_20022,72,53,41,NA,NA,NA,NA,NA
hh_20023,66,NA,NA,NA,NA,NA,NA,NA
hh_20026,64,31,23,30,NA,NA,NA,NA
hh_20028,76,NA,NA,NA,NA,NA,NA,NA
hh_20030,67,NA,NA,NA,NA,NA,NA,NA
hh_20033,81,82,NA,NA,NA,NA,NA,NA
hh_20034,73,NA,NA,NA,NA,NA,NA,NA
hh_20035,72,NA,NA,NA,NA,NA,NA,NA
hh_20038,60,32,NA,NA,NA,NA,NA,NA
hh_20039,75,NA,NA,NA,NA,NA,NA,NA
hh_20040,81,NA,NA,NA,NA,NA,NA,NA
hh_20042,24,74,NA,NA,NA,NA,NA,NA
hh_20044,40,66,NA,NA,NA,NA,NA,NA
hh_20045,72,NA,NA,NA,NA,NA,NA,NA
hh_20047,73,NA,NA,NA,NA,NA,NA,NA
hh_20048,75,NA,NA,NA,NA,NA,NA,NA
hh_20049,80,44,NA,NA,NA,NA,NA,NA
hh_20050,46,NA,NA,NA,NA,NA,NA,NA
hh_20051,38,NA,NA,NA,NA,NA,NA,NA
hh_20054,78,78,NA,NA,NA,NA,NA,NA
hh_20056,77,NA,NA,NA,NA,NA,NA,NA
hh_20057,80,55,51,NA,NA,NA,NA,NA
hh_20058,78,NA,NA,NA,NA,NA,NA,NA
hh_20059,64,NA,NA,NA,NA,NA,NA,NA
hh_20060,74,65,30,NA,NA,NA,NA,NA
hh_20062,81,NA,NA,NA,NA,NA,NA,NA
hh_20063,66,NA,NA,NA,NA,NA,NA,NA
hh_20065,67,NA,NA,NA,NA,NA,NA,NA
hh_20066,74,NA,NA,NA,NA,NA,NA,NA
hh_20067,82,NA,NA,NA,NA,NA,NA,NA
hh_20070,37,37,14,10,NA,NA,NA,NA
hh_20071,68,NA,NA,NA,NA,NA,NA,NA
hh_20072,81,42,NA,NA,NA,NA,NA,NA
hh_20075,71,NA,NA,NA,NA,NA,NA,NA
hh_20077,69,NA,NA,NA,NA,NA,NA,NA
hh_20078,77,NA,NA,NA,NA,NA,NA,NA
hh_20079,53,NA,NA,NA,NA,NA,NA,NA
hh_20080,81,NA,NA,NA,NA,NA,NA,NA
hh_20081,59,22,NA,NA,NA,NA,NA,NA
hh_20082,71,NA,NA,NA,NA,NA,NA,NA
hh_20083,78,NA,NA,NA,NA,NA,NA,NA
hh_20085,49,NA,NA,NA,NA,NA,NA,NA
hh_20087,71,NA,NA,NA,NA,NA,NA,NA
hh_20088,76,NA,NA,NA,NA,NA,NA,NA
hh_20090,74,NA,NA,NA,NA,NA,NA,NA
hh_20091,72,NA,NA,NA,NA,NA,NA,NA
hh_20092,74,NA,NA,NA,NA,NA,NA,NA
hh_20095,72,14,12,12,NA,NA,NA,NA
hh_20096,51,NA,NA,NA,NA,NA,NA,NA
hh_20097,71,NA,NA,NA,NA,NA,NA,NA
hh_20102,NA,NA,NA,NA,NA,NA,NA,NA
hh_20105,73,NA,NA,NA,NA,NA,NA,NA
hh_20106,40,40,5,NA,NA,NA,NA,NA
hh_20107,31,29,NA,NA,NA,NA,NA,NA
hh_20108,80,NA,NA,NA,NA,NA,NA,NA
hh_20109,54,NA,NA,NA,NA,NA,NA,NA
hh_20111,79,NA,NA,NA,NA,NA,NA,NA
hh_20112,70,70,NA,NA,NA,NA,NA,NA
hh_20114,63,29,NA,NA,NA,NA,NA,NA
hh_20115,71,NA,NA,NA,NA,NA,NA,NA
hh_20118,69,NA,NA,NA,NA,NA,NA,NA
hh_20119,76,NA,NA,NA,NA,NA,NA,NA
hh_20120,76,NA,NA,NA,NA,NA,NA,NA
hh_20121,79,NA,NA,NA,NA,NA,NA,NA
hh_20122,71,NA,NA,NA,NA,NA,NA,NA
hh_20124,80,NA,NA,NA,NA,NA,NA,NA
hh_20125,73,NA,NA,NA,NA,NA,NA,NA
hh_20127,76,NA,NA,NA,NA,NA,NA,NA
hh_20128,65,NA,NA,NA,NA,NA,NA,NA
hh_20129,69,NA,NA,NA,NA,NA,NA,NA
hh_20130,71,NA,NA,NA,NA,NA,NA,NA
hh_20133,72,NA,NA,NA,NA,NA,NA,NA
hh_20134,74,NA,NA,NA,NA,NA,NA,NA
hh_20136,72,42,NA,NA,NA,NA,NA,NA
hh_20137,80,NA,NA,NA,NA,NA,NA,NA
hh_20138,63,15,NA,NA,NA,NA,NA,NA
hh_20139,75,NA,NA,NA,NA,NA,NA,NA
hh_20141,73,NA,NA,NA,NA,NA,NA,NA
hh_20146,72,NA,NA,NA,NA,NA,NA,NA
hh_20147,68,NA,NA,NA,NA,NA,NA,NA
hh_20148,76,NA,NA,NA,NA,NA,NA,NA
hh_20151,75,45,NA,NA,NA,NA,NA,NA
hh_20152,53,NA,NA,NA,NA,NA,NA,NA
hh_20153,74,74,NA,NA,NA,NA,NA,NA
hh_20156,81,NA,NA,NA,NA,NA,NA,NA
hh_20157,81,NA,NA,NA,NA,NA,NA,NA
hh_20158,71,NA,NA,NA,NA,NA,NA,NA
hh_20160,40,67,NA,NA,NA,NA,NA,NA
hh_20161,72,NA,NA,NA,NA,NA,NA,NA
hh_20164,76,NA,NA,NA,NA,NA,NA,NA
hh_20165,71,NA,NA,NA,NA,NA,NA,NA
hh_20166,79,75,47,NA,NA,NA,NA,NA
hh_20168,60,NA,NA,NA,NA,NA,NA,NA
hh_20169,61,NA,NA,NA,NA,NA,NA,NA
hh_20170,68,NA,NA,NA,NA,NA,NA,NA
hh_20172,69,47,NA,NA,NA,NA,NA,NA
hh_20173,73,NA,NA,NA,NA,NA,NA,NA
hh_20174,52,NA,NA,NA,NA,NA,NA,NA
hh_20175,10,NA,NA,NA,NA,NA,NA,NA
hh_20177,82,NA,NA,NA,NA,NA,NA,NA
hh_20178,54,NA,NA,NA,NA,NA,NA,NA
hh_20179,65,NA,NA,NA,NA,NA,NA,NA
hh_20180,70,NA,NA,NA,NA,NA,NA,NA
hh_20181,71,NA,NA,NA,NA,NA,NA,NA
hh_20183,58,NA,NA,NA,NA,NA,NA,NA
hh_20184,75,NA,NA,NA,NA,NA,NA,NA
hh_20186,73,68,NA,NA,NA,NA,NA,NA
hh_20188,79,NA,NA,NA,NA,NA,NA,NA
hh_20189,74,NA,NA,NA,NA,NA,NA,NA
hh_20190,75,NA,NA,NA,NA,NA,NA,NA
hh_20191,64,NA,NA,NA,NA,NA,NA,NA
hh_20192,74,NA,NA,NA,NA,NA,NA,NA
hh_20194,84,NA,NA,NA,NA,NA,NA,NA
hh_20197,64,NA,NA,NA,NA,NA,NA,NA
hh_20202,71,NA,NA,NA,NA,NA,NA,NA
hh_20205,66,NA,NA,NA,NA,NA,NA,NA
hh_20206,74,NA,NA,NA,NA,NA,NA,NA
hh_20208,72,NA,NA,NA,NA,NA,NA,NA
hh_20211,80,NA,NA,NA,NA,NA,NA,NA
hh_20212,79,NA,NA,NA,NA,NA,NA,NA
hh_20213,82,NA,NA,NA,NA,NA,NA,NA
hh_20216,85,81,NA,NA,NA,NA,NA,NA
hh_20217,76,NA,NA,NA,NA,NA,NA,NA
hh_20221,66,NA,NA,NA,NA,NA,NA,NA
hh_20222,65,NA,NA,NA,NA,NA,NA,NA
hh_20223,64,25,NA,NA,NA,NA,NA,NA
hh_20224,92,NA,NA,NA,NA,NA,NA,NA
hh_20225,70,81,NA,NA,NA,NA,NA,NA
hh_20227,75,35,38,11,3,NA,NA,NA
hh_20228,69,35,NA,NA,NA,NA,NA,NA
hh_20229,77,NA,NA,NA,NA,NA,NA,NA
hh_20230,74,NA,NA,NA,NA,NA,NA,NA
hh_20231,74,NA,NA,NA,NA,NA,NA,NA
hh_20232,75,NA,NA,NA,NA,NA,NA,NA
hh_20233,66,NA,NA,NA,NA,NA,NA,NA
hh_20234,78,NA,NA,NA,NA,NA,NA,NA
hh_20235,78,NA,NA,NA,NA,NA,NA,NA
hh_20236,74,71,NA,NA,NA,NA,NA,NA
hh_20238,78,NA,NA,NA,NA,NA,NA,NA
hh_20239,78,NA,NA,NA,NA,NA,NA,NA
hh_20241,59,70,NA,NA,NA,NA,NA,NA
hh_20242,50,68,21,21,20,20,NA,NA
hh_20245,74,NA,NA,NA,NA,NA,NA,NA
hh_20246,75,NA,NA,NA,NA,NA,NA,NA
hh_20247,86,NA,NA,NA,NA,NA,NA,NA
hh_20248,83,NA,NA,NA,NA,NA,NA,NA
hh_20251,70,NA,NA,NA,NA,NA,NA,NA
hh_20252,83,NA,NA,NA,NA,NA,NA,NA
hh_20253,69,NA,NA,NA,NA,NA,NA,NA
hh_20254,77,76,NA,NA,NA,NA,NA,NA
hh_20255,71,NA,NA,NA,NA,NA,NA,NA
hh_20256,32,NA,NA,NA,NA,NA,NA,NA
hh_20259,70,NA,NA,NA,NA,NA,NA,NA
hh_20260,83,NA,NA,NA,NA,NA,NA,NA
hh_20262,72,NA,NA,NA,NA,NA,NA,NA
hh_20263,71,NA,NA,NA,NA,NA,NA,NA
hh_20264,69,NA,NA,NA,NA,NA,NA,NA
hh_20265,63,38,NA,NA,NA,NA,NA,NA
hh_20266,72,36,NA,NA,NA,NA,NA,NA
hh_20267,65,NA,NA,NA,NA,NA,NA,NA
hh_20269,72,NA,NA,NA,NA,NA,NA,NA
hh_20271,68,NA,NA,NA,NA,NA,NA,NA
hh_20273,66,NA,NA,NA,NA,NA,NA,NA
hh_20274,67,NA,NA,NA,NA,NA,NA,NA
hh_20275,81,NA,NA,NA,NA,NA,NA,NA
hh_20276,79,NA,NA,NA,NA,NA,NA,NA
hh_20280,75,NA,NA,NA,NA,NA,NA,NA
hh_20284,69,NA,NA,NA,NA,NA,NA,NA
hh_20285,69,NA,NA,NA,NA,NA,NA,NA
hh_20286,75,NA,NA,NA,NA,NA,NA,NA
hh_20287,79,NA,NA,NA,NA,NA,NA,NA
hh_20289,NA,NA,NA,NA,NA,NA,NA,NA
hh_20291,74,72,NA,NA,NA,NA,NA,NA
hh_20292,78,75,NA,NA,NA,NA,NA,NA
hh_20293,70,NA,NA,NA,NA,NA,NA,NA
hh_20294,76,NA,NA,NA,NA,NA,NA,NA
hh_20295,77,NA,NA,NA,NA,NA,NA,NA
hh_20296,66,NA,NA,NA,NA,NA,NA,NA
hh_20298,75,NA,NA,NA,NA,NA,NA,NA
hh_20302,76,NA,NA,NA,NA,NA,NA,NA
hh_20303,72,72,NA,NA,NA,NA,NA,NA
hh_20304,71,NA,NA,NA,NA,NA,NA,NA
hh_20305,71,72,NA,NA,NA,NA,NA,NA
hh_20308,71,NA,NA,NA,NA,NA,NA,NA
hh_20309,74,NA,NA,NA,NA,NA,NA,NA
hh_20310,70,72,NA,NA,NA,NA,NA,NA
hh_20311,64,NA,NA,NA,NA,NA,NA,NA
hh_20312,69,66,NA,NA,NA,NA,NA,NA
hh_20313,86,NA,NA,NA,NA,NA,NA,NA
hh_20314,70,NA,NA,NA,NA,NA,NA,NA
hh_20315,69,NA,NA,NA,NA,NA,NA,NA
hh_20316,78,NA,NA,NA,NA,NA,NA,NA
hh_20321,81,48,46,NA,NA,NA,NA,NA
hh_20322,71,NA,NA,NA,NA,NA,NA,NA
hh_20323,75,NA,NA,NA,NA,NA,NA,NA
hh_20325,64,NA,NA,NA,NA,NA,NA,NA
hh_20326,74,NA,NA,NA,NA,NA,NA,NA
hh_20329,79,NA,NA,NA,NA,NA,NA,NA
hh_20330,74,NA,NA,NA,NA,NA,NA,NA
hh_20331,71,NA,NA,NA,NA,NA,NA,NA
hh_20332,63,NA,NA,NA,NA,NA,NA,NA
hh_20334,71,NA,NA,NA,NA,NA,NA,NA
hh_20335,81,NA,NA,NA,NA,NA,NA,NA
hh_20336,37,NA,NA,NA,NA,NA,NA,NA
hh_20337,73,NA,NA,NA,NA,NA,NA,NA
hh_20338,83,NA,NA,NA,NA,NA,NA,NA
hh_20341,68,NA,NA,NA,NA,NA,NA,NA
hh_20344,75,NA,NA,NA,NA,NA,NA,NA
hh_20347,84,78,NA,NA,NA,NA,NA,NA
hh_20348,77,NA,NA,NA,NA,NA,NA,NA
hh_20349,72,NA,NA,NA,NA,NA,NA,NA
hh_20350,67,NA,NA,NA,NA,NA,NA,NA
hh_20352,71,NA,NA,NA,NA,NA,NA,NA
hh_20353,59,15,NA,NA,NA,NA,NA,NA
hh_20355,75,NA,NA,NA,NA,NA,NA,NA
hh_20356,80,NA,NA,NA,NA,NA,NA,NA
hh_20357,79,NA,NA,NA,NA,NA,NA,NA
hh_20358,89,76,NA,NA,NA,NA,NA,NA
hh_20361,65,NA,NA,NA,NA,NA,NA,NA
hh_20362,67,NA,NA,NA,NA,NA,NA,NA
hh_20364,80,NA,NA,NA,NA,NA,NA,NA
hh_20365,63,NA,NA,NA,NA,NA,NA,NA
hh_20366,87,NA,NA,NA,NA,NA,NA,NA
hh_20368,74,NA,NA,NA,NA,NA,NA,NA
hh_20370,79,NA,NA,NA,NA,NA,NA,NA
hh_20374,70,72,NA,NA,NA,NA,NA,NA
hh_20376,70,26,NA,NA,NA,NA,NA,NA
hh_20377,70,NA,NA,NA,NA,NA,NA,NA
hh_20378,77,NA,NA,NA,NA,NA,NA,NA
hh_20379,68,NA,NA,NA,NA,NA,NA,NA
hh_20380,77,NA,NA,NA,NA,NA,NA,NA
hh_20381,76,56,NA,NA,NA,NA,NA,NA
hh_20382,82,NA,NA,NA,NA,NA,NA,NA
hh_20383,73,NA,NA,NA,NA,NA,NA,NA
hh_20384,90,NA,NA,NA,NA,NA,NA,NA
hh_20385,81,51,NA,NA,NA,NA,NA,NA
hh_20386,68,NA,NA,NA,NA,NA,NA,NA
hh_20387,69,NA,NA,NA,NA,NA,NA,NA
hh_20389,70,NA,NA,NA,NA,NA,NA,NA
hh_20390,68,NA,NA,NA,NA,NA,NA,NA
hh_20393,69,NA,NA,NA,NA,NA,NA,NA
hh_20394,74,NA,NA,NA,NA,NA,NA,NA
hh_20396,79,NA,NA,NA,NA,NA,NA,NA
hh_20399,64,NA,NA,NA,NA,NA,NA,NA
hh_20400,75,86,NA,NA,NA,NA,NA,NA
hh_20401,78,NA,NA,NA,NA,NA,NA,NA
hh_20403,70,NA,NA,NA,NA,NA,NA,NA
hh_20407,61,NA,NA,NA,NA,NA,NA,NA
hh_20408,68,38,NA,NA,NA,NA,NA,NA
hh_20409,73,NA,NA,NA,NA,NA,NA,NA
hh_20410,74,NA,NA,NA,NA,NA,NA,NA
hh_20411,85,NA,NA,NA,NA,NA,NA,NA
hh_20412,79,NA,NA,NA,NA,NA,NA,NA
hh_20415,78,NA,NA,NA,NA,NA,NA,NA
hh_20418,44,NA,NA,NA,NA,NA,NA,NA
hh_20421,74,NA,NA,NA,NA,NA,NA,NA
hh_20422,53,23,NA,NA,NA,NA,NA,NA
hh_20423,60,NA,NA,NA,NA,NA,NA,NA
hh_20428,49,NA,NA,NA,NA,NA,NA,NA
hh_20429,75,25,NA,NA,NA,NA,NA,NA
hh_20430,70,NA,NA,NA,NA,NA,NA,NA
hh_20431,71,NA,NA,NA,NA,NA,NA,NA
hh_20434,70,NA,NA,NA,NA,NA,NA,NA
hh_20435,78,NA,NA,NA,NA,NA,NA,NA
hh_20436,73,NA,NA,NA,NA,NA,NA,NA
hh_20437,73,NA,NA,NA,NA,NA,NA,NA
hh_20438,70,NA,NA,NA,NA,NA,NA,NA
hh_20439,68,NA,NA,NA,NA,NA,NA,NA
hh_20440,73,NA,NA,NA,NA,NA,NA,NA
hh_20441,64,NA,NA,NA,NA,NA,NA,NA
hh_20442,75,NA,NA,NA,NA,NA,NA,NA
hh_20444,80,NA,NA,NA,NA,NA,NA,NA
hh_20446,70,NA,NA,NA,NA,NA,NA,NA
hh_20447,72,NA,NA,NA,NA,NA,NA,NA
hh_20448,70,NA,NA,NA,NA,NA,NA,NA
hh_20449,64,NA,NA,NA,NA,NA,NA,NA
hh_20450,69,NA,NA,NA,NA,NA,NA,NA
hh_20451,77,NA,NA,NA,NA,NA,NA,NA
hh_20452,67,NA,NA,NA,NA,NA,NA,NA
hh_20453,73,43,7,NA,NA,NA,NA,NA
hh_20454,73,NA,NA,NA,NA,NA,NA,NA
hh_20456,85,NA,NA,NA,NA,NA,NA,NA
hh_20457,74,NA,NA,NA,NA,NA,NA,NA
hh_20458,69,NA,NA,NA,NA,NA,NA,NA
hh_20460,74,36,NA,NA,NA,NA,NA,NA
hh_20461,77,NA,NA,NA,NA,NA,NA,NA
hh_20462,71,NA,NA,NA,NA,NA,NA,NA
hh_20463,73,NA,NA,NA,NA,NA,NA,NA
hh_20465,70,71,NA,NA,NA,NA,NA,NA
hh_20466,74,NA,NA,NA,NA,NA,NA,NA
hh_20467,80,NA,NA,NA,NA,NA,NA,NA
hh_20468,71,NA,NA,NA,NA,NA,NA,NA
hh_20469,75,NA,NA,NA,NA,NA,NA,NA
hh_20470,78,NA,NA,NA,NA,NA,NA,NA
hh_20472,75,73,NA,NA,NA,NA,NA,NA
hh_20473,80,NA,NA,NA,NA,NA,NA,NA
hh_20474,71,NA,NA,NA,NA,NA,NA,NA
hh_20477,68,NA,NA,NA,NA,NA,NA,NA
hh_20478,86,NA,NA,NA,NA,NA,NA,NA
hh_20479,76,NA,NA,NA,NA,NA,NA,NA
hh_20481,83,84,NA,NA,NA,NA,NA,NA
hh_20482,82,NA,NA,NA,NA,NA,NA,NA
hh_20484,31,NA,NA,NA,NA,NA,NA,NA
hh_20485,62,NA,NA,NA,NA,NA,NA,NA
hh_20487,80,NA,NA,NA,NA,NA,NA,NA
hh_20490,58,NA,NA,NA,NA,NA,NA,NA
hh_20491,72,NA,NA,NA,NA,NA,NA,NA
hh_20493,45,NA,NA,NA,NA,NA,NA,NA
hh_20494,84,NA,NA,NA,NA,NA,NA,NA
hh_20495,81,NA,NA,NA,NA,NA,NA,NA
hh_20496,71,NA,NA,NA,NA,NA,NA,NA
hh_20497,74,36,NA,NA,NA,NA,NA,NA
hh_20499,67,17,72,NA,NA,NA,NA,NA
hh_20500,72,NA,NA,NA,NA,NA,NA,NA
hh_20502,69,NA,NA,NA,NA,NA,NA,NA
hh_20503,71,NA,NA,NA,NA,NA,NA,NA
hh_20504,77,NA,NA,NA,NA,NA,NA,NA
hh_20505,72,35,NA,NA,NA,NA,NA,NA
hh_20506,75,NA,NA,NA,NA,NA,NA,NA
hh_20508,84,NA,NA,NA,NA,NA,NA,NA
hh_20511,32,NA,NA,NA,NA,NA,NA,NA
hh_20513,78,NA,NA,NA,NA,NA,NA,NA
hh_20514,74,NA,NA,NA,NA,NA,NA,NA
hh_20515,77,NA,NA,NA,NA,NA,NA,NA
hh_20521,78,NA,NA,NA,NA,NA,NA,NA
hh_20523,78,NA,NA,NA,NA,NA,NA,NA
hh_20524,83,NA,NA,NA,NA,NA,NA,NA
hh_20525,51,NA,NA,NA,NA,NA,NA,NA
hh_20527,75,NA,NA,NA,NA,NA,NA,NA
hh_20528,78,57,26,NA,NA,NA,NA,NA
hh_20529,60,NA,NA,NA,NA,NA,NA,NA
hh_20530,67,NA,NA,NA,NA,NA,NA,NA
hh_20531,57,26,NA,NA,NA,NA,NA,NA
hh_20533,85,NA,NA,NA,NA,NA,NA,NA
hh_20534,77,NA,NA,NA,NA,NA,NA,NA
hh_20536,68,NA,NA,NA,NA,NA,NA,NA
hh_20545,66,NA,NA,NA,NA,NA,NA,NA
hh_20546,75,43,41,NA,NA,NA,NA,NA
hh_20547,69,NA,NA,NA,NA,NA,NA,NA
hh_15010,44,42,10,NA,NA,NA,NA,NA
hh_15021,NA,28,25,NA,NA,NA,NA,NA
hh_15032,41,45,NA,NA,NA,NA,NA,NA
hh_15035,61,61,15,NA,NA,NA,NA,NA
hh_15036,35,NA,NA,NA,NA,NA,NA,NA
hh_15037,28,28,10,NA,NA,NA,NA,NA
hh_15038,61,33,NA,NA,NA,NA,NA,NA
hh_15039,30,31,NA,NA,NA,NA,NA,NA
hh_15040,58,58,22,NA,NA,NA,NA,NA
hh_15041,41,41,7,NA,NA,NA,NA,NA
hh_15042,55,54,16,13,NA,NA,NA,NA
hh_15043,63,63,36,25,NA,NA,NA,NA
hh_15044,62,NA,NA,NA,NA,NA,NA,NA
hh_15045,58,61,NA,NA,NA,NA,NA,NA
hh_15046,62,62,23,NA,NA,NA,NA,NA
hh_15047,48,44,18,NA,NA,NA,NA,NA
hh_15048,35,30,3,NA,NA,NA,NA,NA
hh_15049,41,37,NA,NA,NA,NA,NA,NA
hh_15050,63,60,NA,NA,NA,NA,NA,NA
hh_15051,58,60,13,58,NA,NA,NA,NA
hh_15052,49,48,15,20,NA,NA,NA,NA
hh_15053,47,36,NA,NA,NA,NA,NA,NA
hh_15054,49,49,18,NA,NA,NA,NA,NA
hh_15055,47,50,12,NA,NA,NA,NA,NA
hh_15056,22,30,NA,NA,NA,NA,NA,NA
hh_15057,34,28,5,NA,NA,NA,NA,NA
hh_15058,35,30,5,3,NA,NA,NA,NA
hh_15059,37,34,NA,NA,NA,NA,NA,NA
hh_15060,38,35,15,14,9,7,3,NA
hh_15061,42,50,22,10,NA,NA,NA,NA
hh_15062,58,45,NA,NA,NA,NA,NA,NA
hh_15063,46,43,18,NA,NA,NA,NA,NA
hh_15064,47,33,NA,NA,NA,NA,NA,NA
hh_15065,18,19,1,1,NA,NA,NA,NA
hh_15066,5,2,28,32,NA,NA,NA,NA
hh_15067,47,42,19,17,NA,NA,NA,NA
hh_15068,38,21,NA,NA,NA,NA,NA,NA
hh_15069,32,30,6,2,NA,NA,NA,NA
hh_15070,35,38,8,NA,NA,NA,NA,NA
hh_15071,45,40,10,NA,NA,NA,NA,NA
hh_15072,29,27,5,NA,NA,NA,NA,NA
hh_15691,31,28,1,NA,NA,NA,NA,NA
hh_15702,3,9,30,31,NA,NA,NA,NA
hh_15713,9,7,3,28,NA,NA,NA,NA
hh_15724,32,34,NA,NA,NA,NA,NA,NA
hh_15735,35,32,7,5,3,NA,NA,NA
hh_15746,47,46,8,NA,NA,NA,NA,NA
hh_15756,30,27,3,1,NA,NA,NA,NA
hh_15757,40,7,5,3,40,NA,NA,NA
hh_15758,55,51,30,NA,NA,NA,NA,NA
hh_15759,13,50,55,NA,NA,NA,NA,NA
hh_15760,48,25,19,17,13,11,NA,NA
hh_15761,50,12,44,NA,NA,NA,NA,NA
hh_15762,44,44,16,NA,NA,NA,NA,NA
hh_15763,36,9,43,NA,NA,NA,NA,NA
hh_15764,3,1,32,NA,NA,NA,NA,NA
hh_15765,43,46,15,NA,NA,NA,NA,NA
hh_15766,46,46,18,17,NA,NA,NA,NA
hh_15767,11,6,NA,NA,NA,NA,NA,NA
hh_15768,44,72,NA,NA,NA,NA,NA,NA
hh_15769,40,33,NA,NA,NA,NA,NA,NA
hh_15770,31,30,10,3,NA,NA,NA,NA
hh_15771,38,42,1,NA,NA,NA,NA,NA
hh_15772,51,55,NA,NA,NA,NA,NA,NA
hh_15773,29,27,5,1,NA,NA,NA,NA
hh_15774,34,3,NA,NA,NA,NA,NA,NA
hh_15775,34,4,30,NA,NA,NA,NA,NA
hh_16295,51,20,17,53,NA,NA,NA,NA
hh_16296,33,33,9,NA,NA,NA,NA,NA
hh_16297,47,37,NA,NA,NA,NA,NA,NA
hh_16298,52,NA,NA,NA,NA,NA,NA,NA
hh_16299,37,51,NA,NA,NA,NA,NA,NA
hh_16300,46,49,NA,NA,NA,NA,NA,NA
hh_16301,43,38,15,NA,NA,NA,NA,NA
hh_16302,32,39,NA,NA,NA,NA,NA,NA
hh_16303,58,55,10,NA,NA,NA,NA,NA
hh_16304,51,54,NA,NA,NA,NA,NA,NA
hh_16305,34,35,5,NA,NA,NA,NA,NA
hh_16306,47,53,NA,NA,NA,NA,NA,NA
hh_16307,4,NA,NA,NA,NA,NA,NA,NA
hh_16308,46,54,9,NA,NA,NA,NA,NA
hh_16309,45,43,5,NA,NA,NA,NA,NA
hh_16310,51,48,10,NA,NA,NA,NA,NA
hh_16311,40,46,16,1,NA,NA,NA,NA
hh_16312,4,37,38,NA,NA,NA,NA,NA
hh_16313,45,45,NA,NA,NA,NA,NA,NA
hh_16314,38,43,NA,NA,NA,NA,NA,NA
hh_16315,38,38,8,NA,NA,NA,NA,NA
hh_16316,14,47,NA,NA,NA,NA,NA,NA
hh_16317,14,34,34,NA,NA,NA,NA,NA
hh_16318,54,51,20,NA,NA,NA,NA,NA
hh_16319,46,41,6,NA,NA,NA,NA,NA
hh_16320,35,38,NA,NA,NA,NA,NA,NA
hh_16321,35,34,5,NA,NA,NA,NA,NA
hh_16322,50,35,NA,NA,NA,NA,NA,NA
hh_16323,42,40,8,NA,NA,NA,NA,NA
hh_16324,40,NA,NA,NA,NA,NA,NA,NA
hh_16325,49,48,NA,NA,NA,NA,NA,NA
hh_16326,50,48,NA,NA,NA,NA,NA,NA
hh_16327,32,30,6,8,NA,NA,NA,NA
hh_16328,30,25,10,5,NA,NA,NA,NA
hh_16329,37,35,70,66,NA,NA,NA,NA
hh_16330,42,45,NA,NA,NA,NA,NA,NA
hh_16331,5,NA,1,3,34,NA,NA,NA
hh_16332,13,48,15,NA,NA,NA,NA,NA
hh_16333,29,21,10,6,NA,NA,NA,NA
hh_16334,33,30,11,4,NA,NA,NA,NA
hh_16335,45,32,NA,NA,NA,NA,NA,NA
hh_16336,40,39,NA,NA,NA,NA,NA,NA
hh_16337,32,28,5,1,NA,NA,NA,NA
hh_16338,25,30,3,NA,NA,NA,NA,NA
hh_16339,63,42,NA,NA,NA,NA,NA,NA
hh_16340,36,3,36,NA,NA,NA,NA,NA
hh_16341,26,28,7,NA,NA,NA,NA,NA
hh_16342,43,53,21,18,NA,NA,NA,NA
hh_16343,37,NA,NA,NA,NA,NA,NA,NA
hh_16344,34,30,10,NA,NA,NA,NA,NA
hh_16345,34,30,9,11,NA,NA,NA,NA
hh_16346,38,33,14,NA,NA,NA,NA,NA
hh_16347,1,38,36,NA,NA,NA,NA,NA
hh_16348,42,50,NA,NA,NA,NA,NA,NA
hh_16349,51,42,17,NA,NA,NA,NA,NA
hh_16350,42,19,5,5,NA,NA,NA,NA
hh_16351,29,28,5,3,NA,NA,NA,NA
hh_16352,42,39,NA,NA,NA,NA,NA,NA
hh_16353,44,13,15,NA,NA,NA,NA,NA
hh_16354,46,47,NA,NA,NA,NA,NA,NA
hh_16355,2,41,NA,NA,NA,NA,NA,NA
hh_16356,27,25,5,NA,NA,NA,NA,NA
hh_16357,34,27,12,NA,NA,NA,NA,NA
hh_16358,42,42,NA,NA,NA,NA,NA,NA
hh_16359,29,34,13,NA,NA,NA,NA,NA
hh_16360,35,40,5,NA,NA,NA,NA,NA
hh_16361,27,26,3,NA,NA,NA,NA,NA
hh_16362,18,16,32,32,NA,NA,NA,NA
hh_16363,5,32,37,NA,NA,NA,NA,NA
hh_16364,33,34,32,33,NA,NA,NA,NA
hh_16365,60,11,NA,NA,NA,NA,NA,NA
hh_16366,2,54,30,4,NA,NA,NA,NA
hh_16367,45,38,15,13,NA,NA,NA,NA
hh_16368,16,45,45,14,NA,NA,NA,NA
hh_16369,47,42,19,17,NA,NA,NA,NA
hh_16370,42,37,2,NA,NA,NA,NA,NA
hh_16371,1,NA,NA,NA,NA,NA,NA,NA
hh_16372,47,46,13,NA,NA,NA,NA,NA
hh_16373,52,52,19,NA,NA,NA,NA,NA
hh_16374,40,46,NA,NA,NA,NA,NA,NA
hh_16375,50,54,21,NA,NA,NA,NA,NA
hh_16376,28,27,10,NA,NA,NA,NA,NA
hh_16377,58,NA,NA,NA,NA,NA,NA,NA
hh_16378,1,28,NA,NA,NA,NA,NA,NA
hh_16379,52,49,NA,NA,NA,NA,NA,NA
hh_16380,9,55,50,NA,NA,NA,NA,NA
hh_16381,40,NA,NA,NA,NA,NA,NA,NA
hh_16382,40,12,NA,NA,NA,NA,NA,NA
hh_16383,51,NA,NA,NA,NA,NA,NA,NA
hh_16384,35,28,2,NA,NA,NA,NA,NA
hh_16385,32,23,10,NA,NA,NA,NA,NA
hh_16386,15,NA,NA,NA,NA,NA,NA,NA
hh_16387,42,41,8,NA,NA,NA,NA,NA
hh_16388,2,3,NA,NA,NA,NA,NA,NA
hh_16389,27,NA,NA,NA,NA,NA,NA,NA
hh_16390,47,57,NA,NA,NA,NA,NA,NA
hh_16391,50,52,NA,NA,NA,NA,NA,NA
hh_16392,44,40,4,NA,NA,NA,NA,NA
hh_16393,29,26,4,NA,NA,NA,NA,NA
hh_16394,50,47,21,19,NA,NA,NA,NA
hh_16395,55,52,NA,NA,NA,NA,NA,NA
hh_16396,56,56,NA,NA,NA,NA,NA,NA
hh_16397,34,24,NA,NA,NA,NA,NA,NA
hh_16398,45,33,NA,NA,NA,NA,NA,NA
hh_16399,35,30,6,2,9,NA,NA,NA
hh_16400,38,NA,NA,NA,NA,NA,NA,NA
hh_16401,60,55,27,24,NA,NA,NA,NA
hh_16402,31,38,NA,NA,NA,NA,NA,NA
hh_16403,50,NA,NA,NA,NA,NA,NA,NA
hh_16404,44,NA,NA,NA,NA,NA,NA,NA
hh_16405,4,28,34,NA,NA,NA,NA,NA
hh_16406,44,52,15,NA,NA,NA,NA,NA
hh_16407,5,37,29,NA,NA,NA,NA,NA
hh_16408,35,41,NA,NA,NA,NA,NA,NA
hh_16409,32,40,NA,NA,NA,NA,NA,NA
hh_16410,52,30,9,NA,NA,NA,NA,NA
hh_16411,41,39,NA,NA,NA,NA,NA,NA
hh_16412,31,30,10,3,NA,NA,NA,NA
hh_16413,42,39,3,NA,NA,NA,NA,NA
hh_16414,10,7,30,NA,NA,NA,NA,NA
hh_16415,55,53,84,NA,NA,NA,NA,NA
hh_16416,35,40,7,NA,NA,NA,NA,NA
hh_16417,34,32,32,NA,NA,NA,NA,NA
hh_16418,30,52,5,NA,NA,NA,NA,NA
hh_16419,7,29,11,NA,NA,NA,NA,NA
hh_16420,66,57,13,12,11,NA,NA,NA
hh_16421,48,47,20,NA,NA,NA,NA,NA
hh_16422,37,42,NA,NA,NA,NA,NA,NA
hh_16423,33,37,NA,NA,NA,NA,NA,NA
hh_16424,47,35,NA,NA,NA,NA,NA,NA
hh_16425,12,32,35,NA,NA,NA,NA,NA
hh_16426,30,28,8,5,2,NA,NA,NA
hh_16427,68,67,42,39,9,6,NA,NA
hh_16428,58,46,18,NA,NA,NA,NA,NA
hh_16429,49,NA,NA,NA,NA,NA,NA,NA
hh_16430,41,39,7,5,NA,NA,NA,NA
hh_16431,27,25,1,4,NA,NA,NA,NA
hh_16432,NA,45,NA,NA,NA,NA,NA,NA
hh_16433,40,18,11,NA,NA,NA,NA,NA
hh_16434,29,33,56,NA,NA,NA,NA,NA
hh_16435,52,54,35,5,NA,NA,NA,NA
hh_16436,18,50,50,15,NA,NA,NA,NA
hh_16437,46,NA,NA,NA,NA,NA,NA,NA
hh_16438,41,36,7,NA,NA,NA,NA,NA
hh_16439,34,32,7,9,NA,NA,NA,NA
hh_16440,31,34,3,5,NA,NA,NA,NA
hh_16441,41,NA,NA,NA,NA,NA,NA,NA
hh_16442,40,16,43,11,NA,NA,NA,NA
hh_16443,28,42,NA,NA,NA,NA,NA,NA
hh_16444,44,NA,NA,NA,NA,NA,NA,NA
hh_16445,45,56,6,NA,NA,NA,NA,NA
hh_16446,42,37,17,NA,NA,NA,NA,NA
hh_16447,54,55,NA,NA,NA,NA,NA,NA
hh_16448,6,2,36,36,NA,NA,NA,NA
hh_16449,30,28,NA,NA,NA,NA,NA,NA
hh_16450,31,29,NA,NA,NA,NA,NA,NA
hh_16451,42,42,NA,NA,NA,NA,NA,NA
hh_16452,35,32,65,NA,NA,NA,NA,NA
hh_16453,51,52,15,NA,NA,NA,NA,NA
hh_16454,40,38,8,NA,NA,NA,NA,NA
hh_16455,43,38,3,NA,NA,NA,NA,NA
hh_16456,43,43,NA,NA,NA,NA,NA,NA
hh_16457,42,35,8,2,NA,NA,NA,NA
hh_16458,31,39,9,NA,NA,NA,NA,NA
hh_16459,27,31,5,NA,NA,NA,NA,NA
hh_16460,46,50,6,8,NA,NA,NA,NA
hh_16461,52,47,18,NA,NA,NA,NA,NA
hh_16462,34,30,29,NA,NA,NA,NA,NA
hh_16463,47,46,9,NA,NA,NA,NA,NA
hh_16464,43,47,6,NA,NA,NA,NA,NA
hh_16465,13,17,43,45,19,NA,NA,NA
hh_16466,4,32,28,NA,NA,NA,NA,NA
hh_16467,13,48,40,NA,NA,NA,NA,NA
hh_16468,32,27,2,NA,NA,NA,NA,NA
hh_16469,59,55,14,NA,NA,NA,NA,NA
hh_16470,5,5,NA,NA,NA,NA,NA,NA
hh_16471,7,4,41,43,NA,NA,NA,NA
hh_16472,43,NA,NA,NA,NA,NA,NA,NA
hh_16473,10,26,3,28,27,NA,NA,NA
hh_16474,55,50,24,NA,NA,NA,NA,NA
hh_16475,47,48,2,5,7,NA,NA,NA
hh_16476,36,30,27,NA,NA,NA,NA,NA
hh_16477,29,25,14,NA,NA,NA,NA,NA
hh_16478,3,2,12,NA,NA,NA,NA,NA
hh_16479,59,44,10,NA,NA,NA,NA,NA
hh_16480,47,41,10,8,6,NA,NA,NA
hh_16481,43,36,NA,NA,NA,NA,NA,NA
hh_16482,44,50,NA,NA,NA,NA,NA,NA
hh_16483,50,52,NA,NA,NA,NA,NA,NA
hh_16484,40,15,13,10,NA,NA,NA,NA
hh_16485,12,10,30,NA,NA,NA,NA,NA
hh_16486,34,34,NA,NA,NA,NA,NA,NA
hh_16487,40,36,5,NA,NA,NA,NA,NA
hh_16488,38,12,36,9,9,NA,NA,NA
hh_16489,37,39,NA,NA,NA,NA,NA,NA
hh_16490,4,31,NA,NA,NA,NA,NA,NA
hh_16491,45,46,NA,NA,NA,NA,NA,NA
hh_16492,34,43,4,4,NA,NA,NA,NA
hh_16493,51,49,NA,NA,NA,NA,NA,NA
hh_16494,34,35,5,NA,NA,NA,NA,NA
hh_16495,43,51,NA,NA,NA,NA,NA,NA
hh_16496,9,35,3,NA,NA,NA,NA,NA
hh_16497,50,45,20,NA,NA,NA,NA,NA
hh_16498,32,36,5,NA,NA,NA,NA,NA
hh_16499,50,55,12,12,NA,NA,NA,NA
hh_16500,12,10,45,6,NA,NA,NA,NA
hh_16501,38,30,4,NA,NA,NA,NA,NA
hh_16502,31,11,10,31,NA,NA,NA,NA
hh_16503,27,25,3,NA,NA,NA,NA,NA
hh_16504,27,26,25,5,NA,NA,NA,NA
hh_16505,5,40,52,3,NA,NA,NA,NA
hh_16506,28,26,NA,NA,NA,NA,NA,NA
hh_16507,38,41,37,NA,NA,NA,NA,NA
hh_16508,41,41,NA,NA,NA,NA,NA,NA
hh_16509,10,40,35,NA,NA,NA,NA,NA
hh_16510,41,38,10,NA,NA,NA,NA,NA
hh_16511,9,9,9,NA,NA,NA,NA,NA
hh_16512,36,40,8,NA,NA,NA,NA,NA
hh_16513,5,48,47,NA,NA,NA,NA,NA
hh_16514,35,38,4,NA,NA,NA,NA,NA
hh_16515,51,22,28,NA,NA,NA,NA,NA
hh_16516,3,26,30,NA,NA,NA,NA,NA
hh_16517,40,37,NA,NA,NA,NA,NA,NA
hh_16518,38,40,40,NA,NA,NA,NA,NA
hh_16519,45,43,10,NA,NA,NA,NA,NA
hh_16520,29,5,7,55,NA,NA,NA,NA
hh_16521,35,36,9,11,NA,NA,NA,NA
hh_16522,29,NA,NA,NA,NA,NA,NA,NA
hh_16523,35,39,3,8,NA,NA,NA,NA
hh_16524,32,9,NA,NA,NA,NA,NA,NA
hh_16525,45,50,3,NA,NA,NA,NA,NA
hh_16526,44,32,NA,NA,NA,NA,NA,NA
hh_16527,37,38,NA,NA,NA,NA,NA,NA
hh_16528,28,28,NA,NA,NA,NA,NA,NA
hh_16529,29,29,1,NA,NA,NA,NA,NA
hh_16530,44,45,NA,NA,NA,NA,NA,NA
hh_16531,55,24,34,12,4,2,NA,NA
hh_16532,36,34,5,3,NA,NA,NA,NA
hh_16533,56,55,16,15,NA,NA,NA,NA
hh_16534,31,28,10,3,NA,NA,NA,NA
hh_16535,34,30,4,NA,NA,NA,NA,NA
hh_16536,32,69,31,NA,NA,NA,NA,NA
hh_16537,49,47,24,19,NA,NA,NA,NA
hh_16538,36,38,5,NA,NA,NA,NA,NA
hh_16539,46,43,NA,NA,NA,NA,NA,NA
hh_16540,53,21,NA,NA,NA,NA,NA,NA
hh_16541,37,35,7,4,NA,NA,NA,NA
hh_16542,49,51,12,NA,NA,NA,NA,NA
hh_16543,46,45,19,NA,NA,NA,NA,NA
hh_16544,45,18,NA,NA,NA,NA,NA,NA
hh_16545,57,56,15,13,NA,NA,NA,NA
hh_16546,35,33,1,NA,NA,NA,NA,NA
hh_16547,40,27,1,NA,NA,NA,NA,NA
hh_16548,45,45,NA,NA,NA,NA,NA,NA
hh_16549,30,30,NA,NA,NA,NA,NA,NA
hh_16550,NA,29,40,NA,NA,NA,NA,NA
hh_16551,50,52,NA,NA,NA,NA,NA,NA
hh_16552,31,40,NA,NA,NA,NA,NA,NA
hh_16553,29,28,4,NA,NA,NA,NA,NA
hh_16554,29,2,27,6,10,NA,NA,NA
hh_16555,37,40,3,NA,NA,NA,NA,NA
hh_16556,39,36,5,NA,NA,NA,NA,NA
hh_16557,46,42,13,10,5,NA,NA,NA
hh_16558,56,53,NA,NA,NA,NA,NA,NA
hh_16559,35,41,8,NA,NA,NA,NA,NA
hh_16560,26,5,28,NA,NA,NA,NA,NA
hh_16561,45,45,11,8,NA,NA,NA,NA
hh_16562,33,33,NA,NA,NA,NA,NA,NA
hh_16563,40,35,14,11,NA,NA,NA,NA
hh_16564,30,31,NA,NA,NA,NA,NA,NA
hh_16565,71,63,NA,NA,NA,NA,NA,NA
hh_16566,39,NA,NA,NA,NA,NA,NA,NA
hh_16567,47,45,NA,NA,NA,NA,NA,NA
hh_16568,22,NA,NA,NA,NA,NA,NA,NA
hh_16569,48,50,NA,NA,NA,NA,NA,NA
hh_16570,43,35,NA,NA,NA,NA,NA,NA
hh_16571,40,40,NA,NA,NA,NA,NA,NA
hh_16572,16,43,45,NA,NA,NA,NA,NA
hh_16573,53,49,NA,NA,NA,NA,NA,NA
hh_16574,56,53,14,NA,NA,NA,NA,NA
hh_16575,44,42,15,NA,NA,NA,NA,NA
hh_16576,53,59,NA,NA,NA,NA,NA,NA
hh_16577,14,38,41,43,NA,NA,NA,NA
hh_16578,5,2,28,32,NA,NA,NA,NA
hh_16579,48,45,NA,NA,NA,NA,NA,NA
hh_16580,46,NA,NA,NA,NA,NA,NA,NA
hh_16581,30,31,NA,NA,NA,NA,NA,NA
hh_16582,8,49,45,NA,NA,NA,NA,NA
hh_16583,43,44,8,NA,NA,NA,NA,NA
hh_16584,33,27,3,NA,NA,NA,NA,NA
hh_16585,35,36,9,NA,NA,NA,NA,NA
hh_16586,8,5,33,31,NA,NA,NA,NA
hh_16587,29,27,4,1,NA,NA,NA,NA
hh_16588,54,11,NA,NA,NA,NA,NA,NA
hh_16589,33,30,NA,NA,NA,NA,NA,NA
hh_16590,33,30,9,NA,NA,NA,NA,NA
hh_16591,36,33,10,NA,NA,NA,NA,NA
hh_16592,25,5,NA,NA,NA,NA,NA,NA
hh_16593,34,29,4,NA,NA,NA,NA,NA
hh_16595,25,32,3,NA,NA,NA,NA,NA
hh_16596,45,38,16,5,NA,NA,NA,NA
hh_16597,36,32,5,NA,NA,NA,NA,NA
hh_16598,53,46,16,NA,NA,NA,NA,NA
hh_16599,44,42,13,10,NA,NA,NA,NA
hh_16600,29,NA,NA,NA,NA,NA,NA,NA
hh_16601,61,61,NA,NA,NA,NA,NA,NA
hh_16602,32,2,NA,NA,NA,NA,NA,NA
hh_16603,35,28,NA,NA,NA,NA,NA,NA
hh_16604,61,46,NA,NA,NA,NA,NA,NA
hh_16605,39,36,6,NA,NA,NA,NA,NA
hh_16606,41,41,6,13,11,NA,NA,NA
hh_16607,47,37,NA,NA,NA,NA,NA,NA
hh_16608,36,35,NA,NA,NA,NA,NA,NA
hh_16609,30,28,3,NA,NA,NA,NA,NA
hh_16610,35,38,NA,NA,NA,NA,NA,NA
hh_16611,60,61,NA,NA,NA,NA,NA,NA
hh_16612,32,11,NA,NA,NA,NA,NA,NA
hh_16613,35,NA,NA,NA,NA,NA,NA,NA
hh_16614,59,60,18,20,26,NA,NA,NA
hh_16615,38,40,4,NA,NA,NA,NA,NA
hh_16616,30,32,NA,2,NA,NA,NA,NA
hh_16617,NA,NA,NA,NA,NA,NA,NA,NA
hh_16618,50,55,25,NA,NA,NA,NA,NA
hh_16619,27,28,NA,NA,NA,NA,NA,NA
hh_16620,38,39,NA,NA,NA,NA,NA,NA
hh_16621,46,46,14,NA,NA,NA,NA,NA
hh_16622,51,NA,NA,NA,NA,NA,NA,NA
hh_16623,6,3,NA,NA,NA,NA,NA,NA
hh_16624,31,26,4,NA,NA,NA,NA,NA
hh_16625,27,27,NA,NA,NA,NA,NA,NA
hh_16626,47,42,13,NA,NA,NA,NA,NA
hh_16627,30,26,2,NA,NA,NA,NA,NA
hh_16628,45,44,11,11,NA,NA,NA,NA
hh_16629,49,23,NA,NA,NA,NA,NA,NA
hh_16630,40,40,10,NA,NA,NA,NA,NA
hh_16631,58,53,15,17,NA,NA,NA,NA
hh_16632,13,11,41,41,NA,NA,NA,NA
hh_16633,25,28,NA,NA,NA,NA,NA,NA
hh_15001,45,52,NA,NA,NA,NA,NA,NA
hh_15002,5,29,NA,NA,NA,NA,NA,NA
hh_15003,27,25,21,NA,NA,NA,NA,NA
hh_15004,44,12,10,NA,NA,NA,NA,NA
hh_15005,38,44,8,4,3,NA,NA,NA
hh_15006,6,NA,NA,NA,NA,NA,NA,NA
hh_15007,36,38,8,NA,NA,NA,NA,NA
hh_15008,38,39,7,NA,NA,NA,NA,NA
hh_15009,37,37,17,18,15,NA,NA,NA
hh_15011,49,NA,NA,NA,NA,NA,NA,NA
hh_15012,35,35,NA,NA,NA,NA,NA,NA
hh_15013,43,33,12,NA,NA,NA,NA,NA
hh_15014,9,43,44,NA,NA,NA,NA,NA
hh_15015,37,52,NA,NA,NA,NA,NA,NA
hh_15016,39,31,9,NA,NA,NA,NA,NA
hh_15017,39,44,7,NA,NA,NA,NA,NA
hh_15018,35,30,5,NA,NA,NA,NA,NA
hh_15019,43,60,10,NA,NA,NA,NA,NA
hh_15020,33,26,NA,NA,NA,NA,NA,NA
hh_15022,42,4,15,NA,NA,NA,NA,NA
hh_15023,30,31,NA,NA,NA,NA,NA,NA
hh_15024,55,56,NA,NA,NA,NA,NA,NA
hh_15025,36,37,2,NA,NA,NA,NA,NA
hh_15026,44,44,7,NA,NA,NA,NA,NA
hh_15027,24,26,5,7,NA,NA,NA,NA
hh_15028,53,NA,NA,NA,NA,NA,NA,NA
hh_15029,38,40,6,NA,NA,NA,NA,NA
hh_15030,38,50,4,NA,NA,NA,NA,NA
hh_15031,56,52,NA,NA,NA,NA,NA,NA
hh_15033,30,NA,NA,NA,NA,NA,NA,NA
hh_15034,35,25,6,13,NA,NA,NA,NA
hh_15073,3,54,52,NA,NA,NA,NA,NA
hh_15074,57,NA,NA,NA,NA,NA,NA,NA
hh_15075,34,33,15,NA,NA,NA,NA,NA
hh_15076,36,32,3,NA,NA,NA,NA,NA
hh_15077,53,57,NA,NA,NA,NA,NA,NA
hh_15078,29,27,3,NA,NA,NA,NA,NA
hh_15079,49,47,NA,NA,NA,NA,NA,NA
hh_15080,2,3,NA,NA,NA,NA,NA,NA
hh_15081,28,35,2,NA,NA,NA,NA,NA
hh_15082,47,51,18,8,NA,NA,NA,NA
hh_15083,43,46,NA,NA,NA,NA,NA,NA
hh_15084,29,26,14,NA,NA,NA,NA,NA
hh_15085,54,64,NA,NA,NA,NA,NA,NA
hh_15086,35,36,NA,NA,NA,NA,NA,NA
hh_15087,49,43,6,NA,NA,NA,NA,NA
hh_15088,58,53,18,NA,NA,NA,NA,NA
hh_15089,49,9,NA,NA,NA,NA,NA,NA
hh_15090,27,4,31,NA,NA,NA,NA,NA
hh_15091,44,NA,NA,NA,NA,NA,NA,NA
hh_15092,54,58,NA,NA,NA,NA,NA,NA
hh_15093,50,NA,NA,NA,NA,NA,NA,NA
hh_15094,53,54,12,13,NA,NA,NA,NA
hh_15095,36,6,36,NA,NA,NA,NA,NA
hh_15096,40,41,NA,NA,NA,NA,NA,NA
hh_15097,32,27,2,NA,NA,NA,NA,NA
hh_15098,46,42,19,NA,NA,NA,NA,NA
hh_15099,44,53,21,18,NA,NA,NA,NA
hh_15100,44,41,7,NA,NA,NA,NA,NA
hh_15101,22,27,NA,NA,NA,NA,NA,NA
hh_15102,35,36,7,NA,NA,NA,NA,NA
hh_15103,66,61,32,30,NA,NA,NA,NA
hh_15104,40,40,NA,NA,NA,NA,NA,NA
hh_15105,5,2,39,NA,NA,NA,NA,NA
hh_15106,59,44,NA,NA,NA,NA,NA,NA
hh_15107,38,36,6,NA,NA,NA,NA,NA
hh_15108,22,19,10,10,NA,NA,NA,NA
hh_15109,35,30,NA,NA,NA,NA,NA,NA
hh_15110,3,41,NA,NA,NA,NA,NA,NA
hh_15111,35,30,57,NA,NA,NA,NA,NA
hh_15112,2,37,NA,NA,NA,NA,NA,NA
hh_15113,5,40,17,NA,NA,NA,NA,NA
hh_15114,24,NA,NA,NA,NA,NA,NA,NA
hh_15115,25,26,13,NA,NA,NA,NA,NA
hh_15116,43,48,17,NA,NA,NA,NA,NA
hh_15117,39,36,NA,NA,NA,NA,NA,NA
hh_15118,45,40,16,NA,NA,NA,NA,NA
hh_15119,38,35,12,NA,NA,NA,NA,NA
hh_15120,25,27,41,2,NA,NA,NA,NA
hh_15121,34,33,NA,NA,NA,NA,NA,NA
hh_15122,34,34,NA,NA,NA,NA,NA,NA
hh_15123,49,58,NA,NA,NA,NA,NA,NA
hh_15124,41,47,19,17,13,6,NA,NA
hh_15125,26,30,3,8,NA,NA,NA,NA
hh_15126,50,41,17,8,7,15,NA,NA
hh_15127,41,45,NA,NA,NA,NA,NA,NA
hh_15128,23,21,NA,NA,NA,NA,NA,NA
hh_15129,40,12,17,NA,NA,NA,NA,NA
hh_15130,42,50,NA,NA,NA,NA,NA,NA
hh_15131,32,29,3,NA,NA,NA,NA,NA
hh_15132,47,37,14,NA,NA,NA,NA,NA
hh_15133,35,38,NA,NA,NA,NA,NA,NA
hh_15134,43,51,14,12,NA,NA,NA,NA
hh_15135,25,26,1,NA,NA,NA,NA,NA
hh_15136,51,55,NA,NA,NA,NA,NA,NA
hh_15137,30,32,NA,NA,NA,NA,NA,NA
hh_15138,44,NA,NA,NA,NA,NA,NA,NA
hh_15139,48,47,NA,NA,NA,NA,NA,NA
hh_15140,49,48,17,NA,NA,NA,NA,NA
hh_15141,36,48,2,7,NA,NA,NA,NA
hh_15142,27,26,3,5,NA,NA,NA,NA
hh_15143,28,38,NA,NA,NA,NA,NA,NA
hh_15144,28,30,NA,NA,NA,NA,NA,NA
hh_15145,44,40,9,NA,NA,NA,NA,NA
hh_15146,32,34,24,NA,NA,NA,NA,NA
hh_15147,14,46,5,NA,NA,NA,NA,NA
hh_15148,31,8,NA,NA,NA,NA,NA,NA
hh_15149,38,41,3,NA,NA,NA,NA,NA
hh_15150,34,31,NA,NA,NA,NA,NA,NA
hh_15151,37,36,2,7,NA,NA,NA,NA
hh_15152,46,NA,NA,NA,NA,NA,NA,NA
hh_15153,55,45,14,NA,NA,NA,NA,NA
hh_15154,55,5,NA,NA,NA,NA,NA,NA
hh_15155,15,36,41,NA,8,NA,NA,NA
hh_15156,45,44,NA,NA,NA,NA,NA,NA
hh_15157,33,31,NA,NA,NA,NA,NA,NA
hh_15158,46,49,25,23,21,NA,NA,NA
hh_15159,48,49,18,NA,NA,NA,NA,NA
hh_15160,42,34,17,13,13,NA,NA,NA
hh_15161,62,15,NA,NA,NA,NA,NA,NA
hh_15162,46,46,NA,NA,NA,NA,NA,NA
hh_15163,35,34,8,NA,NA,NA,NA,NA
hh_15164,41,41,3,NA,NA,NA,NA,NA
hh_15165,56,46,18,19,16,NA,NA,NA
hh_15166,6,NA,35,37,NA,NA,NA,NA
hh_15167,46,42,15,NA,NA,NA,NA,NA
hh_15168,55,52,21,23,NA,NA,NA,NA
hh_15169,39,32,13,8,6,NA,NA,NA
hh_15170,64,50,8,17,NA,NA,NA,NA
hh_15171,35,32,7,NA,NA,NA,NA,NA
hh_15172,43,12,NA,NA,NA,NA,NA,NA
hh_15173,56,58,NA,NA,NA,NA,NA,NA
hh_15174,40,42,6,3,NA,NA,NA,NA
hh_15175,50,33,NA,9,NA,NA,NA,NA
hh_15176,46,14,NA,NA,NA,NA,NA,NA
hh_15177,35,31,5,9,NA,NA,NA,NA
hh_15178,43,44,9,NA,NA,NA,NA,NA
hh_15179,35,NA,NA,NA,NA,NA,NA,NA
hh_15180,31,31,2,NA,NA,NA,NA,NA
hh_15181,1,28,36,NA,NA,NA,NA,NA
hh_15182,44,43,17,NA,NA,NA,NA,NA
hh_15183,31,NA,NA,NA,NA,NA,NA,NA
hh_15184,45,14,NA,NA,NA,NA,NA,NA
hh_15185,55,50,NA,NA,NA,NA,NA,NA
hh_15186,27,27,NA,NA,NA,NA,NA,NA
hh_15187,43,38,4,2,NA,NA,NA,NA
hh_15189,50,46,17,NA,NA,NA,NA,NA
hh_15190,58,52,18,NA,NA,NA,NA,NA
hh_15191,48,47,8,7,NA,NA,NA,NA
hh_15192,51,55,20,NA,NA,NA,NA,NA
hh_15193,46,40,20,25,NA,NA,NA,NA
hh_15194,42,41,5,11,NA,NA,NA,NA
hh_15195,31,36,1,NA,NA,NA,NA,NA
hh_15196,37,40,13,15,NA,NA,NA,NA
hh_15197,42,43,11,NA,NA,NA,NA,NA
hh_15198,40,38,NA,NA,NA,NA,NA,NA
hh_15199,38,40,NA,NA,NA,NA,NA,NA
hh_15200,41,34,2,NA,NA,NA,NA,NA
hh_15201,44,42,5,10,NA,NA,NA,NA
hh_15202,29,30,7,3,NA,NA,NA,NA
hh_15203,10,12,NA,NA,NA,NA,NA,NA
hh_15204,12,14,43,NA,NA,NA,NA,NA
hh_15205,31,33,3,NA,NA,NA,NA,NA
hh_15206,50,29,NA,NA,NA,NA,NA,NA
hh_15207,10,34,38,NA,NA,NA,NA,NA
hh_15208,43,27,NA,NA,NA,NA,NA,NA
hh_15209,42,35,8,NA,NA,NA,NA,NA
hh_15210,39,23,18,NA,NA,NA,NA,NA
hh_15211,49,50,NA,NA,NA,NA,NA,NA
hh_15212,49,NA,NA,NA,NA,NA,NA,NA
hh_15213,45,37,NA,NA,NA,NA,NA,NA
hh_15214,48,40,17,13,NA,NA,NA,NA
hh_15215,20,2,NA,NA,NA,NA,NA,NA
hh_15216,44,53,10,NA,NA,NA,NA,NA
hh_15217,16,15,14,5,10,7,NA,NA
hh_15218,8,47,NA,NA,NA,NA,NA,NA
hh_15219,55,40,13,10,NA,NA,NA,NA
hh_15220,41,NA,NA,NA,NA,NA,NA,NA
hh_15221,29,32,13,NA,NA,NA,NA,NA
hh_15222,2,36,31,NA,NA,NA,NA,NA
hh_15223,12,12,17,NA,NA,NA,NA,NA
hh_15224,36,30,2,NA,NA,NA,NA,NA
hh_15225,45,NA,NA,NA,NA,NA,NA,NA
hh_15226,39,6,42,NA,NA,NA,NA,NA
hh_15227,53,39,11,NA,NA,NA,NA,NA
hh_15228,35,40,7,NA,NA,NA,NA,NA
hh_15229,61,54,NA,NA,NA,NA,NA,NA
hh_15230,4,37,NA,NA,NA,NA,NA,NA
hh_15231,39,38,NA,NA,NA,NA,NA,NA
hh_15232,2,28,NA,NA,NA,NA,NA,NA
hh_15233,38,41,NA,NA,NA,NA,NA,NA
hh_15234,1,30,NA,NA,NA,NA,NA,NA
hh_15235,33,43,7,2,NA,NA,NA,NA
hh_15236,42,50,11,NA,NA,NA,NA,NA
hh_15237,39,39,10,6,5,10,NA,NA
hh_15238,2,NA,NA,NA,NA,NA,NA,NA
hh_15239,30,28,NA,NA,NA,NA,NA,NA
hh_15240,35,39,6,4,NA,NA,NA,NA
hh_15241,59,52,20,5,NA,NA,NA,NA
hh_15242,34,36,NA,NA,NA,NA,NA,NA
hh_15243,30,40,6,NA,NA,NA,NA,NA
hh_15244,56,50,86,85,9,NA,NA,NA
hh_15245,34,1,27,NA,NA,NA,NA,NA
hh_15246,39,45,NA,NA,NA,NA,NA,NA
hh_15247,42,10,15,NA,NA,NA,NA,NA
hh_15248,38,41,12,NA,NA,NA,NA,NA
hh_15249,7,24,24,6,NA,NA,NA,NA
hh_15250,2,25,23,60,52,27,NA,NA
hh_15251,54,49,22,21,NA,NA,NA,NA
hh_15252,36,5,2,40,NA,NA,NA,NA
hh_15253,26,1,30,NA,NA,NA,NA,NA
hh_15254,46,41,NA,NA,NA,NA,NA,NA
hh_15255,35,36,6,9,NA,NA,NA,NA
hh_15256,55,23,NA,NA,NA,NA,NA,NA
hh_15257,36,35,NA,NA,NA,NA,NA,NA
hh_15258,42,47,17,19,12,NA,NA,NA
hh_15259,34,38,41,NA,NA,NA,NA,NA
hh_15260,23,24,NA,NA,NA,NA,NA,NA
hh_15261,36,37,NA,NA,NA,NA,NA,NA
hh_15262,26,47,NA,NA,NA,NA,NA,NA
hh_15263,3,58,60,10,20,NA,NA,NA
hh_15264,31,31,NA,NA,NA,NA,NA,NA
hh_15265,32,31,NA,NA,NA,NA,NA,NA
hh_15266,3,NA,NA,NA,NA,NA,NA,NA
hh_15267,20,20,22,20,NA,NA,NA,NA
hh_15268,59,4,41,NA,NA,NA,NA,NA
hh_15269,43,46,15,NA,NA,NA,NA,NA
hh_15270,14,65,NA,NA,NA,NA,NA,NA
hh_15271,5,36,NA,NA,NA,NA,NA,NA
hh_15272,35,34,12,1,NA,NA,NA,NA
hh_15273,35,3,33,NA,NA,NA,NA,NA
hh_15274,41,41,NA,NA,NA,NA,NA,NA
hh_15275,6,45,NA,NA,NA,NA,NA,NA
hh_15276,47,NA,NA,NA,NA,NA,NA,NA
hh_15277,41,40,74,NA,NA,NA,NA,NA
hh_15278,26,26,21,NA,NA,NA,NA,NA
hh_15279,45,43,9,5,NA,NA,NA,NA
hh_15280,34,40,7,5,NA,NA,NA,NA
hh_15281,36,36,8,NA,NA,NA,NA,NA
hh_15282,36,38,17,6,NA,NA,NA,NA
hh_15283,32,29,4,NA,NA,NA,NA,NA
hh_15284,30,28,NA,NA,NA,NA,NA,NA
hh_15285,44,15,21,NA,NA,NA,NA,NA
hh_15286,41,51,NA,NA,NA,NA,NA,NA
hh_15287,46,38,16,NA,NA,NA,NA,NA
hh_15288,57,NA,NA,NA,NA,NA,NA,NA
hh_15289,32,5,NA,NA,NA,NA,NA,NA
hh_15290,31,35,9,NA,NA,NA,NA,NA
hh_15291,30,34,1,2,NA,NA,NA,NA
hh_15292,40,34,12,NA,NA,NA,NA,NA
hh_15293,65,25,NA,NA,NA,NA,NA,NA
hh_15294,29,32,NA,NA,NA,NA,NA,NA
hh_15295,26,6,26,NA,NA,NA,NA,NA
hh_15296,38,17,NA,NA,NA,NA,NA,NA
hh_15297,37,29,6,2,9,NA,NA,NA
hh_15298,50,47,19,13,NA,NA,NA,NA
hh_15299,42,41,NA,NA,NA,NA,NA,NA
hh_15300,50,48,15,11,9,NA,NA,NA
hh_15301,38,38,8,NA,NA,NA,NA,NA
hh_15302,26,34,58,2,NA,12,85,NA
hh_15303,27,32,NA,NA,NA,NA,NA,NA
hh_15304,40,37,14,NA,NA,NA,NA,NA
hh_15305,28,35,NA,NA,NA,NA,NA,NA
hh_15306,38,40,NA,NA,NA,NA,NA,NA
hh_15307,46,NA,NA,NA,NA,NA,NA,NA
hh_15308,43,40,18,NA,NA,NA,NA,NA
hh_15309,29,34,6,NA,NA,NA,NA,NA
hh_15310,45,NA,NA,NA,NA,NA,NA,NA
hh_15311,61,50,NA,NA,NA,NA,NA,NA
hh_15312,40,46,16,1,NA,NA,NA,NA
hh_15313,7,35,38,NA,NA,NA,NA,NA
hh_15314,53,NA,NA,NA,NA,NA,NA,NA
hh_15315,2,40,39,NA,NA,NA,NA,NA
hh_15316,38,38,8,NA,NA,NA,NA,NA
hh_15317,33,34,16,NA,NA,NA,NA,NA
hh_15318,33,50,NA,NA,NA,NA,NA,NA
hh_15319,32,32,NA,NA,NA,NA,NA,NA
hh_15320,3,38,NA,NA,NA,NA,NA,NA
hh_15321,40,34,10,NA,NA,NA,NA,NA
hh_15322,29,24,30,NA,NA,NA,NA,NA
hh_15323,32,33,NA,NA,NA,NA,NA,NA
hh_15324,32,31,20,NA,NA,NA,NA,NA
hh_15325,37,35,8,8,NA,NA,NA,NA
hh_15326,33,32,4,NA,NA,NA,NA,NA
hh_15327,42,43,NA,NA,NA,NA,NA,NA
hh_15328,36,53,12,17,NA,NA,NA,NA
hh_15329,38,34,9,NA,NA,NA,NA,NA
hh_15330,51,58,NA,NA,NA,NA,NA,NA
hh_15331,40,64,NA,NA,NA,NA,NA,NA
hh_15332,51,57,NA,NA,NA,NA,NA,NA
hh_15333,7,34,33,1,NA,NA,NA,NA
hh_15334,32,37,NA,NA,NA,NA,NA,NA
hh_15335,37,38,NA,NA,NA,NA,NA,NA
hh_15336,51,50,11,NA,NA,NA,NA,NA
hh_15337,48,49,10,NA,NA,NA,NA,NA
hh_15338,47,44,15,10,NA,NA,NA,NA
hh_15339,37,NA,NA,NA,NA,NA,NA,NA
hh_15340,36,40,NA,NA,NA,NA,NA,NA
hh_15341,36,50,NA,NA,NA,NA,NA,NA
hh_15342,28,28,NA,NA,NA,NA,NA,NA
hh_15343,41,38,24,7,NA,NA,NA,NA
hh_15344,34,32,24,11,8,NA,NA,NA
hh_15345,36,28,10,5,NA,NA,NA,NA
hh_15346,35,32,2,NA,NA,NA,NA,NA
hh_15347,31,33,9,4,NA,NA,NA,NA
hh_15348,38,12,NA,NA,NA,NA,NA,NA
hh_15349,40,17,NA,NA,NA,NA,NA,NA
hh_15350,35,NA,NA,NA,NA,NA,NA,NA
hh_15351,28,29,1,57,63,22,NA,NA
hh_15352,35,26,6,2,NA,NA,NA,NA
hh_15353,35,36,15,NA,NA,NA,NA,NA
hh_15354,42,42,9,NA,NA,NA,NA,NA
hh_15355,38,29,2,4,NA,NA,NA,NA
hh_15356,28,29,12,2,NA,NA,NA,NA
hh_15357,13,NA,NA,NA,NA,NA,NA,NA
hh_15358,41,16,14,NA,NA,NA,NA,NA
hh_15359,35,35,2,NA,NA,NA,NA,NA
hh_15360,29,28,6,NA,NA,NA,NA,NA
hh_15361,5,33,29,NA,NA,NA,NA,NA
hh_15362,5,5,NA,NA,NA,NA,NA,NA
hh_15363,46,20,53,NA,NA,NA,NA,NA
hh_15364,14,46,NA,NA,NA,NA,NA,NA
hh_15365,43,74,NA,NA,NA,NA,NA,NA
hh_15366,42,40,8,1,1,NA,NA,NA
hh_15367,49,NA,NA,NA,NA,NA,NA,NA
hh_15368,40,36,6,2,NA,NA,NA,NA
hh_15369,38,NA,NA,NA,NA,NA,NA,NA
hh_15370,46,50,8,NA,NA,NA,NA,NA
hh_15371,40,42,NA,NA,NA,NA,NA,NA
hh_15372,56,53,22,NA,NA,NA,NA,NA
hh_15373,50,16,52,NA,NA,NA,NA,NA
hh_15374,58,42,NA,NA,NA,NA,NA,NA
hh_15375,27,NA,27,NA,NA,NA,NA,NA
hh_15376,36,39,11,13,NA,NA,NA,NA
hh_15377,36,39,12,19,NA,NA,NA,NA
hh_15378,5,NA,NA,NA,NA,NA,NA,NA
hh_15379,53,61,21,18,NA,NA,NA,NA
hh_15380,52,50,17,NA,NA,NA,NA,NA
hh_15381,18,NA,NA,NA,NA,NA,NA,NA
hh_15382,28,32,NA,NA,NA,NA,NA,NA
hh_15383,42,44,6,NA,NA,NA,NA,NA
hh_15384,29,27,7,NA,NA,NA,NA,NA
hh_15385,30,27,4,78,NA,NA,NA,NA
hh_15386,6,8,2,4,31,NA,NA,NA
hh_15387,58,NA,NA,NA,NA,NA,NA,NA
hh_15388,29,25,NA,NA,NA,NA,NA,NA
hh_15389,26,29,3,NA,NA,NA,NA,NA
hh_15390,53,51,5,5,NA,NA,NA,NA
hh_15391,36,40,14,NA,NA,NA,NA,NA
hh_15392,30,28,8,4,2,NA,NA,NA
hh_15393,59,48,NA,NA,NA,NA,NA,NA
hh_15394,37,35,8,NA,NA,NA,NA,NA
hh_15395,12,15,NA,NA,NA,NA,NA,NA
hh_15396,25,27,NA,NA,NA,NA,NA,NA
hh_15397,66,61,NA,NA,NA,NA,NA,NA
hh_15398,8,28,1,NA,NA,NA,NA,NA
hh_15399,5,36,37,NA,NA,NA,NA,NA
hh_15400,44,43,10,NA,NA,NA,NA,NA
hh_15401,32,35,2,NA,NA,NA,NA,NA
hh_15402,10,16,5,NA,NA,NA,NA,NA
hh_15403,2,31,29,NA,NA,NA,NA,NA
hh_15404,40,39,NA,NA,NA,NA,NA,NA
hh_15405,53,53,NA,NA,NA,NA,NA,NA
hh_15406,26,27,3,NA,NA,NA,NA,NA
hh_15407,35,37,NA,NA,NA,NA,NA,NA
hh_15408,36,36,NA,NA,NA,NA,NA,NA
hh_15409,47,51,10,NA,NA,NA,NA,NA
hh_15410,3,38,NA,NA,NA,NA,NA,NA
hh_15411,53,47,13,17,NA,NA,NA,NA
hh_15412,45,60,NA,NA,NA,NA,NA,NA
hh_15413,39,40,10,NA,NA,NA,NA,NA
hh_15414,4,1,15,35,NA,NA,NA,NA
hh_15415,39,39,5,NA,NA,NA,NA,NA
hh_15416,9,7,6,NA,NA,NA,NA,NA
hh_15417,30,35,4,NA,NA,NA,NA,NA
hh_15418,29,32,NA,NA,NA,NA,NA,NA
hh_15419,29,27,5,3,NA,NA,NA,NA
hh_15420,55,44,8,NA,NA,NA,NA,NA
hh_15421,21,4,4,NA,NA,NA,NA,NA
hh_15422,38,40,7,NA,NA,NA,NA,NA
hh_15423,30,25,5,NA,NA,NA,NA,NA
hh_15424,NA,28,30,NA,NA,NA,NA,NA
hh_15425,31,7,NA,29,NA,NA,NA,NA
hh_15426,29,30,4,NA,NA,NA,NA,NA
hh_15427,39,34,6,NA,NA,NA,NA,NA
hh_15428,46,46,15,NA,NA,NA,NA,NA
hh_15429,20,31,NA,NA,NA,NA,NA,NA
hh_15430,30,28,7,NA,NA,NA,NA,NA
hh_15431,17,NA,NA,NA,NA,NA,NA,NA
hh_15432,32,4,2,NA,NA,NA,NA,NA
hh_15433,60,25,NA,NA,NA,NA,NA,NA
hh_15434,22,NA,NA,NA,NA,NA,NA,NA
hh_15435,33,36,3,5,NA,NA,NA,NA
hh_15436,17,1,40,NA,NA,NA,NA,NA
hh_15437,40,38,NA,NA,NA,NA,NA,NA
hh_15438,24,25,NA,75,NA,NA,NA,NA
hh_15439,54,25,NA,NA,NA,NA,NA,NA
hh_15440,52,57,19,NA,NA,NA,NA,NA
hh_15441,34,30,33,28,29,26,36,33
hh_15442,29,32,3,NA,NA,NA,NA,NA
hh_15443,39,37,NA,NA,NA,NA,NA,NA
hh_15444,35,40,18,NA,NA,NA,NA,NA
hh_15445,7,29,34,6,NA,NA,NA,NA
hh_15446,39,42,2,NA,NA,NA,NA,NA
hh_15447,35,37,NA,NA,NA,NA,NA,NA
hh_15448,42,43,4,NA,NA,NA,NA,NA
hh_15449,34,31,NA,NA,NA,NA,NA,NA
hh_15450,49,50,NA,NA,NA,NA,NA,NA
hh_15451,38,40,5,NA,NA,NA,NA,NA
hh_15452,28,4,2,NA,NA,NA,NA,NA
hh_15453,53,59,NA,NA,NA,NA,NA,NA
hh_15454,39,45,NA,NA,NA,NA,NA,NA
hh_15455,3,10,NA,NA,NA,NA,NA,NA
hh_15456,60,55,25,20,NA,NA,NA,NA
hh_15457,33,30,NA,NA,NA,NA,NA,NA
hh_15458,6,28,NA,NA,NA,NA,NA,NA
hh_15459,43,59,8,NA,NA,NA,NA,NA
hh_15460,50,17,14,NA,NA,NA,NA,NA
hh_15461,36,7,NA,NA,NA,NA,NA,NA
hh_15462,35,32,NA,NA,NA,NA,NA,NA
hh_15463,43,43,12,7,NA,NA,NA,NA
hh_15464,46,44,6,NA,NA,NA,NA,NA
hh_15465,5,32,30,NA,NA,NA,NA,NA
hh_15466,36,37,3,NA,NA,NA,NA,NA
hh_15467,64,39,NA,NA,NA,NA,NA,NA
hh_15468,15,8,16,12,12,NA,NA,NA
hh_15469,49,45,NA,NA,NA,NA,NA,NA
hh_15470,57,65,NA,NA,NA,NA,NA,NA
hh_15471,42,50,10,NA,NA,NA,NA,NA
hh_15472,7,32,32,NA,NA,NA,NA,NA
hh_15473,35,33,NA,NA,NA,NA,NA,NA
hh_15474,51,46,11,7,NA,NA,NA,NA
hh_15475,26,NA,NA,NA,NA,NA,NA,NA
hh_15476,40,51,NA,NA,NA,NA,NA,NA
hh_15477,70,68,48,35,17,NA,NA,NA
hh_15478,45,41,4,NA,NA,NA,NA,NA
hh_15479,15,29,16,NA,NA,NA,NA,NA
hh_15480,30,NA,NA,NA,NA,NA,NA,NA
hh_15481,36,39,11,13,NA,NA,NA,NA
hh_15482,38,34,9,NA,NA,NA,NA,NA
hh_15483,41,43,10,17,NA,NA,NA,NA
hh_15484,34,48,NA,NA,NA,NA,NA,NA
hh_15485,43,21,8,NA,NA,NA,NA,NA
hh_15486,27,24,NA,NA,NA,NA,NA,NA
hh_15487,38,50,17,7,8,NA,NA,NA
hh_15488,6,29,28,4,2,NA,NA,NA
hh_15489,38,38,30,NA,NA,NA,NA,NA
hh_15490,46,46,7,NA,NA,NA,NA,NA
hh_15491,44,43,24,15,13,NA,NA,NA
hh_15492,33,33,4,4,NA,NA,NA,NA
hh_15493,28,4,2,NA,NA,NA,NA,NA
hh_15494,40,35,1,NA,NA,NA,NA,NA
hh_15495,47,47,14,8,NA,NA,NA,NA
hh_15496,29,27,5,NA,NA,NA,NA,NA
hh_15497,30,37,4,NA,NA,NA,NA,NA
hh_15498,48,NA,NA,NA,NA,NA,NA,NA
hh_15499,38,4,9,NA,NA,NA,NA,NA
hh_15500,33,33,NA,NA,NA,NA,NA,NA
hh_15501,29,NA,NA,NA,NA,NA,NA,NA
hh_15502,38,26,NA,NA,NA,NA,NA,NA
hh_15503,26,24,NA,NA,NA,NA,NA,NA
hh_15504,43,41,5,NA,NA,NA,NA,NA
hh_15505,40,31,1,NA,NA,NA,NA,NA
hh_15506,58,66,NA,NA,NA,NA,NA,NA
hh_15507,34,37,8,NA,NA,NA,NA,NA
hh_15508,32,27,65,NA,NA,NA,NA,NA
hh_15509,34,34,14,4,NA,NA,NA,NA
hh_15510,35,40,7,5,5,NA,NA,NA
hh_15511,28,25,NA,NA,NA,NA,NA,NA
hh_15512,29,27,9,NA,NA,NA,NA,NA
hh_15513,36,49,14,NA,NA,NA,NA,NA
hh_15514,55,49,NA,NA,NA,NA,NA,NA
hh_15515,29,25,3,NA,NA,NA,NA,NA
hh_15516,35,34,9,NA,NA,NA,NA,NA
hh_15517,30,28,NA,NA,NA,NA,NA,NA
hh_15518,45,35,17,NA,NA,NA,NA,NA
hh_15519,57,33,37,5,NA,NA,NA,NA
hh_15520,45,41,8,NA,NA,NA,NA,NA
hh_15521,4,NA,NA,NA,NA,NA,NA,NA
hh_15522,38,NA,NA,NA,NA,NA,NA,NA
hh_15523,29,29,NA,NA,NA,NA,NA,NA
hh_15524,22,29,NA,NA,NA,NA,NA,NA
hh_15525,35,40,8,13,14,NA,NA,NA
hh_15526,29,32,NA,NA,NA,NA,NA,NA
hh_15527,48,48,1,NA,NA,NA,NA,NA
hh_15528,37,29,18,10,10,NA,NA,NA
hh_15529,51,54,NA,NA,NA,NA,NA,NA
hh_15530,35,35,NA,NA,NA,NA,NA,NA
hh_15531,56,50,NA,NA,NA,NA,NA,NA
hh_15532,37,44,67,NA,NA,NA,NA,NA
hh_15533,54,57,95,NA,NA,NA,NA,NA
hh_15534,31,29,NA,NA,NA,NA,NA,NA
hh_15535,37,35,12,7,NA,NA,NA,NA
hh_15536,40,18,NA,NA,NA,NA,NA,NA
hh_15537,25,27,NA,NA,NA,NA,NA,NA
hh_15538,33,34,13,NA,NA,NA,NA,NA
hh_15539,31,31,NA,NA,NA,NA,NA,NA
hh_15540,80,84,21,NA,NA,NA,NA,NA
hh_15541,41,51,NA,NA,NA,NA,NA,NA
hh_15542,40,32,6,NA,NA,NA,NA,NA
hh_15543,41,39,8,6,NA,NA,NA,NA
hh_15544,26,29,55,NA,NA,NA,NA,NA
hh_15545,48,41,NA,NA,NA,NA,NA,NA
hh_15546,56,57,23,NA,NA,NA,NA,NA
hh_15547,5,3,38,33,NA,NA,NA,NA
hh_15548,37,36,15,NA,NA,NA,NA,NA
hh_15549,37,4,41,NA,NA,NA,NA,NA
hh_15550,56,50,NA,NA,NA,NA,NA,NA
hh_15551,33,33,14,NA,NA,NA,NA,NA
hh_15552,42,42,11,37,NA,NA,NA,NA
hh_15553,27,25,4,6,NA,NA,NA,NA
hh_15554,40,39,4,NA,NA,NA,NA,NA
hh_15555,25,24,4,NA,NA,NA,NA,NA
hh_15556,42,40,NA,NA,NA,NA,NA,NA
hh_15557,41,43,NA,NA,NA,NA,NA,NA
hh_15558,32,35,8,NA,NA,NA,NA,NA
hh_15559,46,48,12,NA,NA,NA,NA,NA
hh_15560,20,32,NA,NA,NA,NA,NA,NA
hh_15561,34,43,NA,NA,NA,NA,NA,NA
hh_15562,30,34,NA,NA,NA,NA,NA,NA
hh_15563,35,37,10,NA,NA,NA,NA,NA
hh_15564,50,48,23,NA,NA,NA,NA,NA
hh_15565,37,33,64,NA,NA,NA,NA,NA
hh_15566,35,38,NA,NA,NA,NA,NA,NA
hh_15567,45,NA,NA,NA,NA,NA,NA,NA
hh_15568,35,33,1,NA,NA,NA,NA,NA
hh_15569,46,56,NA,NA,NA,NA,NA,NA
hh_15570,54,51,NA,NA,NA,NA,NA,NA
hh_15571,13,13,NA,NA,NA,NA,NA,NA
hh_15572,36,33,NA,NA,NA,NA,NA,NA
hh_15573,42,51,NA,NA,NA,NA,NA,NA
hh_15574,37,44,1,NA,NA,NA,NA,NA
hh_15575,45,40,15,14,NA,NA,NA,NA
hh_15576,36,36,11,8,NA,NA,NA,NA
hh_15577,4,29,27,NA,NA,NA,NA,NA
hh_15578,43,44,NA,NA,NA,NA,NA,NA
hh_15579,38,33,10,70,NA,NA,NA,NA
hh_15580,14,8,30,40,NA,NA,NA,NA
hh_15581,48,48,11,NA,NA,NA,NA,NA
hh_15582,37,36,6,8,NA,NA,NA,NA
hh_15583,38,38,8,NA,NA,NA,NA,NA
hh_15584,30,NA,NA,NA,NA,NA,NA,NA
hh_15585,55,NA,NA,NA,NA,NA,NA,NA
hh_15586,33,NA,NA,NA,NA,NA,NA,NA
hh_15587,35,27,NA,NA,NA,NA,NA,NA
hh_15588,28,30,31,NA,NA,NA,NA,NA
hh_15589,35,38,4,2,NA,NA,NA,NA
hh_15590,49,NA,NA,NA,NA,NA,NA,NA
hh_15591,43,43,24,2,16,NA,NA,NA
hh_15592,53,50,NA,NA,NA,NA,NA,NA
hh_15593,49,36,5,NA,NA,NA,NA,NA
hh_15594,33,7,27,NA,NA,NA,NA,NA
hh_15595,23,4,NA,NA,NA,NA,NA,NA
hh_15596,27,28,5,7,NA,NA,NA,NA
hh_15597,43,33,6,NA,NA,NA,NA,NA
hh_15598,10,5,41,43,13,NA,NA,NA
hh_15599,39,39,NA,NA,NA,NA,NA,NA
hh_15600,43,62,14,NA,NA,NA,NA,NA
hh_15601,41,35,11,NA,NA,NA,NA,NA
hh_15602,40,16,NA,NA,NA,NA,NA,NA
hh_15603,47,42,7,NA,NA,NA,NA,NA
hh_15604,24,31,3,NA,NA,NA,NA,NA
hh_15605,6,4,NA,32,34,NA,NA,NA
hh_15606,27,NA,NA,NA,NA,NA,NA,NA
hh_15607,35,33,13,8,NA,NA,NA,NA
hh_15608,45,43,3,NA,NA,NA,NA,NA
hh_15609,33,41,10,9,NA,NA,NA,NA
hh_15610,4,1,29,NA,NA,NA,NA,NA
hh_15611,NA,48,35,NA,NA,NA,NA,NA
hh_15612,12,35,NA,NA,NA,NA,NA,NA
hh_15613,25,25,NA,NA,NA,NA,NA,NA
hh_15614,24,2,1,NA,NA,NA,NA,NA
hh_15615,38,42,3,NA,NA,NA,NA,NA
hh_15616,35,30,14,10,NA,NA,NA,NA
hh_15617,45,48,16,NA,NA,NA,NA,NA
hh_15618,48,44,NA,NA,NA,NA,NA,NA
hh_15619,39,41,7,NA,NA,NA,NA,NA
hh_15620,29,6,NA,NA,NA,NA,NA,NA
hh_15621,39,11,NA,NA,NA,NA,NA,NA
hh_15622,49,NA,NA,NA,NA,NA,NA,NA
hh_15623,35,31,NA,NA,NA,NA,NA,NA
hh_15624,48,59,NA,NA,NA,NA,NA,NA
hh_15625,48,40,5,NA,NA,NA,NA,NA
hh_15626,70,39,17,11,NA,NA,NA,NA
hh_15627,27,25,5,NA,NA,NA,NA,NA
hh_15628,30,28,NA,NA,NA,NA,NA,NA
hh_15629,30,NA,NA,NA,NA,NA,NA,NA
hh_15630,26,28,NA,NA,NA,NA,NA,NA
hh_15631,5,5,29,NA,NA,NA,NA,NA
hh_15632,40,41,NA,NA,NA,NA,NA,NA
hh_15633,45,NA,NA,NA,NA,NA,NA,NA
hh_15634,40,35,15,13,7,4,NA,NA
hh_15635,4,36,36,NA,NA,NA,NA,NA
hh_15636,15,43,2,42,NA,NA,NA,NA
hh_15637,35,34,10,NA,NA,NA,NA,NA
hh_15638,36,20,NA,NA,NA,NA,NA,NA
hh_15639,34,33,7,5,NA,NA,NA,NA
hh_15640,29,25,4,NA,NA,NA,NA,NA
hh_15641,34,30,4,NA,NA,NA,NA,NA
hh_15642,28,38,2,NA,NA,NA,NA,NA
hh_15643,39,NA,NA,NA,NA,NA,NA,NA
hh_15644,22,7,21,3,NA,NA,NA,NA
hh_15645,5,41,38,NA,NA,NA,NA,NA
hh_15646,54,21,18,NA,NA,NA,NA,NA
hh_15647,43,41,5,NA,NA,NA,NA,NA
hh_15648,35,38,30,NA,NA,NA,NA,NA
hh_15649,6,6,35,NA,NA,NA,NA,NA
hh_15650,23,28,NA,NA,NA,NA,NA,NA
hh_15651,49,49,NA,NA,NA,NA,NA,NA
hh_15652,32,33,NA,NA,NA,NA,NA,NA
hh_15653,4,NA,NA,NA,NA,NA,NA,NA
hh_15654,52,19,25,NA,NA,NA,NA,NA
hh_15655,18,30,NA,NA,NA,NA,NA,NA
hh_15656,35,45,14,17,NA,NA,NA,NA
hh_15657,48,45,9,NA,NA,NA,NA,NA
hh_15658,41,41,NA,NA,NA,NA,NA,NA
hh_15659,45,45,18,NA,NA,NA,NA,NA
hh_15660,59,NA,NA,NA,NA,NA,NA,NA
hh_15661,41,51,13,NA,NA,NA,NA,NA
hh_15662,45,NA,NA,NA,NA,NA,NA,NA
hh_15663,59,52,20,5,NA,NA,NA,NA
hh_15664,40,32,3,NA,NA,NA,NA,NA
hh_15665,19,23,NA,NA,NA,NA,NA,NA
hh_15666,34,37,NA,NA,NA,NA,NA,NA
hh_15667,44,44,19,NA,NA,NA,NA,NA
hh_15668,34,34,NA,NA,NA,NA,NA,NA
hh_15669,45,20,NA,NA,NA,NA,NA,NA
hh_15670,32,33,NA,NA,NA,NA,NA,NA
hh_15671,44,48,8,8,NA,NA,NA,NA
hh_15672,32,2,2,NA,NA,NA,NA,NA
hh_15673,26,20,9,48,25,28,40,NA
hh_15674,8,5,NA,NA,NA,NA,NA,NA
hh_15675,7,37,39,NA,NA,NA,NA,NA
hh_15676,30,39,NA,NA,NA,NA,NA,NA
hh_15677,30,33,13,NA,NA,NA,NA,NA
hh_15678,37,11,7,NA,NA,NA,NA,NA
hh_15679,6,31,31,NA,NA,NA,NA,NA
hh_15680,51,NA,NA,NA,NA,NA,NA,NA
hh_15681,44,45,7,NA,NA,NA,NA,NA
hh_15682,53,50,NA,NA,NA,NA,NA,NA
hh_15683,21,21,24,22,NA,NA,NA,NA
hh_15684,18,15,46,NA,NA,NA,NA,NA
hh_15685,44,40,15,11,NA,NA,NA,NA
hh_15686,44,41,NA,NA,NA,NA,NA,NA
hh_15687,35,32,13,10,5,NA,NA,NA
hh_15688,47,45,12,29,NA,NA,NA,NA
hh_15689,29,28,NA,NA,NA,NA,NA,NA
hh_15690,35,11,NA,NA,NA,NA,NA,NA
hh_15692,56,NA,NA,NA,NA,NA,NA,NA
hh_15693,60,11,NA,NA,NA,NA,NA,NA
hh_15694,30,34,8,5,2,NA,NA,NA
hh_15695,39,15,NA,NA,NA,NA,NA,NA
hh_15696,28,29,NA,NA,NA,NA,NA,NA
hh_15697,35,28,2,NA,NA,NA,NA,NA
hh_15698,46,47,16,NA,NA,NA,NA,NA
hh_15699,47,45,19,18,NA,NA,NA,NA
hh_15700,30,NA,NA,NA,NA,NA,NA,NA
hh_15701,41,NA,NA,NA,NA,NA,NA,NA
hh_15703,42,41,6,NA,NA,NA,NA,NA
hh_15704,24,31,3,NA,NA,NA,NA,NA
hh_15705,30,14,11,7,NA,NA,NA,NA
hh_15706,49,50,21,NA,NA,NA,NA,NA
hh_15707,49,36,5,NA,NA,NA,NA,NA
hh_15708,30,25,8,4,2,NA,NA,NA
hh_15709,47,46,13,NA,NA,NA,NA,NA
hh_15710,35,34,NA,NA,NA,NA,NA,NA
hh_15711,30,27,1,NA,NA,NA,NA,NA
hh_15712,31,NA,NA,NA,NA,NA,NA,NA
hh_15714,10,18,42,NA,NA,NA,NA,NA
hh_15715,30,28,6,8,NA,NA,NA,NA
hh_15716,27,36,3,NA,NA,NA,NA,NA
hh_15717,27,30,2,1,NA,NA,NA,NA
hh_15718,40,32,10,8,2,NA,NA,NA
hh_15719,54,55,40,NA,NA,NA,NA,NA
hh_15720,36,27,1,53,NA,NA,NA,NA
hh_15721,42,25,36,8,NA,NA,NA,NA
hh_15722,25,41,NA,NA,NA,NA,NA,NA
hh_15723,28,1,NA,NA,NA,NA,NA,NA
hh_15725,14,44,40,NA,NA,NA,NA,NA
hh_15726,52,54,NA,NA,NA,NA,NA,NA
hh_15727,51,47,NA,NA,NA,NA,NA,NA
hh_15728,53,53,23,20,NA,NA,NA,NA
hh_15729,35,42,NA,NA,NA,NA,NA,NA
hh_15730,31,32,4,NA,NA,NA,NA,NA
hh_15731,36,35,NA,NA,NA,NA,NA,NA
hh_15732,9,6,34,NA,NA,NA,NA,NA
hh_15733,29,35,NA,NA,NA,NA,NA,NA
hh_15734,50,41,19,NA,NA,NA,NA,NA
hh_15736,1,37,41,3,NA,NA,NA,NA
hh_15737,60,50,14,NA,NA,NA,NA,NA
hh_15738,44,5,NA,NA,NA,NA,NA,NA
hh_15739,30,35,3,NA,NA,NA,NA,NA
hh_15740,33,38,NA,NA,NA,NA,NA,NA
hh_15741,37,34,8,3,1,NA,NA,NA
hh_15742,45,NA,NA,NA,NA,NA,NA,NA
hh_15743,12,36,40,NA,NA,NA,NA,NA
hh_15744,38,47,75,75,NA,NA,NA,NA
hh_15745,28,30,4,NA,NA,NA,NA,NA
hh_15747,30,44,5,NA,NA,NA,NA,NA
hh_15748,52,53,12,8,NA,NA,NA,NA
hh_15749,35,37,11,NA,NA,NA,NA,NA
hh_15750,44,8,NA,NA,NA,NA,NA,NA
hh_15751,34,41,NA,NA,NA,NA,NA,NA
hh_15752,36,32,NA,NA,NA,NA,NA,NA
hh_15753,33,40,NA,NA,NA,NA,NA,NA
hh_15754,34,30,5,NA,NA,NA,NA,NA
hh_15755,39,33,6,2,NA,NA,NA,NA
hh_15776,2,42,54,11,NA,NA,NA,NA
hh_15777,27,10,24,NA,NA,NA,NA,NA
hh_15778,40,20,18,NA,NA,NA,NA,NA
hh_15779,30,25,8,5,2,NA,NA,NA
hh_15780,40,48,8,10,NA,NA,NA,NA
hh_15781,56,53,16,NA,NA,NA,NA,NA
hh_15782,42,NA,NA,NA,NA,NA,NA,NA
hh_15783,19,41,47,NA,NA,NA,NA,NA
hh_15784,34,35,8,3,NA,NA,NA,NA
hh_15785,29,30,NA,NA,NA,NA,NA,NA
hh_15786,42,56,10,NA,NA,NA,NA,NA
hh_15787,25,2,1,NA,NA,NA,NA,NA
hh_15788,32,32,NA,NA,NA,NA,NA,NA
hh_15789,28,30,4,NA,NA,NA,NA,NA
hh_15790,50,43,23,NA,NA,NA,NA,NA
hh_15791,30,29,3,NA,NA,NA,NA,NA
hh_15792,31,30,6,NA,NA,NA,NA,NA
hh_15793,26,26,NA,NA,NA,NA,NA,NA
hh_15794,7,27,34,NA,NA,NA,NA,NA
hh_15795,44,35,NA,NA,NA,NA,NA,NA
hh_15796,34,32,17,NA,NA,NA,NA,NA
hh_15797,54,47,11,NA,NA,NA,NA,NA
hh_15798,37,42,14,9,7,NA,NA,NA
hh_15799,37,28,NA,NA,NA,NA,NA,NA
hh_15800,6,8,11,NA,NA,NA,NA,NA
hh_15801,32,36,6,3,NA,NA,NA,NA
hh_15802,24,5,3,NA,NA,NA,NA,NA
hh_15803,50,50,NA,NA,NA,NA,NA,NA
hh_15804,3,NA,31,NA,NA,NA,NA,NA
hh_15805,39,37,7,NA,NA,NA,NA,NA
hh_15806,26,27,NA,NA,NA,NA,NA,NA
hh_15807,46,41,12,8,NA,NA,NA,NA
hh_15808,32,25,32,NA,NA,NA,NA,NA
hh_15809,51,50,24,NA,NA,NA,NA,NA
hh_15810,44,42,16,NA,NA,NA,NA,NA
hh_15811,36,31,NA,NA,NA,NA,NA,NA
hh_15812,41,37,13,NA,NA,NA,NA,NA
hh_15813,35,34,NA,NA,NA,NA,NA,NA
hh_15814,41,46,63,NA,NA,NA,NA,NA
hh_15815,43,43,25,21,7,NA,NA,NA
hh_15816,27,25,5,NA,NA,NA,NA,NA
hh_15817,34,34,4,NA,NA,NA,NA,NA
hh_15818,25,2,NA,NA,NA,NA,NA,NA
hh_15819,30,36,NA,NA,NA,NA,NA,NA
hh_15820,33,30,6,NA,NA,NA,NA,NA
hh_15821,36,34,NA,NA,NA,NA,NA,NA
hh_15822,67,57,21,15,NA,NA,NA,NA
hh_15823,38,1,11,40,NA,NA,NA,NA
hh_15824,38,44,14,4,NA,NA,NA,NA
hh_15825,40,41,10,7,NA,NA,NA,NA
hh_15826,42,43,NA,NA,NA,NA,NA,NA
hh_15827,36,35,2,NA,NA,NA,NA,NA
hh_15828,55,52,NA,NA,NA,NA,NA,NA
hh_15829,44,NA,NA,NA,NA,NA,NA,NA
hh_15830,46,48,16,NA,NA,NA,NA,NA
hh_15831,29,28,6,NA,NA,NA,NA,NA
hh_15832,50,57,34,31,NA,NA,NA,NA
hh_15833,41,NA,NA,NA,NA,NA,NA,NA
hh_15834,44,19,NA,NA,NA,NA,NA,NA
hh_15835,49,13,NA,NA,NA,NA,NA,NA
hh_15836,19,19,5,NA,NA,NA,NA,NA
hh_15837,31,34,3,NA,NA,NA,NA,NA
hh_15838,40,36,13,9,NA,NA,NA,NA
hh_15839,39,41,13,8,15,NA,NA,NA
hh_15840,6,4,NA,NA,NA,NA,NA,NA
hh_15841,58,61,NA,NA,NA,NA,NA,NA
hh_15842,27,27,NA,3,NA,NA,NA,NA
hh_15843,16,14,9,37,NA,NA,NA,NA
hh_15844,25,NA,NA,NA,NA,NA,NA,NA
hh_15845,38,38,9,3,NA,NA,NA,NA
hh_15846,12,50,55,NA,NA,NA,NA,NA
hh_15847,41,40,9,NA,NA,NA,NA,NA
hh_15848,41,37,11,65,70,NA,NA,NA
hh_15849,35,34,10,1,NA,NA,NA,NA
hh_15850,14,NA,NA,NA,NA,NA,NA,NA
hh_15851,37,34,4,1,NA,NA,NA,NA
hh_15852,34,32,32,16,NA,NA,NA,NA
hh_15853,17,NA,NA,NA,NA,NA,NA,NA
hh_15854,40,41,10,7,NA,NA,NA,NA
hh_15855,30,28,4,7,NA,NA,NA,NA
hh_15856,38,35,74,70,NA,NA,NA,NA
hh_15857,32,30,2,NA,NA,NA,NA,NA
hh_15858,36,NA,NA,NA,NA,NA,NA,NA
hh_15859,31,30,10,3,NA,NA,NA,NA
hh_15860,41,41,NA,NA,NA,NA,NA,NA
hh_15861,26,NA,NA,NA,NA,NA,NA,NA
hh_15862,34,34,NA,NA,NA,NA,NA,NA
hh_15863,53,39,11,NA,NA,NA,NA,NA
hh_15864,47,NA,NA,NA,NA,NA,NA,NA
hh_15865,41,48,9,13,NA,NA,NA,NA
hh_15866,55,55,20,NA,NA,NA,NA,NA
hh_15867,34,49,8,1,NA,NA,NA,NA
hh_15868,41,36,12,5,NA,NA,NA,NA
hh_15869,42,10,NA,NA,NA,NA,NA,NA
hh_15870,35,NA,NA,NA,NA,NA,NA,NA
hh_15871,48,35,1,NA,NA,NA,NA,NA
hh_15872,18,46,NA,NA,NA,NA,NA,NA
hh_15873,32,30,11,NA,NA,NA,NA,NA
hh_15874,59,44,NA,NA,NA,NA,NA,NA
hh_15875,49,18,NA,NA,NA,NA,NA,NA
hh_15876,30,28,8,4,2,NA,NA,NA
hh_15877,29,30,73,2,NA,NA,NA,NA
hh_15878,42,NA,NA,NA,NA,NA,NA,NA
hh_15879,37,39,14,8,NA,NA,NA,NA
hh_15880,49,NA,NA,NA,NA,NA,NA,NA
hh_15881,55,54,16,NA,NA,NA,NA,NA
hh_15882,26,8,8,4,NA,NA,NA,NA
hh_15883,4,7,NA,NA,NA,NA,NA,NA
hh_15884,27,24,5,3,NA,NA,NA,NA
hh_15885,46,51,13,NA,NA,NA,NA,NA
hh_15886,43,42,7,NA,NA,NA,NA,NA
hh_15887,40,36,7,NA,NA,NA,NA,NA
hh_15888,41,NA,NA,NA,NA,NA,NA,NA
hh_15889,45,39,35,3,NA,NA,NA,NA
hh_15890,71,63,NA,NA,NA,NA,NA,NA
hh_15891,17,6,10,13,37,16,40,NA
hh_15892,55,51,20,NA,NA,NA,NA,NA
hh_15893,35,NA,NA,NA,NA,NA,NA,NA
hh_15894,14,19,18,44,41,NA,NA,NA
hh_15895,51,54,NA,NA,NA,NA,NA,NA
hh_15896,37,NA,NA,NA,NA,NA,NA,NA
hh_15897,47,46,13,NA,NA,NA,NA,NA
hh_15898,42,43,9,NA,NA,NA,NA,NA
hh_15899,32,37,7,NA,NA,NA,NA,NA
hh_15900,5,37,34,NA,NA,NA,NA,NA
hh_15901,12,26,NA,NA,NA,NA,NA,NA
hh_15902,20,15,NA,NA,NA,NA,NA,NA
hh_15903,27,35,NA,NA,NA,NA,NA,NA
hh_15904,6,51,39,NA,NA,NA,NA,NA
hh_15905,33,NA,NA,NA,NA,NA,NA,NA
hh_15906,36,44,6,2,1,NA,NA,NA
hh_15907,39,37,22,NA,NA,NA,NA,NA
hh_15908,30,31,NA,NA,NA,NA,NA,NA
hh_15909,48,45,8,6,NA,NA,NA,NA
hh_15910,39,38,NA,NA,NA,NA,NA,NA
hh_15911,40,37,6,11,NA,NA,NA,NA
hh_15912,44,40,8,NA,NA,NA,NA,NA
hh_15913,8,33,43,NA,NA,NA,NA,NA
hh_15914,1,36,38,NA,NA,NA,NA,NA
hh_15915,44,41,NA,NA,NA,NA,NA,NA
hh_15916,43,43,NA,NA,NA,NA,NA,NA
hh_15917,48,54,23,NA,NA,NA,NA,NA
hh_15918,34,37,3,7,NA,NA,NA,NA
hh_15919,48,44,11,12,NA,NA,NA,NA
hh_15920,29,26,3,NA,NA,NA,NA,NA
hh_15921,9,7,4,29,33,NA,NA,NA
hh_15922,53,58,15,17,NA,NA,NA,NA
hh_15923,7,5,14,NA,NA,NA,NA,NA
hh_15924,39,43,1,NA,NA,NA,NA,NA
hh_15925,43,51,14,10,NA,NA,NA,NA
hh_15926,33,33,4,NA,NA,NA,NA,NA
hh_15927,43,44,6,NA,NA,NA,NA,NA
hh_15928,38,37,10,8,NA,NA,NA,NA
hh_15929,3,38,NA,NA,NA,NA,NA,NA
hh_15930,40,39,NA,NA,NA,NA,NA,NA
hh_15931,36,34,NA,NA,NA,NA,NA,NA
hh_15932,42,NA,NA,NA,NA,NA,NA,NA
hh_15933,53,12,NA,NA,NA,NA,NA,NA
hh_15934,54,55,19,14,NA,NA,NA,NA
hh_15935,41,41,11,6,NA,NA,NA,NA
hh_15936,38,41,7,NA,NA,NA,NA,NA
hh_15937,49,58,NA,NA,NA,NA,NA,NA
hh_15938,43,62,4,NA,NA,NA,NA,NA
hh_15939,37,39,17,10,7,16,NA,NA
hh_15940,44,46,NA,NA,NA,NA,NA,NA
hh_15941,35,37,NA,NA,NA,NA,NA,NA
hh_15942,33,52,56,16,NA,NA,NA,NA
hh_15943,40,32,5,NA,NA,NA,NA,NA
hh_15944,18,33,30,NA,NA,NA,NA,NA
hh_15945,53,NA,NA,NA,NA,NA,NA,NA
hh_15946,38,6,19,NA,2,NA,NA,NA
hh_15947,42,30,6,NA,NA,NA,NA,NA
hh_15948,37,34,8,3,1,NA,NA,NA
hh_15949,42,44,6,NA,NA,NA,NA,NA
hh_15950,42,46,18,NA,NA,NA,NA,NA
hh_15951,51,42,18,NA,NA,NA,NA,NA
hh_15952,48,12,NA,NA,NA,NA,NA,NA
hh_15953,52,31,NA,NA,NA,NA,NA,NA
hh_15954,35,6,NA,NA,NA,NA,NA,NA
hh_15955,53,19,14,NA,NA,NA,NA,NA
hh_15956,40,37,5,28,NA,NA,NA,NA
hh_15957,44,39,17,5,NA,NA,NA,NA
hh_15958,57,61,NA,NA,NA,NA,NA,NA
hh_15959,42,41,12,NA,NA,NA,NA,NA
hh_15960,35,33,8,NA,NA,NA,NA,NA
hh_15961,38,38,3,6,NA,NA,NA,NA
hh_15962,44,42,10,NA,NA,NA,NA,NA
hh_15963,34,6,4,37,2,NA,NA,NA
hh_15964,25,30,10,NA,NA,NA,NA,NA
hh_15965,29,27,5,NA,NA,NA,NA,NA
hh_15966,56,53,14,NA,NA,NA,NA,NA
hh_15967,44,25,20,18,NA,NA,NA,NA
hh_15968,55,NA,NA,NA,NA,NA,NA,NA
hh_15969,41,44,1,9,NA,NA,NA,NA
hh_15970,10,42,45,NA,NA,NA,NA,NA
hh_15971,34,30,5,NA,NA,NA,NA,NA
hh_15972,50,48,NA,NA,NA,NA,NA,NA
hh_15973,40,39,8,4,NA,NA,NA,NA
hh_15974,49,47,7,NA,NA,NA,NA,NA
hh_15975,1,37,74,NA,NA,NA,NA,NA
hh_15976,53,50,NA,NA,NA,NA,NA,NA
hh_15977,11,3,48,46,7,NA,NA,NA
hh_15978,13,21,NA,NA,NA,NA,NA,NA
hh_15979,33,NA,NA,NA,NA,NA,NA,NA
hh_15980,35,4,NA,NA,NA,NA,NA,NA
hh_15981,33,33,15,12,5,NA,NA,NA
hh_15982,44,19,NA,NA,NA,NA,NA,NA
hh_15983,55,52,23,21,NA,NA,NA,NA
hh_15984,35,4,NA,NA,NA,NA,NA,NA
hh_15985,32,32,7,NA,NA,NA,NA,NA
hh_15986,46,41,8,5,NA,NA,NA,NA
hh_15987,53,36,10,16,NA,NA,NA,NA
hh_15988,44,44,10,NA,NA,NA,NA,NA
hh_15989,47,39,6,NA,NA,NA,NA,NA
hh_15990,62,61,32,NA,NA,NA,NA,NA
hh_15991,48,41,NA,NA,NA,NA,NA,NA
hh_15992,53,36,18,NA,NA,NA,NA,NA
hh_15993,51,NA,NA,NA,NA,NA,NA,NA
hh_15994,37,31,8,NA,NA,NA,NA,NA
hh_15995,55,52,NA,NA,NA,NA,NA,NA
hh_15996,55,63,NA,NA,NA,NA,NA,NA
hh_15997,46,NA,NA,NA,NA,NA,NA,NA
hh_15998,48,30,15,NA,NA,NA,NA,NA
hh_15999,37,37,NA,NA,NA,NA,NA,NA
hh_16000,9,13,44,17,NA,NA,NA,NA
hh_16001,48,49,NA,NA,NA,NA,NA,NA
hh_16002,37,40,1,NA,NA,NA,NA,NA
hh_16003,42,42,10,13,NA,NA,NA,NA
hh_16004,28,28,NA,NA,NA,NA,NA,NA
hh_16005,36,40,2,NA,NA,NA,NA,NA
hh_16006,23,11,NA,NA,NA,NA,NA,NA
hh_16007,41,43,15,17,NA,NA,NA,NA
hh_16008,40,41,65,NA,NA,NA,NA,NA
hh_16009,55,NA,NA,NA,NA,NA,NA,NA
hh_16010,1,27,1,NA,NA,NA,NA,NA
hh_16011,42,42,8,NA,NA,NA,NA,NA
hh_16012,35,29,NA,NA,NA,NA,NA,NA
hh_16013,36,33,NA,NA,NA,NA,NA,NA
hh_16014,47,45,18,19,NA,NA,NA,NA
hh_16015,39,35,10,NA,NA,NA,NA,NA
hh_16016,52,59,20,5,NA,NA,NA,NA
hh_16017,33,35,4,NA,NA,NA,NA,NA
hh_16018,18,4,5,13,8,NA,NA,NA
hh_16019,34,30,6,NA,NA,NA,NA,NA
hh_16020,44,53,21,18,NA,NA,NA,NA
hh_16021,43,39,3,NA,NA,NA,NA,NA
hh_16022,64,NA,NA,NA,NA,NA,NA,NA
hh_16023,26,32,3,NA,NA,NA,NA,NA
hh_16024,35,35,5,NA,NA,NA,NA,NA
hh_16025,49,NA,NA,NA,NA,NA,NA,NA
hh_16026,1,38,38,NA,NA,NA,NA,NA
hh_16027,20,50,NA,NA,NA,NA,NA,NA
hh_16028,25,25,16,16,NA,NA,NA,NA
hh_16029,45,NA,NA,NA,NA,NA,NA,NA
hh_16030,40,14,37,27,NA,NA,NA,NA
hh_16031,3,29,29,NA,NA,NA,NA,NA
hh_16032,63,57,19,NA,NA,NA,NA,NA
hh_16033,43,37,16,10,NA,NA,NA,NA
hh_16034,53,50,NA,NA,NA,NA,NA,NA
hh_16035,28,32,NA,NA,NA,NA,NA,NA
hh_16036,29,26,2,NA,NA,NA,NA,NA
hh_16037,24,23,NA,NA,NA,NA,NA,NA
hh_16038,44,NA,NA,NA,NA,NA,NA,NA
hh_16039,33,14,29,NA,NA,NA,NA,NA
hh_16040,33,28,NA,NA,NA,NA,NA,NA
hh_16041,45,45,12,NA,NA,NA,NA,NA
hh_16042,32,29,8,NA,NA,NA,NA,NA
hh_16043,47,43,8,NA,NA,NA,NA,NA
hh_16044,37,38,4,13,NA,NA,NA,NA
hh_16045,24,28,26,NA,NA,NA,NA,NA
hh_16046,1,71,NA,NA,NA,NA,NA,NA
hh_16047,33,30,3,NA,NA,NA,NA,NA
hh_16048,34,38,16,NA,NA,NA,NA,NA
hh_16049,37,34,8,3,2,NA,NA,NA
hh_16050,47,NA,NA,NA,NA,NA,NA,NA
hh_16051,48,52,18,NA,NA,NA,NA,NA
hh_16052,32,29,NA,NA,NA,NA,NA,NA
hh_16053,42,46,NA,NA,NA,NA,NA,NA
hh_16054,30,31,NA,NA,NA,NA,NA,NA
hh_16055,28,NA,NA,NA,NA,NA,NA,NA
hh_16056,49,43,6,NA,NA,NA,NA,NA
hh_16057,44,42,NA,NA,NA,NA,NA,NA
hh_16058,32,27,5,NA,NA,NA,NA,NA
hh_16059,34,30,4,NA,NA,NA,NA,NA
hh_16060,10,42,56,NA,NA,NA,NA,NA
hh_16061,36,40,2,NA,NA,NA,NA,NA
hh_16062,47,49,20,17,NA,NA,NA,NA
hh_16063,40,NA,NA,NA,NA,NA,NA,NA
hh_16064,25,25,14,NA,NA,NA,NA,NA
hh_16065,11,42,NA,NA,NA,NA,NA,NA
hh_16066,30,28,5,NA,NA,NA,NA,NA
hh_16067,18,42,44,14,NA,NA,NA,NA
hh_16068,10,24,20,19,NA,NA,NA,NA
hh_16069,31,36,NA,NA,NA,NA,NA,NA
hh_16070,32,34,NA,NA,NA,NA,NA,NA
hh_16071,30,6,NA,NA,NA,NA,NA,NA
hh_16072,32,28,2,NA,NA,NA,NA,NA
hh_16073,39,49,12,6,NA,NA,NA,NA
hh_16074,1,36,27,NA,NA,NA,NA,NA
hh_16075,7,44,30,NA,NA,NA,NA,NA
hh_16076,33,35,7,NA,NA,NA,NA,NA
hh_16077,39,42,10,12,NA,NA,NA,NA
hh_16078,27,34,NA,NA,NA,NA,NA,NA
hh_16079,32,32,NA,NA,NA,NA,NA,NA
hh_16080,25,26,NA,NA,NA,NA,NA,NA
hh_16081,37,42,3,NA,NA,NA,NA,NA
hh_16082,32,2,31,NA,NA,NA,NA,NA
hh_16083,54,20,19,NA,NA,NA,NA,NA
hh_16084,26,40,12,NA,NA,NA,NA,NA
hh_16085,42,40,6,NA,NA,NA,NA,NA
hh_16086,35,37,NA,NA,NA,NA,NA,NA
hh_16087,34,40,21,18,NA,NA,NA,NA
hh_16088,9,6,3,33,30,NA,NA,NA
hh_16089,41,34,NA,NA,NA,NA,NA,NA
hh_16090,37,4,NA,NA,NA,NA,NA,NA
hh_16091,36,34,NA,NA,NA,NA,NA,NA
hh_16092,6,54,50,8,NA,NA,NA,NA
hh_16093,36,19,5,NA,NA,NA,NA,NA
hh_16094,32,40,NA,4,NA,NA,NA,NA
hh_16095,30,31,6,NA,NA,NA,NA,NA
hh_16096,38,39,8,NA,NA,NA,NA,NA
hh_16097,45,32,NA,NA,NA,NA,NA,NA
hh_16098,25,30,14,NA,NA,NA,NA,NA
hh_16099,36,NA,NA,NA,NA,NA,NA,NA
hh_16100,1,37,42,NA,NA,NA,NA,NA
hh_16101,32,32,NA,NA,NA,NA,NA,NA
hh_16102,54,52,23,21,NA,NA,NA,NA
hh_16103,36,32,NA,NA,NA,NA,NA,NA
hh_16104,2,2,36,34,NA,NA,NA,NA
hh_16105,44,44,NA,NA,NA,NA,NA,NA
hh_16106,44,48,NA,NA,NA,NA,NA,NA
hh_16107,45,46,3,3,NA,NA,NA,NA
hh_16108,43,40,3,NA,NA,NA,NA,NA
hh_16109,45,55,18,NA,NA,NA,NA,NA
hh_16110,31,33,3,NA,NA,NA,NA,NA
hh_16111,46,41,NA,NA,NA,NA,NA,NA
hh_16112,40,37,NA,NA,NA,NA,NA,NA
hh_16113,21,51,53,1,NA,NA,NA,NA
hh_16114,45,45,9,NA,NA,NA,NA,NA
hh_16115,40,33,5,NA,NA,NA,NA,NA
hh_16116,22,25,67,NA,NA,NA,NA,NA
hh_16117,35,35,3,9,NA,NA,NA,NA
hh_16118,40,40,NA,NA,NA,NA,NA,NA
hh_16119,44,NA,NA,NA,NA,NA,NA,NA
hh_16120,57,21,NA,NA,NA,NA,NA,NA
hh_16121,50,48,5,17,16,NA,NA,NA
hh_16122,52,31,NA,NA,NA,NA,NA,NA
hh_16123,33,30,9,NA,NA,NA,NA,NA
hh_16124,44,NA,NA,NA,NA,NA,NA,NA
hh_16125,28,21,6,NA,NA,NA,NA,NA
hh_16126,52,51,19,NA,NA,NA,NA,NA
hh_16127,44,39,12,NA,NA,NA,NA,NA
hh_16128,33,32,2,NA,NA,NA,NA,NA
hh_16129,6,17,33,31,NA,NA,NA,NA
hh_16130,53,72,17,NA,NA,NA,NA,NA
hh_16131,28,30,2,NA,NA,NA,NA,NA
hh_16132,48,48,25,21,NA,NA,NA,NA
hh_16133,37,35,NA,NA,NA,NA,NA,NA
hh_16134,30,29,3,NA,NA,NA,NA,NA
hh_16135,28,28,NA,NA,NA,NA,NA,NA
hh_16136,63,29,27,NA,NA,NA,NA,NA
hh_16137,3,25,27,NA,NA,NA,NA,NA
hh_16138,32,3,27,NA,NA,NA,NA,NA
hh_16139,32,31,6,NA,NA,NA,NA,NA
hh_16140,33,NA,NA,NA,NA,NA,NA,NA
hh_16141,40,38,15,NA,NA,NA,NA,NA
hh_16142,34,42,8,NA,NA,NA,NA,NA
hh_16144,41,42,1,NA,NA,NA,NA,NA
hh_16145,48,40,10,NA,NA,NA,NA,NA
hh_16146,35,37,NA,NA,NA,NA,NA,NA
hh_16147,41,37,NA,NA,NA,NA,NA,NA
hh_16148,7,40,40,NA,NA,NA,NA,NA
hh_16149,58,48,17,16,14,12,NA,NA
hh_16150,43,6,NA,NA,NA,NA,NA,NA
hh_16151,23,20,40,45,11,10,NA,NA
hh_16152,30,25,5,2,NA,NA,NA,NA
hh_16153,57,19,NA,NA,NA,NA,NA,NA
hh_16154,40,10,NA,NA,NA,NA,NA,NA
hh_16155,40,33,7,NA,NA,NA,NA,NA
hh_16156,34,35,12,9,4,NA,NA,NA
hh_16157,40,36,7,NA,NA,NA,NA,NA
hh_16158,34,26,NA,NA,NA,NA,NA,NA
hh_16159,38,7,NA,NA,NA,NA,NA,NA
hh_16160,5,2,36,64,NA,NA,NA,NA
hh_16161,44,NA,NA,NA,NA,NA,NA,NA
hh_16162,5,3,34,44,NA,NA,NA,NA
hh_16163,39,37,6,12,NA,NA,NA,NA
hh_16164,35,37,4,NA,NA,NA,NA,NA
hh_16165,16,9,46,NA,NA,NA,NA,NA
hh_16166,32,35,NA,NA,NA,NA,NA,NA
hh_16167,7,34,33,NA,NA,NA,NA,NA
hh_16168,47,47,11,9,NA,NA,NA,NA
hh_16169,32,26,6,6,NA,NA,NA,NA
hh_16170,32,46,1,NA,NA,NA,NA,NA
hh_16171,16,12,11,31,NA,NA,NA,NA
hh_16172,34,29,1,NA,NA,NA,NA,NA
hh_16173,65,33,32,5,3,NA,NA,NA
hh_16174,40,40,5,NA,NA,NA,NA,NA
hh_16175,34,25,10,5,NA,NA,NA,NA
hh_16176,1,NA,NA,NA,NA,NA,NA,NA
hh_16177,26,23,6,NA,NA,NA,NA,NA
hh_16178,65,58,NA,NA,NA,NA,NA,NA
hh_16179,40,41,65,NA,NA,NA,NA,NA
hh_16180,37,NA,NA,NA,NA,NA,NA,NA
hh_16181,37,24,NA,NA,NA,NA,NA,NA
hh_16182,22,28,2,NA,NA,NA,NA,NA
hh_16183,27,27,NA,NA,NA,NA,NA,NA
hh_16184,36,39,NA,NA,NA,NA,NA,NA
hh_16185,28,30,3,NA,NA,NA,NA,NA
hh_16186,37,40,1,NA,NA,NA,NA,NA
hh_16187,35,57,16,NA,NA,NA,NA,NA
hh_16188,32,42,8,NA,NA,NA,NA,NA
hh_16189,44,46,2,NA,NA,NA,NA,NA
hh_16190,35,40,7,NA,NA,NA,NA,NA
hh_16191,46,48,NA,NA,NA,NA,NA,NA
hh_16192,36,36,4,NA,NA,NA,NA,NA
hh_16193,48,NA,NA,NA,NA,NA,NA,NA
hh_16194,41,43,13,NA,NA,NA,NA,NA
hh_16195,34,30,4,NA,NA,NA,NA,NA
hh_16196,26,2,50,26,4,NA,NA,NA
hh_16197,54,NA,NA,NA,NA,NA,NA,NA
hh_16198,34,28,3,NA,NA,NA,NA,NA
hh_16199,26,27,1,NA,NA,NA,NA,NA
hh_16200,45,45,14,10,NA,NA,NA,NA
hh_16201,28,1,NA,NA,NA,NA,NA,NA
hh_16202,27,27,45,30,26,NA,NA,NA
hh_16203,45,40,NA,NA,NA,NA,NA,NA
hh_16204,31,30,NA,NA,NA,NA,NA,NA
hh_16205,19,2,1,3,NA,NA,NA,NA
hh_16206,56,58,7,7,NA,NA,NA,NA
hh_16207,36,37,NA,NA,NA,NA,NA,NA
hh_16208,45,50,29,NA,6,13,NA,NA
hh_16209,37,30,6,NA,NA,NA,NA,NA
hh_16210,17,5,1,NA,NA,NA,NA,NA
hh_16211,45,30,7,NA,NA,NA,NA,NA
hh_16212,50,47,15,7,NA,NA,NA,NA
hh_16213,36,30,7,NA,NA,NA,NA,NA
hh_16214,30,NA,NA,NA,NA,NA,NA,NA
hh_16215,39,40,8,NA,NA,NA,NA,NA
hh_16216,27,30,1,NA,NA,NA,NA,NA
hh_16217,27,25,2,NA,NA,NA,NA,NA
hh_16218,35,33,9,NA,NA,NA,NA,NA
hh_16219,30,31,6,NA,NA,NA,NA,NA
hh_16220,28,26,3,NA,NA,NA,NA,NA
hh_16221,28,26,3,NA,NA,NA,NA,NA
hh_16222,11,9,6,41,NA,NA,NA,NA
hh_16223,12,37,NA,NA,NA,NA,NA,NA
hh_16224,29,27,3,1,NA,NA,NA,NA
hh_16225,35,27,8,NA,NA,NA,NA,NA
hh_16226,56,53,20,NA,NA,NA,NA,NA
hh_16227,26,30,NA,NA,NA,NA,NA,NA
hh_16228,34,35,NA,NA,NA,NA,NA,NA
hh_16229,46,39,13,NA,NA,NA,NA,NA
hh_16230,61,58,25,NA,NA,NA,NA,NA
hh_16231,33,38,3,NA,NA,NA,NA,NA
hh_16232,28,25,2,5,NA,NA,NA,NA
hh_16233,33,7,NA,NA,NA,NA,NA,NA
hh_16234,31,NA,NA,NA,NA,NA,NA,NA
hh_16235,34,26,33,NA,NA,NA,NA,NA
hh_16236,30,28,3,NA,NA,NA,NA,NA
hh_16237,20,22,NA,NA,NA,NA,NA,NA
hh_16238,32,29,28,7,7,NA,NA,NA
hh_16239,3,2,35,35,NA,NA,NA,NA
hh_16240,36,36,2,5,NA,NA,NA,NA
hh_16241,35,29,4,NA,NA,NA,NA,NA
hh_16242,45,43,8,5,NA,NA,NA,NA
hh_16243,42,NA,NA,NA,NA,NA,NA,NA
hh_16244,39,NA,NA,NA,NA,NA,NA,NA
hh_16245,48,40,18,NA,NA,NA,NA,NA
hh_16246,29,31,16,NA,NA,NA,NA,NA
hh_16247,40,33,6,NA,NA,NA,NA,NA
hh_16248,45,67,15,NA,NA,NA,NA,NA
hh_16249,59,4,NA,NA,NA,NA,NA,NA
hh_16250,35,28,7,NA,NA,NA,NA,NA
hh_16251,46,42,15,9,NA,NA,NA,NA
hh_16252,26,23,3,NA,NA,NA,NA,NA
hh_16253,27,30,6,NA,NA,NA,NA,NA
hh_16254,56,53,16,NA,NA,NA,NA,NA
hh_16255,59,50,16,25,NA,NA,NA,NA
hh_16256,61,24,NA,NA,NA,NA,NA,NA
hh_16257,3,2,NA,NA,NA,NA,NA,NA
hh_16258,38,8,6,NA,NA,NA,NA,NA
hh_16259,29,28,NA,NA,NA,NA,NA,NA
hh_16260,27,30,5,NA,NA,NA,NA,NA
hh_16261,34,35,NA,NA,NA,NA,NA,NA
hh_16262,35,30,7,3,NA,NA,NA,NA
hh_16263,14,11,7,42,42,NA,NA,NA
hh_16264,10,20,48,NA,NA,NA,NA,NA
hh_16265,46,73,76,NA,NA,NA,NA,NA
hh_16266,28,26,3,NA,NA,NA,NA,NA
hh_16267,47,46,NA,NA,NA,NA,NA,NA
hh_16268,33,30,12,NA,NA,NA,NA,NA
hh_16269,49,NA,NA,NA,NA,NA,NA,NA
hh_16270,34,32,10,NA,NA,NA,NA,NA
hh_16271,30,40,7,NA,NA,NA,NA,NA
hh_16272,34,32,NA,NA,NA,NA,NA,NA
hh_16273,12,39,36,19,NA,NA,NA,NA
hh_16274,45,40,4,NA,NA,NA,NA,NA
hh_16275,42,38,11,7,15,NA,NA,NA
hh_16276,30,35,27,NA,NA,NA,NA,NA
hh_16277,40,34,3,5,NA,NA,NA,NA
hh_16278,41,44,1,NA,NA,NA,NA,NA
hh_16279,16,32,32,14,NA,NA,NA,NA
hh_16280,41,40,NA,NA,NA,NA,NA,NA
hh_16281,19,19,8,NA,NA,NA,NA,NA
hh_16282,54,56,22,NA,NA,NA,NA,NA
hh_16283,52,53,22,NA,NA,NA,NA,NA
hh_16284,36,39,NA,NA,NA,NA,NA,NA
hh_16285,4,35,NA,NA,NA,NA,NA,NA
hh_16286,32,NA,NA,NA,NA,NA,NA,NA
hh_16287,52,50,NA,NA,NA,NA,NA,NA
hh_16288,43,44,NA,NA,NA,NA,NA,NA
hh_16289,34,28,5,NA,NA,NA,NA,NA
hh_16290,39,36,7,NA,NA,NA,NA,NA
hh_16291,36,42,NA,NA,NA,NA,NA,NA
hh_16292,37,NA,NA,NA,NA,NA,NA,NA
hh_16293,30,28,5,NA,NA,NA,NA,NA
hh_16294,51,50,25,9,NA,NA,NA,NA
hh_45001,17,NA,NA,NA,NA,NA,NA,NA
hh_45002,47,47,9,NA,NA,NA,NA,NA
hh_45003,44,43,7,NA,NA,NA,NA,NA
hh_45004,28,27,2,NA,NA,NA,NA,NA
hh_45005,43,43,12,NA,NA,NA,NA,NA
hh_45006,54,58,18,NA,NA,NA,NA,NA
hh_45007,49,48,13,NA,NA,NA,NA,NA
hh_45008,42,37,3,NA,NA,NA,NA,NA
hh_45009,17,57,NA,NA,NA,NA,NA,NA
hh_45010,8,37,2,NA,33,NA,NA,NA
hh_45011,45,53,9,NA,NA,NA,NA,NA
hh_45012,34,31,13,NA,NA,NA,NA,NA
hh_45013,44,NA,NA,NA,NA,NA,NA,NA
hh_45014,42,41,NA,NA,NA,NA,NA,NA
hh_45015,45,50,NA,NA,NA,NA,NA,NA
hh_45016,48,35,15,NA,NA,NA,NA,NA
hh_45017,46,46,NA,NA,NA,NA,NA,NA
hh_45018,40,33,NA,NA,NA,NA,NA,NA
hh_45019,18,33,29,17,NA,NA,NA,NA
hh_45020,36,40,6,NA,NA,NA,NA,NA
hh_45021,50,54,20,17,NA,NA,NA,NA
hh_45022,45,46,NA,NA,NA,NA,NA,NA
hh_45023,50,52,NA,NA,NA,NA,NA,NA
hh_45024,32,NA,NA,NA,NA,NA,NA,NA
hh_45025,37,37,7,14,NA,NA,NA,NA
hh_45026,27,27,2,NA,NA,NA,NA,NA
hh_45027,25,25,NA,NA,NA,NA,NA,NA
hh_45028,9,41,41,NA,NA,NA,NA,NA
hh_45029,29,27,4,NA,NA,NA,NA,NA
hh_45030,22,3,NA,NA,NA,NA,NA,NA
hh_45031,43,47,7,NA,NA,NA,NA,NA
hh_45032,36,48,NA,NA,NA,NA,NA,NA
hh_45033,38,4,40,14,NA,NA,NA,NA
hh_45034,38,35,NA,NA,NA,NA,NA,NA
hh_45035,51,42,18,NA,NA,NA,NA,NA
hh_45036,42,41,NA,NA,NA,NA,NA,NA
hh_45037,9,9,10,3,7,NA,NA,NA
hh_45038,37,34,2,NA,NA,NA,NA,NA
hh_45039,48,15,50,NA,NA,NA,NA,NA
hh_45040,30,25,10,NA,NA,NA,NA,NA
hh_45041,34,11,45,13,NA,NA,NA,NA
hh_45042,47,33,49,16,NA,NA,NA,NA
hh_45043,45,46,NA,NA,NA,NA,NA,NA
hh_45044,42,41,11,5,NA,NA,NA,NA
hh_45045,34,32,NA,NA,NA,NA,NA,NA
hh_45046,42,43,NA,NA,NA,NA,NA,NA
hh_45047,49,NA,NA,NA,NA,NA,NA,NA
hh_45048,18,18,NA,NA,NA,NA,NA,NA
hh_45049,36,3,NA,NA,NA,NA,NA,NA
hh_45050,58,61,NA,NA,NA,NA,NA,NA
hh_45051,43,43,NA,NA,NA,NA,NA,NA
hh_45052,42,38,17,10,NA,NA,NA,NA
hh_45053,28,30,4,NA,NA,NA,NA,NA
hh_45054,52,50,20,NA,NA,NA,NA,NA
hh_45055,56,46,19,18,NA,NA,NA,NA
hh_45056,24,27,NA,NA,NA,NA,NA,NA
hh_45057,6,34,NA,NA,NA,NA,NA,NA
hh_45058,46,46,NA,NA,NA,NA,NA,NA
hh_45059,56,40,18,NA,NA,NA,NA,NA
hh_45060,45,12,6,NA,NA,NA,NA,NA
hh_45061,49,21,NA,20,NA,NA,NA,NA
hh_45062,29,36,4,NA,NA,NA,NA,NA
hh_45063,57,42,NA,NA,NA,NA,NA,NA
hh_45064,29,27,3,NA,NA,NA,NA,NA
hh_45065,13,12,47,NA,NA,NA,NA,NA
hh_45066,37,NA,NA,NA,NA,NA,NA,NA
hh_45067,42,42,8,NA,NA,NA,NA,NA
hh_45068,38,38,NA,NA,NA,NA,NA,NA
hh_45069,36,NA,NA,NA,NA,NA,NA,NA
hh_45070,60,53,NA,NA,NA,NA,NA,NA
hh_45071,50,42,NA,NA,NA,NA,NA,NA
hh_45072,39,15,36,NA,NA,NA,NA,NA
hh_45073,37,34,NA,NA,NA,NA,NA,NA
hh_45074,38,14,37,NA,NA,NA,NA,NA
hh_45075,47,44,21,30,NA,NA,NA,NA
hh_45076,40,35,7,4,NA,NA,NA,NA
hh_45077,38,35,8,NA,NA,NA,NA,NA
hh_45078,54,NA,NA,NA,NA,NA,NA,NA
hh_45079,48,48,25,21,NA,NA,NA,NA
hh_45080,32,NA,NA,NA,NA,NA,NA,NA
hh_45081,44,42,12,10,NA,NA,NA,NA
hh_45082,27,27,NA,3,NA,NA,NA,NA
hh_45083,46,45,20,16,NA,NA,NA,NA
hh_45084,48,38,3,NA,NA,NA,NA,NA
hh_45085,38,21,NA,NA,NA,NA,NA,NA
hh_45086,30,NA,NA,NA,NA,NA,NA,NA
hh_45087,33,29,NA,NA,NA,NA,NA,NA
hh_45088,27,25,6,8,NA,NA,NA,NA
hh_45089,25,19,5,NA,NA,NA,NA,NA
hh_45090,80,38,37,48,NA,NA,NA,NA
hh_45091,35,40,4,NA,NA,NA,NA,NA
hh_45092,33,30,8,6,NA,NA,NA,NA
hh_45093,45,44,11,NA,NA,NA,NA,NA
hh_45094,4,2,32,NA,NA,NA,NA,NA
hh_45095,7,15,33,NA,NA,NA,NA,NA
hh_45096,52,8,NA,NA,NA,NA,NA,NA
hh_45097,41,41,20,17,NA,NA,NA,NA
hh_45098,14,46,NA,NA,NA,NA,NA,NA
hh_45099,67,58,28,15,NA,NA,NA,NA
hh_45100,38,35,10,30,NA,NA,NA,NA
hh_45111,41,42,20,NA,NA,NA,NA,NA
hh_45122,8,12,29,NA,NA,NA,NA,NA
hh_45133,2,35,37,65,NA,NA,NA,NA
hh_45144,33,29,7,14,NA,NA,NA,NA
hh_45155,42,33,44,NA,NA,NA,NA,NA
hh_45166,26,66,54,NA,NA,NA,NA,NA
hh_45177,31,37,1,NA,NA,NA,NA,NA
hh_45188,34,30,6,4,2,NA,NA,NA
hh_45199,42,41,NA,NA,NA,NA,NA,NA
hh_45210,46,NA,NA,NA,NA,NA,NA,NA
hh_45221,57,48,15,NA,NA,NA,NA,NA
hh_45232,44,20,6,NA,NA,NA,NA,NA
hh_45243,49,11,NA,NA,NA,NA,NA,NA
hh_45254,38,39,2,NA,8,NA,NA,NA
hh_45265,14,7,39,44,NA,NA,NA,NA
hh_45276,41,34,NA,NA,NA,NA,NA,NA
hh_45287,29,26,4,NA,NA,NA,NA,NA
hh_45298,35,39,NA,NA,NA,NA,NA,NA
hh_45309,34,40,19,2,NA,NA,NA,NA
hh_45320,30,36,11,NA,NA,NA,NA,NA
hh_45331,50,NA,NA,NA,NA,NA,NA,NA
hh_45342,46,NA,NA,NA,NA,NA,NA,NA
hh_45353,30,29,NA,NA,NA,NA,NA,NA
hh_45364,32,6,3,NA,NA,NA,NA,NA
hh_45375,39,42,6,NA,NA,NA,NA,NA
hh_45386,34,10,29,8,NA,NA,NA,NA
hh_45397,40,43,10,NA,NA,NA,NA,NA
hh_45408,43,41,5,NA,NA,NA,NA,NA
hh_45419,46,NA,NA,NA,NA,NA,NA,NA
hh_45430,42,43,12,NA,NA,NA,NA,NA
hh_45441,35,35,15,5,NA,NA,NA,NA
hh_45452,35,35,4,NA,NA,NA,NA,NA
hh_45463,6,NA,NA,NA,NA,NA,NA,NA
hh_45474,44,44,16,NA,NA,NA,NA,NA
hh_45485,35,33,9,NA,NA,NA,NA,NA
hh_45496,51,NA,NA,NA,NA,NA,NA,NA
hh_45507,39,44,20,NA,NA,NA,NA,NA
hh_45518,8,34,40,NA,NA,NA,NA,NA
hh_45526,41,39,8,NA,NA,NA,NA,NA
hh_45527,31,25,2,NA,NA,NA,NA,NA
hh_45528,45,20,NA,NA,NA,NA,NA,NA
hh_45529,38,37,3,NA,NA,NA,NA,NA
hh_45530,27,24,12,4,NA,NA,NA,NA
hh_45531,35,39,3,NA,NA,NA,NA,NA
hh_45532,14,34,19,33,NA,NA,NA,NA
hh_45533,47,45,31,29,15,NA,NA,NA
hh_45534,65,58,NA,NA,NA,NA,NA,NA
hh_45535,41,NA,NA,NA,NA,NA,NA,NA
hh_45536,6,4,3,6,NA,NA,NA,NA
hh_45537,61,56,21,19,NA,NA,NA,NA
hh_45538,28,35,4,NA,NA,NA,NA,NA
hh_45539,54,55,NA,NA,NA,NA,NA,NA
hh_45540,22,6,33,NA,NA,NA,NA,NA
hh_45541,25,26,5,NA,NA,NA,NA,NA
hh_45542,44,42,NA,NA,NA,NA,NA,NA
hh_45543,37,38,10,4,1,NA,NA,NA
hh_45544,48,48,1,NA,NA,NA,NA,NA
hh_45545,34,NA,NA,NA,NA,NA,NA,NA
hh_45546,46,42,NA,NA,NA,NA,NA,NA
hh_45547,53,NA,NA,NA,NA,NA,NA,NA
hh_45548,32,NA,37,NA,NA,NA,NA,NA
hh_45549,64,63,25,24,14,NA,NA,NA
hh_45550,47,44,14,NA,NA,NA,NA,NA
hh_45551,27,30,5,NA,NA,NA,NA,NA
hh_45552,50,49,14,NA,NA,NA,NA,NA
hh_45553,51,46,18,NA,NA,NA,NA,NA
hh_45554,50,55,25,NA,NA,NA,NA,NA
hh_45555,33,36,3,5,NA,NA,NA,NA
hh_45556,31,10,3,NA,NA,NA,NA,NA
hh_45557,12,48,44,NA,NA,NA,NA,NA
hh_45558,34,32,7,NA,NA,NA,NA,NA
hh_45559,53,53,17,12,NA,NA,NA,NA
hh_45560,50,47,13,7,NA,NA,NA,NA
hh_45561,44,15,14,NA,NA,NA,NA,NA
hh_45562,34,25,NA,NA,NA,NA,NA,NA
hh_45563,50,NA,NA,NA,NA,NA,NA,NA
hh_45564,45,40,9,4,1,NA,NA,NA
hh_45565,30,31,62,NA,NA,NA,NA,NA
hh_45566,15,41,48,2,NA,NA,NA,NA
hh_45567,35,NA,NA,NA,NA,NA,NA,NA
hh_45568,58,NA,NA,NA,NA,NA,NA,NA
hh_45569,56,47,NA,NA,NA,NA,NA,NA
hh_45570,34,35,6,NA,NA,NA,NA,NA
hh_45571,59,54,17,NA,NA,NA,NA,NA
hh_45572,41,48,11,9,NA,NA,NA,NA
hh_45573,44,25,20,18,NA,NA,NA,NA
hh_45574,42,19,NA,NA,NA,NA,NA,NA
hh_45575,44,40,NA,NA,NA,NA,NA,NA
hh_45576,33,NA,NA,NA,NA,NA,NA,NA
hh_45577,12,36,32,NA,NA,NA,NA,NA
hh_45579,32,36,NA,NA,NA,NA,NA,NA
hh_45580,38,41,NA,NA,NA,NA,NA,NA
hh_45581,57,56,NA,NA,NA,NA,NA,NA
hh_45582,34,30,NA,NA,NA,NA,NA,NA
hh_45583,40,39,1,NA,NA,NA,NA,NA
hh_45584,40,39,8,NA,NA,NA,NA,NA
hh_45585,23,41,NA,NA,NA,NA,NA,NA
hh_45586,51,43,13,NA,NA,NA,NA,NA
hh_45587,54,51,NA,NA,NA,NA,NA,NA
hh_45588,5,46,38,10,NA,NA,NA,NA
hh_45589,41,41,8,12,NA,NA,NA,NA
hh_45590,55,28,NA,NA,NA,NA,NA,NA
hh_45591,30,33,NA,NA,NA,NA,NA,NA
hh_45592,33,28,5,NA,NA,NA,NA,NA
hh_45593,29,35,4,NA,NA,NA,NA,NA
hh_45594,30,30,3,NA,NA,NA,NA,NA
hh_45595,49,39,10,NA,NA,NA,NA,NA
hh_45596,49,NA,NA,NA,NA,NA,NA,NA
hh_45597,44,44,NA,NA,NA,NA,NA,NA
hh_45598,3,32,34,NA,NA,NA,NA,NA
hh_45599,44,46,14,NA,NA,NA,NA,NA
hh_45600,38,43,NA,NA,NA,NA,NA,NA
hh_45601,58,57,NA,NA,NA,NA,NA,NA
hh_45602,50,45,18,NA,NA,NA,NA,NA
hh_45603,35,32,6,3,NA,NA,NA,NA
hh_45604,33,38,15,7,NA,NA,NA,NA
hh_45605,40,NA,NA,NA,NA,NA,NA,NA
hh_45606,36,34,13,10,7,NA,NA,NA
hh_45607,2,3,1,NA,NA,NA,NA,NA
hh_45608,50,52,NA,NA,NA,NA,NA,NA
hh_45609,34,39,NA,NA,NA,NA,NA,NA
hh_45610,71,72,12,10,NA,NA,NA,NA
hh_45611,31,36,NA,NA,NA,NA,NA,NA
hh_45612,30,30,11,NA,NA,NA,NA,NA
hh_45613,40,31,NA,6,NA,NA,NA,NA
hh_45614,49,39,16,NA,NA,NA,NA,NA
hh_45615,30,29,10,6,NA,NA,NA,NA
hh_45616,40,38,6,13,NA,NA,NA,NA
hh_45617,5,4,29,30,NA,NA,NA,NA
hh_45618,35,33,NA,NA,NA,NA,NA,NA
hh_45619,43,41,5,NA,NA,NA,NA,NA
hh_45620,37,38,2,NA,NA,NA,NA,NA
hh_45621,62,NA,NA,NA,NA,NA,NA,NA
hh_45622,36,6,NA,NA,NA,NA,NA,NA
hh_45623,41,42,NA,NA,NA,NA,NA,NA
hh_45624,41,3,16,NA,NA,NA,NA,NA
hh_45625,42,34,3,1,NA,NA,NA,NA
hh_45626,61,61,27,NA,NA,NA,NA,NA
hh_45627,15,13,21,21,NA,NA,NA,NA
hh_45628,30,34,3,NA,NA,NA,NA,NA
hh_45629,4,49,50,NA,NA,NA,NA,NA
hh_45630,41,38,NA,NA,NA,NA,NA,NA
hh_45631,49,30,28,25,10,2,36,NA
hh_45632,42,43,10,NA,NA,NA,NA,NA
hh_45633,48,50,21,18,NA,NA,NA,NA
hh_45634,49,51,13,7,NA,NA,NA,NA
hh_45635,24,26,9,16,NA,NA,NA,NA
hh_45636,37,45,9,7,14,NA,NA,NA
hh_45637,36,38,18,8,2,NA,NA,NA
hh_45638,9,35,37,NA,NA,NA,NA,NA
hh_45639,30,NA,NA,NA,NA,NA,NA,NA
hh_45640,41,43,NA,NA,NA,NA,NA,NA
hh_45641,61,24,NA,NA,NA,NA,NA,NA
hh_45642,34,34,10,NA,NA,NA,NA,NA
hh_45643,13,44,45,NA,NA,NA,NA,NA
hh_45644,13,4,3,NA,NA,NA,NA,NA
hh_45645,46,44,NA,NA,NA,NA,NA,NA
hh_45646,49,NA,NA,NA,NA,NA,NA,NA
hh_45647,27,25,NA,NA,NA,NA,NA,NA
hh_45648,3,32,36,8,NA,NA,NA,NA
hh_45649,42,35,2,NA,NA,NA,NA,NA
hh_45650,51,51,14,8,NA,NA,NA,NA
hh_45651,38,47,75,75,NA,NA,NA,NA
hh_45652,49,52,18,NA,NA,NA,NA,NA
hh_45653,2,NA,NA,NA,NA,NA,NA,NA
hh_45654,48,16,NA,NA,NA,NA,NA,NA
hh_45655,37,37,NA,NA,NA,NA,NA,NA
hh_45656,44,19,NA,NA,NA,NA,NA,NA
hh_45657,46,41,NA,NA,NA,NA,NA,NA
hh_45658,45,48,10,NA,NA,NA,NA,NA
hh_45659,24,24,NA,NA,NA,NA,NA,NA
hh_45660,84,60,4,17,NA,NA,NA,NA
hh_45661,53,15,17,NA,NA,NA,NA,NA
hh_45662,17,42,NA,NA,NA,NA,NA,NA
hh_45663,44,54,NA,NA,NA,NA,NA,NA
hh_45664,31,NA,NA,NA,NA,NA,NA,NA
hh_45665,23,28,5,NA,NA,NA,NA,NA
hh_45666,43,40,13,NA,NA,NA,NA,NA
hh_45667,46,46,NA,NA,NA,NA,NA,NA
hh_45668,47,45,NA,NA,NA,NA,NA,NA
hh_45669,40,41,11,NA,NA,NA,NA,NA
hh_45670,40,37,7,15,NA,NA,NA,NA
hh_45671,46,46,11,NA,NA,NA,NA,NA
hh_45672,24,24,58,54,16,NA,NA,NA
hh_45673,13,33,15,NA,NA,NA,NA,NA
hh_45674,49,47,NA,NA,NA,NA,NA,NA
hh_45675,56,47,9,NA,NA,NA,NA,NA
hh_45676,51,59,NA,NA,NA,NA,NA,NA
hh_45677,26,29,3,NA,NA,NA,NA,NA
hh_45678,44,39,11,70,NA,NA,NA,NA
hh_45679,36,38,5,12,NA,NA,NA,NA
hh_45680,36,NA,NA,NA,NA,NA,NA,NA
hh_45681,47,20,NA,NA,NA,NA,NA,NA
hh_45682,53,56,15,NA,NA,NA,NA,NA
hh_45683,49,52,8,8,9,NA,NA,NA
hh_45684,45,49,NA,NA,NA,NA,NA,NA
hh_45685,25,28,NA,NA,NA,NA,NA,NA
hh_45686,51,65,15,11,9,NA,NA,NA
hh_45687,45,43,8,NA,NA,NA,NA,NA
hh_45688,9,16,44,43,NA,NA,NA,NA
hh_45689,8,44,3,NA,NA,NA,NA,NA
hh_45690,45,19,NA,NA,NA,NA,NA,NA
hh_45691,17,NA,NA,NA,NA,NA,NA,NA
hh_45692,51,55,NA,NA,NA,NA,NA,NA
hh_45693,46,44,13,NA,NA,NA,NA,NA
hh_45694,17,NA,NA,NA,NA,NA,NA,NA
hh_45695,36,29,1,NA,NA,NA,NA,NA
hh_45696,36,34,62,NA,NA,NA,NA,NA
hh_45697,2,31,35,3,NA,NA,NA,NA
hh_45698,44,NA,NA,NA,NA,NA,NA,NA
hh_45699,40,34,NA,NA,NA,NA,NA,NA
hh_45700,34,65,12,NA,NA,NA,NA,NA
hh_45701,58,NA,NA,NA,NA,NA,NA,NA
hh_45702,42,NA,NA,NA,NA,NA,NA,NA
hh_45703,35,38,NA,NA,NA,NA,NA,NA
hh_45704,49,50,NA,NA,NA,NA,NA,NA
hh_45705,30,26,3,NA,NA,NA,NA,NA
hh_45706,45,NA,NA,NA,NA,NA,NA,NA
hh_45707,46,46,22,10,6,NA,NA,NA
hh_45708,35,37,10,NA,NA,NA,NA,NA
hh_45709,64,52,18,NA,NA,NA,NA,NA
hh_45710,35,37,25,10,30,NA,NA,NA
hh_45711,35,62,70,28,NA,NA,NA,NA
hh_45712,34,34,9,NA,NA,NA,NA,NA
hh_45713,44,36,NA,NA,NA,NA,NA,NA
hh_45714,35,35,1,NA,NA,NA,NA,NA
hh_45715,46,39,3,1,14,NA,NA,NA
hh_45716,35,1,28,NA,NA,NA,NA,NA
hh_45717,44,37,NA,NA,NA,NA,NA,NA
hh_45718,NA,31,31,NA,NA,NA,NA,NA
hh_45719,36,9,NA,NA,NA,NA,NA,NA
hh_45720,49,41,35,NA,NA,NA,NA,NA
hh_45721,41,NA,NA,NA,NA,NA,NA,NA
hh_45722,30,35,NA,NA,NA,NA,NA,NA
hh_45723,43,NA,NA,NA,NA,NA,NA,NA
hh_45724,26,22,17,NA,NA,NA,NA,NA
hh_45725,40,45,15,NA,NA,NA,NA,NA
hh_45726,44,53,21,18,NA,NA,NA,NA
hh_45727,41,44,10,10,NA,NA,NA,NA
hh_45728,46,46,NA,NA,NA,NA,NA,NA
hh_45729,11,44,25,17,NA,NA,NA,NA
hh_45730,36,38,NA,NA,NA,NA,NA,NA
hh_45731,51,8,55,NA,NA,NA,NA,NA
hh_45732,54,53,16,NA,NA,NA,NA,NA
hh_45733,41,44,1,NA,NA,NA,NA,NA
hh_45734,39,65,65,NA,NA,NA,NA,NA
hh_45735,42,48,18,8,19,NA,NA,NA
hh_45736,48,35,NA,NA,NA,NA,NA,NA
hh_45737,41,48,NA,NA,NA,NA,NA,NA
hh_45738,45,42,21,NA,NA,NA,NA,NA
hh_45739,45,49,23,20,18,NA,NA,NA
hh_45740,10,29,NA,NA,NA,NA,NA,NA
hh_45741,49,35,NA,NA,NA,NA,NA,NA
hh_45742,45,41,NA,NA,NA,NA,NA,NA
hh_45743,15,21,41,43,NA,NA,NA,NA
hh_45744,52,54,18,NA,NA,NA,NA,NA
hh_45745,54,40,21,22,NA,NA,NA,NA
hh_45746,63,62,33,33,1,NA,NA,NA
hh_45747,22,NA,NA,NA,NA,NA,NA,NA
hh_45748,58,57,16,NA,NA,NA,NA,NA
hh_45749,44,33,NA,NA,NA,NA,NA,NA
hh_45750,9,54,46,16,NA,NA,NA,NA
hh_45751,2,26,25,NA,NA,NA,NA,NA
hh_45752,58,61,26,NA,NA,NA,NA,NA
hh_45753,43,43,13,NA,NA,NA,NA,NA
hh_45754,33,33,NA,NA,NA,NA,NA,NA
hh_45755,24,NA,NA,NA,NA,NA,NA,NA
hh_45756,27,30,NA,NA,NA,NA,NA,NA
hh_45757,29,42,NA,NA,NA,NA,NA,NA
hh_45758,33,36,NA,NA,NA,NA,NA,NA
hh_45759,28,38,NA,NA,NA,NA,NA,NA
hh_45760,40,30,32,NA,NA,NA,NA,NA
hh_45761,45,39,NA,NA,NA,NA,NA,NA
hh_45762,NA,33,NA,NA,NA,NA,NA,NA
hh_45763,1,35,NA,NA,NA,NA,NA,NA
hh_45764,41,NA,NA,NA,NA,NA,NA,NA
hh_45765,2,4,12,44,44,NA,NA,NA
hh_45766,40,16,12,7,NA,NA,NA,NA
hh_45767,31,11,7,NA,NA,NA,NA,NA
hh_45768,56,60,21,11,NA,NA,NA,NA
hh_45769,31,31,11,5,NA,NA,NA,NA
hh_45770,39,41,NA,NA,NA,NA,NA,NA
hh_45771,35,40,17,NA,NA,NA,NA,NA
hh_45772,40,35,4,9,NA,NA,NA,NA
hh_45773,40,48,7,NA,NA,NA,NA,NA
hh_45774,40,37,7,NA,NA,NA,NA,NA
hh_45775,24,23,2,NA,NA,NA,NA,NA
hh_45776,5,35,2,NA,NA,NA,NA,NA
hh_45777,63,50,NA,NA,NA,NA,NA,NA
hh_45778,32,3,4,6,30,NA,NA,NA
hh_45779,36,40,NA,NA,NA,NA,NA,NA
hh_45780,32,30,12,4,NA,NA,NA,NA
hh_45781,35,29,5,NA,NA,NA,NA,NA
hh_45782,45,44,NA,NA,NA,NA,NA,NA
hh_45783,40,11,63,NA,NA,NA,NA,NA
hh_45784,35,36,2,5,NA,NA,NA,NA
hh_45785,15,13,44,40,NA,NA,NA,NA
hh_45786,37,7,3,NA,NA,NA,NA,NA
hh_45787,35,56,NA,NA,NA,NA,NA,NA
hh_45788,56,35,NA,NA,NA,NA,NA,NA
hh_45789,41,39,11,75,NA,NA,NA,NA
hh_45790,4,2,28,38,NA,NA,NA,NA
hh_45791,48,49,NA,NA,NA,NA,NA,NA
hh_45792,46,18,NA,NA,NA,NA,NA,NA
hh_45793,35,38,3,NA,NA,NA,NA,NA
hh_45794,10,41,15,41,NA,NA,NA,NA
hh_45795,17,NA,NA,NA,NA,NA,NA,NA
hh_45796,43,23,4,NA,NA,NA,NA,NA
hh_45797,3,NA,NA,NA,NA,NA,NA,NA
hh_45798,37,33,5,3,NA,NA,NA,NA
hh_45799,53,59,NA,NA,NA,NA,NA,NA
hh_45800,24,25,NA,NA,NA,NA,NA,NA
hh_45801,2,10,34,35,15,NA,NA,NA
hh_45802,30,NA,NA,NA,NA,NA,NA,NA
hh_45803,5,NA,NA,NA,NA,NA,NA,NA
hh_45804,33,37,5,NA,NA,NA,NA,NA
hh_45805,46,20,NA,NA,NA,NA,NA,NA
hh_45806,26,23,5,NA,NA,NA,NA,NA
hh_45807,31,28,8,4,NA,NA,NA,NA
hh_45808,27,30,3,NA,NA,NA,NA,NA
hh_45809,43,8,NA,NA,NA,NA,NA,NA
hh_45810,24,21,NA,NA,NA,NA,NA,NA
hh_45811,35,44,NA,NA,NA,NA,NA,NA
hh_45812,36,36,10,7,NA,NA,NA,NA
hh_45813,45,39,3,NA,NA,NA,NA,NA
hh_45814,31,6,NA,NA,NA,NA,NA,NA
hh_45815,2,3,4,34,10,13,NA,NA
hh_45816,10,34,30,NA,NA,NA,NA,NA
hh_45817,31,8,32,NA,NA,NA,NA,NA
hh_45818,35,36,8,7,NA,NA,NA,NA
hh_45819,42,8,10,NA,NA,NA,NA,NA
hh_45820,46,52,NA,NA,NA,NA,NA,NA
hh_45821,45,44,15,NA,NA,NA,NA,NA
hh_45822,45,36,4,NA,NA,NA,NA,NA
hh_45823,44,58,17,13,NA,NA,NA,NA
hh_45824,42,41,8,4,NA,NA,NA,NA
hh_45825,50,38,17,16,9,7,NA,NA
hh_45826,32,32,2,NA,NA,NA,NA,NA
hh_45827,38,39,3,NA,NA,NA,NA,NA
hh_45828,35,33,4,NA,NA,NA,NA,NA
hh_45829,59,58,NA,NA,NA,NA,NA,NA
hh_45830,45,40,7,9,NA,NA,NA,NA
hh_45831,6,2,13,NA,NA,NA,NA,NA
hh_45832,43,36,NA,NA,NA,NA,NA,NA
hh_45833,16,40,NA,NA,NA,NA,NA,NA
hh_45834,46,11,NA,NA,NA,NA,NA,NA
hh_45835,44,45,10,NA,NA,NA,NA,NA
hh_45836,35,35,2,NA,NA,NA,NA,NA
hh_45837,27,25,NA,NA,NA,NA,NA,NA
hh_45838,34,14,8,NA,NA,NA,NA,NA
hh_45839,38,30,9,NA,NA,NA,NA,NA
hh_45840,44,NA,NA,NA,NA,NA,NA,NA
hh_45841,34,31,7,NA,NA,NA,NA,NA
hh_45842,46,49,24,23,21,NA,NA,NA
hh_45843,29,25,3,NA,NA,NA,NA,NA
hh_45844,36,39,5,NA,NA,NA,NA,NA
hh_45845,53,63,NA,NA,NA,NA,NA,NA
hh_45846,25,NA,NA,NA,NA,NA,NA,NA
hh_45847,45,44,NA,NA,NA,NA,NA,NA
hh_45848,49,49,17,NA,NA,NA,NA,NA
hh_45849,52,35,NA,NA,NA,NA,NA,NA
hh_45850,40,41,NA,NA,NA,NA,NA,NA
hh_45851,33,28,5,NA,NA,NA,NA,NA
hh_45852,47,48,NA,NA,NA,NA,NA,NA
hh_45853,48,45,21,NA,NA,NA,NA,NA
hh_45854,39,32,5,NA,NA,NA,NA,NA
hh_45855,10,29,25,NA,NA,NA,NA,NA
hh_45856,47,49,NA,NA,NA,NA,NA,NA
hh_45857,35,25,NA,NA,NA,NA,NA,NA
hh_45858,35,32,66,68,NA,NA,NA,NA
hh_45859,25,22,8,NA,NA,NA,NA,NA
hh_45860,33,2,18,NA,NA,NA,NA,NA
hh_45861,42,37,NA,NA,NA,NA,NA,NA
hh_45862,27,28,NA,NA,NA,NA,NA,NA
hh_45863,38,NA,NA,NA,NA,NA,NA,NA
hh_45864,4,7,34,38,NA,NA,NA,NA
hh_45865,47,47,12,NA,NA,NA,NA,NA
hh_45866,29,25,5,NA,NA,NA,NA,NA
hh_45867,53,50,NA,NA,NA,NA,NA,NA
hh_45868,46,46,15,9,5,1,NA,NA
hh_45869,39,38,NA,NA,NA,NA,NA,NA
hh_45870,31,12,14,NA,NA,NA,NA,NA
hh_45871,32,30,12,NA,NA,NA,NA,NA
hh_45872,34,37,NA,NA,NA,NA,NA,NA
hh_45873,31,35,2,NA,NA,NA,NA,NA
hh_45874,22,20,NA,NA,NA,NA,NA,NA
hh_45875,38,31,19,NA,NA,NA,NA,NA
hh_45876,47,52,18,NA,NA,NA,NA,NA
hh_45877,24,21,53,56,NA,NA,NA,NA
hh_45878,28,25,2,NA,NA,NA,NA,NA
hh_45879,36,34,1,NA,NA,NA,NA,NA
hh_45880,50,45,7,NA,NA,NA,NA,NA
hh_45881,40,35,8,NA,NA,NA,NA,NA
hh_45882,34,33,11,NA,NA,NA,NA,NA
hh_45883,20,31,NA,NA,NA,NA,NA,NA
hh_45884,2,4,30,32,NA,NA,NA,NA
hh_45885,46,44,14,NA,NA,NA,NA,NA
hh_45886,39,39,6,NA,NA,NA,NA,NA
hh_45887,48,47,19,20,NA,NA,NA,NA
hh_45888,42,44,6,NA,NA,NA,NA,NA
hh_45889,42,51,20,17,11,NA,NA,NA
hh_45890,11,7,NA,NA,NA,NA,NA,NA
hh_45891,34,30,7,17,NA,NA,NA,NA
hh_45892,45,40,14,7,NA,NA,NA,NA
hh_45893,33,28,7,NA,NA,NA,NA,NA
hh_45894,27,26,2,5,NA,NA,NA,NA
hh_45895,40,40,13,NA,NA,NA,NA,NA
hh_45896,43,33,8,NA,NA,NA,NA,NA
hh_45897,53,50,NA,NA,NA,NA,NA,NA
hh_45898,29,32,3,NA,NA,NA,NA,NA
hh_45899,40,36,NA,NA,NA,NA,NA,NA
hh_45900,39,NA,NA,NA,NA,NA,NA,NA
hh_45901,36,32,NA,NA,NA,NA,NA,NA
hh_45902,17,NA,NA,NA,NA,NA,NA,NA
hh_45903,39,32,11,2,NA,NA,NA,NA
hh_45904,39,10,9,NA,NA,NA,NA,NA
hh_45905,34,36,7,NA,NA,NA,NA,NA
hh_45906,43,41,2,NA,NA,NA,NA,NA
hh_45907,25,36,2,1,NA,NA,NA,NA
hh_45908,29,27,3,NA,NA,NA,NA,NA
hh_45909,48,NA,NA,NA,NA,NA,NA,NA
hh_45910,13,38,37,NA,NA,NA,NA,NA
hh_45911,8,35,41,NA,NA,NA,NA,NA
hh_45912,46,39,60,NA,NA,NA,NA,NA
hh_45913,52,31,NA,NA,NA,NA,NA,NA
hh_45914,47,62,10,NA,NA,NA,NA,NA
hh_45915,40,40,3,NA,NA,NA,NA,NA
hh_45916,28,27,5,NA,NA,NA,NA,NA
hh_45917,9,10,33,41,NA,NA,NA,NA
hh_45918,40,41,NA,65,NA,NA,NA,NA
hh_45919,30,27,7,NA,NA,NA,NA,NA
hh_45920,37,35,9,3,NA,NA,NA,NA
hh_45921,28,28,NA,NA,NA,NA,NA,NA
hh_45922,25,2,3,NA,NA,NA,NA,NA
hh_45923,44,43,8,5,NA,NA,NA,NA
hh_45924,43,42,8,1,10,NA,NA,NA
hh_45925,45,48,25,25,NA,NA,NA,NA
hh_45926,44,40,5,3,NA,NA,NA,NA
hh_45927,59,4,42,NA,NA,NA,NA,NA
hh_45928,43,52,6,6,NA,NA,NA,NA
hh_45929,12,9,45,51,NA,NA,NA,NA
hh_45930,52,51,17,32,NA,NA,NA,NA
hh_45931,5,NA,NA,NA,NA,NA,NA,NA
hh_45932,51,24,NA,NA,NA,NA,NA,NA
hh_45933,29,30,NA,NA,NA,NA,NA,NA
hh_45934,35,NA,NA,NA,NA,NA,NA,NA
hh_45935,35,5,NA,NA,NA,NA,NA,NA
hh_45936,57,20,NA,NA,NA,NA,NA,NA
hh_45937,39,35,15,9,NA,NA,NA,NA
hh_45938,41,66,NA,NA,NA,NA,NA,NA
hh_45939,30,35,7,4,NA,NA,NA,NA
hh_45940,NA,31,37,NA,NA,NA,NA,NA
hh_45941,30,NA,NA,NA,NA,NA,NA,NA
hh_45942,50,45,9,NA,NA,NA,NA,NA
hh_45943,41,33,NA,NA,NA,NA,NA,NA
hh_45944,30,NA,NA,NA,NA,NA,NA,NA
hh_45945,34,45,14,4,NA,NA,NA,NA
hh_45946,47,45,19,NA,NA,NA,NA,NA
hh_45947,29,38,9,17,11,NA,NA,NA
hh_45948,34,32,7,3,NA,NA,NA,NA
hh_45949,36,41,8,NA,NA,NA,NA,NA
hh_45950,34,34,6,NA,NA,NA,NA,NA
hh_45951,5,29,3,NA,NA,NA,NA,NA
hh_45952,54,47,9,NA,NA,NA,NA,NA
hh_45953,32,39,5,9,NA,NA,NA,NA
hh_45954,37,33,33,4,NA,NA,NA,NA
hh_45955,36,32,7,NA,NA,NA,NA,NA
hh_45956,35,33,NA,NA,NA,NA,NA,NA
hh_45957,44,19,NA,NA,NA,NA,NA,NA
hh_45958,13,49,43,NA,NA,NA,NA,NA
hh_45959,52,4,NA,NA,NA,NA,NA,NA
hh_45960,28,24,7,NA,NA,NA,NA,NA
hh_45961,37,34,4,NA,NA,NA,NA,NA
hh_45962,35,40,12,8,6,2,NA,NA
hh_45963,47,9,NA,NA,NA,NA,NA,NA
hh_45964,2,8,44,39,NA,NA,NA,NA
hh_45965,38,42,NA,NA,NA,NA,NA,NA
hh_45966,5,35,2,NA,NA,NA,NA,NA
hh_45967,37,40,15,12,11,NA,NA,NA
hh_45968,60,60,26,20,18,NA,NA,NA
hh_45969,32,NA,NA,NA,NA,NA,NA,NA
hh_45970,36,31,NA,NA,NA,NA,NA,NA
hh_45971,40,2,11,7,NA,NA,NA,NA
hh_45972,36,33,5,NA,NA,NA,NA,NA
hh_45973,38,36,8,NA,NA,NA,NA,NA
hh_45974,59,35,NA,NA,NA,NA,NA,NA
hh_45975,52,62,19,NA,NA,NA,NA,NA
hh_45976,35,6,NA,NA,NA,NA,NA,NA
hh_45977,38,41,NA,NA,NA,NA,NA,NA
hh_45978,31,NA,NA,NA,NA,NA,NA,NA
hh_45979,42,40,14,8,NA,NA,NA,NA
hh_45980,54,55,NA,NA,NA,NA,NA,NA
hh_45981,35,47,NA,NA,NA,NA,NA,NA
hh_45982,45,49,14,NA,NA,NA,NA,NA
hh_45983,65,26,NA,NA,NA,NA,NA,NA
hh_45984,41,40,17,7,6,5,4,3
hh_45985,44,40,8,NA,NA,NA,NA,NA
hh_45986,13,13,NA,NA,NA,NA,NA,NA
hh_45987,27,25,5,NA,NA,NA,NA,NA
hh_45988,27,5,30,NA,NA,NA,NA,NA
hh_45989,32,34,NA,NA,NA,NA,NA,NA
hh_45990,41,42,3,NA,NA,NA,NA,NA
hh_45991,28,29,NA,NA,NA,NA,NA,NA
hh_45992,33,36,11,13,NA,NA,NA,NA
hh_45993,41,46,19,NA,NA,NA,NA,NA
hh_45994,37,32,NA,NA,NA,NA,NA,NA
hh_45995,1,26,NA,NA,NA,NA,NA,NA
hh_45996,41,39,10,7,NA,NA,NA,NA
hh_45997,54,52,NA,NA,NA,NA,NA,NA
hh_45998,33,28,2,NA,NA,NA,NA,NA
hh_45999,45,50,12,NA,NA,NA,NA,NA
hh_46000,50,NA,NA,NA,NA,NA,NA,NA
hh_46001,32,30,NA,NA,NA,NA,NA,NA
hh_46002,52,22,NA,NA,NA,NA,NA,NA
hh_46003,45,NA,NA,NA,NA,NA,NA,NA
hh_46004,53,49,24,16,NA,NA,NA,NA
hh_46005,53,44,3,NA,NA,NA,NA,NA
hh_46006,50,48,21,19,11,9,NA,NA
hh_46007,29,28,6,NA,NA,NA,NA,NA
hh_46008,37,36,3,NA,NA,NA,NA,NA
hh_46009,35,44,6,10,NA,NA,NA,NA
hh_46010,43,67,37,24,16,NA,NA,NA
hh_46011,43,52,NA,NA,NA,NA,NA,NA
hh_46012,47,37,10,NA,NA,NA,NA,NA
hh_46013,28,26,NA,NA,NA,NA,NA,NA
hh_46014,8,1,5,11,NA,NA,NA,NA
hh_46015,40,39,NA,NA,NA,NA,NA,NA
hh_46016,35,33,NA,NA,NA,NA,NA,NA
hh_46017,28,28,50,25,23,20,NA,NA
hh_46018,55,54,24,NA,NA,NA,NA,NA
hh_46019,34,4,4,NA,NA,NA,NA,NA
hh_46020,32,4,2,NA,NA,NA,NA,NA
hh_46021,29,13,NA,NA,NA,NA,NA,NA
hh_46022,39,14,NA,NA,NA,NA,NA,NA
hh_46023,37,35,NA,NA,NA,NA,NA,NA
hh_46024,38,38,1,1,NA,NA,NA,NA
hh_46025,54,57,95,NA,NA,NA,NA,NA
hh_46026,32,36,14,NA,NA,NA,NA,NA
hh_46027,37,5,19,NA,NA,NA,NA,NA
hh_46028,1,26,NA,NA,NA,NA,NA,NA
hh_46029,60,11,NA,NA,NA,NA,NA,NA
hh_46030,50,40,NA,NA,NA,NA,NA,NA
hh_46031,34,34,9,4,NA,NA,NA,NA
hh_46032,36,39,5,NA,NA,NA,NA,NA
hh_46033,31,37,NA,NA,NA,NA,NA,NA
hh_46034,47,NA,NA,NA,NA,NA,NA,NA
hh_46035,32,31,69,NA,NA,NA,NA,NA
hh_46036,59,54,17,NA,NA,NA,NA,NA
hh_46037,50,13,40,NA,NA,NA,NA,NA
hh_46038,31,32,3,NA,NA,NA,NA,NA
hh_46039,48,45,12,9,15,NA,NA,NA
hh_46040,39,43,1,NA,NA,NA,NA,NA
hh_46041,40,42,50,40,NA,NA,NA,NA
hh_46042,43,47,16,10,NA,NA,NA,NA
hh_46043,31,28,NA,NA,NA,NA,NA,NA
hh_46044,7,9,41,NA,NA,NA,NA,NA
hh_46045,39,20,38,NA,NA,NA,NA,NA
hh_46046,48,NA,NA,NA,NA,NA,NA,NA
hh_46047,54,54,NA,NA,NA,NA,NA,NA
hh_46048,33,NA,NA,NA,NA,NA,NA,NA
hh_46049,4,NA,31,34,NA,NA,NA,NA
hh_46050,29,38,NA,NA,NA,NA,NA,NA
hh_46051,46,44,19,NA,NA,NA,NA,NA
hh_46052,36,38,17,NA,NA,NA,NA,NA
hh_46053,34,31,4,NA,NA,NA,NA,NA
hh_46054,40,45,5,12,NA,NA,NA,NA
hh_46055,32,29,NA,NA,NA,NA,NA,NA
hh_46056,49,53,27,21,14,NA,NA,NA
hh_46057,23,49,NA,NA,NA,NA,NA,NA
hh_46058,39,39,NA,NA,NA,NA,NA,NA
hh_46059,49,47,NA,NA,NA,NA,NA,NA
hh_46060,40,40,7,NA,NA,NA,NA,NA
hh_46061,1,29,NA,NA,NA,NA,NA,NA
hh_46062,52,50,13,14,NA,NA,NA,NA
hh_46063,22,NA,NA,NA,NA,NA,NA,NA
hh_46064,49,38,15,6,NA,NA,NA,NA
hh_46065,45,44,11,NA,NA,NA,NA,NA
hh_46066,30,32,NA,NA,NA,NA,NA,NA
hh_46067,42,NA,NA,NA,NA,NA,NA,NA
hh_46068,59,55,NA,NA,NA,NA,NA,NA
hh_46069,52,56,NA,NA,NA,NA,NA,NA
hh_46070,42,36,1,NA,NA,NA,NA,NA
hh_46071,37,37,3,9,14,NA,NA,NA
hh_46072,40,NA,NA,NA,NA,NA,NA,NA
hh_46073,25,26,19,NA,NA,NA,NA,NA
hh_46074,37,36,NA,NA,NA,NA,NA,NA
hh_46075,37,40,29,NA,NA,NA,NA,NA
hh_46076,42,54,NA,NA,NA,NA,NA,NA
hh_46077,38,40,18,NA,NA,NA,NA,NA
hh_46078,47,NA,NA,NA,NA,NA,NA,NA
hh_46079,33,34,NA,NA,NA,NA,NA,NA
hh_46080,42,58,NA,NA,NA,NA,NA,NA
hh_46081,42,52,9,NA,NA,NA,NA,NA
hh_46082,47,22,NA,NA,NA,NA,NA,NA
hh_46083,40,54,NA,NA,NA,NA,NA,NA
hh_46084,40,NA,NA,NA,NA,NA,NA,NA
hh_46085,6,1,32,31,NA,NA,NA,NA
hh_46086,12,46,16,NA,NA,NA,NA,NA
hh_46087,27,36,NA,NA,NA,NA,NA,NA
hh_46088,43,47,16,NA,NA,NA,NA,NA
hh_46089,36,NA,39,NA,NA,NA,NA,NA
hh_46090,28,24,NA,NA,NA,NA,NA,NA
hh_46091,33,34,NA,NA,NA,NA,NA,NA
hh_46092,54,25,NA,NA,NA,NA,NA,NA
hh_46093,46,51,23,NA,NA,NA,NA,NA
hh_46094,52,52,NA,NA,NA,NA,NA,NA
hh_46095,43,43,NA,NA,NA,NA,NA,NA
hh_46096,34,37,NA,NA,NA,NA,NA,NA
hh_46097,39,40,3,NA,NA,NA,NA,NA
hh_46098,26,22,NA,NA,NA,NA,NA,NA
hh_46099,35,31,5,NA,NA,NA,NA,NA
hh_46100,53,53,23,20,NA,NA,NA,NA
hh_46101,9,35,25,NA,NA,NA,NA,NA
hh_46102,34,46,11,NA,NA,NA,NA,NA
hh_46103,46,40,NA,NA,NA,NA,NA,NA
hh_46104,29,26,6,NA,NA,NA,NA,NA
hh_46105,43,31,9,NA,NA,NA,NA,NA
hh_46106,7,5,25,NA,NA,NA,NA,NA
hh_46107,44,46,7,NA,NA,NA,NA,NA
hh_46108,40,45,15,15,NA,NA,NA,NA
hh_46109,36,40,61,71,NA,NA,NA,NA
hh_46110,12,36,39,NA,NA,NA,NA,NA
hh_46111,28,25,4,NA,NA,NA,NA,NA
hh_46112,40,36,6,9,NA,NA,NA,NA
hh_46113,43,47,9,NA,NA,NA,NA,NA
hh_46114,5,33,35,NA,NA,NA,NA,NA
hh_46115,43,61,10,NA,NA,NA,NA,NA
hh_46116,38,34,2,NA,NA,NA,NA,NA
hh_46117,33,32,1,NA,NA,NA,NA,NA
hh_46118,35,45,NA,NA,NA,NA,NA,NA
hh_46119,37,35,4,NA,NA,NA,NA,NA
hh_46120,51,48,NA,NA,NA,NA,NA,NA
hh_46121,44,NA,NA,NA,NA,NA,NA,NA
hh_46122,49,39,10,NA,NA,NA,NA,NA
hh_46123,38,36,9,NA,NA,NA,NA,NA
hh_46124,36,44,NA,NA,NA,NA,NA,NA
hh_46125,48,43,19,17,63,NA,NA,NA
hh_46126,35,28,20,74,NA,NA,NA,NA
hh_46127,43,9,16,NA,NA,NA,NA,NA
hh_46128,31,6,25,NA,NA,NA,NA,NA
hh_46129,9,48,55,NA,NA,NA,NA,NA
hh_46130,50,47,11,9,NA,NA,NA,NA
hh_46131,44,15,NA,NA,NA,NA,NA,NA
hh_46132,37,39,17,NA,NA,NA,NA,NA
hh_46133,41,42,11,21,14,NA,NA,NA
hh_46134,3,2,35,35,NA,NA,NA,NA
hh_46135,5,2,32,28,NA,NA,NA,NA
hh_46136,29,25,2,3,NA,NA,NA,NA
hh_46137,40,18,NA,NA,NA,NA,NA,NA
hh_46138,38,NA,NA,NA,NA,NA,NA,NA
hh_46139,29,27,3,NA,NA,NA,NA,NA
hh_46140,36,33,77,NA,NA,NA,NA,NA
hh_46141,6,41,41,NA,NA,NA,NA,NA
hh_46142,43,41,20,16,NA,NA,NA,NA
hh_46143,49,NA,NA,NA,NA,NA,NA,NA
hh_46144,30,28,2,NA,NA,NA,NA,NA
hh_46145,41,39,24,7,NA,NA,NA,NA
hh_46146,42,30,8,NA,NA,NA,NA,NA
hh_46147,45,16,46,NA,NA,NA,NA,NA
hh_46148,48,10,NA,NA,NA,NA,NA,NA
hh_46149,32,32,NA,NA,NA,NA,NA,NA
hh_46150,54,52,29,NA,NA,NA,NA,NA
hh_46151,55,25,24,2,NA,NA,NA,NA
hh_46152,9,30,NA,NA,NA,NA,NA,NA
hh_46153,46,40,6,NA,NA,NA,NA,NA
hh_46154,40,48,13,5,NA,NA,NA,NA
hh_46155,35,30,2,20,NA,NA,NA,NA
hh_46156,26,30,5,NA,NA,NA,NA,NA
hh_46157,37,35,8,NA,NA,NA,NA,NA
hh_46158,32,29,4,NA,NA,NA,NA,NA
hh_46159,32,36,5,NA,NA,NA,NA,NA
hh_46160,26,28,3,5,NA,NA,NA,NA
hh_46161,34,34,6,NA,NA,NA,NA,NA
hh_46162,32,46,1,NA,NA,NA,NA,NA
hh_46163,36,38,7,NA,NA,NA,NA,NA
hh_46164,46,43,17,13,NA,NA,NA,NA
hh_46165,40,33,5,NA,NA,NA,NA,NA
hh_46166,41,36,7,9,NA,NA,NA,NA
hh_46167,45,43,10,NA,NA,NA,NA,NA
hh_46168,42,47,13,NA,NA,NA,NA,NA
hh_46169,42,NA,NA,NA,NA,NA,NA,NA
hh_46170,42,41,16,NA,NA,NA,NA,NA
hh_46171,29,35,NA,NA,NA,NA,NA,NA
hh_46172,35,30,3,NA,NA,NA,NA,NA
hh_46173,10,NA,NA,NA,NA,NA,NA,NA
hh_46174,8,4,40,NA,NA,NA,NA,NA
hh_46175,48,54,NA,NA,NA,NA,NA,NA
hh_46176,42,47,50,45,13,11,10,14
hh_46177,31,32,10,4,11,NA,NA,NA
hh_46178,37,34,9,3,NA,NA,NA,NA
hh_46179,36,32,NA,NA,NA,NA,NA,NA
hh_46180,44,NA,NA,NA,NA,NA,NA,NA
hh_46181,28,41,3,NA,NA,NA,NA,NA
hh_46182,22,23,3,5,NA,NA,NA,NA
hh_46183,31,29,NA,NA,NA,NA,NA,NA
hh_46184,31,30,28,NA,NA,NA,NA,NA
hh_46185,32,38,2,NA,NA,NA,NA,NA
hh_46186,41,35,14,NA,NA,NA,NA,NA
hh_46187,35,46,NA,NA,NA,NA,NA,NA
hh_46188,1,32,NA,NA,NA,NA,NA,NA
hh_46189,46,16,11,6,NA,NA,NA,NA
hh_46190,44,38,12,NA,NA,NA,NA,NA
hh_46191,48,48,10,NA,NA,NA,NA,NA
hh_46192,65,40,NA,NA,NA,NA,NA,NA
hh_46193,59,50,NA,NA,NA,NA,NA,NA
hh_46194,50,48,24,23,20,17,15,11
hh_46195,7,37,42,4,NA,NA,NA,NA
hh_46196,33,29,6,NA,NA,NA,NA,NA
hh_46197,58,50,25,16,NA,NA,NA,NA
hh_46198,41,NA,NA,NA,NA,NA,NA,NA
hh_46199,36,42,13,9,15,NA,NA,NA
hh_46200,45,34,5,NA,NA,NA,NA,NA
hh_46201,39,35,9,NA,NA,NA,NA,NA
hh_46202,71,63,NA,NA,NA,NA,NA,NA
hh_46203,51,NA,NA,NA,NA,NA,NA,NA
hh_46204,40,35,12,9,NA,NA,NA,NA
hh_46205,17,48,40,NA,NA,NA,NA,NA
hh_46206,49,13,NA,NA,NA,NA,NA,NA
hh_46207,51,17,NA,NA,NA,NA,NA,NA
hh_46208,33,15,5,5,NA,NA,NA,NA
hh_46209,34,29,15,50,NA,NA,NA,NA
hh_46210,45,43,14,NA,NA,NA,NA,NA
hh_46211,50,45,16,8,5,NA,NA,NA
hh_46212,62,44,3,NA,NA,NA,NA,NA
hh_46213,33,41,6,NA,NA,NA,NA,NA
hh_46214,42,NA,NA,NA,NA,NA,NA,NA
hh_46215,32,38,3,NA,NA,NA,NA,NA
hh_46216,48,47,14,NA,NA,NA,NA,NA
hh_46217,27,22,4,NA,NA,NA,NA,NA
hh_46218,49,48,12,NA,NA,NA,NA,NA
hh_46219,27,24,NA,NA,NA,NA,NA,NA
hh_46220,24,26,4,5,NA,NA,NA,NA
hh_46221,41,36,10,NA,NA,NA,NA,NA
hh_46222,29,26,3,NA,NA,NA,NA,NA
hh_46223,8,2,30,33,NA,NA,NA,NA
hh_46224,27,NA,NA,NA,NA,NA,NA,NA
hh_46225,30,1,33,NA,NA,NA,NA,NA
hh_46226,46,47,16,NA,NA,NA,NA,NA
hh_46227,49,53,NA,NA,NA,NA,NA,NA
hh_46228,34,35,NA,NA,NA,NA,NA,NA
hh_46229,63,67,NA,NA,NA,NA,NA,NA
hh_46230,39,41,9,4,NA,NA,NA,NA
hh_46231,40,34,7,5,NA,NA,NA,NA
hh_46232,29,33,7,NA,NA,NA,NA,NA
hh_46233,67,67,2,NA,NA,NA,NA,NA
hh_46234,36,38,1,7,NA,NA,NA,NA
hh_46235,37,41,NA,NA,NA,NA,NA,NA
hh_46236,31,31,3,NA,NA,NA,NA,NA
hh_46237,15,14,10,7,3,37,38,NA
hh_46238,36,36,14,10,NA,NA,NA,NA
hh_46239,41,46,6,NA,NA,NA,NA,NA
hh_46240,29,NA,NA,NA,NA,NA,NA,NA
hh_46241,47,42,12,NA,NA,NA,NA,NA
hh_46242,39,35,NA,NA,NA,NA,NA,NA
hh_46243,33,33,4,NA,NA,NA,NA,NA
hh_46244,7,44,47,10,NA,NA,NA,NA
hh_46245,27,29,NA,4,6,NA,NA,NA
hh_46246,18,20,41,28,NA,NA,NA,NA
hh_46247,45,43,5,16,NA,NA,NA,NA
hh_46248,42,22,10,3,NA,NA,NA,NA
hh_46249,17,NA,NA,NA,NA,NA,NA,NA
hh_46250,34,37,20,NA,NA,NA,NA,NA
hh_46251,7,3,NA,NA,NA,NA,NA,NA
hh_46252,36,34,7,10,15,NA,NA,NA
hh_46253,28,23,NA,NA,NA,NA,NA,NA
hh_46254,53,56,NA,NA,NA,NA,NA,NA
hh_46255,48,45,18,13,NA,NA,NA,NA
hh_46256,36,35,4,NA,NA,NA,NA,NA
hh_46257,25,25,NA,NA,NA,NA,NA,NA
hh_46258,25,30,5,24,NA,NA,NA,NA
hh_46259,35,30,5,1,NA,NA,NA,NA
hh_46260,10,45,45,13,NA,NA,NA,NA
hh_46261,42,37,NA,NA,NA,NA,NA,NA
hh_46262,NA,NA,NA,NA,NA,NA,NA,NA
hh_46263,63,67,NA,NA,NA,NA,NA,NA
hh_46264,15,17,40,49,NA,NA,NA,NA
hh_46265,41,36,NA,NA,NA,NA,NA,NA
hh_46266,6,40,23,NA,NA,NA,NA,NA
hh_46267,14,47,53,NA,NA,NA,NA,NA
hh_46268,14,48,48,NA,NA,NA,NA,NA
hh_46269,45,47,13,76,6,NA,NA,NA
hh_46270,43,41,4,NA,NA,NA,NA,NA
hh_46271,59,58,NA,NA,NA,NA,NA,NA
hh_46272,30,25,28,NA,NA,NA,NA,NA
hh_46273,32,34,2,NA,NA,NA,NA,NA
hh_46274,10,3,48,46,NA,NA,NA,NA
hh_46275,65,65,NA,NA,NA,NA,NA,NA
hh_46276,41,32,NA,NA,NA,NA,NA,NA
hh_46277,34,30,1,NA,NA,NA,NA,NA
hh_46278,32,37,5,53,NA,NA,NA,NA
hh_46279,35,39,3,NA,NA,NA,NA,NA
hh_46280,29,26,3,NA,NA,NA,NA,NA
hh_46281,31,9,39,NA,NA,NA,NA,NA
hh_46282,41,38,13,NA,NA,NA,NA,NA
hh_46283,3,32,29,NA,NA,NA,NA,NA
hh_46284,64,30,33,NA,NA,NA,NA,NA
hh_46285,48,42,10,NA,NA,NA,NA,NA
hh_46286,52,59,20,5,NA,NA,NA,NA
hh_46287,43,45,NA,NA,NA,NA,NA,NA
hh_46288,44,NA,NA,NA,NA,NA,NA,NA
hh_46289,30,34,NA,NA,NA,NA,NA,NA
hh_46290,35,28,82,30,6,7,NA,NA
hh_46291,42,38,17,10,NA,NA,NA,NA
hh_46292,44,40,NA,NA,NA,NA,NA,NA
hh_46293,40,32,7,NA,NA,NA,NA,NA
hh_46294,46,51,NA,NA,NA,NA,NA,NA
hh_46295,34,49,6,1,NA,NA,NA,NA
hh_46296,45,44,18,10,14,NA,NA,NA
hh_46297,34,30,12,NA,NA,NA,NA,NA
hh_46298,43,42,14,NA,NA,NA,NA,NA
hh_46299,36,38,2,NA,NA,NA,NA,NA
hh_46300,39,38,NA,NA,NA,NA,NA,NA
hh_46301,45,50,11,10,14,NA,NA,NA
hh_46302,31,30,NA,NA,NA,NA,NA,NA
hh_46303,77,37,37,10,NA,NA,NA,NA
hh_46304,45,42,16,NA,NA,NA,NA,NA
hh_46305,50,57,34,31,NA,NA,NA,NA
hh_46306,44,51,22,21,NA,NA,NA,NA
hh_46307,7,44,30,NA,NA,NA,NA,NA
hh_46308,40,NA,NA,NA,NA,NA,NA,NA
hh_46309,27,33,NA,NA,NA,NA,NA,NA
hh_46310,NA,33,16,NA,NA,NA,NA,NA
hh_46311,36,37,10,13,NA,NA,NA,NA
hh_46312,46,29,41,NA,NA,NA,NA,NA
hh_46313,54,54,18,NA,NA,NA,NA,NA
hh_46314,43,41,17,15,NA,NA,NA,NA
hh_46315,38,48,12,10,2,14,NA,NA
hh_46316,45,35,15,NA,NA,NA,NA,NA
hh_46317,17,28,54,NA,NA,NA,NA,NA
hh_46318,53,NA,NA,NA,NA,NA,NA,NA
hh_46319,6,2,39,NA,NA,NA,NA,NA
hh_46320,47,39,13,NA,NA,NA,NA,NA
hh_46321,26,30,1,NA,NA,NA,NA,NA
hh_46322,37,36,NA,NA,NA,NA,NA,NA
hh_46323,20,50,7,NA,NA,NA,NA,NA
hh_46324,41,NA,NA,NA,NA,NA,NA,NA
hh_46325,6,41,43,NA,NA,NA,NA,NA
hh_46326,28,36,1,NA,NA,NA,NA,NA
hh_46327,39,36,NA,NA,NA,NA,NA,NA
hh_46328,21,58,32,53,NA,NA,NA,NA
hh_46329,37,30,NA,NA,NA,NA,NA,NA
hh_46330,43,39,9,7,NA,NA,NA,NA
hh_46331,48,46,12,9,NA,NA,NA,NA
hh_46332,37,35,NA,NA,NA,NA,NA,NA
hh_46333,38,37,12,NA,NA,NA,NA,NA
hh_46334,25,NA,NA,NA,NA,NA,NA,NA
hh_46335,32,NA,NA,NA,NA,NA,NA,NA
hh_46336,59,66,16,NA,NA,NA,NA,NA
hh_46337,36,9,43,NA,NA,NA,NA,NA
hh_46338,50,50,19,17,NA,NA,NA,NA
hh_46339,35,37,54,NA,NA,NA,NA,NA
hh_46340,41,NA,NA,NA,NA,NA,NA,NA
hh_46341,46,31,16,NA,NA,NA,NA,NA
hh_46342,48,46,23,21,NA,NA,NA,NA
hh_46343,39,38,7,NA,NA,NA,NA,NA
hh_46344,33,33,NA,NA,NA,NA,NA,NA
hh_46345,36,34,NA,NA,NA,NA,NA,NA
hh_46346,42,41,2,NA,NA,NA,NA,NA
hh_46347,35,38,NA,NA,NA,NA,NA,NA
hh_46348,40,40,16,10,NA,NA,NA,NA
hh_46349,NA,33,35,NA,NA,NA,NA,NA
hh_46350,51,55,NA,NA,NA,NA,NA,NA
hh_46351,4,2,32,NA,NA,NA,NA,NA
hh_46352,30,38,NA,NA,NA,NA,NA,NA
hh_46353,61,45,NA,NA,NA,NA,NA,NA
hh_46354,30,36,NA,NA,NA,NA,NA,NA
hh_46355,34,32,NA,NA,NA,NA,NA,NA
hh_46356,30,25,61,NA,NA,NA,NA,NA
hh_46357,37,38,NA,NA,NA,NA,NA,NA
hh_46358,41,49,10,NA,NA,NA,NA,NA
hh_46359,30,28,2,NA,NA,NA,NA,NA
hh_46360,37,34,4,2,NA,NA,NA,NA
hh_46361,37,40,1,NA,NA,NA,NA,NA
hh_46362,34,32,NA,NA,NA,NA,NA,NA
hh_46363,38,35,10,NA,NA,NA,NA,NA
hh_46364,4,33,33,NA,NA,NA,NA,NA
hh_46365,37,38,69,NA,NA,NA,NA,NA
hh_46366,41,34,12,5,NA,NA,NA,NA
hh_46367,26,25,NA,NA,NA,NA,NA,NA
hh_46368,28,5,3,NA,NA,NA,NA,NA
hh_46369,32,37,NA,NA,NA,NA,NA,NA
hh_46370,33,38,3,NA,NA,NA,NA,NA
hh_46371,37,35,10,7,NA,NA,NA,NA
hh_46372,27,25,5,NA,NA,NA,NA,NA
hh_46373,34,27,6,3,NA,NA,NA,NA
hh_46374,53,64,36,30,NA,NA,NA,NA
hh_46375,43,39,3,NA,NA,NA,NA,NA
hh_46376,35,30,3,NA,NA,NA,NA,NA
hh_46377,35,27,22,NA,NA,NA,NA,NA
hh_46378,27,25,5,NA,NA,NA,NA,NA
hh_46379,46,46,40,36,NA,NA,NA,NA
hh_46380,55,31,NA,NA,NA,NA,NA,NA
hh_46381,32,26,1,NA,NA,NA,NA,NA
hh_46382,35,37,3,NA,NA,NA,NA,NA
hh_46383,8,10,8,NA,NA,NA,NA,NA
hh_46384,43,44,NA,NA,NA,NA,NA,NA
hh_46385,27,25,2,NA,NA,NA,NA,NA
hh_46386,33,30,2,20,60,NA,NA,NA
hh_45101,28,NA,NA,NA,NA,NA,NA,NA
hh_45102,64,65,NA,NA,NA,NA,NA,NA
hh_45103,35,33,6,4,NA,NA,NA,NA
hh_45104,45,43,12,9,NA,NA,NA,NA
hh_45105,27,NA,NA,NA,NA,NA,NA,NA
hh_45106,29,25,3,NA,NA,NA,NA,NA
hh_45107,28,25,2,NA,NA,NA,NA,NA
hh_45108,31,36,1,NA,NA,NA,NA,NA
hh_45109,39,35,3,5,NA,NA,NA,NA
hh_45110,18,18,17,14,7,NA,NA,NA
hh_45112,26,25,3,NA,NA,NA,NA,NA
hh_45113,36,37,2,2,NA,NA,NA,NA
hh_45114,6,27,3,30,NA,NA,NA,NA
hh_45115,31,54,2,NA,NA,NA,NA,NA
hh_45116,33,30,7,NA,NA,NA,NA,NA
hh_45117,29,28,3,NA,NA,NA,NA,NA
hh_45118,32,30,2,NA,NA,NA,NA,NA
hh_45119,32,38,6,NA,NA,NA,NA,NA
hh_45120,33,35,3,NA,NA,NA,NA,NA
hh_45121,34,31,2,NA,NA,NA,NA,NA
hh_45123,NA,35,36,4,NA,NA,NA,NA
hh_45124,3,5,NA,NA,NA,NA,NA,NA
hh_45125,37,41,14,NA,NA,NA,NA,NA
hh_45126,40,34,3,NA,NA,NA,NA,NA
hh_45127,26,31,2,5,NA,NA,NA,NA
hh_45128,30,25,3,NA,NA,NA,NA,NA
hh_45129,1,35,33,NA,NA,NA,NA,NA
hh_45130,28,24,NA,NA,NA,NA,NA,NA
hh_45131,28,28,NA,NA,NA,NA,NA,NA
hh_45132,36,35,2,7,NA,NA,NA,NA
hh_45134,44,42,NA,NA,NA,NA,NA,NA
hh_45135,34,31,5,7,NA,NA,NA,NA
hh_45136,30,44,3,NA,NA,NA,NA,NA
hh_45137,30,40,3,7,NA,NA,NA,NA
hh_45138,38,33,2,NA,NA,NA,NA,NA
hh_45139,33,NA,NA,NA,NA,NA,NA,NA
hh_45140,7,26,5,14,NA,NA,NA,NA
hh_45141,22,NA,NA,NA,NA,NA,NA,NA
hh_45142,32,37,5,10,NA,NA,NA,NA
hh_45143,7,15,16,17,42,47,48,NA
hh_45145,15,17,29,27,NA,NA,NA,NA
hh_45146,34,1,3,NA,NA,NA,NA,NA
hh_45147,35,29,3,6,NA,NA,NA,NA
hh_45148,28,27,2,NA,NA,NA,NA,NA
hh_45149,33,37,2,NA,NA,NA,NA,NA
hh_45150,32,27,5,NA,NA,NA,NA,NA
hh_45151,47,44,15,13,17,NA,NA,NA
hh_45152,5,23,NA,NA,NA,NA,NA,NA
hh_45153,33,28,5,NA,NA,NA,NA,NA
hh_45154,43,45,13,11,8,5,NA,NA
hh_45156,34,36,NA,NA,NA,NA,NA,NA
hh_45157,59,NA,NA,NA,NA,NA,NA,NA
hh_45158,40,38,8,NA,NA,NA,NA,NA
hh_45159,47,40,9,3,NA,NA,NA,NA
hh_45160,30,35,2,4,NA,NA,NA,NA
hh_45161,36,35,9,9,NA,NA,NA,NA
hh_45162,30,29,NA,NA,NA,NA,NA,NA
hh_45163,39,33,9,NA,NA,NA,NA,NA
hh_45164,38,43,NA,NA,NA,NA,NA,NA
hh_45165,41,41,3,NA,NA,NA,NA,NA
hh_45167,8,43,NA,NA,NA,NA,NA,NA
hh_45168,36,31,NA,NA,NA,NA,NA,NA
hh_45169,10,2,4,2,NA,NA,NA,NA
hh_45170,5,41,NA,NA,NA,NA,NA,NA
hh_45171,34,35,1,NA,NA,NA,NA,NA
hh_45172,42,41,2,NA,NA,NA,NA,NA
hh_45173,30,34,4,NA,NA,NA,NA,NA
hh_45174,35,34,NA,NA,NA,NA,NA,NA
hh_45175,28,30,3,NA,NA,NA,NA,NA
hh_45176,37,40,1,NA,NA,NA,NA,NA
hh_45178,34,36,2,NA,NA,NA,NA,NA
hh_45179,32,47,64,NA,NA,NA,NA,NA
hh_45180,32,34,1,NA,NA,NA,NA,NA
hh_45181,39,39,NA,NA,NA,NA,NA,NA
hh_45182,3,38,53,NA,NA,NA,NA,NA
hh_45183,44,41,3,5,NA,NA,NA,NA
hh_45184,39,43,6,NA,NA,NA,NA,NA
hh_45185,37,38,4,7,NA,NA,NA,NA
hh_45186,10,7,39,41,NA,NA,NA,NA
hh_45187,35,24,5,NA,NA,NA,NA,NA
hh_45189,35,45,6,NA,NA,NA,NA,NA
hh_45190,50,43,16,NA,NA,NA,NA,NA
hh_45191,32,33,4,NA,6,NA,NA,NA
hh_45192,27,NA,NA,NA,NA,NA,NA,NA
hh_45193,24,17,27,NA,NA,NA,NA,NA
hh_45194,37,37,NA,NA,NA,NA,NA,NA
hh_45195,1,45,NA,NA,NA,NA,NA,NA
hh_45196,30,33,8,55,NA,38,NA,NA
hh_45197,12,8,31,2,38,NA,NA,NA
hh_45198,38,37,4,NA,NA,NA,NA,NA
hh_45200,28,26,NA,NA,NA,NA,NA,NA
hh_45201,47,54,13,3,NA,NA,NA,NA
hh_45202,4,37,45,7,NA,NA,NA,NA
hh_45203,42,38,4,2,NA,NA,NA,NA
hh_45204,24,27,1,3,NA,NA,NA,NA
hh_45205,34,NA,NA,NA,NA,NA,NA,NA
hh_45206,33,39,NA,NA,NA,NA,NA,NA
hh_45207,30,34,4,NA,NA,NA,NA,NA
hh_45208,33,27,11,NA,NA,NA,NA,NA
hh_45209,37,34,8,3,1,NA,NA,NA
hh_45211,1,18,37,NA,NA,NA,NA,NA
hh_45212,30,35,1,NA,NA,NA,NA,NA
hh_45213,33,34,1,NA,NA,NA,NA,NA
hh_45214,29,31,1,NA,NA,NA,NA,NA
hh_45215,3,37,44,NA,NA,NA,NA,NA
hh_45216,39,5,NA,NA,NA,NA,NA,NA
hh_45217,44,55,3,NA,NA,NA,NA,NA
hh_45218,26,30,NA,NA,NA,NA,NA,NA
hh_45219,30,30,NA,NA,NA,NA,NA,NA
hh_45220,24,56,36,NA,NA,NA,NA,NA
hh_45222,32,27,2,NA,NA,NA,NA,NA
hh_45223,33,31,2,NA,NA,NA,NA,NA
hh_45224,34,27,1,NA,NA,NA,NA,NA
hh_45225,30,25,5,3,NA,NA,NA,NA
hh_45226,12,6,29,NA,NA,NA,NA,NA
hh_45227,40,29,3,NA,NA,NA,NA,NA
hh_45228,27,24,3,6,NA,NA,NA,NA
hh_45229,36,6,1,63,23,27,8,67
hh_45230,35,32,3,1,NA,NA,NA,NA
hh_45231,42,47,3,1,11,NA,NA,NA
hh_45233,22,23,5,3,NA,NA,NA,NA
hh_45234,8,5,40,45,NA,NA,NA,NA
hh_45235,31,29,3,NA,NA,NA,NA,NA
hh_45236,31,29,2,NA,NA,NA,NA,NA
hh_45237,30,36,NA,NA,NA,NA,NA,NA
hh_45238,37,36,NA,NA,NA,NA,NA,NA
hh_45239,31,34,2,NA,NA,NA,NA,NA
hh_45240,35,40,5,2,NA,NA,NA,NA
hh_45241,38,40,NA,NA,NA,NA,NA,NA
hh_45242,49,36,5,NA,NA,NA,NA,NA
hh_45244,35,4,26,NA,NA,NA,NA,NA
hh_45245,33,30,5,13,NA,NA,NA,NA
hh_45246,47,43,17,13,3,NA,NA,NA
hh_45247,34,31,1,NA,NA,NA,NA,NA
hh_45248,40,36,2,NA,NA,NA,NA,NA
hh_45249,36,32,3,NA,NA,NA,NA,NA
hh_45250,21,22,NA,NA,NA,NA,NA,NA
hh_45251,30,26,4,NA,NA,NA,NA,NA
hh_45252,43,42,12,11,6,3,NA,NA
hh_45253,46,45,NA,NA,NA,NA,NA,NA
hh_45255,6,4,NA,NA,NA,NA,NA,NA
hh_45256,13,15,14,NA,NA,NA,NA,NA
hh_45257,42,40,4,10,NA,NA,NA,NA
hh_45258,35,31,2,NA,NA,NA,NA,NA
hh_45259,38,40,1,NA,NA,NA,NA,NA
hh_45260,42,NA,NA,NA,NA,NA,NA,NA
hh_45261,59,32,37,5,4,3,NA,NA
hh_45262,10,3,37,33,NA,NA,NA,NA
hh_45263,35,37,13,4,17,NA,NA,NA
hh_45264,43,41,17,19,8,NA,NA,NA
hh_45266,3,39,41,NA,NA,NA,NA,NA
hh_45267,24,23,NA,NA,NA,NA,NA,NA
hh_45268,4,29,29,NA,NA,NA,NA,NA
hh_45269,44,44,10,8,NA,NA,NA,NA
hh_45270,34,43,6,2,NA,NA,NA,NA
hh_45271,5,NA,NA,NA,NA,NA,NA,NA
hh_45272,41,4,NA,NA,NA,NA,NA,NA
hh_45273,26,4,26,NA,NA,NA,NA,NA
hh_45274,26,25,4,NA,NA,NA,NA,NA
hh_45275,34,31,2,NA,NA,NA,NA,NA
hh_45277,35,34,8,NA,NA,NA,NA,NA
hh_45278,33,37,2,NA,NA,NA,NA,NA
hh_45279,4,36,41,NA,NA,NA,NA,NA
hh_45280,29,27,3,NA,NA,NA,NA,NA
hh_45281,29,27,3,NA,NA,NA,NA,NA
hh_45282,28,35,NA,NA,NA,NA,NA,NA
hh_45283,42,36,4,NA,NA,NA,NA,NA
hh_45284,31,29,3,NA,NA,NA,NA,NA
hh_45285,32,32,NA,NA,NA,NA,NA,NA
hh_45286,27,32,NA,NA,NA,NA,NA,NA
hh_45288,34,31,3,NA,NA,NA,NA,NA
hh_45289,25,NA,NA,NA,NA,NA,NA,NA
hh_45290,27,25,2,NA,NA,NA,NA,NA
hh_45291,41,34,5,NA,NA,NA,NA,NA
hh_45292,28,31,5,NA,NA,NA,NA,NA
hh_45293,31,28,3,6,NA,NA,NA,NA
hh_45294,2,25,28,NA,NA,NA,NA,NA
hh_45295,35,30,65,5,NA,NA,NA,NA
hh_45296,43,45,NA,NA,NA,NA,NA,NA
hh_45297,41,38,60,NA,NA,NA,NA,NA
hh_45299,29,27,3,NA,NA,NA,NA,NA
hh_45300,43,42,14,7,NA,NA,NA,NA
hh_45301,37,40,6,NA,NA,NA,NA,NA
hh_45302,28,30,NA,NA,NA,NA,NA,NA
hh_45303,39,NA,NA,NA,NA,NA,NA,NA
hh_45304,3,40,42,NA,NA,NA,NA,NA
hh_45305,40,35,2,NA,NA,NA,NA,NA
hh_45306,28,29,19,NA,NA,NA,NA,NA
hh_45307,11,NA,43,44,NA,NA,NA,NA
hh_45308,38,NA,NA,NA,NA,NA,NA,NA
hh_45310,23,22,NA,NA,NA,NA,NA,NA
hh_45311,23,NA,NA,NA,NA,NA,NA,NA
hh_45312,35,35,NA,NA,NA,NA,NA,NA
hh_45313,5,21,21,NA,NA,NA,NA,NA
hh_45314,28,25,5,NA,NA,NA,NA,NA
hh_45315,34,34,4,8,11,NA,NA,NA
hh_45316,27,30,4,NA,NA,NA,NA,NA
hh_45317,32,NA,NA,NA,NA,NA,NA,NA
hh_45318,33,38,NA,NA,NA,NA,NA,NA
hh_45319,27,30,3,NA,NA,NA,NA,NA
hh_45321,26,35,NA,NA,NA,NA,NA,NA
hh_45322,33,27,3,5,NA,NA,NA,NA
hh_45323,31,27,2,NA,NA,NA,NA,NA
hh_45324,38,34,3,NA,NA,NA,NA,NA
hh_45325,5,5,5,32,NA,NA,NA,NA
hh_45326,31,27,3,NA,NA,NA,NA,NA
hh_45327,30,33,2,NA,NA,NA,NA,NA
hh_45328,4,32,34,18,NA,NA,NA,NA
hh_45329,29,31,7,NA,NA,NA,NA,NA
hh_45330,37,34,5,7,NA,NA,NA,NA
hh_45332,18,NA,NA,NA,NA,NA,NA,NA
hh_45333,1,22,NA,NA,NA,NA,NA,NA
hh_45334,32,34,3,NA,NA,NA,NA,NA
hh_45335,34,30,4,NA,NA,NA,NA,NA
hh_45336,5,3,27,22,NA,NA,NA,NA
hh_45337,31,34,1,NA,NA,NA,NA,NA
hh_45338,31,27,3,NA,NA,NA,NA,NA
hh_45339,28,30,55,50,7,18,NA,NA
hh_45340,45,50,NA,NA,NA,NA,NA,NA
hh_45341,32,27,4,NA,NA,NA,NA,NA
hh_45343,25,NA,NA,NA,NA,NA,NA,NA
hh_45344,39,13,34,5,NA,NA,NA,NA
hh_45345,24,24,4,NA,NA,NA,NA,NA
hh_45346,30,5,NA,NA,NA,NA,NA,NA
hh_45347,36,30,NA,NA,NA,NA,NA,NA
hh_45348,25,27,2,NA,NA,NA,NA,NA
hh_45349,25,23,NA,NA,NA,NA,NA,NA
hh_45350,32,35,3,NA,NA,NA,NA,NA
hh_45351,27,33,38,NA,NA,NA,NA,NA
hh_45352,28,32,5,NA,NA,NA,NA,NA
hh_45354,35,30,15,10,NA,NA,NA,NA
hh_45355,28,25,2,NA,NA,NA,NA,NA
hh_45356,29,26,2,NA,NA,NA,NA,NA
hh_45357,3,35,31,NA,NA,NA,NA,NA
hh_45358,5,2,20,NA,NA,NA,NA,NA
hh_45359,34,28,15,NA,NA,NA,NA,NA
hh_45360,29,24,3,NA,NA,NA,NA,NA
hh_45361,38,32,6,NA,NA,NA,NA,NA
hh_45362,41,38,56,NA,NA,NA,NA,NA
hh_45363,33,31,14,2,NA,NA,NA,NA
hh_45365,3,28,35,NA,NA,NA,NA,NA
hh_45366,25,16,NA,NA,NA,NA,NA,NA
hh_45367,3,33,30,NA,NA,NA,NA,NA
hh_45368,40,37,3,65,NA,NA,NA,NA
hh_45369,34,31,2,NA,NA,NA,NA,NA
hh_45370,2,36,33,NA,NA,NA,NA,NA
hh_45371,46,33,2,NA,NA,NA,NA,NA
hh_45372,34,32,3,NA,NA,NA,NA,NA
hh_45373,38,38,6,NA,NA,NA,NA,NA
hh_45374,19,22,26,NA,55,58,NA,NA
hh_45376,30,36,1,NA,NA,NA,NA,NA
hh_45377,27,NA,NA,NA,NA,NA,NA,NA
hh_45378,36,26,5,NA,NA,NA,NA,NA
hh_45379,29,27,4,NA,NA,NA,NA,NA
hh_45380,35,30,8,NA,NA,NA,NA,NA
hh_45381,33,35,3,NA,NA,NA,NA,NA
hh_45382,31,25,4,2,NA,NA,NA,NA
hh_45383,29,25,2,NA,NA,NA,NA,NA
hh_45384,38,NA,NA,NA,NA,NA,NA,NA
hh_45385,34,34,NA,NA,NA,NA,NA,NA
hh_45387,27,28,NA,NA,NA,NA,NA,NA
hh_45388,59,4,NA,NA,NA,NA,NA,NA
hh_45389,36,4,NA,NA,NA,NA,NA,NA
hh_45390,31,25,3,NA,NA,NA,NA,NA
hh_45391,7,27,27,NA,NA,NA,NA,NA
hh_45392,36,35,6,3,NA,NA,NA,NA
hh_45393,28,25,3,NA,NA,NA,NA,NA
hh_45394,4,36,31,NA,NA,NA,NA,NA
hh_45395,36,39,3,NA,NA,NA,NA,NA
hh_45396,3,26,NA,NA,NA,NA,NA,NA
hh_45398,30,NA,NA,NA,NA,NA,NA,NA
hh_45399,26,22,17,NA,NA,NA,NA,NA
hh_45400,3,36,40,NA,NA,NA,NA,NA
hh_45401,21,22,NA,NA,NA,NA,NA,NA
hh_45402,10,39,34,24,NA,NA,NA,NA
hh_45403,34,32,4,1,NA,NA,NA,NA
hh_45404,50,37,6,NA,NA,NA,NA,NA
hh_45405,29,42,NA,NA,NA,NA,NA,NA
hh_45406,29,28,25,NA,NA,NA,NA,NA
hh_45407,37,34,14,NA,NA,NA,NA,NA
hh_45409,37,35,14,4,10,NA,NA,NA
hh_45410,5,26,NA,NA,NA,NA,NA,NA
hh_45411,20,1,NA,NA,NA,NA,NA,NA
hh_45412,25,21,52,50,21,NA,NA,NA
hh_45413,40,34,5,15,NA,NA,NA,NA
hh_45414,3,5,34,29,NA,NA,NA,NA
hh_45415,26,27,NA,NA,NA,NA,NA,NA
hh_45416,28,29,NA,NA,NA,NA,NA,NA
hh_45417,1,22,NA,NA,NA,NA,NA,NA
hh_45418,34,31,5,3,NA,NA,NA,NA
hh_45420,34,31,NA,NA,NA,NA,NA,NA
hh_45421,40,37,6,NA,NA,NA,NA,NA
hh_45422,26,24,2,5,NA,NA,NA,NA
hh_45423,22,22,2,NA,NA,NA,NA,NA
hh_45424,22,1,20,2,NA,NA,NA,NA
hh_45425,2,37,43,NA,NA,NA,NA,NA
hh_45426,25,29,2,NA,NA,NA,NA,NA
hh_45427,5,7,37,50,NA,NA,NA,NA
hh_45428,35,32,5,NA,NA,NA,NA,NA
hh_45429,33,34,1,4,NA,NA,NA,NA
hh_45431,28,23,3,NA,NA,NA,NA,NA
hh_45432,34,37,3,NA,NA,NA,NA,NA
hh_45433,27,30,4,6,NA,NA,NA,NA
hh_45434,25,NA,NA,NA,NA,NA,NA,NA
hh_45435,39,34,6,2,NA,NA,NA,NA
hh_45436,2,5,38,40,27,37,NA,NA
hh_45437,30,26,1,NA,NA,NA,NA,NA
hh_45438,38,40,2,NA,NA,NA,NA,NA
hh_45439,41,51,4,7,NA,NA,NA,NA
hh_45440,28,25,9,3,NA,NA,NA,NA
hh_45442,39,31,7,6,NA,NA,NA,NA
hh_45443,36,39,9,6,5,NA,NA,NA
hh_45444,33,31,73,NA,NA,NA,NA,NA
hh_45445,39,36,9,7,5,NA,NA,NA
hh_45446,47,49,11,70,NA,NA,NA,NA
hh_45447,38,38,NA,NA,NA,NA,NA,NA
hh_45448,34,30,9,NA,NA,NA,NA,NA
hh_45449,46,39,7,NA,NA,NA,NA,NA
hh_45450,33,32,3,NA,NA,NA,NA,NA
hh_45451,38,37,1,NA,NA,NA,NA,NA
hh_45453,34,29,3,NA,NA,NA,NA,NA
hh_45454,50,48,17,1,NA,NA,NA,NA
hh_45455,29,4,27,NA,NA,NA,NA,NA
hh_45456,29,31,3,NA,NA,NA,NA,NA
hh_45457,39,8,1,NA,NA,NA,NA,NA
hh_45458,30,27,NA,NA,NA,NA,NA,NA
hh_45459,26,23,NA,NA,NA,NA,NA,NA
hh_45460,53,25,NA,NA,NA,NA,NA,NA
hh_45461,35,30,2,NA,NA,NA,NA,NA
hh_45462,21,NA,NA,NA,NA,NA,NA,NA
hh_45464,33,36,NA,NA,NA,NA,NA,NA
hh_45465,22,22,NA,NA,NA,NA,NA,NA
hh_45466,33,29,NA,NA,NA,NA,NA,NA
hh_45467,37,37,NA,NA,NA,NA,NA,NA
hh_45468,34,29,2,NA,NA,NA,NA,NA
hh_45469,26,3,NA,NA,NA,NA,NA,NA
hh_45470,49,43,13,3,NA,NA,NA,NA
hh_45471,34,34,NA,NA,NA,NA,NA,NA
hh_45472,25,26,NA,NA,NA,NA,NA,NA
hh_45473,41,41,6,6,15,NA,NA,NA
hh_45475,33,33,NA,NA,NA,NA,NA,NA
hh_45476,34,33,2,4,NA,NA,NA,NA
hh_45477,5,27,29,NA,NA,NA,NA,NA
hh_45478,35,32,60,NA,NA,NA,NA,NA
hh_45479,34,37,5,7,NA,NA,NA,NA
hh_45480,29,26,5,NA,NA,NA,NA,NA
hh_45481,30,25,2,NA,NA,NA,NA,NA
hh_45482,27,27,21,NA,NA,NA,NA,NA
hh_45483,27,29,4,6,NA,NA,NA,NA
hh_45484,33,31,4,2,NA,NA,NA,NA
hh_45486,31,28,10,8,18,30,22,30
hh_45487,34,37,5,NA,NA,NA,NA,NA
hh_45488,6,38,40,NA,NA,NA,NA,NA
hh_45489,31,41,1,NA,NA,NA,NA,NA
hh_45490,35,32,5,NA,NA,NA,NA,NA
hh_45491,9,24,25,33,18,16,NA,NA
hh_45492,31,43,1,NA,NA,NA,NA,NA
hh_45493,5,33,40,3,NA,NA,NA,NA
hh_45494,33,38,NA,NA,NA,NA,NA,NA
hh_45495,33,31,5,NA,NA,NA,NA,NA
hh_45497,39,33,6,NA,NA,NA,NA,NA
hh_45498,31,5,38,NA,NA,NA,NA,NA
hh_45499,37,35,3,NA,NA,NA,NA,NA
hh_45500,32,38,2,NA,NA,NA,NA,NA
hh_45501,35,37,NA,NA,NA,NA,NA,NA
hh_45502,46,46,16,NA,NA,NA,NA,NA
hh_45503,42,40,7,NA,NA,NA,NA,NA
hh_45504,3,34,35,NA,NA,NA,NA,NA
hh_45505,35,30,9,6,3,NA,NA,NA
hh_45506,27,25,8,NA,NA,NA,NA,NA
hh_45508,28,25,NA,NA,NA,NA,NA,NA
hh_45509,24,34,1,NA,NA,NA,NA,NA
hh_45510,43,40,15,9,2,NA,NA,NA
hh_45511,27,25,5,NA,NA,NA,NA,NA
hh_45512,35,30,2,NA,NA,NA,NA,NA
hh_45513,34,32,4,NA,NA,NA,NA,NA
hh_45514,35,30,2,NA,NA,NA,NA,NA
hh_45515,27,25,2,5,NA,NA,NA,NA
hh_45516,35,40,4,NA,NA,NA,NA,NA
hh_45517,30,12,NA,NA,NA,NA,NA,NA
hh_45519,5,2,31,25,4,NA,NA,NA
hh_45520,42,NA,NA,NA,NA,NA,NA,NA
hh_45521,35,44,2,NA,NA,NA,NA,NA
hh_45522,38,40,9,4,NA,NA,NA,NA
hh_45523,30,29,4,NA,NA,NA,NA,NA
hh_45524,37,5,5,20,NA,NA,NA,NA
hh_45525,46,NA,11,NA,NA,NA,NA,NA
