part_id,hh_id,part_age_exact,part_age_est_min,part_age_est_max,part_gender
10,hh_10,56,NA,NA,F
21,hh_21,55,NA,NA,F
32,hh_32,81,NA,NA,F
43,hh_43,25,NA,NA,F
54,hh_54,61,NA,NA,F
65,hh_65,40,NA,NA,M
76,hh_76,51,NA,NA,M
87,hh_87,36,NA,NA,F
98,hh_98,70,NA,NA,M
109,hh_109,58,NA,NA,F
120,hh_120,37,NA,NA,F
131,hh_131,29,NA,NA,M
142,hh_142,67,NA,NA,F
153,hh_153,75,NA,NA,F
164,hh_164,30,NA,NA,F
175,hh_175,60,NA,NA,F
186,hh_186,54,NA,NA,F
197,hh_197,36,NA,NA,F
208,hh_208,55,NA,NA,F
219,hh_219,54,NA,NA,F
230,hh_230,40,NA,NA,F
241,hh_241,56,NA,NA,F
252,hh_252,63,NA,NA,M
263,hh_263,29,NA,NA,F
274,hh_274,36,NA,NA,F
285,hh_285,34,NA,NA,M
296,hh_296,30,NA,NA,M
307,hh_307,58,NA,NA,F
318,hh_318,57,NA,NA,F
320,hh_320,18,NA,NA,M
321,hh_321,61,NA,NA,F
322,hh_322,72,NA,NA,M
323,hh_323,33,NA,NA,M
324,hh_324,32,NA,NA,F
325,hh_325,59,NA,NA,M
326,hh_326,24,NA,NA,F
327,hh_327,48,NA,NA,M
328,hh_328,28,NA,NA,F
329,hh_329,33,NA,NA,F
330,hh_330,58,NA,NA,F
331,hh_331,33,NA,NA,M
332,hh_332,35,NA,NA,M
333,hh_333,30,NA,NA,F
334,hh_334,44,NA,NA,F
335,hh_335,74,NA,NA,M
336,hh_336,26,NA,NA,M
337,hh_337,46,NA,NA,M
338,hh_338,38,NA,NA,F
339,hh_339,62,NA,NA,M
340,hh_340,67,NA,NA,M
341,hh_341,63,NA,NA,M
342,hh_342,50,NA,NA,F
343,hh_343,42,NA,NA,M
344,hh_344,31,NA,NA,F
345,hh_345,67,NA,NA,F
346,hh_346,32,NA,NA,M
347,hh_347,62,NA,NA,M
348,hh_348,53,NA,NA,M
349,hh_349,42,NA,NA,F
350,hh_350,77,NA,NA,M
351,hh_351,31,NA,NA,M
352,hh_352,68,NA,NA,M
353,hh_353,53,NA,NA,M
354,hh_354,48,NA,NA,M
355,hh_355,63,NA,NA,F
356,hh_356,34,NA,NA,M
357,hh_357,29,NA,NA,F
358,hh_358,24,NA,NA,F
359,hh_359,69,NA,NA,M
360,hh_360,61,NA,NA,M
361,hh_361,47,NA,NA,F
362,hh_362,41,NA,NA,M
363,hh_363,48,NA,NA,F
364,hh_364,45,NA,NA,F
365,hh_365,42,NA,NA,M
366,hh_366,22,NA,NA,M
367,hh_367,24,NA,NA,F
368,hh_368,31,NA,NA,M
369,hh_369,82,NA,NA,M
370,hh_370,30,NA,NA,F
371,hh_371,69,NA,NA,M
372,hh_372,61,NA,NA,F
373,hh_373,30,NA,NA,F
374,hh_374,36,NA,NA,F
375,hh_375,72,NA,NA,M
376,hh_376,23,NA,NA,F
377,hh_377,25,NA,NA,F
378,hh_378,63,NA,NA,F
379,hh_379,48,NA,NA,F
380,hh_380,28,NA,NA,M
381,hh_381,90,NA,NA,F
382,hh_382,25,NA,NA,M
383,hh_383,48,NA,NA,M
384,hh_384,49,NA,NA,M
385,hh_385,71,NA,NA,F
386,hh_386,31,NA,NA,F
387,hh_387,67,NA,NA,F
388,hh_388,35,NA,NA,F
389,hh_389,35,NA,NA,M
390,hh_390,51,NA,NA,M
400,hh_400,42,NA,NA,F
411,hh_411,49,NA,NA,M
422,hh_422,41,NA,NA,F
433,hh_433,49,NA,NA,F
444,hh_444,36,NA,NA,F
455,hh_455,57,NA,NA,M
466,hh_466,68,NA,NA,F
477,hh_477,66,NA,NA,M
488,hh_488,34,NA,NA,F
499,hh_499,40,NA,NA,F
510,hh_510,26,NA,NA,M
521,hh_521,29,NA,NA,M
532,hh_532,45,NA,NA,F
543,hh_543,49,NA,NA,F
554,hh_554,70,NA,NA,M
565,hh_565,54,NA,NA,F
576,hh_576,19,NA,NA,F
587,hh_587,23,NA,NA,F
598,hh_598,52,NA,NA,F
609,hh_609,63,NA,NA,M
620,hh_620,47,NA,NA,M
631,hh_631,55,NA,NA,M
642,hh_642,28,NA,NA,M
653,hh_653,61,NA,NA,M
664,hh_664,65,NA,NA,F
675,hh_675,35,NA,NA,F
686,hh_686,65,NA,NA,F
697,hh_697,45,NA,NA,F
708,hh_708,45,NA,NA,M
719,hh_719,67,NA,NA,M
730,hh_730,58,NA,NA,F
741,hh_741,65,NA,NA,F
752,hh_752,77,NA,NA,M
763,hh_763,52,NA,NA,M
774,hh_774,60,NA,NA,M
785,hh_785,64,NA,NA,F
796,hh_796,47,NA,NA,F
806,hh_806,77,NA,NA,M
807,hh_807,76,NA,NA,M
808,hh_808,50,NA,NA,F
809,hh_809,73,NA,NA,M
810,hh_810,57,NA,NA,F
811,hh_811,65,NA,NA,F
812,hh_812,76,NA,NA,F
813,hh_813,34,NA,NA,F
814,hh_814,47,NA,NA,F
815,hh_815,63,NA,NA,M
816,hh_816,36,NA,NA,M
817,hh_817,40,NA,NA,F
818,hh_818,27,NA,NA,M
819,hh_819,41,NA,NA,F
820,hh_820,32,NA,NA,F
821,hh_821,65,NA,NA,M
822,hh_822,35,NA,NA,F
823,hh_823,25,NA,NA,M
824,hh_824,47,NA,NA,M
825,hh_825,52,NA,NA,F
826,hh_826,33,NA,NA,F
827,hh_827,59,NA,NA,F
828,hh_828,27,NA,NA,M
829,hh_829,32,NA,NA,F
830,hh_830,63,NA,NA,M
831,hh_831,74,NA,NA,M
832,hh_832,41,NA,NA,F
833,hh_833,71,NA,NA,M
834,hh_834,55,NA,NA,F
835,hh_835,36,NA,NA,M
836,hh_836,44,NA,NA,M
837,hh_837,32,NA,NA,F
838,hh_838,35,NA,NA,F
839,hh_839,68,NA,NA,M
840,hh_840,69,NA,NA,F
841,hh_841,40,NA,NA,M
842,hh_842,75,NA,NA,F
843,hh_843,62,NA,NA,F
844,hh_844,18,NA,NA,F
845,hh_845,81,NA,NA,M
846,hh_846,45,NA,NA,M
847,hh_847,64,NA,NA,F
848,hh_848,37,NA,NA,F
849,hh_849,23,NA,NA,M
850,hh_850,63,NA,NA,M
851,hh_851,18,NA,NA,F
852,hh_852,55,NA,NA,M
853,hh_853,70,NA,NA,F
854,hh_854,39,NA,NA,F
855,hh_855,36,NA,NA,M
856,hh_856,64,NA,NA,M
857,hh_857,48,NA,NA,M
858,hh_858,51,NA,NA,F
859,hh_859,44,NA,NA,F
860,hh_860,35,NA,NA,F
861,hh_861,72,NA,NA,F
862,hh_862,40,NA,NA,F
863,hh_863,65,NA,NA,F
864,hh_864,57,NA,NA,F
865,hh_865,65,NA,NA,F
866,hh_866,58,NA,NA,M
867,hh_867,66,NA,NA,F
868,hh_868,42,NA,NA,F
878,hh_878,69,NA,NA,F
889,hh_889,67,NA,NA,F
900,hh_900,34,NA,NA,F
911,hh_911,42,NA,NA,F
922,hh_922,55,NA,NA,M
933,hh_933,42,NA,NA,F
944,hh_944,18,NA,NA,F
955,hh_955,67,NA,NA,F
966,hh_966,56,NA,NA,M
977,hh_977,60,NA,NA,F
988,hh_988,74,NA,NA,F
999,hh_999,29,NA,NA,F
1010,hh_1010,50,NA,NA,F
1021,hh_1021,42,NA,NA,F
1032,hh_1032,33,NA,NA,F
1043,hh_1043,55,NA,NA,F
1054,hh_1054,30,NA,NA,M
1065,hh_1065,73,NA,NA,M
1076,hh_1076,71,NA,NA,F
1087,hh_1087,50,NA,NA,M
1098,hh_1098,58,NA,NA,M
1109,hh_1109,64,NA,NA,F
1120,hh_1120,68,NA,NA,M
1131,hh_1131,60,NA,NA,M
1142,hh_1142,28,NA,NA,F
1153,hh_1153,29,NA,NA,M
1164,hh_1164,58,NA,NA,F
1175,hh_1175,82,NA,NA,F
1186,hh_1186,47,NA,NA,F
1197,hh_1197,50,NA,NA,M
1208,hh_1208,45,NA,NA,F
1219,hh_1219,30,NA,NA,F
1230,hh_1230,40,NA,NA,F
1241,hh_1241,27,NA,NA,F
1252,hh_1252,32,NA,NA,F
1263,hh_1263,30,NA,NA,F
1274,hh_1274,45,NA,NA,F
1285,hh_1285,36,NA,NA,F
1296,hh_1296,31,NA,NA,F
1307,hh_1307,67,NA,NA,F
1318,hh_1318,63,NA,NA,M
1329,hh_1329,56,NA,NA,F
1340,hh_1340,68,NA,NA,F
1351,hh_1351,75,NA,NA,F
1362,hh_1362,49,NA,NA,F
1373,hh_1373,43,NA,NA,F
1384,hh_1384,30,NA,NA,F
1395,hh_1395,60,NA,NA,F
1406,hh_1406,52,NA,NA,M
1417,hh_1417,67,NA,NA,M
1425,hh_1425,51,NA,NA,F
1426,hh_1426,55,NA,NA,M
1427,hh_1427,21,NA,NA,F
1428,hh_1428,53,NA,NA,F
1429,hh_1429,36,NA,NA,M
1430,hh_1430,43,NA,NA,F
1431,hh_1431,39,NA,NA,M
1432,hh_1432,70,NA,NA,M
1433,hh_1433,69,NA,NA,F
1434,hh_1434,40,NA,NA,F
1435,hh_1435,71,NA,NA,M
1436,hh_1436,37,NA,NA,F
1437,hh_1437,53,NA,NA,M
1438,hh_1438,61,NA,NA,M
1439,hh_1439,44,NA,NA,M
1440,hh_1440,70,NA,NA,M
1441,hh_1441,53,NA,NA,M
1442,hh_1442,52,NA,NA,F
1443,hh_1443,69,NA,NA,M
1444,hh_1444,56,NA,NA,M
1445,hh_1445,37,NA,NA,M
1446,hh_1446,68,NA,NA,M
1447,hh_1447,58,NA,NA,F
1448,hh_1448,64,NA,NA,M
1449,hh_1449,56,NA,NA,F
1450,hh_1450,57,NA,NA,F
1451,hh_1451,36,NA,NA,M
1452,hh_1452,36,NA,NA,F
1453,hh_1453,63,NA,NA,F
1454,hh_1454,76,NA,NA,M
1455,hh_1455,70,NA,NA,F
1456,hh_1456,74,NA,NA,F
1457,hh_1457,24,NA,NA,F
1458,hh_1458,42,NA,NA,M
1459,hh_1459,65,NA,NA,M
1460,hh_1460,35,NA,NA,M
1461,hh_1461,44,NA,NA,M
1462,hh_1462,29,NA,NA,M
1463,hh_1463,62,NA,NA,M
1464,hh_1464,21,NA,NA,M
1465,hh_1465,20,NA,NA,F
1466,hh_1466,54,NA,NA,M
1467,hh_1467,20,NA,NA,F
1468,hh_1468,57,NA,NA,M
1469,hh_1469,33,NA,NA,M
1470,hh_1470,45,NA,NA,M
1471,hh_1471,39,NA,NA,M
1472,hh_1472,34,NA,NA,F
1473,hh_1473,78,NA,NA,F
1474,hh_1474,32,NA,NA,F
1484,hh_1484,52,NA,NA,F
1495,hh_1495,54,NA,NA,M
1506,hh_1506,37,NA,NA,M
1517,hh_1517,53,NA,NA,M
1528,hh_1528,38,NA,NA,F
1539,hh_1539,31,NA,NA,F
1550,hh_1550,45,NA,NA,M
1561,hh_1561,32,NA,NA,F
1572,hh_1572,50,NA,NA,F
1583,hh_1583,38,NA,NA,M
1594,hh_1594,64,NA,NA,M
1605,hh_1605,46,NA,NA,M
1616,hh_1616,68,NA,NA,M
1627,hh_1627,45,NA,NA,M
1638,hh_1638,54,NA,NA,F
1649,hh_1649,54,NA,NA,M
1660,hh_1660,43,NA,NA,M
1671,hh_1671,54,NA,NA,F
1682,hh_1682,46,NA,NA,F
1693,hh_1693,52,NA,NA,F
1704,hh_1704,60,NA,NA,F
1715,hh_1715,21,NA,NA,F
1726,hh_1726,52,NA,NA,M
1737,hh_1737,65,NA,NA,M
1748,hh_1748,62,NA,NA,M
1759,hh_1759,28,NA,NA,M
1770,hh_1770,36,NA,NA,F
1781,hh_1781,71,NA,NA,F
1792,hh_1792,70,NA,NA,M
1803,hh_1803,48,NA,NA,F
1814,hh_1814,64,NA,NA,F
1825,hh_1825,77,NA,NA,M
4671,hh_4671,65,NA,NA,M
4682,hh_4682,50,NA,NA,M
4693,hh_4693,19,NA,NA,M
4704,hh_4704,48,NA,NA,F
4715,hh_4715,44,NA,NA,M
4726,hh_4726,42,NA,NA,F
4737,hh_4737,30,NA,NA,F
4748,hh_4748,23,NA,NA,M
4759,hh_4759,27,NA,NA,M
4770,hh_4770,63,NA,NA,M
4781,hh_4781,74,NA,NA,M
4792,hh_4792,37,NA,NA,M
4803,hh_4803,57,NA,NA,M
4814,hh_4814,28,NA,NA,F
4825,hh_4825,63,NA,NA,M
4836,hh_4836,44,NA,NA,M
4847,hh_4847,36,NA,NA,F
4858,hh_4858,45,NA,NA,F
4869,hh_4869,29,NA,NA,M
4880,hh_4880,69,NA,NA,F
4891,hh_4891,66,NA,NA,F
4902,hh_4902,20,NA,NA,F
4913,hh_4913,24,NA,NA,F
4924,hh_4924,39,NA,NA,NA
4935,hh_4935,35,NA,NA,F
4946,hh_4946,46,NA,NA,M
4957,hh_4957,29,NA,NA,M
4968,hh_4968,42,NA,NA,F
4976,hh_4976,32,NA,NA,M
4977,hh_4977,26,NA,NA,F
4978,hh_4978,34,NA,NA,M
4979,hh_4979,45,NA,NA,M
4980,hh_4980,25,NA,NA,M
4981,hh_4981,26,NA,NA,M
4982,hh_4982,56,NA,NA,M
4983,hh_4983,34,NA,NA,F
4984,hh_4984,34,NA,NA,F
4985,hh_4985,34,NA,NA,M
4986,hh_4986,63,NA,NA,F
4987,hh_4987,44,NA,NA,F
4988,hh_4988,30,NA,NA,F
4989,hh_4989,24,NA,NA,F
4990,hh_4990,54,NA,NA,M
4991,hh_4991,81,NA,NA,F
4992,hh_4992,64,NA,NA,F
4993,hh_4993,45,NA,NA,F
4994,hh_4994,43,NA,NA,F
4995,hh_4995,66,NA,NA,M
4996,hh_4996,60,NA,NA,M
4997,hh_4997,54,NA,NA,M
4998,hh_4998,72,NA,NA,M
4999,hh_4999,32,NA,NA,M
5000,hh_5000,23,NA,NA,F
5001,hh_5001,60,NA,NA,F
5002,hh_5002,58,NA,NA,M
5003,hh_5003,61,NA,NA,F
5004,hh_5004,22,NA,NA,F
5005,hh_5005,52,NA,NA,M
5006,hh_5006,37,NA,NA,F
5007,hh_5007,41,NA,NA,F
5008,hh_5008,31,NA,NA,F
5009,hh_5009,45,NA,NA,M
5010,hh_5010,49,NA,NA,F
5011,hh_5011,66,NA,NA,F
5012,hh_5012,30,NA,NA,F
5013,hh_5013,43,NA,NA,M
5014,hh_5014,46,NA,NA,M
5015,hh_5015,46,NA,NA,F
5016,hh_5016,61,NA,NA,F
5017,hh_5017,46,NA,NA,M
5018,hh_5018,63,NA,NA,M
5019,hh_5019,26,NA,NA,F
5020,hh_5020,23,NA,NA,F
5021,hh_5021,39,NA,NA,F
5022,hh_5022,32,NA,NA,F
5023,hh_5023,48,NA,NA,M
5024,hh_5024,49,NA,NA,M
5025,hh_5025,50,NA,NA,M
5026,hh_5026,68,NA,NA,M
5027,hh_5027,57,NA,NA,F
5028,hh_5028,48,NA,NA,M
5029,hh_5029,52,NA,NA,M
5030,hh_5030,52,NA,NA,F
5031,hh_5031,59,NA,NA,M
5032,hh_5032,29,NA,NA,F
5033,hh_5033,30,NA,NA,M
5034,hh_5034,66,NA,NA,M
5035,hh_5035,44,NA,NA,F
5036,hh_5036,69,NA,NA,F
5037,hh_5037,28,NA,NA,F
5038,hh_5038,25,NA,NA,F
5039,hh_5039,61,NA,NA,M
5040,hh_5040,61,NA,NA,M
5041,hh_5041,61,NA,NA,M
5042,hh_5042,61,NA,NA,F
5043,hh_5043,46,NA,NA,F
5044,hh_5044,66,NA,NA,F
5045,hh_5045,32,NA,NA,M
5046,hh_5046,63,NA,NA,M
5047,hh_5047,68,NA,NA,M
5057,hh_5057,28,NA,NA,M
5068,hh_5068,66,NA,NA,M
5079,hh_5079,57,NA,NA,M
5090,hh_5090,58,NA,NA,M
5101,hh_5101,23,NA,NA,F
5112,hh_5112,49,NA,NA,F
5123,hh_5123,62,NA,NA,M
5134,hh_5134,70,NA,NA,F
5145,hh_5145,69,NA,NA,F
5156,hh_5156,24,NA,NA,M
5167,hh_5167,65,NA,NA,F
5178,hh_5178,27,NA,NA,F
5189,hh_5189,24,NA,NA,F
5200,hh_5200,56,NA,NA,F
5211,hh_5211,33,NA,NA,F
5222,hh_5222,41,NA,NA,M
5233,hh_5233,30,NA,NA,F
5244,hh_5244,86,NA,NA,M
5255,hh_5255,59,NA,NA,M
5266,hh_5266,53,NA,NA,F
5277,hh_5277,51,NA,NA,M
5288,hh_5288,38,NA,NA,F
5299,hh_5299,33,NA,NA,M
5310,hh_5310,49,NA,NA,F
5321,hh_5321,60,NA,NA,M
5332,hh_5332,39,NA,NA,F
5336,hh_5336,33,NA,NA,M
5337,hh_5337,32,NA,NA,F
5338,hh_5338,46,NA,NA,M
5339,hh_5339,48,NA,NA,M
5340,hh_5340,44,NA,NA,F
5341,hh_5341,64,NA,NA,M
5342,hh_5342,37,NA,NA,F
5343,hh_5343,58,NA,NA,F
5344,hh_5344,78,NA,NA,F
5345,hh_5345,39,NA,NA,M
5346,hh_5346,54,NA,NA,F
5347,hh_5347,47,NA,NA,M
5348,hh_5348,35,NA,NA,F
5349,hh_5349,63,NA,NA,F
5350,hh_5350,45,NA,NA,M
5351,hh_5351,43,NA,NA,F
5352,hh_5352,30,NA,NA,F
5353,hh_5353,53,NA,NA,F
5354,hh_5354,32,NA,NA,F
5355,hh_5355,69,NA,NA,M
5356,hh_5356,27,NA,NA,F
5357,hh_5357,76,NA,NA,M
5358,hh_5358,46,NA,NA,F
5359,hh_5359,29,NA,NA,M
5360,hh_5360,55,NA,NA,M
5361,hh_5361,63,NA,NA,F
5362,hh_5362,52,NA,NA,F
5363,hh_5363,43,NA,NA,M
5364,hh_5364,40,NA,NA,F
5365,hh_5365,45,NA,NA,M
5366,hh_5366,49,NA,NA,F
5367,hh_5367,45,NA,NA,F
5368,hh_5368,29,NA,NA,F
5369,hh_5369,42,NA,NA,F
5370,hh_5370,30,NA,NA,M
5371,hh_5371,41,NA,NA,M
5372,hh_5372,62,NA,NA,F
5373,hh_5373,64,NA,NA,F
5374,hh_5374,49,NA,NA,F
5375,hh_5375,26,NA,NA,F
5376,hh_5376,77,NA,NA,M
5377,hh_5377,49,NA,NA,F
5378,hh_5378,41,NA,NA,F
5379,hh_5379,60,NA,NA,M
5380,hh_5380,20,NA,NA,M
5381,hh_5381,28,NA,NA,F
5382,hh_5382,42,NA,NA,M
5383,hh_5383,57,NA,NA,M
5384,hh_5384,23,NA,NA,F
5385,hh_5385,50,NA,NA,F
5386,hh_5386,26,NA,NA,F
5387,hh_5387,51,NA,NA,F
5388,hh_5388,42,NA,NA,F
5389,hh_5389,61,NA,NA,F
5390,hh_5390,76,NA,NA,F
5391,hh_5391,67,NA,NA,F
5392,hh_5392,78,NA,NA,F
5393,hh_5393,68,NA,NA,F
5394,hh_5394,50,NA,NA,F
5395,hh_5395,46,NA,NA,F
5396,hh_5396,71,NA,NA,M
5398,hh_5398,46,NA,NA,F
5399,hh_5399,58,NA,NA,M
5400,hh_5400,29,NA,NA,M
5401,hh_5401,64,NA,NA,F
5402,hh_5402,31,NA,NA,F
5403,hh_5403,33,NA,NA,F
5404,hh_5404,56,NA,NA,F
5405,hh_5405,35,NA,NA,F
5406,hh_5406,45,NA,NA,M
5407,hh_5407,38,NA,NA,F
5408,hh_5408,62,NA,NA,F
5409,hh_5409,66,NA,NA,F
5419,hh_5419,33,NA,NA,F
5430,hh_5430,69,NA,NA,F
5441,hh_5441,30,NA,NA,F
5452,hh_5452,56,NA,NA,M
5463,hh_5463,44,NA,NA,F
5474,hh_5474,45,NA,NA,M
5485,hh_5485,54,NA,NA,M
5496,hh_5496,64,NA,NA,M
5507,hh_5507,36,NA,NA,M
5518,hh_5518,42,NA,NA,M
5529,hh_5529,62,NA,NA,F
5540,hh_5540,72,NA,NA,M
5551,hh_5551,20,NA,NA,F
5562,hh_5562,55,NA,NA,M
5573,hh_5573,63,NA,NA,M
5584,hh_5584,66,NA,NA,F
5595,hh_5595,50,NA,NA,M
5606,hh_5606,83,NA,NA,M
5617,hh_5617,47,NA,NA,F
5628,hh_5628,34,NA,NA,F
5639,hh_5639,65,NA,NA,F
5650,hh_5650,24,NA,NA,F
5661,hh_5661,18,NA,NA,M
5672,hh_5672,69,NA,NA,F
5683,hh_5683,57,NA,NA,M
5694,hh_5694,49,NA,NA,F
5705,hh_5705,35,NA,NA,M
5716,hh_5716,45,NA,NA,M
5727,hh_5727,48,NA,NA,M
5738,hh_5738,43,NA,NA,F
5749,hh_5749,30,NA,NA,M
5760,hh_5760,41,NA,NA,F
5762,hh_5762,25,NA,NA,F
5763,hh_5763,22,NA,NA,F
5764,hh_5764,23,NA,NA,F
5765,hh_5765,63,NA,NA,F
5766,hh_5766,76,NA,NA,F
5767,hh_5767,56,NA,NA,M
5768,hh_5768,28,NA,NA,F
5769,hh_5769,58,NA,NA,F
5770,hh_5770,29,NA,NA,F
5771,hh_5771,43,NA,NA,M
5772,hh_5772,27,NA,NA,F
5773,hh_5773,43,NA,NA,F
5774,hh_5774,37,NA,NA,F
5775,hh_5775,64,NA,NA,M
5776,hh_5776,43,NA,NA,M
5777,hh_5777,70,NA,NA,M
5778,hh_5778,40,NA,NA,F
5779,hh_5779,42,NA,NA,M
5780,hh_5780,67,NA,NA,M
5781,hh_5781,50,NA,NA,F
5782,hh_5782,48,NA,NA,M
5783,hh_5783,48,NA,NA,M
5784,hh_5784,46,NA,NA,M
5785,hh_5785,20,NA,NA,M
5786,hh_5786,23,NA,NA,F
5787,hh_5787,46,NA,NA,M
5788,hh_5788,55,NA,NA,M
5789,hh_5789,61,NA,NA,F
5790,hh_5790,43,NA,NA,M
5791,hh_5791,42,NA,NA,M
5792,hh_5792,57,NA,NA,M
5793,hh_5793,72,NA,NA,F
5794,hh_5794,50,NA,NA,M
5795,hh_5795,60,NA,NA,M
5796,hh_5796,67,NA,NA,F
5797,hh_5797,68,NA,NA,M
5798,hh_5798,40,NA,NA,F
5799,hh_5799,54,NA,NA,F
5800,hh_5800,71,NA,NA,M
5801,hh_5801,58,NA,NA,M
5802,hh_5802,51,NA,NA,M
5803,hh_5803,51,NA,NA,F
5804,hh_5804,45,NA,NA,M
5805,hh_5805,63,NA,NA,F
5806,hh_5806,59,NA,NA,F
5807,hh_5807,79,NA,NA,F
5808,hh_5808,50,NA,NA,M
5809,hh_5809,62,NA,NA,F
5810,hh_5810,56,NA,NA,F
5811,hh_5811,55,NA,NA,M
5812,hh_5812,66,NA,NA,M
5813,hh_5813,48,NA,NA,F
5814,hh_5814,66,NA,NA,F
5815,hh_5815,67,NA,NA,M
5816,hh_5816,49,NA,NA,F
5817,hh_5817,80,NA,NA,F
5818,hh_5818,66,NA,NA,F
5819,hh_5819,45,NA,NA,F
5820,hh_5820,73,NA,NA,M
5821,hh_5821,65,NA,NA,M
5822,hh_5822,72,NA,NA,F
5823,hh_5823,51,NA,NA,F
5824,hh_5824,61,NA,NA,F
5825,hh_5825,52,NA,NA,F
5826,hh_5826,52,NA,NA,M
5827,hh_5827,46,NA,NA,M
5828,hh_5828,49,NA,NA,M
5829,hh_5829,65,NA,NA,F
5839,hh_5839,64,NA,NA,M
5850,hh_5850,55,NA,NA,F
5861,hh_5861,49,NA,NA,M
5872,hh_5872,68,NA,NA,M
5883,hh_5883,73,NA,NA,F
5894,hh_5894,49,NA,NA,M
5905,hh_5905,71,NA,NA,F
5916,hh_5916,54,NA,NA,M
5927,hh_5927,57,NA,NA,F
5938,hh_5938,55,NA,NA,F
5949,hh_5949,60,NA,NA,F
5960,hh_5960,70,NA,NA,M
5971,hh_5971,57,NA,NA,F
5982,hh_5982,59,NA,NA,F
5993,hh_5993,56,NA,NA,M
6004,hh_6004,64,NA,NA,F
6015,hh_6015,23,NA,NA,F
6026,hh_6026,63,NA,NA,F
6037,hh_6037,69,NA,NA,F
6048,hh_6048,65,NA,NA,F
6059,hh_6059,76,NA,NA,M
6070,hh_6070,56,NA,NA,M
6081,hh_6081,63,NA,NA,M
6092,hh_6092,55,NA,NA,M
6103,hh_6103,56,NA,NA,F
6114,hh_6114,56,NA,NA,F
6125,hh_6125,35,NA,NA,M
6136,hh_6136,61,NA,NA,F
6147,hh_6147,74,NA,NA,M
6158,hh_6158,72,NA,NA,M
6169,hh_6169,63,NA,NA,M
6171,hh_6171,75,NA,NA,M
6172,hh_6172,67,NA,NA,F
6173,hh_6173,81,NA,NA,M
6174,hh_6174,66,NA,NA,F
6175,hh_6175,74,NA,NA,F
6176,hh_6176,57,NA,NA,F
6177,hh_6177,75,NA,NA,M
6178,hh_6178,78,NA,NA,F
6179,hh_6179,66,NA,NA,M
6180,hh_6180,75,NA,NA,F
6181,hh_6181,72,NA,NA,M
6182,hh_6182,73,NA,NA,F
6183,hh_6183,66,NA,NA,F
6184,hh_6184,66,NA,NA,M
6185,hh_6185,75,NA,NA,F
6186,hh_6186,72,NA,NA,M
6187,hh_6187,65,NA,NA,F
6188,hh_6188,71,NA,NA,M
6189,hh_6189,67,NA,NA,M
6190,hh_6190,67,NA,NA,F
6191,hh_6191,73,NA,NA,F
6192,hh_6192,72,NA,NA,M
6193,hh_6193,68,NA,NA,F
7339,hh_7339,42,NA,NA,M
7340,hh_7340,58,NA,NA,F
7341,hh_7341,60,NA,NA,M
7342,hh_7342,51,NA,NA,F
7343,hh_7343,56,NA,NA,M
7344,hh_7344,63,NA,NA,M
7345,hh_7345,58,NA,NA,F
7346,hh_7346,37,NA,NA,M
7347,hh_7347,40,NA,NA,M
7348,hh_7348,37,NA,NA,M
7349,hh_7349,48,NA,NA,F
7350,hh_7350,59,NA,NA,M
7351,hh_7351,32,NA,NA,M
7352,hh_7352,34,NA,NA,M
7353,hh_7353,40,NA,NA,M
7354,hh_7354,38,NA,NA,M
7355,hh_7355,24,NA,NA,F
7356,hh_7356,63,NA,NA,F
7357,hh_7357,46,NA,NA,F
7358,hh_7358,39,NA,NA,M
7359,hh_7359,33,NA,NA,F
7360,hh_7360,27,NA,NA,F
7361,hh_7361,35,NA,NA,M
7362,hh_7362,71,NA,NA,M
7363,hh_7363,24,NA,NA,F
7364,hh_7364,61,NA,NA,F
7365,hh_7365,69,NA,NA,M
7366,hh_7366,57,NA,NA,M
7367,hh_7367,36,NA,NA,F
7368,hh_7368,40,NA,NA,F
7369,hh_7369,69,NA,NA,F
7370,hh_7370,57,NA,NA,F
7371,hh_7371,43,NA,NA,M
7372,hh_7372,32,NA,NA,F
7373,hh_7373,37,NA,NA,M
7374,hh_7374,30,NA,NA,M
7375,hh_7375,41,NA,NA,F
7376,hh_7376,46,NA,NA,M
7377,hh_7377,35,NA,NA,F
7378,hh_7378,33,NA,NA,M
7379,hh_7379,51,NA,NA,F
7380,hh_7380,58,NA,NA,M
7381,hh_7381,33,NA,NA,F
7382,hh_7382,40,NA,NA,F
7383,hh_7383,41,NA,NA,M
7384,hh_7384,48,NA,NA,M
7385,hh_7385,51,NA,NA,M
7386,hh_7386,34,NA,NA,F
7387,hh_7387,25,NA,NA,F
7388,hh_7388,56,NA,NA,M
7389,hh_7389,39,NA,NA,M
7390,hh_7390,32,NA,NA,M
7391,hh_7391,65,NA,NA,M
7392,hh_7392,49,NA,NA,F
7393,hh_7393,36,NA,NA,F
7394,hh_7394,28,NA,NA,F
7395,hh_7395,67,NA,NA,F
7396,hh_7396,72,NA,NA,F
7397,hh_7397,56,NA,NA,F
7398,hh_7398,30,NA,NA,M
7399,hh_7399,35,NA,NA,M
7400,hh_7400,58,NA,NA,F
7401,hh_7401,45,NA,NA,F
7402,hh_7402,41,NA,NA,F
7403,hh_7403,29,NA,NA,M
7404,hh_7404,82,NA,NA,F
7405,hh_7405,25,NA,NA,F
7406,hh_7406,29,NA,NA,F
7407,hh_7407,33,NA,NA,M
7408,hh_7408,19,NA,NA,F
7409,hh_7409,62,NA,NA,F
7410,hh_7410,35,NA,NA,M
7411,hh_7411,31,NA,NA,M
7412,hh_7412,69,NA,NA,M
7413,hh_7413,26,NA,NA,F
7414,hh_7414,48,NA,NA,M
7415,hh_7415,25,NA,NA,F
7416,hh_7416,68,NA,NA,F
7417,hh_7417,71,NA,NA,M
7418,hh_7418,29,NA,NA,M
7419,hh_7419,67,NA,NA,F
7420,hh_7420,37,NA,NA,F
7421,hh_7421,18,NA,NA,F
7422,hh_7422,29,NA,NA,M
7423,hh_7423,76,NA,NA,F
7424,hh_7424,36,NA,NA,F
7425,hh_7425,41,NA,NA,F
7426,hh_7426,48,NA,NA,M
7427,hh_7427,67,NA,NA,F
7428,hh_7428,63,NA,NA,M
7429,hh_7429,65,NA,NA,M
7430,hh_7430,54,NA,NA,M
7431,hh_7431,28,NA,NA,F
7432,hh_7432,80,NA,NA,M
7433,hh_7433,70,NA,NA,M
7434,hh_7434,39,NA,NA,M
7435,hh_7435,31,NA,NA,M
7436,hh_7436,38,NA,NA,M
7437,hh_7437,72,NA,NA,F
7438,hh_7438,76,NA,NA,M
7439,hh_7439,40,NA,NA,F
7440,hh_7440,46,NA,NA,M
7441,hh_7441,43,NA,NA,F
7442,hh_7442,49,NA,NA,F
7443,hh_7443,40,NA,NA,F
7444,hh_7444,38,NA,NA,M
7445,hh_7445,33,NA,NA,F
7446,hh_7446,71,NA,NA,M
7447,hh_7447,57,NA,NA,F
7448,hh_7448,43,NA,NA,F
7449,hh_7449,20,NA,NA,F
7450,hh_7450,21,NA,NA,F
7451,hh_7451,48,NA,NA,M
7452,hh_7452,46,NA,NA,F
7453,hh_7453,71,NA,NA,M
7454,hh_7454,18,NA,NA,F
7455,hh_7455,60,NA,NA,M
7456,hh_7456,25,NA,NA,F
7457,hh_7457,26,NA,NA,M
7458,hh_7458,37,NA,NA,F
7459,hh_7459,45,NA,NA,F
7460,hh_7460,54,NA,NA,F
7461,hh_7461,60,NA,NA,M
7462,hh_7462,36,NA,NA,F
7463,hh_7463,23,NA,NA,F
7464,hh_7464,34,NA,NA,F
7465,hh_7465,30,NA,NA,M
7466,hh_7466,53,NA,NA,F
7467,hh_7467,46,NA,NA,F
7468,hh_7468,59,NA,NA,M
7469,hh_7469,42,NA,NA,F
7470,hh_7470,33,NA,NA,F
7471,hh_7471,71,NA,NA,M
7472,hh_7472,63,NA,NA,F
7473,hh_7473,32,NA,NA,M
7474,hh_7474,28,NA,NA,M
7475,hh_7475,64,NA,NA,M
7476,hh_7476,69,NA,NA,F
7477,hh_7477,45,NA,NA,F
7478,hh_7478,40,NA,NA,M
7479,hh_7479,65,NA,NA,M
7480,hh_7480,20,NA,NA,F
7481,hh_7481,32,NA,NA,F
7482,hh_7482,36,NA,NA,M
7483,hh_7483,46,NA,NA,F
7484,hh_7484,38,NA,NA,F
7485,hh_7485,43,NA,NA,F
7486,hh_7486,40,NA,NA,M
7487,hh_7487,42,NA,NA,M
7488,hh_7488,22,NA,NA,F
7489,hh_7489,39,NA,NA,M
7490,hh_7490,57,NA,NA,F
7491,hh_7491,35,NA,NA,F
7492,hh_7492,44,NA,NA,M
7493,hh_7493,25,NA,NA,F
7494,hh_7494,49,NA,NA,F
7495,hh_7495,28,NA,NA,M
7496,hh_7496,25,NA,NA,F
7497,hh_7497,59,NA,NA,F
7498,hh_7498,42,NA,NA,M
7499,hh_7499,18,NA,NA,F
7500,hh_7500,49,NA,NA,M
7501,hh_7501,70,NA,NA,M
7502,hh_7502,59,NA,NA,M
7503,hh_7503,52,NA,NA,M
7504,hh_7504,42,NA,NA,F
7505,hh_7505,20,NA,NA,F
7506,hh_7506,46,NA,NA,M
7507,hh_7507,64,NA,NA,M
7508,hh_7508,46,NA,NA,F
7509,hh_7509,85,NA,NA,M
7510,hh_7510,64,NA,NA,M
7511,hh_7511,45,NA,NA,M
7512,hh_7512,24,NA,NA,F
7513,hh_7513,69,NA,NA,M
7514,hh_7514,70,NA,NA,M
7515,hh_7515,62,NA,NA,F
7516,hh_7516,59,NA,NA,F
7517,hh_7517,62,NA,NA,F
7518,hh_7518,60,NA,NA,F
7519,hh_7519,58,NA,NA,M
7520,hh_7520,76,NA,NA,M
7521,hh_7521,52,NA,NA,M
7522,hh_7522,76,NA,NA,F
7523,hh_7523,58,NA,NA,F
7524,hh_7524,79,NA,NA,F
7525,hh_7525,45,NA,NA,M
7526,hh_7526,60,NA,NA,M
7527,hh_7527,61,NA,NA,F
7528,hh_7528,77,NA,NA,F
7529,hh_7529,53,NA,NA,M
7530,hh_7530,70,NA,NA,M
7531,hh_7531,74,NA,NA,M
7532,hh_7532,69,NA,NA,F
7533,hh_7533,70,NA,NA,M
7534,hh_7534,53,NA,NA,M
7535,hh_7535,62,NA,NA,M
7536,hh_7536,51,NA,NA,F
7537,hh_7537,70,NA,NA,F
7538,hh_7538,52,NA,NA,F
7539,hh_7539,71,NA,NA,F
7540,hh_7540,46,NA,NA,M
7541,hh_7541,89,NA,NA,F
7542,hh_7542,46,NA,NA,F
7543,hh_7543,68,NA,NA,M
7544,hh_7544,50,NA,NA,M
7545,hh_7545,60,NA,NA,F
7546,hh_7546,50,NA,NA,F
7547,hh_7547,58,NA,NA,M
7548,hh_7548,53,NA,NA,M
7549,hh_7549,60,NA,NA,F
7550,hh_7550,52,NA,NA,F
7551,hh_7551,46,NA,NA,F
7552,hh_7552,54,NA,NA,M
7553,hh_7553,58,NA,NA,F
7554,hh_7554,57,NA,NA,F
7555,hh_7555,47,NA,NA,F
7556,hh_7556,73,NA,NA,M
7557,hh_7557,75,NA,NA,F
7558,hh_7558,68,NA,NA,F
7559,hh_7559,51,NA,NA,F
7560,hh_7560,46,NA,NA,M
7561,hh_7561,63,NA,NA,M
7562,hh_7562,65,NA,NA,F
7563,hh_7563,53,NA,NA,M
7564,hh_7564,54,NA,NA,F
7565,hh_7565,61,NA,NA,M
7566,hh_7566,58,NA,NA,F
7567,hh_7567,65,NA,NA,F
7568,hh_7568,53,NA,NA,F
7569,hh_7569,67,NA,NA,F
7570,hh_7570,59,NA,NA,M
7571,hh_7571,64,NA,NA,M
7572,hh_7572,61,NA,NA,F
7573,hh_7573,57,NA,NA,F
7574,hh_7574,63,NA,NA,F
7575,hh_7575,51,NA,NA,F
7576,hh_7576,49,NA,NA,M
7577,hh_7577,57,NA,NA,F
7578,hh_7578,68,NA,NA,F
7579,hh_7579,70,NA,NA,M
7580,hh_7580,81,NA,NA,F
7581,hh_7581,47,NA,NA,M
7582,hh_7582,69,NA,NA,M
7583,hh_7583,61,NA,NA,M
7584,hh_7584,50,NA,NA,M
7585,hh_7585,70,NA,NA,M
7586,hh_7586,50,NA,NA,M
7587,hh_7587,58,NA,NA,F
7588,hh_7588,64,NA,NA,M
7589,hh_7589,66,NA,NA,M
7590,hh_7590,67,NA,NA,F
7591,hh_7591,64,NA,NA,M
7592,hh_7592,63,NA,NA,F
7593,hh_7593,81,NA,NA,F
7594,hh_7594,72,NA,NA,F
7595,hh_7595,51,NA,NA,F
7596,hh_7596,45,NA,NA,F
7597,hh_7597,62,NA,NA,M
7598,hh_7598,68,NA,NA,M
7599,hh_7599,55,NA,NA,M
7600,hh_7600,69,NA,NA,M
7601,hh_7601,77,NA,NA,F
7602,hh_7602,58,NA,NA,M
7603,hh_7603,69,NA,NA,F
7604,hh_7604,50,NA,NA,M
7605,hh_7605,77,NA,NA,M
7606,hh_7606,53,NA,NA,M
7607,hh_7607,64,NA,NA,M
7608,hh_7608,65,NA,NA,M
7609,hh_7609,72,NA,NA,F
7610,hh_7610,68,NA,NA,F
7611,hh_7611,65,NA,NA,F
7612,hh_7612,70,NA,NA,F
7613,hh_7613,72,NA,NA,F
7614,hh_7614,47,NA,NA,M
7615,hh_7615,47,NA,NA,M
7616,hh_7616,58,NA,NA,M
7617,hh_7617,53,NA,NA,M
7618,hh_7618,51,NA,NA,F
7619,hh_7619,78,NA,NA,F
7620,hh_7620,31,NA,NA,M
7621,hh_7621,52,NA,NA,F
7622,hh_7622,28,NA,NA,F
7623,hh_7623,40,NA,NA,F
7624,hh_7624,41,NA,NA,M
7625,hh_7625,31,NA,NA,M
7626,hh_7626,21,NA,NA,M
7627,hh_7627,61,NA,NA,M
7628,hh_7628,25,NA,NA,F
7629,hh_7629,46,NA,NA,F
7630,hh_7630,46,NA,NA,F
7631,hh_7631,61,NA,NA,M
7632,hh_7632,21,NA,NA,M
7633,hh_7633,21,NA,NA,F
7634,hh_7634,50,NA,NA,M
7635,hh_7635,63,NA,NA,M
7636,hh_7636,30,NA,NA,M
7637,hh_7637,28,NA,NA,M
7638,hh_7638,43,NA,NA,F
7639,hh_7639,24,NA,NA,M
7640,hh_7640,31,NA,NA,F
7641,hh_7641,76,NA,NA,M
7642,hh_7642,33,NA,NA,F
7643,hh_7643,34,NA,NA,F
7644,hh_7644,28,NA,NA,F
7645,hh_7645,48,NA,NA,M
7646,hh_7646,32,NA,NA,M
7647,hh_7647,23,NA,NA,F
7648,hh_7648,63,NA,NA,F
7649,hh_7649,40,NA,NA,F
7650,hh_7650,79,NA,NA,F
7651,hh_7651,25,NA,NA,M
7652,hh_7652,32,NA,NA,F
7653,hh_7653,67,NA,NA,M
7654,hh_7654,55,NA,NA,M
7655,hh_7655,21,NA,NA,M
7656,hh_7656,53,NA,NA,M
7657,hh_7657,44,NA,NA,F
7658,hh_7658,39,NA,NA,M
7659,hh_7659,42,NA,NA,F
7660,hh_7660,58,NA,NA,M
7661,hh_7661,57,NA,NA,F
7662,hh_7662,33,NA,NA,F
7663,hh_7663,43,NA,NA,F
7664,hh_7664,43,NA,NA,F
7665,hh_7665,34,NA,NA,F
7666,hh_7666,72,NA,NA,F
7667,hh_7667,33,NA,NA,M
7668,hh_7668,25,NA,NA,M
7669,hh_7669,55,NA,NA,F
7670,hh_7670,63,NA,NA,F
7671,hh_7671,33,NA,NA,F
7672,hh_7672,26,NA,NA,F
7673,hh_7673,68,NA,NA,M
7674,hh_7674,33,NA,NA,M
7675,hh_7675,59,NA,NA,M
7676,hh_7676,52,NA,NA,M
7677,hh_7677,28,NA,NA,F
7678,hh_7678,30,NA,NA,F
7679,hh_7679,31,NA,NA,F
7680,hh_7680,44,NA,NA,M
7681,hh_7681,66,NA,NA,F
7682,hh_7682,34,NA,NA,F
7683,hh_7683,58,NA,NA,F
7684,hh_7684,51,NA,NA,M
7685,hh_7685,40,NA,NA,F
7686,hh_7686,45,NA,NA,M
7687,hh_7687,44,NA,NA,F
7688,hh_7688,31,NA,NA,M
7689,hh_7689,80,NA,NA,M
7690,hh_7690,28,NA,NA,M
7691,hh_7691,72,NA,NA,M
7692,hh_7692,78,NA,NA,M
7693,hh_7693,64,NA,NA,F
7694,hh_7694,27,NA,NA,M
7695,hh_7695,37,NA,NA,F
7696,hh_7696,60,NA,NA,M
7697,hh_7697,53,NA,NA,M
7698,hh_7698,19,NA,NA,M
7699,hh_7699,48,NA,NA,F
7700,hh_7700,52,NA,NA,F
7701,hh_7701,34,NA,NA,M
7702,hh_7702,61,NA,NA,F
7703,hh_7703,77,NA,NA,M
7704,hh_7704,42,NA,NA,F
7705,hh_7705,39,NA,NA,F
7706,hh_7706,55,NA,NA,M
7707,hh_7707,69,NA,NA,M
7708,hh_7708,32,NA,NA,M
7709,hh_7709,43,NA,NA,F
7710,hh_7710,22,NA,NA,M
7711,hh_7711,48,NA,NA,M
7712,hh_7712,24,NA,NA,M
7713,hh_7713,32,NA,NA,F
7714,hh_7714,52,NA,NA,F
7715,hh_7715,38,NA,NA,F
7716,hh_7716,56,NA,NA,M
7717,hh_7717,45,NA,NA,F
7718,hh_7718,28,NA,NA,M
7719,hh_7719,26,NA,NA,M
7720,hh_7720,47,NA,NA,M
7721,hh_7721,37,NA,NA,F
7722,hh_7722,79,NA,NA,F
7723,hh_7723,56,NA,NA,F
7724,hh_7724,30,NA,NA,F
7725,hh_7725,44,NA,NA,F
7726,hh_7726,37,NA,NA,F
7727,hh_7727,44,NA,NA,M
7728,hh_7728,45,NA,NA,M
7729,hh_7729,24,NA,NA,F
7730,hh_7730,18,NA,NA,F
7731,hh_7731,41,NA,NA,F
7732,hh_7732,71,NA,NA,F
7733,hh_7733,52,NA,NA,F
7734,hh_7734,41,NA,NA,M
7735,hh_7735,54,NA,NA,M
7736,hh_7736,78,NA,NA,M
7737,hh_7737,40,NA,NA,M
7738,hh_7738,61,NA,NA,F
7739,hh_7739,55,NA,NA,M
7740,hh_7740,42,NA,NA,F
7741,hh_7741,40,NA,NA,F
7742,hh_7742,60,NA,NA,F
7743,hh_7743,40,NA,NA,M
7744,hh_7744,41,NA,NA,M
7745,hh_7745,74,NA,NA,M
7746,hh_7746,27,NA,NA,F
7747,hh_7747,24,NA,NA,F
7748,hh_7748,33,NA,NA,M
7749,hh_7749,57,NA,NA,M
7750,hh_7750,38,NA,NA,M
7751,hh_7751,29,NA,NA,F
7752,hh_7752,56,NA,NA,M
7753,hh_7753,44,NA,NA,F
7754,hh_7754,34,NA,NA,M
7755,hh_7755,67,NA,NA,M
7756,hh_7756,68,NA,NA,F
7757,hh_7757,66,NA,NA,F
7758,hh_7758,34,NA,NA,F
7759,hh_7759,57,NA,NA,F
7760,hh_7760,35,NA,NA,F
7761,hh_7761,58,NA,NA,M
7762,hh_7762,39,NA,NA,M
7763,hh_7763,62,NA,NA,M
7764,hh_7764,47,NA,NA,M
7765,hh_7765,38,NA,NA,M
7766,hh_7766,50,NA,NA,M
7767,hh_7767,38,NA,NA,F
7768,hh_7768,36,NA,NA,F
7769,hh_7769,58,NA,NA,F
7770,hh_7770,62,NA,NA,M
7771,hh_7771,44,NA,NA,F
7772,hh_7772,62,NA,NA,M
7773,hh_7773,19,NA,NA,F
7774,hh_7774,70,NA,NA,F
7775,hh_7775,65,NA,NA,M
7776,hh_7776,46,NA,NA,F
7777,hh_7777,44,NA,NA,M
7778,hh_7778,33,NA,NA,M
7779,hh_7779,37,NA,NA,F
7780,hh_7780,46,NA,NA,F
7781,hh_7781,45,NA,NA,F
7782,hh_7782,58,NA,NA,F
7783,hh_7783,21,NA,NA,F
7784,hh_7784,51,NA,NA,M
7785,hh_7785,37,NA,NA,M
7786,hh_7786,63,NA,NA,M
7787,hh_7787,72,NA,NA,M
7788,hh_7788,32,NA,NA,M
7789,hh_7789,54,NA,NA,F
7790,hh_7790,41,NA,NA,F
7791,hh_7791,52,NA,NA,F
7792,hh_7792,72,NA,NA,F
7793,hh_7793,56,NA,NA,M
7794,hh_7794,28,NA,NA,F
7795,hh_7795,29,NA,NA,F
7796,hh_7796,55,NA,NA,M
7797,hh_7797,34,NA,NA,M
7798,hh_7798,42,NA,NA,F
7799,hh_7799,20,NA,NA,F
7800,hh_7800,61,NA,NA,M
7801,hh_7801,23,NA,NA,F
7802,hh_7802,66,NA,NA,F
7803,hh_7803,70,NA,NA,F
7804,hh_7804,42,NA,NA,M
7805,hh_7805,59,NA,NA,F
7806,hh_7806,67,NA,NA,M
7807,hh_7807,78,NA,NA,F
7808,hh_7808,42,NA,NA,F
7809,hh_7809,57,NA,NA,F
7810,hh_7810,47,NA,NA,F
7811,hh_7811,69,NA,NA,F
7812,hh_7812,69,NA,NA,M
7813,hh_7813,68,NA,NA,M
7814,hh_7814,46,NA,NA,M
7815,hh_7815,60,NA,NA,F
7816,hh_7816,61,NA,NA,F
7817,hh_7817,51,NA,NA,F
7818,hh_7818,55,NA,NA,F
7819,hh_7819,61,NA,NA,F
7820,hh_7820,49,NA,NA,F
7821,hh_7821,51,NA,NA,F
7822,hh_7822,47,NA,NA,F
7823,hh_7823,49,NA,NA,M
7824,hh_7824,48,NA,NA,M
7825,hh_7825,47,NA,NA,F
7826,hh_7826,63,NA,NA,M
7827,hh_7827,59,NA,NA,M
7828,hh_7828,65,NA,NA,M
7829,hh_7829,73,NA,NA,M
7830,hh_7830,61,NA,NA,F
7831,hh_7831,57,NA,NA,F
7832,hh_7832,46,NA,NA,F
7833,hh_7833,49,NA,NA,M
7834,hh_7834,64,NA,NA,F
7835,hh_7835,58,NA,NA,M
7836,hh_7836,49,NA,NA,F
7837,hh_7837,54,NA,NA,F
7838,hh_7838,57,NA,NA,F
7839,hh_7839,49,NA,NA,M
7840,hh_7840,61,NA,NA,F
7841,hh_7841,66,NA,NA,M
7842,hh_7842,46,NA,NA,M
7843,hh_7843,50,NA,NA,M
7844,hh_7844,63,NA,NA,M
7845,hh_7845,62,NA,NA,M
7846,hh_7846,64,NA,NA,F
7847,hh_7847,62,NA,NA,F
7848,hh_7848,65,NA,NA,F
7849,hh_7849,40,NA,NA,F
7850,hh_7850,58,NA,NA,M
7851,hh_7851,58,NA,NA,M
7852,hh_7852,33,NA,NA,M
7853,hh_7853,33,NA,NA,M
7854,hh_7854,39,NA,NA,M
7855,hh_7855,42,NA,NA,M
7856,hh_7856,35,NA,NA,F
7857,hh_7857,36,NA,NA,F
7858,hh_7858,43,NA,NA,F
7859,hh_7859,36,NA,NA,F
7860,hh_7860,52,NA,NA,M
7861,hh_7861,41,NA,NA,M
7862,hh_7862,23,NA,NA,F
7863,hh_7863,57,NA,NA,M
7864,hh_7864,46,NA,NA,M
7865,hh_7865,23,NA,NA,F
7866,hh_7866,46,NA,NA,F
7867,hh_7867,52,NA,NA,F
7868,hh_7868,71,NA,NA,M
7869,hh_7869,48,NA,NA,M
7870,hh_7870,52,NA,NA,F
7871,hh_7871,58,NA,NA,M
7872,hh_7872,70,NA,NA,M
7873,hh_7873,34,NA,NA,F
7874,hh_7874,57,NA,NA,M
7875,hh_7875,35,NA,NA,F
7876,hh_7876,63,NA,NA,M
7877,hh_7877,25,NA,NA,M
7878,hh_7878,75,NA,NA,F
7879,hh_7879,68,NA,NA,M
7880,hh_7880,36,NA,NA,M
7881,hh_7881,35,NA,NA,M
7882,hh_7882,32,NA,NA,F
7883,hh_7883,59,NA,NA,M
7884,hh_7884,78,NA,NA,M
7885,hh_7885,64,NA,NA,F
7886,hh_7886,36,NA,NA,F
7887,hh_7887,29,NA,NA,F
7888,hh_7888,46,NA,NA,F
7889,hh_7889,64,NA,NA,M
7890,hh_7890,37,NA,NA,M
7891,hh_7891,49,NA,NA,M
7892,hh_7892,24,NA,NA,F
7893,hh_7893,41,NA,NA,F
7894,hh_7894,66,NA,NA,F
7895,hh_7895,38,NA,NA,M
7896,hh_7896,34,NA,NA,M
7897,hh_7897,40,NA,NA,F
7898,hh_7898,21,NA,NA,F
7899,hh_7899,55,NA,NA,M
7900,hh_7900,18,NA,NA,F
7901,hh_7901,36,NA,NA,F
7902,hh_7902,53,NA,NA,M
7903,hh_7903,42,NA,NA,M
7904,hh_7904,63,NA,NA,F
7905,hh_7905,55,NA,NA,F
7906,hh_7906,30,NA,NA,F
7907,hh_7907,63,NA,NA,M
7908,hh_7908,52,NA,NA,F
7909,hh_7909,46,NA,NA,M
7910,hh_7910,40,NA,NA,F
7911,hh_7911,63,NA,NA,M
7912,hh_7912,21,NA,NA,M
7913,hh_7913,37,NA,NA,F
7914,hh_7914,51,NA,NA,M
7915,hh_7915,48,NA,NA,M
7916,hh_7916,52,NA,NA,M
7917,hh_7917,63,NA,NA,F
7918,hh_7918,38,NA,NA,M
7919,hh_7919,23,NA,NA,M
7920,hh_7920,57,NA,NA,F
7921,hh_7921,38,NA,NA,M
7922,hh_7922,31,NA,NA,F
7923,hh_7923,73,NA,NA,M
7924,hh_7924,28,NA,NA,F
7925,hh_7925,54,NA,NA,M
7926,hh_7926,37,NA,NA,M
7927,hh_7927,43,NA,NA,M
7928,hh_7928,47,NA,NA,M
7929,hh_7929,34,NA,NA,F
7930,hh_7930,27,NA,NA,M
7931,hh_7931,38,NA,NA,F
7932,hh_7932,67,NA,NA,M
7933,hh_7933,37,NA,NA,F
7934,hh_7934,56,NA,NA,F
7935,hh_7935,24,NA,NA,F
7936,hh_7936,53,NA,NA,M
7937,hh_7937,60,NA,NA,M
7938,hh_7938,25,NA,NA,F
7939,hh_7939,72,NA,NA,F
7940,hh_7940,21,NA,NA,F
7941,hh_7941,26,NA,NA,F
7942,hh_7942,63,NA,NA,F
7943,hh_7943,51,NA,NA,M
7944,hh_7944,74,NA,NA,M
7945,hh_7945,24,NA,NA,M
7946,hh_7946,19,NA,NA,F
7947,hh_7947,53,NA,NA,M
7948,hh_7948,24,NA,NA,F
7949,hh_7949,26,NA,NA,F
7950,hh_7950,40,NA,NA,M
7951,hh_7951,34,NA,NA,M
7952,hh_7952,51,NA,NA,M
7953,hh_7953,50,NA,NA,M
7954,hh_7954,54,NA,NA,M
7955,hh_7955,39,NA,NA,F
7956,hh_7956,66,NA,NA,F
7957,hh_7957,38,NA,NA,M
7958,hh_7958,72,NA,NA,M
7959,hh_7959,38,NA,NA,M
7960,hh_7960,46,NA,NA,F
7961,hh_7961,45,NA,NA,M
7962,hh_7962,57,NA,NA,M
7963,hh_7963,20,NA,NA,F
7964,hh_7964,30,NA,NA,F
7965,hh_7965,61,NA,NA,F
7966,hh_7966,24,NA,NA,F
7967,hh_7967,64,NA,NA,M
7968,hh_7968,59,NA,NA,F
7969,hh_7969,44,NA,NA,M
7970,hh_7970,29,NA,NA,F
7971,hh_7971,57,NA,NA,M
7972,hh_7972,36,NA,NA,M
7973,hh_7973,35,NA,NA,M
7974,hh_7974,59,NA,NA,M
7975,hh_7975,28,NA,NA,F
7976,hh_7976,57,NA,NA,F
7977,hh_7977,39,NA,NA,F
7978,hh_7978,28,NA,NA,F
7979,hh_7979,30,NA,NA,M
7980,hh_7980,59,NA,NA,F
7981,hh_7981,28,NA,NA,F
7982,hh_7982,32,NA,NA,F
7983,hh_7983,26,NA,NA,M
7984,hh_7984,44,NA,NA,M
7985,hh_7985,57,NA,NA,M
7986,hh_7986,36,NA,NA,F
7987,hh_7987,69,NA,NA,M
7988,hh_7988,60,NA,NA,F
7989,hh_7989,46,NA,NA,M
7990,hh_7990,43,NA,NA,F
7991,hh_7991,62,NA,NA,M
7992,hh_7992,51,NA,NA,F
7993,hh_7993,25,NA,NA,F
7994,hh_7994,39,NA,NA,F
7995,hh_7995,36,NA,NA,F
7996,hh_7996,56,NA,NA,M
7997,hh_7997,73,NA,NA,M
7998,hh_7998,56,NA,NA,F
7999,hh_7999,57,NA,NA,M
8000,hh_8000,26,NA,NA,F
8001,hh_8001,24,NA,NA,M
8002,hh_8002,30,NA,NA,F
8004,hh_8004,55,NA,NA,M
8005,hh_8005,33,NA,NA,M
8006,hh_8006,66,NA,NA,M
8007,hh_8007,36,NA,NA,M
8008,hh_8008,65,NA,NA,F
8009,hh_8009,28,NA,NA,M
8010,hh_8010,56,NA,NA,F
8011,hh_8011,54,NA,NA,F
8012,hh_8012,62,NA,NA,M
8013,hh_8013,63,NA,NA,F
8014,hh_8014,45,NA,NA,F
8015,hh_8015,38,NA,NA,M
8016,hh_8016,40,NA,NA,M
8017,hh_8017,60,NA,NA,F
8018,hh_8018,43,NA,NA,M
8019,hh_8019,58,NA,NA,F
8020,hh_8020,63,NA,NA,M
8021,hh_8021,60,NA,NA,F
8022,hh_8022,23,NA,NA,M
8023,hh_8023,64,NA,NA,M
8024,hh_8024,63,NA,NA,F
8025,hh_8025,42,NA,NA,M
8026,hh_8026,24,NA,NA,M
8027,hh_8027,34,NA,NA,M
8028,hh_8028,35,NA,NA,M
8029,hh_8029,36,NA,NA,F
8030,hh_8030,34,NA,NA,M
8031,hh_8031,66,NA,NA,F
8032,hh_8032,66,NA,NA,M
8033,hh_8033,20,NA,NA,F
8034,hh_8034,38,NA,NA,M
8035,hh_8035,37,NA,NA,M
8036,hh_8036,26,NA,NA,F
8037,hh_8037,35,NA,NA,F
8038,hh_8038,44,NA,NA,F
8039,hh_8039,67,NA,NA,F
8040,hh_8040,27,NA,NA,F
8041,hh_8041,81,NA,NA,F
8042,hh_8042,50,NA,NA,M
8043,hh_8043,21,NA,NA,M
8044,hh_8044,44,NA,NA,M
8045,hh_8045,51,NA,NA,F
8046,hh_8046,67,NA,NA,M
8047,hh_8047,32,NA,NA,M
8048,hh_8048,55,NA,NA,F
8049,hh_8049,39,NA,NA,M
8050,hh_8050,69,NA,NA,F
8051,hh_8051,41,NA,NA,M
8052,hh_8052,38,NA,NA,F
8053,hh_8053,33,NA,NA,F
8054,hh_8054,51,NA,NA,M
8055,hh_8055,23,NA,NA,M
8056,hh_8056,49,NA,NA,F
8057,hh_8057,57,NA,NA,M
8058,hh_8058,68,NA,NA,F
8059,hh_8059,32,NA,NA,F
8060,hh_8060,46,NA,NA,M
8061,hh_8061,38,NA,NA,F
8062,hh_8062,56,NA,NA,F
8063,hh_8063,56,NA,NA,M
8064,hh_8064,65,NA,NA,F
8065,hh_8065,30,NA,NA,M
8066,hh_8066,39,NA,NA,F
8067,hh_8067,69,NA,NA,F
8068,hh_8068,30,NA,NA,F
8069,hh_8069,40,NA,NA,F
8070,hh_8070,63,NA,NA,F
8071,hh_8071,65,NA,NA,F
8072,hh_8072,43,NA,NA,F
8073,hh_8073,27,NA,NA,M
8074,hh_8074,65,NA,NA,F
8075,hh_8075,59,NA,NA,F
8076,hh_8076,21,NA,NA,M
8077,hh_8077,24,NA,NA,F
8078,hh_8078,46,NA,NA,M
8079,hh_8079,49,NA,NA,M
8080,hh_8080,60,NA,NA,F
8081,hh_8081,48,NA,NA,M
8082,hh_8082,38,NA,NA,F
8083,hh_8083,30,NA,NA,F
8084,hh_8084,83,NA,NA,M
8085,hh_8085,52,NA,NA,M
8086,hh_8086,41,NA,NA,M
8087,hh_8087,24,NA,NA,M
8088,hh_8088,44,NA,NA,M
8089,hh_8089,38,NA,NA,F
8090,hh_8090,58,NA,NA,F
8091,hh_8091,76,NA,NA,M
8092,hh_8092,35,NA,NA,F
8093,hh_8093,65,NA,NA,M
8094,hh_8094,39,NA,NA,M
8095,hh_8095,54,NA,NA,F
8096,hh_8096,41,NA,NA,F
8097,hh_8097,77,NA,NA,M
8098,hh_8098,47,NA,NA,F
8099,hh_8099,41,NA,NA,M
8100,hh_8100,35,NA,NA,F
8101,hh_8101,23,NA,NA,F
8102,hh_8102,56,NA,NA,F
8103,hh_8103,44,NA,NA,F
8104,hh_8104,61,NA,NA,M
8105,hh_8105,54,NA,NA,F
8106,hh_8106,73,NA,NA,M
8107,hh_8107,67,NA,NA,F
8108,hh_8108,24,NA,NA,M
8109,hh_8109,62,NA,NA,F
8110,hh_8110,49,NA,NA,F
8111,hh_8111,59,NA,NA,F
8112,hh_8112,56,NA,NA,M
8113,hh_8113,62,NA,NA,M
8114,hh_8114,24,NA,NA,F
8115,hh_8115,80,NA,NA,F
8116,hh_8116,24,NA,NA,F
8117,hh_8117,47,NA,NA,M
8118,hh_8118,48,NA,NA,F
8119,hh_8119,22,NA,NA,F
8120,hh_8120,62,NA,NA,F
8121,hh_8121,52,NA,NA,F
8122,hh_8122,55,NA,NA,M
8123,hh_8123,46,NA,NA,F
8124,hh_8124,53,NA,NA,M
8125,hh_8125,70,NA,NA,M
8126,hh_8126,24,NA,NA,M
8127,hh_8127,74,NA,NA,M
8128,hh_8128,76,NA,NA,M
8129,hh_8129,72,NA,NA,M
8130,hh_8130,63,NA,NA,F
8131,hh_8131,53,NA,NA,M
8132,hh_8132,70,NA,NA,M
8133,hh_8133,61,NA,NA,F
8134,hh_8134,62,NA,NA,F
8135,hh_8135,53,NA,NA,M
8136,hh_8136,45,NA,NA,M
8137,hh_8137,64,NA,NA,F
8138,hh_8138,56,NA,NA,M
8139,hh_8139,75,NA,NA,F
8140,hh_8140,58,NA,NA,F
8141,hh_8141,52,NA,NA,M
8142,hh_8142,78,NA,NA,M
8143,hh_8143,48,NA,NA,F
8144,hh_8144,67,NA,NA,M
8145,hh_8145,58,NA,NA,F
8146,hh_8146,61,NA,NA,M
8147,hh_8147,50,NA,NA,M
8148,hh_8148,67,NA,NA,F
8149,hh_8149,60,NA,NA,F
8150,hh_8150,66,NA,NA,M
8151,hh_8151,46,NA,NA,F
8152,hh_8152,63,NA,NA,M
8153,hh_8153,47,NA,NA,F
8154,hh_8154,63,NA,NA,M
8155,hh_8155,78,NA,NA,M
8156,hh_8156,64,NA,NA,F
8157,hh_8157,71,NA,NA,M
8158,hh_8158,52,NA,NA,F
8159,hh_8159,58,NA,NA,F
8160,hh_8160,61,NA,NA,F
8161,hh_8161,61,NA,NA,F
8162,hh_8162,70,NA,NA,F
8163,hh_8163,71,NA,NA,M
8164,hh_8164,69,NA,NA,F
8165,hh_8165,73,NA,NA,F
8166,hh_8166,62,NA,NA,F
8167,hh_8167,55,NA,NA,M
8168,hh_8168,70,NA,NA,M
8169,hh_8169,67,NA,NA,M
8170,hh_8170,47,NA,NA,F
8171,hh_8171,55,NA,NA,F
8172,hh_8172,50,NA,NA,M
8173,hh_8173,50,NA,NA,F
8174,hh_8174,64,NA,NA,M
8175,hh_8175,64,NA,NA,M
8176,hh_8176,62,NA,NA,F
8177,hh_8177,52,NA,NA,F
8178,hh_8178,75,NA,NA,F
8179,hh_8179,70,NA,NA,M
8180,hh_8180,70,NA,NA,M
8181,hh_8181,46,NA,NA,M
8182,hh_8182,54,NA,NA,M
8183,hh_8183,46,NA,NA,F
8184,hh_8184,53,NA,NA,F
8185,hh_8185,52,NA,NA,F
8186,hh_8186,52,NA,NA,M
8187,hh_8187,51,NA,NA,F
8188,hh_8188,45,NA,NA,M
8189,hh_8189,46,NA,NA,F
8190,hh_8190,49,NA,NA,F
8191,hh_8191,48,NA,NA,F
8192,hh_8192,48,NA,NA,M
8193,hh_8193,54,NA,NA,M
8194,hh_8194,70,NA,NA,F
8195,hh_8195,76,NA,NA,M
8196,hh_8196,71,NA,NA,F
8197,hh_8197,72,NA,NA,F
8198,hh_8198,20,NA,NA,F
8199,hh_8199,70,NA,NA,M
8200,hh_8200,72,NA,NA,F
8201,hh_8201,66,NA,NA,M
8202,hh_8202,72,NA,NA,F
8203,hh_8203,69,NA,NA,M
8204,hh_8204,75,NA,NA,M
8205,hh_8205,67,NA,NA,F
8206,hh_8206,68,NA,NA,F
8207,hh_8207,47,NA,NA,M
8208,hh_8208,20,NA,NA,F
8209,hh_8209,62,NA,NA,F
8210,hh_8210,34,NA,NA,M
8211,hh_8211,45,NA,NA,M
8212,hh_8212,44,NA,NA,M
8213,hh_8213,35,NA,NA,M
8214,hh_8214,36,NA,NA,F
8215,hh_8215,36,NA,NA,F
8216,hh_8216,68,NA,NA,M
8217,hh_8217,33,NA,NA,F
8218,hh_8218,50,NA,NA,M
8219,hh_8219,41,NA,NA,M
8220,hh_8220,25,NA,NA,F
8221,hh_8221,31,NA,NA,F
8222,hh_8222,60,NA,NA,M
8223,hh_8223,35,NA,NA,M
8224,hh_8224,67,NA,NA,M
8225,hh_8225,52,NA,NA,F
8226,hh_8226,56,NA,NA,F
8227,hh_8227,41,NA,NA,M
8228,hh_8228,31,NA,NA,F
8229,hh_8229,32,NA,NA,F
8230,hh_8230,37,NA,NA,F
8231,hh_8231,62,NA,NA,F
8232,hh_8232,70,NA,NA,M
8233,hh_8233,32,NA,NA,M
8234,hh_8234,28,NA,NA,M
8235,hh_8235,67,NA,NA,F
8236,hh_8236,37,NA,NA,M
8237,hh_8237,59,NA,NA,F
8238,hh_8238,45,NA,NA,F
8239,hh_8239,36,NA,NA,M
8240,hh_8240,68,NA,NA,F
8241,hh_8241,24,NA,NA,F
8242,hh_8242,37,NA,NA,M
8243,hh_8243,54,NA,NA,F
8244,hh_8244,48,NA,NA,M
8245,hh_8245,58,NA,NA,F
8246,hh_8246,42,NA,NA,F
8247,hh_8247,51,NA,NA,M
8248,hh_8248,38,NA,NA,M
8249,hh_8249,67,NA,NA,M
8250,hh_8250,37,NA,NA,F
8251,hh_8251,30,NA,NA,M
8252,hh_8252,32,NA,NA,F
8253,hh_8253,44,NA,NA,F
8254,hh_8254,25,NA,NA,F
8255,hh_8255,28,NA,NA,M
8256,hh_8256,27,NA,NA,F
8257,hh_8257,30,NA,NA,M
8258,hh_8258,40,NA,NA,M
8259,hh_8259,74,NA,NA,M
8260,hh_8260,59,NA,NA,M
8261,hh_8261,45,NA,NA,M
8262,hh_8262,20,NA,NA,F
8263,hh_8263,45,NA,NA,F
8264,hh_8264,38,NA,NA,F
8265,hh_8265,41,NA,NA,F
8266,hh_8266,44,NA,NA,M
8267,hh_8267,68,NA,NA,M
8268,hh_8268,37,NA,NA,F
8269,hh_8269,42,NA,NA,F
8270,hh_8270,42,NA,NA,F
8271,hh_8271,59,NA,NA,F
8272,hh_8272,55,NA,NA,M
8273,hh_8273,56,NA,NA,F
8274,hh_8274,39,NA,NA,F
8275,hh_8275,23,NA,NA,F
8276,hh_8276,62,NA,NA,F
8277,hh_8277,47,NA,NA,M
8278,hh_8278,51,NA,NA,M
8279,hh_8279,32,NA,NA,F
8280,hh_8280,25,NA,NA,F
8281,hh_8281,27,NA,NA,M
8282,hh_8282,41,NA,NA,M
8283,hh_8283,37,NA,NA,M
8284,hh_8284,47,NA,NA,M
8285,hh_8285,39,NA,NA,F
8286,hh_8286,58,NA,NA,M
8287,hh_8287,24,NA,NA,M
8288,hh_8288,29,NA,NA,F
8289,hh_8289,37,NA,NA,F
8290,hh_8290,37,NA,NA,M
8291,hh_8291,33,NA,NA,F
8292,hh_8292,35,NA,NA,F
8293,hh_8293,21,NA,NA,F
8294,hh_8294,49,NA,NA,F
8295,hh_8295,47,NA,NA,M
8296,hh_8296,53,NA,NA,M
8297,hh_8297,50,NA,NA,M
8298,hh_8298,48,NA,NA,F
8299,hh_8299,30,NA,NA,F
8300,hh_8300,66,NA,NA,F
8301,hh_8301,20,NA,NA,F
8302,hh_8302,51,NA,NA,F
8303,hh_8303,40,NA,NA,M
8304,hh_8304,44,NA,NA,F
8305,hh_8305,35,NA,NA,M
8306,hh_8306,31,NA,NA,M
8307,hh_8307,34,NA,NA,F
8308,hh_8308,36,NA,NA,F
8309,hh_8309,44,NA,NA,F
8310,hh_8310,60,NA,NA,M
8311,hh_8311,34,NA,NA,F
8312,hh_8312,73,NA,NA,F
8313,hh_8313,33,NA,NA,F
8314,hh_8314,48,NA,NA,F
8315,hh_8315,25,NA,NA,M
8316,hh_8316,28,NA,NA,M
8317,hh_8317,25,NA,NA,M
8318,hh_8318,52,NA,NA,F
8319,hh_8319,24,NA,NA,F
8320,hh_8320,54,NA,NA,M
8321,hh_8321,38,NA,NA,M
8322,hh_8322,77,NA,NA,F
8323,hh_8323,26,NA,NA,F
8324,hh_8324,57,NA,NA,F
8325,hh_8325,32,NA,NA,F
8326,hh_8326,75,NA,NA,F
8327,hh_8327,44,NA,NA,F
8328,hh_8328,43,NA,NA,F
8329,hh_8329,32,NA,NA,M
8330,hh_8330,25,NA,NA,F
8331,hh_8331,50,NA,NA,M
8332,hh_8332,60,NA,NA,F
8333,hh_8333,36,NA,NA,M
8334,hh_8334,39,NA,NA,M
8335,hh_8335,63,NA,NA,F
8336,hh_8336,63,NA,NA,F
8337,hh_8337,49,NA,NA,F
8338,hh_8338,46,NA,NA,F
8339,hh_8339,35,NA,NA,M
8340,hh_8340,50,NA,NA,F
8341,hh_8341,39,NA,NA,F
8342,hh_8342,41,NA,NA,F
8343,hh_8343,24,NA,NA,M
8344,hh_8344,48,NA,NA,F
8345,hh_8345,65,NA,NA,M
8346,hh_8346,24,NA,NA,F
8347,hh_8347,62,NA,NA,F
8348,hh_8348,24,NA,NA,F
8349,hh_8349,30,NA,NA,M
8350,hh_8350,38,NA,NA,F
8351,hh_8351,33,NA,NA,F
8352,hh_8352,35,NA,NA,F
8353,hh_8353,37,NA,NA,F
8354,hh_8354,21,NA,NA,M
8355,hh_8355,61,NA,NA,F
8356,hh_8356,41,NA,NA,F
8357,hh_8357,25,NA,NA,M
8358,hh_8358,57,NA,NA,M
8359,hh_8359,57,NA,NA,M
8360,hh_8360,30,NA,NA,F
8361,hh_8361,64,NA,NA,M
8362,hh_8362,62,NA,NA,F
8363,hh_8363,61,NA,NA,M
8364,hh_8364,48,NA,NA,M
8365,hh_8365,42,NA,NA,M
8366,hh_8366,41,NA,NA,F
8367,hh_8367,29,NA,NA,F
8368,hh_8368,74,NA,NA,M
8369,hh_8369,37,NA,NA,M
8370,hh_8370,31,NA,NA,M
8371,hh_8371,62,NA,NA,F
8372,hh_8372,57,NA,NA,M
8373,hh_8373,41,NA,NA,M
8374,hh_8374,72,NA,NA,F
8375,hh_8375,29,NA,NA,F
8376,hh_8376,18,NA,NA,F
8377,hh_8377,53,NA,NA,F
8378,hh_8378,39,NA,NA,M
8379,hh_8379,38,NA,NA,M
8380,hh_8380,76,NA,NA,M
8381,hh_8381,40,NA,NA,F
8382,hh_8382,36,NA,NA,F
8383,hh_8383,32,NA,NA,F
8384,hh_8384,28,NA,NA,F
8385,hh_8385,60,NA,NA,F
8386,hh_8386,37,NA,NA,F
8387,hh_8387,65,NA,NA,F
8388,hh_8388,35,NA,NA,F
8389,hh_8389,35,NA,NA,F
8390,hh_8390,72,NA,NA,M
8391,hh_8391,44,NA,NA,F
8392,hh_8392,27,NA,NA,M
8393,hh_8393,51,NA,NA,M
8394,hh_8394,37,NA,NA,F
8395,hh_8395,40,NA,NA,M
8396,hh_8396,41,NA,NA,M
8397,hh_8397,24,NA,NA,M
8398,hh_8398,66,NA,NA,F
8399,hh_8399,47,NA,NA,F
8400,hh_8400,36,NA,NA,M
8401,hh_8401,46,NA,NA,M
8402,hh_8402,32,NA,NA,F
8403,hh_8403,38,NA,NA,M
8404,hh_8404,60,NA,NA,F
8405,hh_8405,35,NA,NA,F
8406,hh_8406,32,NA,NA,F
8407,hh_8407,34,NA,NA,F
8408,hh_8408,29,NA,NA,F
8409,hh_8409,60,NA,NA,M
8410,hh_8410,25,NA,NA,M
8411,hh_8411,52,NA,NA,F
8412,hh_8412,68,NA,NA,F
8413,hh_8413,43,NA,NA,M
8414,hh_8414,43,NA,NA,F
8415,hh_8415,37,NA,NA,F
8416,hh_8416,47,NA,NA,M
8417,hh_8417,40,NA,NA,M
8418,hh_8418,29,NA,NA,F
8419,hh_8419,47,NA,NA,F
8420,hh_8420,32,NA,NA,F
8421,hh_8421,43,NA,NA,M
8422,hh_8422,70,NA,NA,M
8423,hh_8423,56,NA,NA,M
8424,hh_8424,47,NA,NA,M
8425,hh_8425,37,NA,NA,F
8426,hh_8426,50,NA,NA,F
8427,hh_8427,44,NA,NA,F
8428,hh_8428,63,NA,NA,M
8429,hh_8429,32,NA,NA,F
8430,hh_8430,39,NA,NA,F
8431,hh_8431,24,NA,NA,F
8432,hh_8432,68,NA,NA,M
8433,hh_8433,35,NA,NA,F
8434,hh_8434,36,NA,NA,M
8435,hh_8435,25,NA,NA,F
8436,hh_8436,35,NA,NA,M
8437,hh_8437,29,NA,NA,M
8438,hh_8438,33,NA,NA,M
8439,hh_8439,55,NA,NA,F
8440,hh_8440,55,NA,NA,M
8441,hh_8441,48,NA,NA,F
8442,hh_8442,32,NA,NA,F
8443,hh_8443,47,NA,NA,F
8444,hh_8444,49,NA,NA,M
8445,hh_8445,77,NA,NA,M
8446,hh_8446,35,NA,NA,F
8447,hh_8447,44,NA,NA,F
8448,hh_8448,39,NA,NA,F
8449,hh_8449,23,NA,NA,F
8450,hh_8450,48,NA,NA,M
8451,hh_8451,56,NA,NA,M
8452,hh_8452,61,NA,NA,F
8453,hh_8453,65,NA,NA,F
8454,hh_8454,44,NA,NA,F
8455,hh_8455,51,NA,NA,F
8456,hh_8456,74,NA,NA,M
8457,hh_8457,64,NA,NA,F
8458,hh_8458,52,NA,NA,F
8459,hh_8459,30,NA,NA,F
8460,hh_8460,49,NA,NA,F
8461,hh_8461,36,NA,NA,M
8462,hh_8462,57,NA,NA,M
8463,hh_8463,50,NA,NA,M
8464,hh_8464,24,NA,NA,F
8465,hh_8465,57,NA,NA,M
8466,hh_8466,41,NA,NA,M
8467,hh_8467,51,NA,NA,F
8468,hh_8468,45,NA,NA,F
8469,hh_8469,29,NA,NA,F
8470,hh_8470,51,NA,NA,F
8471,hh_8471,56,NA,NA,M
8472,hh_8472,19,NA,NA,M
8473,hh_8473,55,NA,NA,M
8474,hh_8474,46,NA,NA,F
8475,hh_8475,50,NA,NA,F
8476,hh_8476,61,NA,NA,M
8477,hh_8477,54,NA,NA,M
8478,hh_8478,53,NA,NA,F
8479,hh_8479,47,NA,NA,F
8480,hh_8480,64,NA,NA,M
8481,hh_8481,58,NA,NA,M
8482,hh_8482,49,NA,NA,M
8483,hh_8483,38,NA,NA,F
8484,hh_8484,60,NA,NA,F
8485,hh_8485,34,NA,NA,F
8486,hh_8486,50,NA,NA,M
8487,hh_8487,27,NA,NA,F
8488,hh_8488,18,NA,NA,F
8489,hh_8489,58,NA,NA,M
8490,hh_8490,42,NA,NA,M
8491,hh_8491,38,NA,NA,F
8492,hh_8492,37,NA,NA,F
8493,hh_8493,63,NA,NA,F
8494,hh_8494,57,NA,NA,M
8495,hh_8495,58,NA,NA,F
8496,hh_8496,49,NA,NA,F
8497,hh_8497,56,NA,NA,F
8498,hh_8498,26,NA,NA,F
8499,hh_8499,33,NA,NA,F
8500,hh_8500,52,NA,NA,F
8501,hh_8501,47,NA,NA,M
8502,hh_8502,20,NA,NA,M
8503,hh_8503,53,NA,NA,M
8504,hh_8504,60,NA,NA,F
8505,hh_8505,61,NA,NA,F
8506,hh_8506,20,NA,NA,F
8507,hh_8507,65,NA,NA,F
8508,hh_8508,51,NA,NA,M
8509,hh_8509,63,NA,NA,M
8510,hh_8510,24,NA,NA,F
8511,hh_8511,60,NA,NA,F
8512,hh_8512,79,NA,NA,M
8513,hh_8513,65,NA,NA,M
8514,hh_8514,21,NA,NA,F
8515,hh_8515,45,NA,NA,F
8516,hh_8516,61,NA,NA,F
8517,hh_8517,54,NA,NA,M
8518,hh_8518,60,NA,NA,M
8519,hh_8519,22,NA,NA,F
8520,hh_8520,53,NA,NA,F
8521,hh_8521,64,NA,NA,F
8522,hh_8522,51,NA,NA,F
8523,hh_8523,65,NA,NA,M
8524,hh_8524,65,NA,NA,F
8525,hh_8525,77,NA,NA,F
8526,hh_8526,45,NA,NA,F
8527,hh_8527,24,NA,NA,M
8528,hh_8528,20,NA,NA,M
8529,hh_8529,53,NA,NA,F
8530,hh_8530,66,NA,NA,M
8531,hh_8531,68,NA,NA,M
8532,hh_8532,63,NA,NA,F
8533,hh_8533,24,NA,NA,F
8534,hh_8534,48,NA,NA,M
8535,hh_8535,23,NA,NA,M
8536,hh_8536,50,NA,NA,M
8537,hh_8537,28,NA,NA,F
8538,hh_8538,60,NA,NA,M
8539,hh_8539,58,NA,NA,M
8540,hh_8540,60,NA,NA,F
8541,hh_8541,54,NA,NA,M
8542,hh_8542,23,NA,NA,M
8543,hh_8543,76,NA,NA,M
8544,hh_8544,56,NA,NA,F
8545,hh_8545,61,NA,NA,M
8546,hh_8546,62,NA,NA,M
8547,hh_8547,63,NA,NA,F
8548,hh_8548,66,NA,NA,M
8549,hh_8549,57,NA,NA,NA
8550,hh_8550,55,NA,NA,F
8551,hh_8551,57,NA,NA,M
8552,hh_8552,69,NA,NA,F
8553,hh_8553,62,NA,NA,F
8554,hh_8554,71,NA,NA,M
8555,hh_8555,61,NA,NA,M
8556,hh_8556,72,NA,NA,M
8557,hh_8557,68,NA,NA,M
8558,hh_8558,74,NA,NA,M
8559,hh_8559,69,NA,NA,M
8560,hh_8560,70,NA,NA,M
8561,hh_8561,66,NA,NA,M
8562,hh_8562,75,NA,NA,M
8563,hh_8563,66,NA,NA,M
8564,hh_8564,67,NA,NA,M
8565,hh_8565,81,NA,NA,M
8566,hh_8566,70,NA,NA,M
8567,hh_8567,65,NA,NA,M
8568,hh_8568,67,NA,NA,M
8569,hh_8569,65,NA,NA,M
8570,hh_8570,75,NA,NA,M
8571,hh_8571,82,NA,NA,M
8572,hh_8572,65,NA,NA,M
8573,hh_8573,36,NA,NA,F
8574,hh_8574,43,NA,NA,F
8575,hh_8575,62,NA,NA,M
8576,hh_8576,64,NA,NA,M
8577,hh_8577,39,NA,NA,F
8578,hh_8578,64,NA,NA,F
8579,hh_8579,49,NA,NA,M
8580,hh_8580,50,NA,NA,F
8581,hh_8581,58,NA,NA,F
8582,hh_8582,62,NA,NA,F
8583,hh_8583,53,NA,NA,M
8584,hh_8584,24,NA,NA,M
8585,hh_8585,34,NA,NA,F
8586,hh_8586,27,NA,NA,F
8587,hh_8587,44,NA,NA,M
8588,hh_8588,29,NA,NA,F
8589,hh_8589,28,NA,NA,F
8590,hh_8590,39,NA,NA,M
8591,hh_8591,29,NA,NA,M
8592,hh_8592,31,NA,NA,F
8593,hh_8593,55,NA,NA,M
8594,hh_8594,26,NA,NA,M
8595,hh_8595,53,NA,NA,F
8596,hh_8596,61,NA,NA,F
8597,hh_8597,61,NA,NA,F
8598,hh_8598,27,NA,NA,F
8599,hh_8599,56,NA,NA,F
8600,hh_8600,28,NA,NA,M
8601,hh_8601,23,NA,NA,F
8602,hh_8602,54,NA,NA,F
8603,hh_8603,52,NA,NA,F
8604,hh_8604,30,NA,NA,F
8605,hh_8605,38,NA,NA,F
8606,hh_8606,61,NA,NA,M
8607,hh_8607,44,NA,NA,F
8608,hh_8608,32,NA,NA,M
8609,hh_8609,33,NA,NA,M
8610,hh_8610,66,NA,NA,M
8611,hh_8611,19,NA,NA,F
8612,hh_8612,55,NA,NA,M
8613,hh_8613,44,NA,NA,F
8614,hh_8614,40,NA,NA,M
8615,hh_8615,48,NA,NA,F
8616,hh_8616,74,NA,NA,M
8617,hh_8617,34,NA,NA,M
8618,hh_8618,62,NA,NA,M
8619,hh_8619,42,NA,NA,F
8620,hh_8620,44,NA,NA,F
8621,hh_8621,59,NA,NA,F
8622,hh_8622,59,NA,NA,M
8623,hh_8623,28,NA,NA,F
8624,hh_8624,35,NA,NA,F
8625,hh_8625,54,NA,NA,M
8626,hh_8626,28,NA,NA,F
8627,hh_8627,52,NA,NA,M
8628,hh_8628,83,NA,NA,F
8629,hh_8629,34,NA,NA,M
8630,hh_8630,46,NA,NA,M
8631,hh_8631,40,NA,NA,M
8632,hh_8632,80,NA,NA,M
8633,hh_8633,51,NA,NA,M
8634,hh_8634,25,NA,NA,F
8635,hh_8635,30,NA,NA,M
8636,hh_8636,40,NA,NA,F
8637,hh_8637,29,NA,NA,M
8638,hh_8638,34,NA,NA,M
8639,hh_8639,52,NA,NA,M
8640,hh_8640,24,NA,NA,F
8641,hh_8641,42,NA,NA,M
8642,hh_8642,42,NA,NA,F
8643,hh_8643,32,NA,NA,M
8644,hh_8644,44,NA,NA,F
8645,hh_8645,29,NA,NA,M
8646,hh_8646,54,NA,NA,M
8647,hh_8647,32,NA,NA,F
8648,hh_8648,69,NA,NA,F
8649,hh_8649,59,NA,NA,F
8650,hh_8650,57,NA,NA,M
8651,hh_8651,54,NA,NA,M
8652,hh_8652,39,NA,NA,F
8653,hh_8653,65,NA,NA,F
8654,hh_8654,58,NA,NA,M
8655,hh_8655,36,NA,NA,F
8656,hh_8656,26,NA,NA,F
8657,hh_8657,67,NA,NA,M
8658,hh_8658,35,NA,NA,F
8659,hh_8659,29,NA,NA,F
8660,hh_8660,27,NA,NA,M
8661,hh_8661,55,NA,NA,F
8662,hh_8662,55,NA,NA,F
8663,hh_8663,21,NA,NA,F
8664,hh_8664,39,NA,NA,F
8665,hh_8665,39,NA,NA,M
8666,hh_8666,29,NA,NA,M
8667,hh_8667,62,NA,NA,F
8668,hh_8668,59,NA,NA,M
8669,hh_8669,43,NA,NA,M
8670,hh_8670,31,NA,NA,M
8671,hh_8671,18,NA,NA,F
8672,hh_8672,32,NA,NA,F
8673,hh_8673,36,NA,NA,F
8674,hh_8674,43,NA,NA,M
8675,hh_8675,54,NA,NA,F
8676,hh_8676,31,NA,NA,M
8677,hh_8677,58,NA,NA,F
8678,hh_8678,30,NA,NA,F
8679,hh_8679,40,NA,NA,F
8680,hh_8680,67,NA,NA,F
8681,hh_8681,27,NA,NA,M
8682,hh_8682,43,NA,NA,F
8683,hh_8683,39,NA,NA,M
8684,hh_8684,43,NA,NA,F
8685,hh_8685,38,NA,NA,M
8686,hh_8686,24,NA,NA,M
8687,hh_8687,32,NA,NA,F
8688,hh_8688,35,NA,NA,F
8689,hh_8689,22,NA,NA,F
8690,hh_8690,28,NA,NA,F
8691,hh_8691,29,NA,NA,M
8692,hh_8692,35,NA,NA,F
8693,hh_8693,32,NA,NA,F
8694,hh_8694,34,NA,NA,F
8695,hh_8695,44,NA,NA,F
8696,hh_8696,37,NA,NA,F
8697,hh_8697,32,NA,NA,M
8698,hh_8698,39,NA,NA,F
8699,hh_8699,24,NA,NA,M
8700,hh_8700,45,NA,NA,F
8701,hh_8701,23,NA,NA,F
8702,hh_8702,28,NA,NA,F
8703,hh_8703,21,NA,NA,F
8704,hh_8704,24,NA,NA,F
8705,hh_8705,48,NA,NA,M
8706,hh_8706,25,NA,NA,F
8707,hh_8707,50,NA,NA,F
8708,hh_8708,35,NA,NA,F
8709,hh_8709,18,NA,NA,F
8710,hh_8710,23,NA,NA,M
8711,hh_8711,64,NA,NA,M
8712,hh_8712,26,NA,NA,F
8713,hh_8713,25,NA,NA,F
8714,hh_8714,55,NA,NA,F
8715,hh_8715,29,NA,NA,F
8716,hh_8716,44,NA,NA,M
8717,hh_8717,42,NA,NA,F
8718,hh_8718,20,NA,NA,F
8719,hh_8719,26,NA,NA,F
8720,hh_8720,26,NA,NA,F
8721,hh_8721,30,NA,NA,F
8722,hh_8722,24,NA,NA,F
8723,hh_8723,46,NA,NA,F
8724,hh_8724,28,NA,NA,M
8725,hh_8725,58,NA,NA,M
8726,hh_8726,43,NA,NA,M
8727,hh_8727,65,NA,NA,F
8728,hh_8728,22,NA,NA,M
8729,hh_8729,30,NA,NA,M
8730,hh_8730,43,NA,NA,F
8731,hh_8731,31,NA,NA,F
8732,hh_8732,32,NA,NA,F
8733,hh_8733,40,NA,NA,M
8734,hh_8734,46,NA,NA,M
8735,hh_8735,25,NA,NA,F
8736,hh_8736,18,NA,NA,M
8737,hh_8737,18,NA,NA,M
8738,hh_8738,30,NA,NA,M
8739,hh_8739,53,NA,NA,F
8740,hh_8740,32,NA,NA,F
8741,hh_8741,30,NA,NA,M
8742,hh_8742,71,NA,NA,M
8743,hh_8743,40,NA,NA,F
8744,hh_8744,70,NA,NA,M
8745,hh_8745,27,NA,NA,F
8746,hh_8746,27,NA,NA,M
8747,hh_8747,65,NA,NA,F
8748,hh_8748,44,NA,NA,F
8749,hh_8749,20,NA,NA,M
8750,hh_8750,53,NA,NA,F
8751,hh_8751,32,NA,NA,F
8752,hh_8752,37,NA,NA,F
8753,hh_8753,30,NA,NA,F
8754,hh_8754,25,NA,NA,M
8755,hh_8755,28,NA,NA,F
8756,hh_8756,26,NA,NA,F
8757,hh_8757,38,NA,NA,F
8758,hh_8758,64,NA,NA,M
8759,hh_8759,29,NA,NA,F
8760,hh_8760,59,NA,NA,M
8761,hh_8761,29,NA,NA,M
8762,hh_8762,30,NA,NA,F
8763,hh_8763,53,NA,NA,F
8764,hh_8764,44,NA,NA,F
8765,hh_8765,55,NA,NA,F
8766,hh_8766,25,NA,NA,F
8767,hh_8767,36,NA,NA,M
8768,hh_8768,68,NA,NA,M
8769,hh_8769,22,NA,NA,M
8770,hh_8770,39,NA,NA,F
8771,hh_8771,45,NA,NA,M
8772,hh_8772,36,NA,NA,F
8773,hh_8773,58,NA,NA,F
8774,hh_8774,36,NA,NA,F
8775,hh_8775,61,NA,NA,F
8776,hh_8776,64,NA,NA,M
8777,hh_8777,52,NA,NA,F
8778,hh_8778,67,NA,NA,F
8779,hh_8779,35,NA,NA,F
8780,hh_8780,42,NA,NA,F
8781,hh_8781,53,NA,NA,F
8782,hh_8782,19,NA,NA,F
8783,hh_8783,53,NA,NA,F
8784,hh_8784,53,NA,NA,F
8785,hh_8785,53,NA,NA,M
8786,hh_8786,48,NA,NA,F
8787,hh_8787,48,NA,NA,M
8788,hh_8788,33,NA,NA,M
8789,hh_8789,53,NA,NA,F
8790,hh_8790,51,NA,NA,M
8791,hh_8791,50,NA,NA,F
8792,hh_8792,65,NA,NA,F
8793,hh_8793,62,NA,NA,M
8794,hh_8794,63,NA,NA,M
8795,hh_8795,51,NA,NA,F
8796,hh_8796,24,NA,NA,M
8797,hh_8797,23,NA,NA,M
8798,hh_8798,72,NA,NA,F
8799,hh_8799,44,NA,NA,F
8800,hh_8800,47,NA,NA,F
8801,hh_8801,65,NA,NA,F
8802,hh_8802,54,NA,NA,F
8803,hh_8803,24,NA,NA,F
8804,hh_8804,20,NA,NA,F
8805,hh_8805,46,NA,NA,M
8806,hh_8806,47,NA,NA,F
8807,hh_8807,66,NA,NA,F
8808,hh_8808,27,NA,NA,F
8809,hh_8809,24,NA,NA,F
8810,hh_8810,26,NA,NA,F
8811,hh_8811,50,NA,NA,M
8812,hh_8812,54,NA,NA,M
8813,hh_8813,24,NA,NA,F
8814,hh_8814,57,NA,NA,F
8815,hh_8815,76,NA,NA,M
8816,hh_8816,77,NA,NA,F
8817,hh_8817,25,NA,NA,M
8818,hh_8818,42,NA,NA,F
8819,hh_8819,59,NA,NA,F
8820,hh_8820,46,NA,NA,F
8821,hh_8821,72,NA,NA,F
8822,hh_8822,45,NA,NA,M
8823,hh_8823,53,NA,NA,F
8824,hh_8824,61,NA,NA,M
8825,hh_8825,45,NA,NA,F
8826,hh_8826,65,NA,NA,F
8827,hh_8827,21,NA,NA,F
8828,hh_8828,24,NA,NA,F
8829,hh_8829,62,NA,NA,M
8830,hh_8830,56,NA,NA,F
8831,hh_8831,48,NA,NA,M
8832,hh_8832,86,NA,NA,M
8833,hh_8833,69,NA,NA,M
8834,hh_8834,49,NA,NA,M
8835,hh_8835,57,NA,NA,F
8836,hh_8836,41,NA,NA,F
8837,hh_8837,63,NA,NA,F
8838,hh_8838,59,NA,NA,M
8839,hh_8839,66,NA,NA,M
8840,hh_8840,36,NA,NA,F
8841,hh_8841,21,NA,NA,M
8842,hh_8842,63,NA,NA,F
8843,hh_8843,49,NA,NA,M
8844,hh_8844,54,NA,NA,M
8845,hh_8845,61,NA,NA,F
8846,hh_8846,60,NA,NA,F
8847,hh_8847,63,NA,NA,M
8848,hh_8848,47,NA,NA,M
8849,hh_8849,65,NA,NA,F
8850,hh_8850,49,NA,NA,F
8851,hh_8851,49,NA,NA,F
8852,hh_8852,59,NA,NA,F
8853,hh_8853,53,NA,NA,F
8854,hh_8854,49,NA,NA,M
8855,hh_8855,45,NA,NA,M
8856,hh_8856,69,NA,NA,M
8857,hh_8857,54,NA,NA,F
8858,hh_8858,47,NA,NA,M
8859,hh_8859,49,NA,NA,M
8860,hh_8860,47,NA,NA,F
8861,hh_8861,53,NA,NA,M
8862,hh_8862,48,NA,NA,F
8863,hh_8863,58,NA,NA,F
8864,hh_8864,54,NA,NA,F
8865,hh_8865,53,NA,NA,F
8866,hh_8866,51,NA,NA,F
8867,hh_8867,70,NA,NA,F
8868,hh_8868,64,NA,NA,F
8869,hh_8869,64,NA,NA,F
8870,hh_8870,71,NA,NA,F
8871,hh_8871,76,NA,NA,F
8872,hh_8872,51,NA,NA,M
8873,hh_8873,55,NA,NA,F
8874,hh_8874,72,NA,NA,F
8875,hh_8875,57,NA,NA,M
8876,hh_8876,62,NA,NA,M
8877,hh_8877,76,NA,NA,F
8878,hh_8878,72,NA,NA,F
8879,hh_8879,64,NA,NA,M
8880,hh_8880,65,NA,NA,F
8881,hh_8881,63,NA,NA,M
8882,hh_8882,70,NA,NA,M
8883,hh_8883,65,NA,NA,M
8884,hh_8884,65,NA,NA,M
8885,hh_8885,66,NA,NA,F
8886,hh_8886,67,NA,NA,M
8887,hh_8887,72,NA,NA,F
8888,hh_8888,76,NA,NA,F
8889,hh_8889,71,NA,NA,F
8890,hh_8890,65,NA,NA,F
8891,hh_8891,67,NA,NA,F
8892,hh_8892,70,NA,NA,F
8893,hh_8893,66,NA,NA,F
8894,hh_8894,71,NA,NA,M
8895,hh_8895,74,NA,NA,M
8896,hh_8896,72,NA,NA,F
8897,hh_8897,76,NA,NA,F
8898,hh_8898,65,NA,NA,M
8899,hh_8899,75,NA,NA,M
8900,hh_8900,66,NA,NA,M
8901,hh_8901,65,NA,NA,M
8902,hh_8902,72,NA,NA,M
8903,hh_8903,68,NA,NA,M
8904,hh_8904,69,NA,NA,M
8905,hh_8905,81,NA,NA,M
8906,hh_8906,63,NA,NA,F
8907,hh_8907,41,NA,NA,M
8908,hh_8908,64,NA,NA,M
8909,hh_8909,37,NA,NA,F
8910,hh_8910,60,NA,NA,F
8911,hh_8911,62,NA,NA,F
8912,hh_8912,34,NA,NA,M
8913,hh_8913,75,NA,NA,F
8914,hh_8914,41,NA,NA,M
8915,hh_8915,38,NA,NA,M
8916,hh_8916,50,NA,NA,F
8917,hh_8917,65,NA,NA,M
8918,hh_8918,72,NA,NA,F
8919,hh_8919,34,NA,NA,F
8920,hh_8920,44,NA,NA,M
8921,hh_8921,34,NA,NA,M
8922,hh_8922,71,NA,NA,M
8923,hh_8923,26,NA,NA,M
8924,hh_8924,77,NA,NA,M
8925,hh_8925,37,NA,NA,F
8926,hh_8926,33,NA,NA,F
8927,hh_8927,28,NA,NA,F
8928,hh_8928,44,NA,NA,M
8929,hh_8929,60,NA,NA,F
8930,hh_8930,50,NA,NA,F
8931,hh_8931,39,NA,NA,F
8932,hh_8932,46,NA,NA,F
8933,hh_8933,37,NA,NA,M
8934,hh_8934,61,NA,NA,F
8935,hh_8935,51,NA,NA,F
8936,hh_8936,62,NA,NA,F
8937,hh_8937,40,NA,NA,F
8938,hh_8938,24,NA,NA,F
8939,hh_8939,44,NA,NA,F
8940,hh_8940,66,NA,NA,F
8941,hh_8941,36,NA,NA,F
8942,hh_8942,43,NA,NA,M
8943,hh_8943,39,NA,NA,F
8944,hh_8944,42,NA,NA,F
8945,hh_8945,51,NA,NA,F
8946,hh_8946,31,NA,NA,M
8947,hh_8947,37,NA,NA,F
8948,hh_8948,33,NA,NA,M
8949,hh_8949,50,NA,NA,F
8950,hh_8950,29,NA,NA,F
8951,hh_8951,50,NA,NA,M
8952,hh_8952,63,NA,NA,F
8953,hh_8953,20,NA,NA,F
8954,hh_8954,25,NA,NA,F
8955,hh_8955,37,NA,NA,F
8956,hh_8956,30,NA,NA,M
8957,hh_8957,26,NA,NA,F
8958,hh_8958,22,NA,NA,F
8959,hh_8959,35,NA,NA,M
8960,hh_8960,69,NA,NA,M
8961,hh_8961,24,NA,NA,F
8962,hh_8962,31,NA,NA,M
8963,hh_8963,41,NA,NA,M
8964,hh_8964,32,NA,NA,F
8965,hh_8965,67,NA,NA,M
8966,hh_8966,32,NA,NA,F
8967,hh_8967,36,NA,NA,F
8968,hh_8968,35,NA,NA,M
8969,hh_8969,43,NA,NA,M
8970,hh_8970,29,NA,NA,M
8971,hh_8971,35,NA,NA,M
8972,hh_8972,36,NA,NA,M
8973,hh_8973,36,NA,NA,M
8974,hh_8974,67,NA,NA,F
8975,hh_8975,28,NA,NA,M
8976,hh_8976,41,NA,NA,M
8977,hh_8977,39,NA,NA,F
8978,hh_8978,26,NA,NA,M
8979,hh_8979,43,NA,NA,M
8980,hh_8980,31,NA,NA,M
8981,hh_8981,54,NA,NA,F
8982,hh_8982,40,NA,NA,M
8983,hh_8983,54,NA,NA,F
8984,hh_8984,37,NA,NA,M
8985,hh_8985,35,NA,NA,F
8986,hh_8986,32,NA,NA,F
8987,hh_8987,43,NA,NA,F
8988,hh_8988,46,NA,NA,F
8989,hh_8989,22,NA,NA,F
8990,hh_8990,26,NA,NA,M
8991,hh_8991,67,NA,NA,F
8992,hh_8992,41,NA,NA,F
8993,hh_8993,38,NA,NA,M
8994,hh_8994,22,NA,NA,F
8995,hh_8995,37,NA,NA,F
8996,hh_8996,34,NA,NA,F
8997,hh_8997,39,NA,NA,F
8998,hh_8998,30,NA,NA,M
8999,hh_8999,38,NA,NA,F
9000,hh_9000,22,NA,NA,M
9001,hh_9001,23,NA,NA,F
9002,hh_9002,26,NA,NA,F
9003,hh_9003,39,NA,NA,F
9004,hh_9004,53,NA,NA,F
9005,hh_9005,65,NA,NA,M
9006,hh_9006,37,NA,NA,M
9007,hh_9007,40,NA,NA,M
9008,hh_9008,39,NA,NA,F
9009,hh_9009,32,NA,NA,F
9010,hh_9010,35,NA,NA,M
9011,hh_9011,41,NA,NA,F
9012,hh_9012,25,NA,NA,F
9013,hh_9013,48,NA,NA,F
9014,hh_9014,33,NA,NA,F
9015,hh_9015,74,NA,NA,F
9016,hh_9016,28,NA,NA,F
9017,hh_9017,33,NA,NA,F
9018,hh_9018,45,NA,NA,F
9019,hh_9019,18,NA,NA,M
9020,hh_9020,35,NA,NA,M
9021,hh_9021,59,NA,NA,F
9022,hh_9022,27,NA,NA,F
9023,hh_9023,33,NA,NA,M
9024,hh_9024,54,NA,NA,M
9025,hh_9025,65,NA,NA,F
9026,hh_9026,45,NA,NA,M
9027,hh_9027,60,NA,NA,F
9028,hh_9028,34,NA,NA,F
9029,hh_9029,61,NA,NA,F
9030,hh_9030,73,NA,NA,M
9031,hh_9031,69,NA,NA,F
9032,hh_9032,24,NA,NA,F
9033,hh_9033,61,NA,NA,F
9034,hh_9034,51,NA,NA,F
9035,hh_9035,24,NA,NA,M
9036,hh_9036,27,NA,NA,F
9037,hh_9037,34,NA,NA,F
9038,hh_9038,21,NA,NA,F
9039,hh_9039,62,NA,NA,F
9040,hh_9040,38,NA,NA,F
9041,hh_9041,33,NA,NA,F
9042,hh_9042,28,NA,NA,M
9043,hh_9043,52,NA,NA,M
9044,hh_9044,29,NA,NA,M
9045,hh_9045,57,NA,NA,F
9046,hh_9046,41,NA,NA,F
9047,hh_9047,38,NA,NA,F
9048,hh_9048,35,NA,NA,F
9049,hh_9049,29,NA,NA,F
9050,hh_9050,27,NA,NA,F
9051,hh_9051,25,NA,NA,F
9052,hh_9052,40,NA,NA,F
9053,hh_9053,39,NA,NA,F
9054,hh_9054,47,NA,NA,M
9055,hh_9055,36,NA,NA,M
9056,hh_9056,18,NA,NA,F
9057,hh_9057,58,NA,NA,M
9058,hh_9058,53,NA,NA,F
9059,hh_9059,18,NA,NA,F
9060,hh_9060,34,NA,NA,F
9061,hh_9061,37,NA,NA,F
9062,hh_9062,54,NA,NA,F
9063,hh_9063,56,NA,NA,M
9064,hh_9064,18,NA,NA,M
9065,hh_9065,32,NA,NA,M
9066,hh_9066,32,NA,NA,F
9067,hh_9067,33,NA,NA,M
9068,hh_9068,24,NA,NA,F
9069,hh_9069,25,NA,NA,F
9070,hh_9070,52,NA,NA,F
9071,hh_9071,40,NA,NA,M
9072,hh_9072,40,NA,NA,F
9073,hh_9073,61,NA,NA,F
9074,hh_9074,24,NA,NA,F
9075,hh_9075,50,NA,NA,F
9076,hh_9076,65,NA,NA,F
9077,hh_9077,45,NA,NA,M
9078,hh_9078,42,NA,NA,M
9079,hh_9079,47,NA,NA,F
9080,hh_9080,28,NA,NA,F
9081,hh_9081,29,NA,NA,F
9082,hh_9082,30,NA,NA,F
9083,hh_9083,60,NA,NA,M
9084,hh_9084,32,NA,NA,F
9085,hh_9085,45,NA,NA,M
9086,hh_9086,28,NA,NA,F
9087,hh_9087,23,NA,NA,M
9088,hh_9088,37,NA,NA,F
9089,hh_9089,39,NA,NA,F
9090,hh_9090,35,NA,NA,M
9091,hh_9091,55,NA,NA,F
9092,hh_9092,42,NA,NA,M
9093,hh_9093,58,NA,NA,F
9094,hh_9094,61,NA,NA,F
9095,hh_9095,62,NA,NA,M
9096,hh_9096,36,NA,NA,M
9097,hh_9097,30,NA,NA,M
9098,hh_9098,31,NA,NA,F
9099,hh_9099,20,NA,NA,F
9100,hh_9100,52,NA,NA,F
9101,hh_9101,19,NA,NA,M
9102,hh_9102,54,NA,NA,M
9103,hh_9103,66,NA,NA,M
9104,hh_9104,35,NA,NA,F
9105,hh_9105,45,NA,NA,F
9106,hh_9106,44,NA,NA,M
9107,hh_9107,46,NA,NA,F
9108,hh_9108,46,NA,NA,F
9109,hh_9109,62,NA,NA,M
9110,hh_9110,47,NA,NA,F
9111,hh_9111,61,NA,NA,F
9112,hh_9112,47,NA,NA,F
9113,hh_9113,28,NA,NA,F
9114,hh_9114,64,NA,NA,F
9115,hh_9115,40,NA,NA,F
9116,hh_9116,35,NA,NA,F
9117,hh_9117,51,NA,NA,F
9118,hh_9118,52,NA,NA,F
9119,hh_9119,18,NA,NA,M
9120,hh_9120,62,NA,NA,M
9121,hh_9121,69,NA,NA,M
9122,hh_9122,59,NA,NA,M
9123,hh_9123,18,NA,NA,F
9124,hh_9124,59,NA,NA,M
9125,hh_9125,49,NA,NA,F
9126,hh_9126,23,NA,NA,M
9127,hh_9127,46,NA,NA,F
9128,hh_9128,51,NA,NA,F
9129,hh_9129,57,NA,NA,F
9130,hh_9130,24,NA,NA,F
9131,hh_9131,18,NA,NA,F
9132,hh_9132,65,NA,NA,F
9133,hh_9133,20,NA,NA,F
9134,hh_9134,62,NA,NA,M
9135,hh_9135,48,NA,NA,F
9136,hh_9136,20,NA,NA,M
9137,hh_9137,45,NA,NA,F
9138,hh_9138,58,NA,NA,F
9139,hh_9139,51,NA,NA,M
9140,hh_9140,49,NA,NA,F
9141,hh_9141,48,NA,NA,M
9142,hh_9142,22,NA,NA,M
9143,hh_9143,56,NA,NA,M
9144,hh_9144,71,NA,NA,M
9145,hh_9145,24,NA,NA,F
9146,hh_9146,52,NA,NA,M
9147,hh_9147,53,NA,NA,M
9148,hh_9148,20,NA,NA,F
9149,hh_9149,53,NA,NA,F
9150,hh_9150,19,NA,NA,F
9151,hh_9151,52,NA,NA,F
9152,hh_9152,24,NA,NA,F
9153,hh_9153,52,NA,NA,M
9154,hh_9154,24,NA,NA,F
9155,hh_9155,46,NA,NA,F
9156,hh_9156,45,NA,NA,F
9157,hh_9157,58,NA,NA,M
9158,hh_9158,46,NA,NA,M
9159,hh_9159,74,NA,NA,M
9160,hh_9160,70,NA,NA,F
9161,hh_9161,69,NA,NA,F
9162,hh_9162,50,NA,NA,F
9163,hh_9163,48,NA,NA,F
9164,hh_9164,47,NA,NA,M
9165,hh_9165,60,NA,NA,M
9166,hh_9166,50,NA,NA,M
9167,hh_9167,52,NA,NA,F
9168,hh_9168,69,NA,NA,M
9169,hh_9169,54,NA,NA,F
9170,hh_9170,55,NA,NA,M
9171,hh_9171,51,NA,NA,F
9172,hh_9172,54,NA,NA,M
9173,hh_9173,56,NA,NA,M
9174,hh_9174,65,NA,NA,F
9175,hh_9175,49,NA,NA,M
9176,hh_9176,45,NA,NA,F
9177,hh_9177,47,NA,NA,F
9178,hh_9178,57,NA,NA,F
9179,hh_9179,74,NA,NA,F
9180,hh_9180,46,NA,NA,F
9181,hh_9181,51,NA,NA,F
9182,hh_9182,40,NA,NA,F
9183,hh_9183,65,NA,NA,F
9184,hh_9184,62,NA,NA,F
9185,hh_9185,55,NA,NA,M
9186,hh_9186,47,NA,NA,F
9187,hh_9187,58,NA,NA,F
9188,hh_9188,48,NA,NA,M
9189,hh_9189,47,NA,NA,F
9190,hh_9190,61,NA,NA,M
9191,hh_9191,55,NA,NA,F
9192,hh_9192,53,NA,NA,F
9193,hh_9193,60,NA,NA,F
9194,hh_9194,50,NA,NA,F
9195,hh_9195,64,NA,NA,M
9196,hh_9196,62,NA,NA,F
9197,hh_9197,57,NA,NA,F
9198,hh_9198,76,NA,NA,F
9199,hh_9199,70,NA,NA,M
9200,hh_9200,67,NA,NA,M
9201,hh_9201,68,NA,NA,M
9202,hh_9202,75,NA,NA,M
9203,hh_9203,67,NA,NA,M
9204,hh_9204,71,NA,NA,M
9205,hh_9205,68,NA,NA,M
9206,hh_9206,83,NA,NA,M
9207,hh_9207,68,NA,NA,M
9208,hh_9208,64,NA,NA,M
9209,hh_9209,36,NA,NA,M
9210,hh_9210,39,NA,NA,F
9211,hh_9211,46,NA,NA,M
9212,hh_9212,34,NA,NA,M
9213,hh_9213,40,NA,NA,F
9214,hh_9214,36,NA,NA,M
9215,hh_9215,44,NA,NA,M
9216,hh_9216,27,NA,NA,F
9217,hh_9217,64,NA,NA,F
9218,hh_9218,58,NA,NA,F
9219,hh_9219,69,NA,NA,M
9220,hh_9220,38,NA,NA,F
9221,hh_9221,79,NA,NA,M
9222,hh_9222,47,NA,NA,M
9223,hh_9223,60,NA,NA,F
9224,hh_9224,71,NA,NA,F
9225,hh_9225,59,NA,NA,M
9226,hh_9226,59,NA,NA,F
9227,hh_9227,61,NA,NA,F
9228,hh_9228,68,NA,NA,M
9229,hh_9229,62,NA,NA,M
9230,hh_9230,50,NA,NA,F
9231,hh_9231,64,NA,NA,F
9232,hh_9232,35,NA,NA,M
9233,hh_9233,43,NA,NA,F
9234,hh_9234,42,NA,NA,F
9235,hh_9235,24,NA,NA,M
9236,hh_9236,27,NA,NA,M
9237,hh_9237,67,NA,NA,M
9238,hh_9238,50,NA,NA,F
9239,hh_9239,46,NA,NA,F
9240,hh_9240,44,NA,NA,F
9241,hh_9241,32,NA,NA,M
9242,hh_9242,33,NA,NA,F
9243,hh_9243,43,NA,NA,F
9244,hh_9244,37,NA,NA,F
9245,hh_9245,59,NA,NA,M
9246,hh_9246,44,NA,NA,F
9247,hh_9247,61,NA,NA,M
9248,hh_9248,36,NA,NA,M
9249,hh_9249,62,NA,NA,F
9250,hh_9250,18,NA,NA,F
9251,hh_9251,27,NA,NA,F
9252,hh_9252,77,NA,NA,F
9253,hh_9253,37,NA,NA,F
9254,hh_9254,74,NA,NA,M
9255,hh_9255,25,NA,NA,F
9256,hh_9256,26,NA,NA,F
9257,hh_9257,76,NA,NA,M
9258,hh_9258,36,NA,NA,M
9259,hh_9259,22,NA,NA,F
9260,hh_9260,62,NA,NA,M
9261,hh_9261,30,NA,NA,F
9262,hh_9262,50,NA,NA,F
9263,hh_9263,67,NA,NA,M
9264,hh_9264,27,NA,NA,M
9265,hh_9265,61,NA,NA,F
9266,hh_9266,35,NA,NA,F
9267,hh_9267,45,NA,NA,M
9268,hh_9268,44,NA,NA,M
9269,hh_9269,52,NA,NA,F
9270,hh_9270,34,NA,NA,M
9271,hh_9271,68,NA,NA,F
9272,hh_9272,22,NA,NA,F
9273,hh_9273,27,NA,NA,F
9274,hh_9274,49,NA,NA,F
9275,hh_9275,55,NA,NA,F
9276,hh_9276,65,NA,NA,M
9277,hh_9277,48,NA,NA,F
9278,hh_9278,72,NA,NA,M
9279,hh_9279,30,NA,NA,F
9280,hh_9280,62,NA,NA,M
9281,hh_9281,37,NA,NA,M
9282,hh_9282,32,NA,NA,F
9283,hh_9283,52,NA,NA,F
9284,hh_9284,50,NA,NA,M
9285,hh_9285,67,NA,NA,F
9286,hh_9286,35,NA,NA,F
9287,hh_9287,39,NA,NA,M
9288,hh_9288,42,NA,NA,M
9289,hh_9289,69,NA,NA,F
9290,hh_9290,39,NA,NA,M
9291,hh_9291,22,NA,NA,F
9292,hh_9292,63,NA,NA,M
9293,hh_9293,61,NA,NA,M
9294,hh_9294,57,NA,NA,M
9295,hh_9295,46,NA,NA,M
9296,hh_9296,32,NA,NA,F
9297,hh_9297,49,NA,NA,F
9298,hh_9298,70,NA,NA,F
9299,hh_9299,34,NA,NA,F
9300,hh_9300,24,NA,NA,M
9301,hh_9301,31,NA,NA,F
9302,hh_9302,34,NA,NA,M
9303,hh_9303,27,NA,NA,F
9304,hh_9304,69,NA,NA,M
9305,hh_9305,33,NA,NA,F
9306,hh_9306,50,NA,NA,F
9307,hh_9307,38,NA,NA,F
9308,hh_9308,30,NA,NA,F
9309,hh_9309,19,NA,NA,F
9310,hh_9310,71,NA,NA,F
9311,hh_9311,32,NA,NA,M
9312,hh_9312,71,NA,NA,F
9313,hh_9313,43,NA,NA,F
9314,hh_9314,38,NA,NA,F
9315,hh_9315,34,NA,NA,M
9316,hh_9316,54,NA,NA,M
9317,hh_9317,37,NA,NA,F
9318,hh_9318,45,NA,NA,F
9319,hh_9319,74,NA,NA,M
9320,hh_9320,31,NA,NA,F
9321,hh_9321,63,NA,NA,M
9322,hh_9322,64,NA,NA,M
9323,hh_9323,24,NA,NA,F
9324,hh_9324,46,NA,NA,F
9325,hh_9325,60,NA,NA,M
9326,hh_9326,31,NA,NA,F
9327,hh_9327,40,NA,NA,F
9328,hh_9328,23,NA,NA,F
9329,hh_9329,63,NA,NA,M
9330,hh_9330,34,NA,NA,F
9331,hh_9331,31,NA,NA,F
9332,hh_9332,37,NA,NA,M
9333,hh_9333,30,NA,NA,F
9334,hh_9334,80,NA,NA,M
9335,hh_9335,47,NA,NA,F
9336,hh_9336,43,NA,NA,F
9337,hh_9337,67,NA,NA,M
9338,hh_9338,49,NA,NA,F
9339,hh_9339,49,NA,NA,M
9340,hh_9340,58,NA,NA,M
9341,hh_9341,59,NA,NA,F
9342,hh_9342,31,NA,NA,F
9343,hh_9343,29,NA,NA,F
9344,hh_9344,25,NA,NA,F
9345,hh_9345,61,NA,NA,F
9346,hh_9346,42,NA,NA,F
9347,hh_9347,61,NA,NA,M
9348,hh_9348,59,NA,NA,F
9349,hh_9349,32,NA,NA,F
9350,hh_9350,32,NA,NA,F
9351,hh_9351,38,NA,NA,M
9352,hh_9352,31,NA,NA,M
9353,hh_9353,66,NA,NA,M
9354,hh_9354,75,NA,NA,M
9355,hh_9355,29,NA,NA,F
9356,hh_9356,25,NA,NA,M
9357,hh_9357,35,NA,NA,M
9358,hh_9358,44,NA,NA,F
9359,hh_9359,34,NA,NA,M
9360,hh_9360,46,NA,NA,F
9361,hh_9361,50,NA,NA,M
9362,hh_9362,28,NA,NA,F
9363,hh_9363,62,NA,NA,M
9364,hh_9364,50,NA,NA,M
9365,hh_9365,55,NA,NA,M
9366,hh_9366,19,NA,NA,F
9367,hh_9367,67,NA,NA,F
9368,hh_9368,37,NA,NA,M
9369,hh_9369,55,NA,NA,F
9370,hh_9370,66,NA,NA,M
9371,hh_9371,40,NA,NA,F
9372,hh_9372,36,NA,NA,M
9373,hh_9373,23,NA,NA,F
9374,hh_9374,52,NA,NA,F
9375,hh_9375,40,NA,NA,F
9376,hh_9376,71,NA,NA,F
9377,hh_9377,59,NA,NA,F
9378,hh_9378,35,NA,NA,F
9379,hh_9379,24,NA,NA,F
9380,hh_9380,39,NA,NA,F
9381,hh_9381,49,NA,NA,M
9382,hh_9382,59,NA,NA,M
9383,hh_9383,43,NA,NA,M
9384,hh_9384,33,NA,NA,F
9385,hh_9385,54,NA,NA,M
9386,hh_9386,23,NA,NA,F
9387,hh_9387,63,NA,NA,F
9388,hh_9388,52,NA,NA,M
9389,hh_9389,32,NA,NA,M
9390,hh_9390,72,NA,NA,F
9391,hh_9391,29,NA,NA,F
9392,hh_9392,43,NA,NA,F
9393,hh_9393,43,NA,NA,M
9394,hh_9394,45,NA,NA,F
9395,hh_9395,28,NA,NA,M
9396,hh_9396,56,NA,NA,F
9397,hh_9397,65,NA,NA,M
9398,hh_9398,34,NA,NA,M
9399,hh_9399,41,NA,NA,F
9400,hh_9400,28,NA,NA,M
9401,hh_9401,51,NA,NA,F
9402,hh_9402,40,NA,NA,F
9403,hh_9403,20,NA,NA,F
9404,hh_9404,28,NA,NA,M
9405,hh_9405,32,NA,NA,M
9406,hh_9406,52,NA,NA,M
9407,hh_9407,35,NA,NA,M
9408,hh_9408,27,NA,NA,F
9409,hh_9409,55,NA,NA,M
9410,hh_9410,55,NA,NA,M
9411,hh_9411,57,NA,NA,M
9412,hh_9412,64,NA,NA,F
9413,hh_9413,41,NA,NA,F
9414,hh_9414,63,NA,NA,M
9415,hh_9415,69,NA,NA,M
9416,hh_9416,35,NA,NA,F
9417,hh_9417,43,NA,NA,F
9418,hh_9418,43,NA,NA,F
9419,hh_9419,27,NA,NA,F
9420,hh_9420,35,NA,NA,F
9421,hh_9421,59,NA,NA,M
9422,hh_9422,41,NA,NA,F
9423,hh_9423,66,NA,NA,M
9424,hh_9424,57,NA,NA,F
9425,hh_9425,57,NA,NA,M
9426,hh_9426,26,NA,NA,F
9427,hh_9427,61,NA,NA,F
9428,hh_9428,39,NA,NA,M
9429,hh_9429,54,NA,NA,M
9430,hh_9430,29,NA,NA,F
9431,hh_9431,38,NA,NA,M
9432,hh_9432,61,NA,NA,F
9433,hh_9433,54,NA,NA,F
9434,hh_9434,31,NA,NA,F
9435,hh_9435,25,NA,NA,F
9436,hh_9436,68,NA,NA,M
9437,hh_9437,56,NA,NA,F
9438,hh_9438,38,NA,NA,M
9439,hh_9439,55,NA,NA,M
9440,hh_9440,77,NA,NA,M
9441,hh_9441,77,NA,NA,M
9442,hh_9442,61,NA,NA,F
9443,hh_9443,28,NA,NA,F
9444,hh_9444,60,NA,NA,F
9445,hh_9445,27,NA,NA,M
9446,hh_9446,56,NA,NA,M
9447,hh_9447,57,NA,NA,F
9448,hh_9448,42,NA,NA,M
9449,hh_9449,55,NA,NA,F
9450,hh_9450,39,NA,NA,F
9451,hh_9451,60,NA,NA,M
9452,hh_9452,28,NA,NA,F
9453,hh_9453,53,NA,NA,F
9454,hh_9454,32,NA,NA,F
9455,hh_9455,50,NA,NA,F
9456,hh_9456,27,NA,NA,M
9457,hh_9457,58,NA,NA,M
9458,hh_9458,29,NA,NA,F
9459,hh_9459,53,NA,NA,F
9460,hh_9460,43,NA,NA,M
9461,hh_9461,55,NA,NA,M
9462,hh_9462,24,NA,NA,F
9463,hh_9463,71,NA,NA,F
9464,hh_9464,62,NA,NA,M
9465,hh_9465,32,NA,NA,F
9466,hh_9466,54,NA,NA,F
9467,hh_9467,43,NA,NA,F
9468,hh_9468,30,NA,NA,M
9469,hh_9469,39,NA,NA,F
9470,hh_9470,61,NA,NA,M
9471,hh_9471,60,NA,NA,F
9472,hh_9472,34,NA,NA,F
9473,hh_9473,74,NA,NA,F
9474,hh_9474,35,NA,NA,M
9475,hh_9475,28,NA,NA,F
9476,hh_9476,58,NA,NA,M
9477,hh_9477,49,NA,NA,F
9478,hh_9478,37,NA,NA,M
9479,hh_9479,30,NA,NA,F
9480,hh_9480,41,NA,NA,F
9481,hh_9481,60,NA,NA,M
9482,hh_9482,51,NA,NA,F
9483,hh_9483,55,NA,NA,F
9484,hh_9484,41,NA,NA,F
9485,hh_9485,51,NA,NA,F
9486,hh_9486,48,NA,NA,M
9487,hh_9487,30,NA,NA,F
9488,hh_9488,33,NA,NA,F
9489,hh_9489,51,NA,NA,M
9490,hh_9490,45,NA,NA,M
9491,hh_9491,18,NA,NA,F
9492,hh_9492,27,NA,NA,F
9493,hh_9493,66,NA,NA,F
9494,hh_9494,50,NA,NA,F
9495,hh_9495,34,NA,NA,F
9496,hh_9496,37,NA,NA,F
9497,hh_9497,27,NA,NA,M
9498,hh_9498,68,NA,NA,M
9499,hh_9499,26,NA,NA,M
9500,hh_9500,32,NA,NA,F
9501,hh_9501,68,NA,NA,F
9502,hh_9502,18,NA,NA,F
9503,hh_9503,67,NA,NA,M
9504,hh_9504,26,NA,NA,F
9505,hh_9505,69,NA,NA,F
9506,hh_9506,47,NA,NA,F
9507,hh_9507,65,NA,NA,F
9508,hh_9508,32,NA,NA,F
9509,hh_9509,40,NA,NA,F
9510,hh_9510,38,NA,NA,F
9511,hh_9511,66,NA,NA,F
9512,hh_9512,53,NA,NA,M
9513,hh_9513,53,NA,NA,F
9514,hh_9514,52,NA,NA,F
9515,hh_9515,74,NA,NA,M
9516,hh_9516,43,NA,NA,F
9517,hh_9517,47,NA,NA,F
9518,hh_9518,37,NA,NA,M
9519,hh_9519,52,NA,NA,F
9520,hh_9520,37,NA,NA,F
9521,hh_9521,28,NA,NA,M
9522,hh_9522,52,NA,NA,M
9523,hh_9523,60,NA,NA,M
9524,hh_9524,38,NA,NA,F
9525,hh_9525,71,NA,NA,F
9526,hh_9526,47,NA,NA,F
9527,hh_9527,27,NA,NA,M
9528,hh_9528,34,NA,NA,M
9529,hh_9529,71,NA,NA,F
9530,hh_9530,38,NA,NA,F
9531,hh_9531,44,NA,NA,F
9532,hh_9532,67,NA,NA,F
9533,hh_9533,35,NA,NA,F
9534,hh_9534,55,NA,NA,F
9535,hh_9535,61,NA,NA,M
9536,hh_9536,21,NA,NA,M
9537,hh_9537,65,NA,NA,F
9538,hh_9538,64,NA,NA,F
9539,hh_9539,57,NA,NA,F
9540,hh_9540,22,NA,NA,F
9541,hh_9541,75,NA,NA,M
9542,hh_9542,54,NA,NA,NA
9543,hh_9543,56,NA,NA,F
9544,hh_9544,31,NA,NA,F
9545,hh_9545,39,NA,NA,F
9546,hh_9546,82,NA,NA,M
9547,hh_9547,46,NA,NA,M
9548,hh_9548,49,NA,NA,F
9549,hh_9549,77,NA,NA,M
9550,hh_9550,55,NA,NA,F
9551,hh_9551,59,NA,NA,F
9552,hh_9552,47,NA,NA,F
9553,hh_9553,60,NA,NA,F
9554,hh_9554,55,NA,NA,F
9555,hh_9555,58,NA,NA,M
9556,hh_9556,63,NA,NA,M
9557,hh_9557,18,NA,NA,M
9558,hh_9558,63,NA,NA,F
9559,hh_9559,20,NA,NA,F
9560,hh_9560,70,NA,NA,F
9561,hh_9561,47,NA,NA,F
9562,hh_9562,70,NA,NA,M
9563,hh_9563,52,NA,NA,M
9564,hh_9564,53,NA,NA,F
9565,hh_9565,48,NA,NA,M
9566,hh_9566,65,NA,NA,F
9567,hh_9567,53,NA,NA,F
9568,hh_9568,58,NA,NA,F
9569,hh_9569,48,NA,NA,F
9570,hh_9570,58,NA,NA,M
9571,hh_9571,68,NA,NA,M
9572,hh_9572,62,NA,NA,M
9573,hh_9573,67,NA,NA,M
9574,hh_9574,37,NA,NA,F
9575,hh_9575,53,NA,NA,M
9576,hh_9576,51,NA,NA,F
9577,hh_9577,19,NA,NA,F
9578,hh_9578,18,NA,NA,F
9579,hh_9579,63,NA,NA,M
9580,hh_9580,36,NA,NA,F
9581,hh_9581,48,NA,NA,M
9582,hh_9582,63,NA,NA,F
9583,hh_9583,48,NA,NA,F
9584,hh_9584,58,NA,NA,F
9585,hh_9585,47,NA,NA,M
9586,hh_9586,52,NA,NA,F
9587,hh_9587,24,NA,NA,F
9588,hh_9588,48,NA,NA,F
9589,hh_9589,56,NA,NA,F
9590,hh_9590,78,NA,NA,M
9591,hh_9591,48,NA,NA,F
9592,hh_9592,24,NA,NA,F
9593,hh_9593,62,NA,NA,F
9594,hh_9594,48,NA,NA,M
9595,hh_9595,63,NA,NA,M
9596,hh_9596,59,NA,NA,F
9597,hh_9597,45,NA,NA,F
9598,hh_9598,61,NA,NA,M
9599,hh_9599,56,NA,NA,M
9600,hh_9600,60,NA,NA,M
9601,hh_9601,65,NA,NA,F
9602,hh_9602,45,NA,NA,M
9603,hh_9603,54,NA,NA,F
9604,hh_9604,54,NA,NA,F
9605,hh_9605,54,NA,NA,M
9606,hh_9606,62,NA,NA,M
9607,hh_9607,45,NA,NA,F
9608,hh_9608,63,NA,NA,M
9609,hh_9609,43,NA,NA,M
9610,hh_9610,24,NA,NA,M
9611,hh_9611,69,NA,NA,F
9612,hh_9612,69,NA,NA,M
9613,hh_9613,67,NA,NA,M
9614,hh_9614,57,NA,NA,F
9615,hh_9615,54,NA,NA,F
9616,hh_9616,52,NA,NA,F
9617,hh_9617,51,NA,NA,F
9618,hh_9618,45,NA,NA,F
9619,hh_9619,48,NA,NA,F
9620,hh_9620,35,NA,NA,F
9621,hh_9621,44,NA,NA,F
9622,hh_9622,68,NA,NA,F
9623,hh_9623,65,NA,NA,M
9624,hh_9624,36,NA,NA,F
9625,hh_9625,54,NA,NA,M
9626,hh_9626,59,NA,NA,M
9627,hh_9627,67,NA,NA,M
9628,hh_9628,65,NA,NA,F
9629,hh_9629,57,NA,NA,F
9630,hh_9630,55,NA,NA,F
9631,hh_9631,82,NA,NA,F
9632,hh_9632,20,NA,NA,F
9633,hh_9633,51,NA,NA,F
9634,hh_9634,57,NA,NA,F
9635,hh_9635,58,NA,NA,M
9636,hh_9636,57,NA,NA,F
9637,hh_9637,61,NA,NA,M
9638,hh_9638,21,NA,NA,F
9639,hh_9639,56,NA,NA,M
9640,hh_9640,60,NA,NA,M
9641,hh_9641,47,NA,NA,F
9642,hh_9642,63,NA,NA,M
9643,hh_9643,71,NA,NA,F
9644,hh_9644,52,NA,NA,F
9645,hh_9645,62,NA,NA,M
9646,hh_9646,76,NA,NA,M
9647,hh_9647,19,NA,NA,M
9648,hh_9648,46,NA,NA,M
9649,hh_9649,47,NA,NA,F
9650,hh_9650,47,NA,NA,F
9651,hh_9651,69,NA,NA,F
9652,hh_9652,19,NA,NA,M
9653,hh_9653,75,NA,NA,F
9654,hh_9654,23,NA,NA,F
9655,hh_9655,56,NA,NA,F
9656,hh_9656,56,NA,NA,F
9657,hh_9657,18,NA,NA,M
9658,hh_9658,65,NA,NA,M
9659,hh_9659,77,NA,NA,M
9660,hh_9660,72,NA,NA,F
9661,hh_9661,67,NA,NA,M
9662,hh_9662,69,NA,NA,M
9663,hh_9663,73,NA,NA,M
9664,hh_9664,72,NA,NA,M
9665,hh_9665,71,NA,NA,M
9666,hh_9666,21,NA,NA,M
9667,hh_9667,72,NA,NA,M
9668,hh_9668,65,NA,NA,M
9669,hh_9669,73,NA,NA,M
9670,hh_9670,80,NA,NA,M
9671,hh_9671,75,NA,NA,M
9672,hh_9672,66,NA,NA,M
9673,hh_9673,23,NA,NA,M
9674,hh_9674,72,NA,NA,M
9675,hh_9675,66,NA,NA,M
1,hh_1,43,NA,NA,M
2,hh_2,62,NA,NA,M
3,hh_3,37,NA,NA,F
4,hh_4,25,NA,NA,F
5,hh_5,24,NA,NA,M
6,hh_6,53,NA,NA,F
7,hh_7,47,NA,NA,F
8,hh_8,31,NA,NA,F
9,hh_9,31,NA,NA,F
11,hh_11,50,NA,NA,F
12,hh_12,60,NA,NA,F
13,hh_13,47,NA,NA,F
14,hh_14,34,NA,NA,F
15,hh_15,51,NA,NA,M
16,hh_16,24,NA,NA,F
17,hh_17,27,NA,NA,F
18,hh_18,68,NA,NA,F
19,hh_19,57,NA,NA,F
20,hh_20,42,NA,NA,M
22,hh_22,46,NA,NA,F
23,hh_23,25,NA,NA,M
24,hh_24,45,NA,NA,M
25,hh_25,37,NA,NA,M
26,hh_26,33,NA,NA,M
27,hh_27,27,NA,NA,M
28,hh_28,41,NA,NA,F
29,hh_29,48,NA,NA,F
30,hh_30,52,NA,NA,M
31,hh_31,63,NA,NA,M
33,hh_33,26,NA,NA,F
34,hh_34,27,NA,NA,M
35,hh_35,38,NA,NA,M
36,hh_36,28,NA,NA,F
37,hh_37,23,NA,NA,M
38,hh_38,64,NA,NA,M
39,hh_39,52,NA,NA,F
40,hh_40,32,NA,NA,M
41,hh_41,29,NA,NA,M
42,hh_42,33,NA,NA,M
44,hh_44,34,NA,NA,F
45,hh_45,38,NA,NA,M
46,hh_46,62,NA,NA,F
47,hh_47,67,NA,NA,F
48,hh_48,53,NA,NA,F
49,hh_49,60,NA,NA,M
50,hh_50,50,NA,NA,F
51,hh_51,28,NA,NA,F
52,hh_52,40,NA,NA,M
53,hh_53,48,NA,NA,F
55,hh_55,40,NA,NA,M
56,hh_56,50,NA,NA,F
57,hh_57,70,NA,NA,F
58,hh_58,29,NA,NA,F
59,hh_59,44,NA,NA,F
60,hh_60,60,NA,NA,M
61,hh_61,35,NA,NA,M
62,hh_62,38,NA,NA,M
63,hh_63,38,NA,NA,F
64,hh_64,50,NA,NA,M
66,hh_66,63,NA,NA,F
67,hh_67,53,NA,NA,F
68,hh_68,40,NA,NA,M
69,hh_69,40,NA,NA,F
70,hh_70,39,NA,NA,F
71,hh_71,54,NA,NA,M
72,hh_72,35,NA,NA,F
73,hh_73,27,NA,NA,F
74,hh_74,18,NA,NA,M
75,hh_75,32,NA,NA,F
77,hh_77,36,NA,NA,M
78,hh_78,41,NA,NA,F
79,hh_79,27,NA,NA,F
80,hh_80,21,NA,NA,M
81,hh_81,43,NA,NA,M
82,hh_82,40,NA,NA,F
83,hh_83,37,NA,NA,M
84,hh_84,52,NA,NA,M
85,hh_85,47,NA,NA,F
86,hh_86,32,NA,NA,M
88,hh_88,43,NA,NA,M
89,hh_89,48,NA,NA,F
90,hh_90,38,NA,NA,F
91,hh_91,30,NA,NA,F
92,hh_92,19,NA,NA,M
93,hh_93,30,NA,NA,F
94,hh_94,35,NA,NA,F
95,hh_95,62,NA,NA,M
96,hh_96,32,NA,NA,F
97,hh_97,68,NA,NA,F
99,hh_99,42,NA,NA,F
100,hh_100,64,NA,NA,F
101,hh_101,36,NA,NA,M
102,hh_102,23,NA,NA,M
103,hh_103,40,NA,NA,F
104,hh_104,31,NA,NA,F
105,hh_105,55,NA,NA,M
106,hh_106,48,NA,NA,M
107,hh_107,24,NA,NA,M
108,hh_108,70,NA,NA,M
110,hh_110,62,NA,NA,M
111,hh_111,59,NA,NA,F
112,hh_112,22,NA,NA,F
113,hh_113,45,NA,NA,F
114,hh_114,34,NA,NA,M
115,hh_115,28,NA,NA,M
116,hh_116,55,NA,NA,M
117,hh_117,57,NA,NA,F
118,hh_118,40,NA,NA,F
119,hh_119,43,NA,NA,M
121,hh_121,25,NA,NA,F
122,hh_122,20,NA,NA,F
123,hh_123,75,NA,NA,M
124,hh_124,34,NA,NA,F
125,hh_125,60,NA,NA,F
126,hh_126,68,NA,NA,F
127,hh_127,58,NA,NA,F
128,hh_128,34,NA,NA,M
129,hh_129,24,NA,NA,M
130,hh_130,34,NA,NA,F
132,hh_132,55,NA,NA,M
133,hh_133,39,NA,NA,M
134,hh_134,65,NA,NA,F
135,hh_135,59,NA,NA,F
136,hh_136,31,NA,NA,F
137,hh_137,49,NA,NA,F
138,hh_138,18,NA,NA,M
139,hh_139,45,NA,NA,F
140,hh_140,50,NA,NA,M
141,hh_141,18,NA,NA,M
143,hh_143,66,NA,NA,F
144,hh_144,37,NA,NA,F
145,hh_145,29,NA,NA,M
146,hh_146,33,NA,NA,F
147,hh_147,30,NA,NA,F
148,hh_148,18,NA,NA,F
149,hh_149,40,NA,NA,M
150,hh_150,63,NA,NA,F
151,hh_151,63,NA,NA,M
152,hh_152,39,NA,NA,M
154,hh_154,29,NA,NA,F
155,hh_155,45,NA,NA,M
156,hh_156,29,NA,NA,F
157,hh_157,27,NA,NA,F
158,hh_158,56,NA,NA,F
159,hh_159,69,NA,NA,M
160,hh_160,55,NA,NA,M
161,hh_161,44,NA,NA,M
162,hh_162,37,NA,NA,F
163,hh_163,42,NA,NA,F
165,hh_165,29,NA,NA,F
166,hh_166,43,NA,NA,M
167,hh_167,49,NA,NA,M
168,hh_168,41,NA,NA,F
169,hh_169,58,NA,NA,F
170,hh_170,63,NA,NA,M
171,hh_171,57,NA,NA,M
172,hh_172,18,NA,NA,F
173,hh_173,32,NA,NA,F
174,hh_174,54,NA,NA,F
176,hh_176,26,NA,NA,F
177,hh_177,44,NA,NA,F
178,hh_178,42,NA,NA,F
179,hh_179,43,NA,NA,M
180,hh_180,58,NA,NA,F
181,hh_181,63,NA,NA,F
182,hh_182,44,NA,NA,F
183,hh_183,52,NA,NA,F
184,hh_184,22,NA,NA,F
185,hh_185,19,NA,NA,M
187,hh_187,48,NA,NA,F
188,hh_188,50,NA,NA,M
189,hh_189,18,NA,NA,M
190,hh_190,18,NA,NA,M
191,hh_191,59,NA,NA,M
192,hh_192,41,NA,NA,M
193,hh_193,57,NA,NA,F
194,hh_194,36,NA,NA,M
195,hh_195,26,NA,NA,F
196,hh_196,31,NA,NA,F
198,hh_198,39,NA,NA,M
199,hh_199,45,NA,NA,F
200,hh_200,22,NA,NA,F
201,hh_201,64,NA,NA,M
202,hh_202,40,NA,NA,M
203,hh_203,39,NA,NA,F
204,hh_204,47,NA,NA,F
205,hh_205,61,NA,NA,M
206,hh_206,41,NA,NA,F
207,hh_207,39,NA,NA,F
209,hh_209,21,NA,NA,F
210,hh_210,42,NA,NA,F
211,hh_211,53,NA,NA,M
212,hh_212,46,NA,NA,F
213,hh_213,44,NA,NA,M
214,hh_214,56,NA,NA,M
215,hh_215,40,NA,NA,M
216,hh_216,37,NA,NA,F
217,hh_217,42,NA,NA,F
218,hh_218,62,NA,NA,M
220,hh_220,54,NA,NA,F
221,hh_221,71,NA,NA,M
222,hh_222,39,NA,NA,F
223,hh_223,49,NA,NA,M
224,hh_224,67,NA,NA,F
225,hh_225,26,NA,NA,F
226,hh_226,50,NA,NA,F
227,hh_227,59,NA,NA,M
228,hh_228,53,NA,NA,F
229,hh_229,33,NA,NA,F
231,hh_231,35,NA,NA,F
232,hh_232,77,NA,NA,F
233,hh_233,20,NA,NA,F
234,hh_234,28,NA,NA,F
235,hh_235,64,NA,NA,M
236,hh_236,49,NA,NA,F
237,hh_237,63,NA,NA,M
238,hh_238,64,NA,NA,M
239,hh_239,57,NA,NA,M
240,hh_240,49,NA,NA,M
242,hh_242,60,NA,NA,F
243,hh_243,37,NA,NA,F
244,hh_244,42,NA,NA,F
245,hh_245,61,NA,NA,M
246,hh_246,24,NA,NA,F
247,hh_247,51,NA,NA,M
248,hh_248,66,NA,NA,F
249,hh_249,48,NA,NA,F
250,hh_250,58,NA,NA,F
251,hh_251,64,NA,NA,M
253,hh_253,46,NA,NA,M
254,hh_254,57,NA,NA,M
255,hh_255,72,NA,NA,M
256,hh_256,52,NA,NA,F
257,hh_257,48,NA,NA,F
258,hh_258,22,NA,NA,M
259,hh_259,22,NA,NA,F
260,hh_260,54,NA,NA,F
261,hh_261,47,NA,NA,F
262,hh_262,66,NA,NA,F
264,hh_264,52,NA,NA,F
265,hh_265,36,NA,NA,F
266,hh_266,58,NA,NA,F
267,hh_267,65,NA,NA,F
268,hh_268,57,NA,NA,M
269,hh_269,46,NA,NA,M
270,hh_270,49,NA,NA,F
271,hh_271,56,NA,NA,F
272,hh_272,48,NA,NA,F
273,hh_273,58,NA,NA,M
275,hh_275,59,NA,NA,F
276,hh_276,76,NA,NA,F
277,hh_277,52,NA,NA,M
278,hh_278,49,NA,NA,M
279,hh_279,60,NA,NA,F
280,hh_280,49,NA,NA,F
281,hh_281,49,NA,NA,F
282,hh_282,82,NA,NA,F
283,hh_283,57,NA,NA,F
284,hh_284,49,NA,NA,M
286,hh_286,58,NA,NA,M
287,hh_287,64,NA,NA,F
288,hh_288,46,NA,NA,F
289,hh_289,61,NA,NA,F
290,hh_290,53,NA,NA,M
291,hh_291,64,NA,NA,M
292,hh_292,73,NA,NA,F
293,hh_293,45,NA,NA,F
294,hh_294,73,NA,NA,M
295,hh_295,61,NA,NA,M
297,hh_297,61,NA,NA,M
298,hh_298,65,NA,NA,M
299,hh_299,73,NA,NA,F
300,hh_300,48,NA,NA,M
301,hh_301,62,NA,NA,F
302,hh_302,48,NA,NA,F
303,hh_303,71,NA,NA,F
304,hh_304,57,NA,NA,F
305,hh_305,62,NA,NA,F
306,hh_306,57,NA,NA,M
308,hh_308,59,NA,NA,F
309,hh_309,56,NA,NA,F
310,hh_310,61,NA,NA,F
311,hh_311,63,NA,NA,M
312,hh_312,55,NA,NA,M
313,hh_313,55,NA,NA,M
314,hh_314,62,NA,NA,M
315,hh_315,68,NA,NA,M
316,hh_316,68,NA,NA,M
317,hh_317,67,NA,NA,M
319,hh_319,67,NA,NA,M
391,hh_391,32,NA,NA,M
392,hh_392,24,NA,NA,M
393,hh_393,34,NA,NA,M
394,hh_394,30,NA,NA,F
395,hh_395,24,NA,NA,M
396,hh_396,47,NA,NA,M
397,hh_397,62,NA,NA,F
398,hh_398,65,NA,NA,M
399,hh_399,48,NA,NA,M
401,hh_401,25,NA,NA,F
402,hh_402,64,NA,NA,F
403,hh_403,45,NA,NA,F
404,hh_404,38,NA,NA,F
405,hh_405,37,NA,NA,F
406,hh_406,69,NA,NA,F
407,hh_407,78,NA,NA,F
408,hh_408,51,NA,NA,F
409,hh_409,43,NA,NA,F
410,hh_410,28,NA,NA,F
412,hh_412,25,NA,NA,M
413,hh_413,67,NA,NA,M
414,hh_414,67,NA,NA,F
415,hh_415,57,NA,NA,F
416,hh_416,64,NA,NA,F
417,hh_417,37,NA,NA,M
418,hh_418,42,NA,NA,F
419,hh_419,45,NA,NA,M
420,hh_420,26,NA,NA,F
421,hh_421,38,NA,NA,F
423,hh_423,40,NA,NA,M
424,hh_424,49,NA,NA,M
425,hh_425,63,NA,NA,F
426,hh_426,60,NA,NA,M
427,hh_427,47,NA,NA,F
428,hh_428,37,NA,NA,M
429,hh_429,44,NA,NA,F
430,hh_430,51,NA,NA,F
431,hh_431,53,NA,NA,F
432,hh_432,44,NA,NA,M
434,hh_434,36,NA,NA,F
435,hh_435,39,NA,NA,M
436,hh_436,18,NA,NA,M
437,hh_437,53,NA,NA,F
438,hh_438,40,NA,NA,F
439,hh_439,25,NA,NA,F
440,hh_440,26,NA,NA,M
441,hh_441,58,NA,NA,M
442,hh_442,35,NA,NA,F
443,hh_443,19,NA,NA,M
445,hh_445,28,NA,NA,M
446,hh_446,34,NA,NA,F
447,hh_447,35,NA,NA,F
448,hh_448,22,NA,NA,M
449,hh_449,65,NA,NA,F
450,hh_450,34,NA,NA,F
451,hh_451,53,NA,NA,F
452,hh_452,35,NA,NA,M
453,hh_453,44,NA,NA,F
454,hh_454,53,NA,NA,M
456,hh_456,52,NA,NA,F
457,hh_457,27,NA,NA,F
458,hh_458,19,NA,NA,M
459,hh_459,71,NA,NA,F
460,hh_460,77,NA,NA,M
461,hh_461,63,NA,NA,F
462,hh_462,31,NA,NA,M
463,hh_463,78,NA,NA,M
464,hh_464,47,NA,NA,F
465,hh_465,65,NA,NA,F
467,hh_467,18,NA,NA,F
468,hh_468,48,NA,NA,F
469,hh_469,45,NA,NA,F
470,hh_470,60,NA,NA,F
471,hh_471,46,NA,NA,F
472,hh_472,41,NA,NA,M
473,hh_473,27,NA,NA,F
474,hh_474,60,NA,NA,F
475,hh_475,21,NA,NA,F
476,hh_476,68,NA,NA,M
478,hh_478,29,NA,NA,M
479,hh_479,38,NA,NA,M
480,hh_480,51,NA,NA,M
481,hh_481,35,NA,NA,F
482,hh_482,51,NA,NA,M
483,hh_483,30,NA,NA,M
484,hh_484,29,NA,NA,M
485,hh_485,19,NA,NA,F
486,hh_486,73,NA,NA,M
487,hh_487,54,NA,NA,M
489,hh_489,54,NA,NA,F
490,hh_490,42,NA,NA,F
491,hh_491,34,NA,NA,F
492,hh_492,45,NA,NA,F
493,hh_493,34,NA,NA,F
494,hh_494,49,NA,NA,F
495,hh_495,50,NA,NA,F
496,hh_496,34,NA,NA,F
497,hh_497,35,NA,NA,F
498,hh_498,31,NA,NA,M
500,hh_500,24,NA,NA,F
501,hh_501,40,NA,NA,F
502,hh_502,38,NA,NA,F
503,hh_503,60,NA,NA,F
504,hh_504,64,NA,NA,M
505,hh_505,61,NA,NA,M
506,hh_506,50,NA,NA,F
507,hh_507,38,NA,NA,F
508,hh_508,57,NA,NA,M
509,hh_509,18,NA,NA,M
511,hh_511,50,NA,NA,F
512,hh_512,65,NA,NA,M
513,hh_513,49,NA,NA,F
514,hh_514,55,NA,NA,M
515,hh_515,43,NA,NA,F
516,hh_516,67,NA,NA,M
517,hh_517,34,NA,NA,M
518,hh_518,43,NA,NA,F
519,hh_519,83,NA,NA,M
520,hh_520,64,NA,NA,M
522,hh_522,26,NA,NA,M
523,hh_523,27,NA,NA,M
524,hh_524,41,NA,NA,M
525,hh_525,25,NA,NA,F
526,hh_526,26,NA,NA,F
527,hh_527,32,NA,NA,F
528,hh_528,40,NA,NA,F
529,hh_529,27,NA,NA,F
530,hh_530,22,NA,NA,M
531,hh_531,57,NA,NA,F
533,hh_533,58,NA,NA,F
534,hh_534,53,NA,NA,M
535,hh_535,72,NA,NA,F
536,hh_536,38,NA,NA,F
537,hh_537,54,NA,NA,F
538,hh_538,63,NA,NA,F
539,hh_539,40,NA,NA,F
540,hh_540,62,NA,NA,F
541,hh_541,24,NA,NA,M
542,hh_542,39,NA,NA,F
544,hh_544,54,NA,NA,F
545,hh_545,48,NA,NA,F
546,hh_546,45,NA,NA,F
547,hh_547,64,NA,NA,F
548,hh_548,46,NA,NA,M
549,hh_549,38,NA,NA,M
550,hh_550,35,NA,NA,F
551,hh_551,49,NA,NA,F
552,hh_552,44,NA,NA,F
553,hh_553,42,NA,NA,M
555,hh_555,39,NA,NA,F
556,hh_556,23,NA,NA,F
557,hh_557,46,NA,NA,F
558,hh_558,35,NA,NA,M
559,hh_559,44,NA,NA,F
560,hh_560,56,NA,NA,M
561,hh_561,64,NA,NA,F
562,hh_562,23,NA,NA,M
563,hh_563,28,NA,NA,F
564,hh_564,31,NA,NA,F
566,hh_566,45,NA,NA,M
567,hh_567,36,NA,NA,F
568,hh_568,28,NA,NA,F
569,hh_569,27,NA,NA,F
570,hh_570,27,NA,NA,F
571,hh_571,19,NA,NA,F
572,hh_572,30,NA,NA,F
573,hh_573,41,NA,NA,M
574,hh_574,41,NA,NA,F
575,hh_575,35,NA,NA,F
577,hh_577,38,NA,NA,M
578,hh_578,27,NA,NA,F
579,hh_579,40,NA,NA,M
580,hh_580,38,NA,NA,F
581,hh_581,37,NA,NA,F
582,hh_582,28,NA,NA,M
583,hh_583,59,NA,NA,F
584,hh_584,36,NA,NA,M
585,hh_585,53,NA,NA,F
586,hh_586,44,NA,NA,M
588,hh_588,30,NA,NA,F
589,hh_589,54,NA,NA,M
590,hh_590,38,NA,NA,F
591,hh_591,37,NA,NA,F
592,hh_592,40,NA,NA,M
593,hh_593,72,NA,NA,F
594,hh_594,42,NA,NA,F
595,hh_595,27,NA,NA,F
596,hh_596,29,NA,NA,F
597,hh_597,29,NA,NA,F
599,hh_599,49,NA,NA,M
600,hh_600,38,NA,NA,F
601,hh_601,44,NA,NA,F
602,hh_602,29,NA,NA,F
603,hh_603,23,NA,NA,M
604,hh_604,21,NA,NA,F
605,hh_605,55,NA,NA,F
606,hh_606,34,NA,NA,M
607,hh_607,30,NA,NA,F
608,hh_608,30,NA,NA,F
610,hh_610,68,NA,NA,F
611,hh_611,59,NA,NA,M
612,hh_612,39,NA,NA,F
613,hh_613,67,NA,NA,M
614,hh_614,36,NA,NA,F
615,hh_615,63,NA,NA,F
616,hh_616,22,NA,NA,F
617,hh_617,24,NA,NA,F
618,hh_618,49,NA,NA,F
619,hh_619,35,NA,NA,F
621,hh_621,50,NA,NA,M
622,hh_622,48,NA,NA,F
623,hh_623,23,NA,NA,M
624,hh_624,47,NA,NA,M
625,hh_625,42,NA,NA,M
626,hh_626,35,NA,NA,M
627,hh_627,60,NA,NA,F
628,hh_628,34,NA,NA,M
629,hh_629,44,NA,NA,F
630,hh_630,29,NA,NA,M
632,hh_632,61,NA,NA,F
633,hh_633,45,NA,NA,F
634,hh_634,46,NA,NA,F
635,hh_635,64,NA,NA,M
636,hh_636,41,NA,NA,F
637,hh_637,38,NA,NA,M
638,hh_638,25,NA,NA,F
639,hh_639,29,NA,NA,F
640,hh_640,40,NA,NA,M
641,hh_641,38,NA,NA,F
643,hh_643,44,NA,NA,F
644,hh_644,38,NA,NA,F
645,hh_645,39,NA,NA,F
646,hh_646,18,NA,NA,M
647,hh_647,28,NA,NA,M
648,hh_648,31,NA,NA,M
649,hh_649,23,NA,NA,M
650,hh_650,30,NA,NA,M
651,hh_651,38,NA,NA,F
652,hh_652,36,NA,NA,M
654,hh_654,19,NA,NA,F
655,hh_655,70,NA,NA,F
656,hh_656,47,NA,NA,M
657,hh_657,53,NA,NA,M
658,hh_658,53,NA,NA,F
659,hh_659,76,NA,NA,F
660,hh_660,31,NA,NA,M
661,hh_661,43,NA,NA,F
662,hh_662,35,NA,NA,F
663,hh_663,46,NA,NA,M
665,hh_665,24,NA,NA,M
666,hh_666,43,NA,NA,M
667,hh_667,31,NA,NA,M
668,hh_668,46,NA,NA,F
669,hh_669,37,NA,NA,M
670,hh_670,40,NA,NA,F
671,hh_671,64,NA,NA,M
672,hh_672,56,NA,NA,M
673,hh_673,53,NA,NA,F
674,hh_674,72,NA,NA,F
676,hh_676,55,NA,NA,F
677,hh_677,22,NA,NA,F
678,hh_678,59,NA,NA,F
679,hh_679,61,NA,NA,M
680,hh_680,56,NA,NA,F
681,hh_681,45,NA,NA,F
682,hh_682,53,NA,NA,F
683,hh_683,54,NA,NA,F
684,hh_684,45,NA,NA,F
685,hh_685,18,NA,NA,F
687,hh_687,47,NA,NA,F
688,hh_688,55,NA,NA,F
689,hh_689,45,NA,NA,M
690,hh_690,54,NA,NA,M
691,hh_691,45,NA,NA,M
692,hh_692,24,NA,NA,M
693,hh_693,61,NA,NA,M
694,hh_694,51,NA,NA,F
695,hh_695,53,NA,NA,M
696,hh_696,47,NA,NA,F
698,hh_698,56,NA,NA,F
699,hh_699,49,NA,NA,F
700,hh_700,64,NA,NA,M
701,hh_701,53,NA,NA,F
702,hh_702,64,NA,NA,M
703,hh_703,70,NA,NA,F
704,hh_704,48,NA,NA,M
705,hh_705,63,NA,NA,F
706,hh_706,60,NA,NA,F
707,hh_707,53,NA,NA,M
709,hh_709,63,NA,NA,M
710,hh_710,51,NA,NA,F
711,hh_711,52,NA,NA,M
712,hh_712,57,NA,NA,F
713,hh_713,46,NA,NA,F
714,hh_714,59,NA,NA,F
715,hh_715,65,NA,NA,F
716,hh_716,49,NA,NA,M
717,hh_717,46,NA,NA,F
718,hh_718,54,NA,NA,M
720,hh_720,58,NA,NA,F
721,hh_721,63,NA,NA,F
722,hh_722,60,NA,NA,F
723,hh_723,58,NA,NA,F
724,hh_724,47,NA,NA,F
725,hh_725,48,NA,NA,M
726,hh_726,64,NA,NA,M
727,hh_727,60,NA,NA,M
728,hh_728,51,NA,NA,F
729,hh_729,48,NA,NA,F
731,hh_731,58,NA,NA,M
732,hh_732,57,NA,NA,M
733,hh_733,64,NA,NA,M
734,hh_734,50,NA,NA,M
735,hh_735,55,NA,NA,F
736,hh_736,52,NA,NA,F
737,hh_737,65,NA,NA,M
738,hh_738,57,NA,NA,F
739,hh_739,71,NA,NA,F
740,hh_740,53,NA,NA,F
742,hh_742,80,NA,NA,F
743,hh_743,53,NA,NA,M
744,hh_744,53,NA,NA,M
745,hh_745,47,NA,NA,M
746,hh_746,68,NA,NA,F
747,hh_747,48,NA,NA,F
748,hh_748,76,NA,NA,F
749,hh_749,60,NA,NA,M
750,hh_750,53,NA,NA,M
751,hh_751,50,NA,NA,F
753,hh_753,56,NA,NA,M
754,hh_754,56,NA,NA,F
755,hh_755,77,NA,NA,F
756,hh_756,56,NA,NA,F
757,hh_757,66,NA,NA,F
758,hh_758,74,NA,NA,M
759,hh_759,67,NA,NA,F
760,hh_760,62,NA,NA,M
761,hh_761,68,NA,NA,F
762,hh_762,56,NA,NA,F
764,hh_764,58,NA,NA,F
765,hh_765,73,NA,NA,F
766,hh_766,78,NA,NA,M
767,hh_767,57,NA,NA,F
768,hh_768,72,NA,NA,F
769,hh_769,60,NA,NA,M
770,hh_770,56,NA,NA,M
771,hh_771,68,NA,NA,F
772,hh_772,58,NA,NA,F
773,hh_773,55,NA,NA,F
775,hh_775,60,NA,NA,M
776,hh_776,62,NA,NA,M
777,hh_777,57,NA,NA,M
778,hh_778,61,NA,NA,F
779,hh_779,67,NA,NA,F
780,hh_780,57,NA,NA,F
781,hh_781,74,NA,NA,F
782,hh_782,61,NA,NA,F
783,hh_783,68,NA,NA,M
784,hh_784,65,NA,NA,M
786,hh_786,71,NA,NA,F
787,hh_787,71,NA,NA,M
788,hh_788,61,NA,NA,M
789,hh_789,58,NA,NA,F
790,hh_790,70,NA,NA,F
791,hh_791,55,NA,NA,F
792,hh_792,70,NA,NA,F
793,hh_793,69,NA,NA,F
794,hh_794,70,NA,NA,M
795,hh_795,57,NA,NA,F
797,hh_797,57,NA,NA,M
798,hh_798,61,NA,NA,F
799,hh_799,59,NA,NA,F
800,hh_800,65,NA,NA,F
801,hh_801,56,NA,NA,F
802,hh_802,67,NA,NA,M
803,hh_803,75,NA,NA,M
804,hh_804,66,NA,NA,M
805,hh_805,77,NA,NA,M
869,hh_869,54,NA,NA,F
870,hh_870,46,NA,NA,F
871,hh_871,42,NA,NA,F
872,hh_872,67,NA,NA,F
873,hh_873,26,NA,NA,M
874,hh_874,44,NA,NA,F
875,hh_875,34,NA,NA,M
876,hh_876,35,NA,NA,F
877,hh_877,56,NA,NA,F
879,hh_879,41,NA,NA,F
880,hh_880,43,NA,NA,M
881,hh_881,39,NA,NA,M
882,hh_882,57,NA,NA,F
883,hh_883,43,NA,NA,M
884,hh_884,24,NA,NA,M
885,hh_885,22,NA,NA,M
886,hh_886,63,NA,NA,F
887,hh_887,57,NA,NA,F
888,hh_888,33,NA,NA,F
890,hh_890,52,NA,NA,M
891,hh_891,21,NA,NA,M
892,hh_892,72,NA,NA,F
893,hh_893,28,NA,NA,F
894,hh_894,27,NA,NA,F
895,hh_895,25,NA,NA,F
896,hh_896,50,NA,NA,F
897,hh_897,71,NA,NA,M
898,hh_898,50,NA,NA,F
899,hh_899,44,NA,NA,M
901,hh_901,28,NA,NA,F
902,hh_902,36,NA,NA,F
903,hh_903,23,NA,NA,F
904,hh_904,61,NA,NA,F
905,hh_905,57,NA,NA,M
906,hh_906,42,NA,NA,F
907,hh_907,59,NA,NA,M
908,hh_908,29,NA,NA,F
909,hh_909,43,NA,NA,F
910,hh_910,32,NA,NA,F
912,hh_912,61,NA,NA,F
913,hh_913,75,NA,NA,M
914,hh_914,38,NA,NA,F
915,hh_915,18,NA,NA,F
916,hh_916,70,NA,NA,F
917,hh_917,25,NA,NA,F
918,hh_918,53,NA,NA,F
919,hh_919,38,NA,NA,F
920,hh_920,84,NA,NA,M
921,hh_921,44,NA,NA,M
923,hh_923,32,NA,NA,F
924,hh_924,40,NA,NA,F
925,hh_925,44,NA,NA,F
926,hh_926,26,NA,NA,F
927,hh_927,76,NA,NA,F
928,hh_928,31,NA,NA,F
929,hh_929,49,NA,NA,F
930,hh_930,41,NA,NA,M
931,hh_931,27,NA,NA,F
932,hh_932,66,NA,NA,F
934,hh_934,22,NA,NA,F
935,hh_935,31,NA,NA,F
936,hh_936,19,NA,NA,F
937,hh_937,18,NA,NA,M
938,hh_938,54,NA,NA,M
939,hh_939,61,NA,NA,M
940,hh_940,29,NA,NA,M
941,hh_941,49,NA,NA,M
942,hh_942,42,NA,NA,F
943,hh_943,28,NA,NA,F
945,hh_945,46,NA,NA,M
946,hh_946,39,NA,NA,F
947,hh_947,26,NA,NA,M
948,hh_948,35,NA,NA,M
949,hh_949,20,NA,NA,M
950,hh_950,58,NA,NA,M
951,hh_951,69,NA,NA,F
952,hh_952,35,NA,NA,M
953,hh_953,19,NA,NA,F
954,hh_954,40,NA,NA,M
956,hh_956,38,NA,NA,M
957,hh_957,19,NA,NA,M
958,hh_958,43,NA,NA,F
959,hh_959,42,NA,NA,F
960,hh_960,39,NA,NA,F
961,hh_961,25,NA,NA,M
962,hh_962,43,NA,NA,M
963,hh_963,36,NA,NA,M
964,hh_964,29,NA,NA,F
965,hh_965,67,NA,NA,F
967,hh_967,31,NA,NA,F
968,hh_968,22,NA,NA,F
969,hh_969,24,NA,NA,F
970,hh_970,35,NA,NA,F
971,hh_971,30,NA,NA,F
972,hh_972,36,NA,NA,M
973,hh_973,34,NA,NA,M
974,hh_974,65,NA,NA,M
975,hh_975,69,NA,NA,F
976,hh_976,35,NA,NA,F
978,hh_978,43,NA,NA,F
979,hh_979,39,NA,NA,F
980,hh_980,51,NA,NA,M
981,hh_981,25,NA,NA,M
982,hh_982,32,NA,NA,M
983,hh_983,22,NA,NA,M
984,hh_984,37,NA,NA,M
985,hh_985,35,NA,NA,F
986,hh_986,56,NA,NA,F
987,hh_987,34,NA,NA,M
989,hh_989,49,NA,NA,F
990,hh_990,57,NA,NA,M
991,hh_991,29,NA,NA,F
992,hh_992,24,NA,NA,F
993,hh_993,66,NA,NA,M
994,hh_994,46,NA,NA,M
995,hh_995,64,NA,NA,M
996,hh_996,36,NA,NA,F
997,hh_997,59,NA,NA,F
998,hh_998,27,NA,NA,F
1000,hh_1000,27,NA,NA,M
1001,hh_1001,43,NA,NA,M
1002,hh_1002,30,NA,NA,F
1003,hh_1003,19,NA,NA,F
1004,hh_1004,50,NA,NA,M
1005,hh_1005,27,NA,NA,F
1006,hh_1006,37,NA,NA,F
1007,hh_1007,22,NA,NA,F
1008,hh_1008,56,NA,NA,M
1009,hh_1009,39,NA,NA,M
1011,hh_1011,43,NA,NA,F
1012,hh_1012,38,NA,NA,F
1013,hh_1013,35,NA,NA,F
1014,hh_1014,77,NA,NA,F
1015,hh_1015,35,NA,NA,F
1016,hh_1016,54,NA,NA,M
1017,hh_1017,38,NA,NA,F
1018,hh_1018,59,NA,NA,F
1019,hh_1019,67,NA,NA,F
1020,hh_1020,26,NA,NA,F
1022,hh_1022,31,NA,NA,F
1023,hh_1023,18,NA,NA,F
1024,hh_1024,42,NA,NA,F
1025,hh_1025,58,NA,NA,M
1026,hh_1026,25,NA,NA,F
1027,hh_1027,47,NA,NA,F
1028,hh_1028,36,NA,NA,M
1029,hh_1029,22,NA,NA,F
1030,hh_1030,43,NA,NA,M
1031,hh_1031,46,NA,NA,F
1033,hh_1033,59,NA,NA,F
1034,hh_1034,19,NA,NA,M
1035,hh_1035,34,NA,NA,F
1036,hh_1036,43,NA,NA,M
1037,hh_1037,56,NA,NA,M
1038,hh_1038,62,NA,NA,M
1039,hh_1039,30,NA,NA,M
1040,hh_1040,65,NA,NA,F
1041,hh_1041,62,NA,NA,M
1042,hh_1042,51,NA,NA,F
1044,hh_1044,69,NA,NA,M
1045,hh_1045,50,NA,NA,F
1046,hh_1046,46,NA,NA,F
1047,hh_1047,55,NA,NA,M
1048,hh_1048,25,NA,NA,F
1049,hh_1049,38,NA,NA,F
1050,hh_1050,51,NA,NA,F
1051,hh_1051,22,NA,NA,F
1052,hh_1052,35,NA,NA,F
1053,hh_1053,19,NA,NA,M
1055,hh_1055,29,NA,NA,F
1056,hh_1056,43,NA,NA,F
1057,hh_1057,45,NA,NA,F
1058,hh_1058,39,NA,NA,M
1059,hh_1059,44,NA,NA,F
1060,hh_1060,29,NA,NA,F
1061,hh_1061,24,NA,NA,M
1062,hh_1062,63,NA,NA,M
1063,hh_1063,35,NA,NA,F
1064,hh_1064,50,NA,NA,M
1066,hh_1066,30,NA,NA,M
1067,hh_1067,66,NA,NA,F
1068,hh_1068,44,NA,NA,M
1069,hh_1069,75,NA,NA,M
1070,hh_1070,24,NA,NA,F
1071,hh_1071,34,NA,NA,M
1072,hh_1072,60,NA,NA,M
1073,hh_1073,42,NA,NA,F
1074,hh_1074,41,NA,NA,F
1075,hh_1075,27,NA,NA,M
1077,hh_1077,32,NA,NA,M
1078,hh_1078,47,NA,NA,M
1079,hh_1079,42,NA,NA,M
1080,hh_1080,32,NA,NA,F
1081,hh_1081,49,NA,NA,M
1082,hh_1082,19,NA,NA,F
1083,hh_1083,38,NA,NA,F
1084,hh_1084,27,NA,NA,M
1085,hh_1085,39,NA,NA,M
1086,hh_1086,61,NA,NA,M
1088,hh_1088,39,NA,NA,F
1089,hh_1089,70,NA,NA,M
1090,hh_1090,40,NA,NA,M
1091,hh_1091,45,NA,NA,M
1092,hh_1092,64,NA,NA,F
1093,hh_1093,39,NA,NA,M
1094,hh_1094,37,NA,NA,F
1095,hh_1095,37,NA,NA,F
1096,hh_1096,53,NA,NA,M
1097,hh_1097,33,NA,NA,F
1099,hh_1099,19,NA,NA,M
1100,hh_1100,45,NA,NA,M
1101,hh_1101,50,NA,NA,F
1102,hh_1102,34,NA,NA,M
1103,hh_1103,33,NA,NA,F
1104,hh_1104,39,NA,NA,M
1105,hh_1105,33,NA,NA,M
1106,hh_1106,50,NA,NA,F
1107,hh_1107,59,NA,NA,F
1108,hh_1108,38,NA,NA,M
1110,hh_1110,26,NA,NA,F
1111,hh_1111,59,NA,NA,F
1112,hh_1112,36,NA,NA,M
1113,hh_1113,29,NA,NA,F
1114,hh_1114,32,NA,NA,F
1115,hh_1115,49,NA,NA,M
1116,hh_1116,63,NA,NA,M
1117,hh_1117,28,NA,NA,F
1118,hh_1118,41,NA,NA,M
1119,hh_1119,73,NA,NA,F
1121,hh_1121,74,NA,NA,F
1122,hh_1122,34,NA,NA,F
1123,hh_1123,45,NA,NA,F
1124,hh_1124,20,NA,NA,F
1125,hh_1125,21,NA,NA,F
1126,hh_1126,37,NA,NA,M
1127,hh_1127,43,NA,NA,M
1128,hh_1128,43,NA,NA,F
1129,hh_1129,32,NA,NA,M
1130,hh_1130,49,NA,NA,F
1132,hh_1132,25,NA,NA,F
1133,hh_1133,37,NA,NA,F
1134,hh_1134,33,NA,NA,F
1135,hh_1135,41,NA,NA,F
1136,hh_1136,45,NA,NA,F
1137,hh_1137,48,NA,NA,M
1138,hh_1138,39,NA,NA,F
1139,hh_1139,24,NA,NA,F
1140,hh_1140,68,NA,NA,M
1141,hh_1141,67,NA,NA,F
1143,hh_1143,32,NA,NA,F
1144,hh_1144,18,NA,NA,F
1145,hh_1145,40,NA,NA,M
1146,hh_1146,63,NA,NA,F
1147,hh_1147,50,NA,NA,M
1148,hh_1148,29,NA,NA,M
1149,hh_1149,60,NA,NA,M
1150,hh_1150,27,NA,NA,M
1151,hh_1151,37,NA,NA,F
1152,hh_1152,39,NA,NA,M
1154,hh_1154,66,NA,NA,F
1155,hh_1155,24,NA,NA,F
1156,hh_1156,54,NA,NA,F
1157,hh_1157,32,NA,NA,M
1158,hh_1158,32,NA,NA,F
1159,hh_1159,41,NA,NA,F
1160,hh_1160,63,NA,NA,F
1161,hh_1161,22,NA,NA,F
1162,hh_1162,46,NA,NA,F
1163,hh_1163,36,NA,NA,M
1165,hh_1165,65,NA,NA,M
1166,hh_1166,27,NA,NA,M
1167,hh_1167,32,NA,NA,F
1168,hh_1168,58,NA,NA,F
1169,hh_1169,28,NA,NA,F
1170,hh_1170,23,NA,NA,F
1171,hh_1171,51,NA,NA,F
1172,hh_1172,39,NA,NA,M
1173,hh_1173,53,NA,NA,F
1174,hh_1174,42,NA,NA,F
1176,hh_1176,57,NA,NA,M
1177,hh_1177,33,NA,NA,F
1178,hh_1178,70,NA,NA,F
1179,hh_1179,38,NA,NA,M
1180,hh_1180,44,NA,NA,M
1181,hh_1181,43,NA,NA,F
1182,hh_1182,35,NA,NA,F
1183,hh_1183,30,NA,NA,M
1184,hh_1184,33,NA,NA,F
1185,hh_1185,26,NA,NA,M
1187,hh_1187,45,NA,NA,F
1188,hh_1188,28,NA,NA,F
1189,hh_1189,48,NA,NA,M
1190,hh_1190,50,NA,NA,F
1191,hh_1191,49,NA,NA,F
1192,hh_1192,36,NA,NA,F
1193,hh_1193,32,NA,NA,M
1194,hh_1194,66,NA,NA,M
1195,hh_1195,45,NA,NA,M
1196,hh_1196,33,NA,NA,F
1198,hh_1198,44,NA,NA,M
1199,hh_1199,26,NA,NA,F
1200,hh_1200,53,NA,NA,F
1201,hh_1201,44,NA,NA,F
1202,hh_1202,41,NA,NA,F
1203,hh_1203,43,NA,NA,F
1204,hh_1204,29,NA,NA,F
1205,hh_1205,33,NA,NA,F
1206,hh_1206,58,NA,NA,F
1207,hh_1207,43,NA,NA,M
1209,hh_1209,28,NA,NA,M
1210,hh_1210,25,NA,NA,F
1211,hh_1211,75,NA,NA,F
1212,hh_1212,54,NA,NA,M
1213,hh_1213,58,NA,NA,F
1214,hh_1214,45,NA,NA,M
1215,hh_1215,42,NA,NA,F
1216,hh_1216,57,NA,NA,F
1217,hh_1217,49,NA,NA,F
1218,hh_1218,47,NA,NA,F
1220,hh_1220,64,NA,NA,M
1221,hh_1221,77,NA,NA,M
1222,hh_1222,52,NA,NA,F
1223,hh_1223,23,NA,NA,NA
1224,hh_1224,40,NA,NA,M
1225,hh_1225,58,NA,NA,F
1226,hh_1226,68,NA,NA,F
1227,hh_1227,48,NA,NA,F
1228,hh_1228,65,NA,NA,M
1229,hh_1229,66,NA,NA,F
1231,hh_1231,43,NA,NA,M
1232,hh_1232,60,NA,NA,M
1233,hh_1233,70,NA,NA,M
1234,hh_1234,38,NA,NA,F
1235,hh_1235,65,NA,NA,F
1236,hh_1236,53,NA,NA,F
1237,hh_1237,42,NA,NA,F
1238,hh_1238,50,NA,NA,F
1239,hh_1239,54,NA,NA,M
1240,hh_1240,43,NA,NA,M
1242,hh_1242,45,NA,NA,F
1243,hh_1243,57,NA,NA,F
1244,hh_1244,52,NA,NA,F
1245,hh_1245,18,NA,NA,M
1246,hh_1246,43,NA,NA,M
1247,hh_1247,42,NA,NA,F
1248,hh_1248,24,NA,NA,F
1249,hh_1249,54,NA,NA,M
1250,hh_1250,65,NA,NA,F
1251,hh_1251,55,NA,NA,M
1253,hh_1253,67,NA,NA,F
1254,hh_1254,25,NA,NA,M
1255,hh_1255,69,NA,NA,M
1256,hh_1256,59,NA,NA,M
1257,hh_1257,48,NA,NA,M
1258,hh_1258,33,NA,NA,M
1259,hh_1259,66,NA,NA,F
1260,hh_1260,45,NA,NA,F
1261,hh_1261,35,NA,NA,M
1262,hh_1262,58,NA,NA,F
1264,hh_1264,52,NA,NA,F
1265,hh_1265,44,NA,NA,F
1266,hh_1266,51,NA,NA,F
1267,hh_1267,45,NA,NA,F
1268,hh_1268,66,NA,NA,F
1269,hh_1269,33,NA,NA,F
1270,hh_1270,51,NA,NA,F
1271,hh_1271,43,NA,NA,F
1272,hh_1272,30,NA,NA,F
1273,hh_1273,67,NA,NA,F
1275,hh_1275,49,NA,NA,M
1276,hh_1276,51,NA,NA,M
1277,hh_1277,29,NA,NA,M
1278,hh_1278,41,NA,NA,F
1279,hh_1279,72,NA,NA,F
1280,hh_1280,63,NA,NA,F
1281,hh_1281,58,NA,NA,F
1282,hh_1282,30,NA,NA,M
1283,hh_1283,52,NA,NA,F
1284,hh_1284,65,NA,NA,M
1286,hh_1286,48,NA,NA,M
1287,hh_1287,60,NA,NA,M
1288,hh_1288,47,NA,NA,F
1289,hh_1289,22,NA,NA,M
1290,hh_1290,49,NA,NA,M
1291,hh_1291,49,NA,NA,F
1292,hh_1292,66,NA,NA,F
1293,hh_1293,73,NA,NA,F
1294,hh_1294,59,NA,NA,F
1295,hh_1295,57,NA,NA,F
1297,hh_1297,56,NA,NA,F
1298,hh_1298,71,NA,NA,M
1299,hh_1299,72,NA,NA,F
1300,hh_1300,68,NA,NA,M
1301,hh_1301,71,NA,NA,M
1302,hh_1302,58,NA,NA,M
1303,hh_1303,49,NA,NA,F
1304,hh_1304,77,NA,NA,F
1305,hh_1305,53,NA,NA,F
1306,hh_1306,47,NA,NA,M
1308,hh_1308,47,NA,NA,F
1309,hh_1309,54,NA,NA,F
1310,hh_1310,66,NA,NA,M
1311,hh_1311,19,NA,NA,M
1312,hh_1312,24,NA,NA,F
1313,hh_1313,64,NA,NA,F
1314,hh_1314,59,NA,NA,F
1315,hh_1315,36,NA,NA,M
1316,hh_1316,55,NA,NA,M
1317,hh_1317,53,NA,NA,M
1319,hh_1319,60,NA,NA,M
1320,hh_1320,78,NA,NA,F
1321,hh_1321,53,NA,NA,F
1322,hh_1322,61,NA,NA,F
1323,hh_1323,55,NA,NA,M
1324,hh_1324,51,NA,NA,F
1325,hh_1325,61,NA,NA,M
1326,hh_1326,24,NA,NA,M
1327,hh_1327,60,NA,NA,F
1328,hh_1328,49,NA,NA,F
1330,hh_1330,71,NA,NA,M
1331,hh_1331,62,NA,NA,M
1332,hh_1332,60,NA,NA,M
1333,hh_1333,48,NA,NA,F
1334,hh_1334,54,NA,NA,F
1335,hh_1335,52,NA,NA,M
1336,hh_1336,74,NA,NA,M
1337,hh_1337,56,NA,NA,F
1338,hh_1338,66,NA,NA,M
1339,hh_1339,77,NA,NA,F
1341,hh_1341,46,NA,NA,F
1342,hh_1342,63,NA,NA,F
1343,hh_1343,58,NA,NA,M
1344,hh_1344,55,NA,NA,F
1345,hh_1345,60,NA,NA,F
1346,hh_1346,57,NA,NA,M
1347,hh_1347,65,NA,NA,M
1348,hh_1348,66,NA,NA,F
1349,hh_1349,50,NA,NA,F
1350,hh_1350,62,NA,NA,F
1352,hh_1352,68,NA,NA,F
1353,hh_1353,51,NA,NA,M
1354,hh_1354,58,NA,NA,M
1355,hh_1355,53,NA,NA,F
1356,hh_1356,48,NA,NA,M
1357,hh_1357,65,NA,NA,M
1358,hh_1358,52,NA,NA,F
1359,hh_1359,21,NA,NA,F
1360,hh_1360,53,NA,NA,M
1361,hh_1361,68,NA,NA,M
1363,hh_1363,67,NA,NA,F
1364,hh_1364,55,NA,NA,M
1365,hh_1365,81,NA,NA,M
1366,hh_1366,45,NA,NA,M
1367,hh_1367,74,NA,NA,M
1368,hh_1368,47,NA,NA,F
1369,hh_1369,67,NA,NA,F
1370,hh_1370,79,NA,NA,M
1371,hh_1371,70,NA,NA,F
1372,hh_1372,65,NA,NA,M
1374,hh_1374,61,NA,NA,F
1375,hh_1375,56,NA,NA,F
1376,hh_1376,46,NA,NA,M
1377,hh_1377,64,NA,NA,M
1378,hh_1378,63,NA,NA,F
1379,hh_1379,54,NA,NA,F
1380,hh_1380,70,NA,NA,M
1381,hh_1381,60,NA,NA,F
1382,hh_1382,61,NA,NA,M
1383,hh_1383,68,NA,NA,F
1385,hh_1385,60,NA,NA,M
1386,hh_1386,61,NA,NA,M
1387,hh_1387,61,NA,NA,M
1388,hh_1388,55,NA,NA,M
1389,hh_1389,57,NA,NA,F
1390,hh_1390,21,NA,NA,M
1391,hh_1391,60,NA,NA,M
1392,hh_1392,58,NA,NA,F
1393,hh_1393,60,NA,NA,F
1394,hh_1394,66,NA,NA,F
1396,hh_1396,55,NA,NA,M
1397,hh_1397,65,NA,NA,F
1398,hh_1398,57,NA,NA,M
1399,hh_1399,58,NA,NA,F
1400,hh_1400,72,NA,NA,M
1401,hh_1401,68,NA,NA,F
1402,hh_1402,56,NA,NA,M
1403,hh_1403,57,NA,NA,F
1404,hh_1404,58,NA,NA,M
1405,hh_1405,80,NA,NA,M
1407,hh_1407,57,NA,NA,F
1408,hh_1408,61,NA,NA,F
1409,hh_1409,72,NA,NA,M
1410,hh_1410,57,NA,NA,F
1411,hh_1411,65,NA,NA,M
1412,hh_1412,71,NA,NA,M
1413,hh_1413,70,NA,NA,M
1414,hh_1414,65,NA,NA,F
1415,hh_1415,74,NA,NA,F
1416,hh_1416,69,NA,NA,M
1418,hh_1418,68,NA,NA,F
1419,hh_1419,69,NA,NA,F
1420,hh_1420,65,NA,NA,M
1421,hh_1421,66,NA,NA,M
1422,hh_1422,67,NA,NA,F
1423,hh_1423,23,NA,NA,M
1424,hh_1424,72,NA,NA,M
1475,hh_1475,41,NA,NA,F
1476,hh_1476,35,NA,NA,M
1477,hh_1477,34,NA,NA,F
1478,hh_1478,24,NA,NA,F
1479,hh_1479,65,NA,NA,M
1480,hh_1480,58,NA,NA,F
1481,hh_1481,40,NA,NA,F
1482,hh_1482,30,NA,NA,F
1483,hh_1483,33,NA,NA,M
1485,hh_1485,82,NA,NA,M
1486,hh_1486,78,NA,NA,F
1487,hh_1487,68,NA,NA,F
1488,hh_1488,58,NA,NA,F
1489,hh_1489,34,NA,NA,F
1490,hh_1490,63,NA,NA,F
1491,hh_1491,55,NA,NA,F
1492,hh_1492,59,NA,NA,M
1493,hh_1493,66,NA,NA,M
1494,hh_1494,33,NA,NA,F
1496,hh_1496,53,NA,NA,F
1497,hh_1497,58,NA,NA,M
1498,hh_1498,37,NA,NA,M
1499,hh_1499,29,NA,NA,F
1500,hh_1500,20,NA,NA,F
1501,hh_1501,20,NA,NA,F
1502,hh_1502,28,NA,NA,F
1503,hh_1503,31,NA,NA,F
1504,hh_1504,30,NA,NA,F
1505,hh_1505,45,NA,NA,F
1507,hh_1507,36,NA,NA,M
1508,hh_1508,70,NA,NA,F
1509,hh_1509,45,NA,NA,M
1510,hh_1510,65,NA,NA,F
1511,hh_1511,64,NA,NA,M
1512,hh_1512,32,NA,NA,F
1513,hh_1513,54,NA,NA,M
1514,hh_1514,40,NA,NA,F
1515,hh_1515,62,NA,NA,F
1516,hh_1516,25,NA,NA,F
1518,hh_1518,18,NA,NA,F
1519,hh_1519,22,NA,NA,NA
1520,hh_1520,31,NA,NA,M
1521,hh_1521,24,NA,NA,M
1522,hh_1522,42,NA,NA,M
1523,hh_1523,70,NA,NA,M
1524,hh_1524,45,NA,NA,F
1525,hh_1525,39,NA,NA,M
1526,hh_1526,33,NA,NA,F
1527,hh_1527,41,NA,NA,F
1529,hh_1529,46,NA,NA,F
1530,hh_1530,33,NA,NA,F
1531,hh_1531,34,NA,NA,M
1532,hh_1532,27,NA,NA,M
1533,hh_1533,36,NA,NA,M
1534,hh_1534,63,NA,NA,M
1535,hh_1535,64,NA,NA,F
1536,hh_1536,33,NA,NA,F
1537,hh_1537,28,NA,NA,M
1538,hh_1538,36,NA,NA,M
1540,hh_1540,45,NA,NA,M
1541,hh_1541,26,NA,NA,M
1542,hh_1542,37,NA,NA,F
1543,hh_1543,33,NA,NA,F
1544,hh_1544,26,NA,NA,F
1545,hh_1545,20,NA,NA,F
1546,hh_1546,46,NA,NA,F
1547,hh_1547,53,NA,NA,M
1548,hh_1548,36,NA,NA,F
1549,hh_1549,24,NA,NA,F
1551,hh_1551,42,NA,NA,M
1552,hh_1552,37,NA,NA,M
1553,hh_1553,40,NA,NA,F
1554,hh_1554,18,NA,NA,F
1555,hh_1555,45,NA,NA,F
1556,hh_1556,46,NA,NA,M
1557,hh_1557,32,NA,NA,M
1558,hh_1558,42,NA,NA,F
1559,hh_1559,40,NA,NA,M
1560,hh_1560,25,NA,NA,F
1562,hh_1562,25,NA,NA,M
1563,hh_1563,49,NA,NA,M
1564,hh_1564,50,NA,NA,M
1565,hh_1565,45,NA,NA,M
1566,hh_1566,40,NA,NA,F
1567,hh_1567,40,NA,NA,M
1568,hh_1568,30,NA,NA,F
1569,hh_1569,29,NA,NA,F
1570,hh_1570,31,NA,NA,F
1571,hh_1571,37,NA,NA,M
1573,hh_1573,46,NA,NA,F
1574,hh_1574,47,NA,NA,M
1575,hh_1575,39,NA,NA,M
1576,hh_1576,48,NA,NA,M
1577,hh_1577,29,NA,NA,M
1578,hh_1578,57,NA,NA,F
1579,hh_1579,37,NA,NA,M
1580,hh_1580,62,NA,NA,F
1581,hh_1581,19,NA,NA,F
1582,hh_1582,21,NA,NA,F
1584,hh_1584,35,NA,NA,F
1585,hh_1585,35,NA,NA,F
1586,hh_1586,40,NA,NA,F
1587,hh_1587,66,NA,NA,F
1588,hh_1588,44,NA,NA,F
1589,hh_1589,25,NA,NA,M
1590,hh_1590,24,NA,NA,M
1591,hh_1591,59,NA,NA,F
1592,hh_1592,41,NA,NA,M
1593,hh_1593,34,NA,NA,F
1595,hh_1595,29,NA,NA,M
1596,hh_1596,55,NA,NA,F
1597,hh_1597,29,NA,NA,M
1598,hh_1598,27,NA,NA,F
1599,hh_1599,35,NA,NA,F
1600,hh_1600,38,NA,NA,M
1601,hh_1601,67,NA,NA,F
1602,hh_1602,58,NA,NA,F
1603,hh_1603,44,NA,NA,F
1604,hh_1604,19,NA,NA,F
1606,hh_1606,67,NA,NA,F
1607,hh_1607,36,NA,NA,M
1608,hh_1608,50,NA,NA,F
1609,hh_1609,19,NA,NA,M
1610,hh_1610,66,NA,NA,F
1611,hh_1611,23,NA,NA,F
1612,hh_1612,54,NA,NA,M
1613,hh_1613,35,NA,NA,M
1614,hh_1614,28,NA,NA,M
1615,hh_1615,44,NA,NA,M
1617,hh_1617,36,NA,NA,F
1618,hh_1618,25,NA,NA,F
1619,hh_1619,43,NA,NA,M
1620,hh_1620,37,NA,NA,F
1621,hh_1621,42,NA,NA,M
1622,hh_1622,68,NA,NA,M
1623,hh_1623,31,NA,NA,F
1624,hh_1624,67,NA,NA,M
1625,hh_1625,77,NA,NA,M
1626,hh_1626,58,NA,NA,M
1628,hh_1628,21,NA,NA,M
1629,hh_1629,60,NA,NA,F
1630,hh_1630,19,NA,NA,F
1631,hh_1631,35,NA,NA,F
1632,hh_1632,47,NA,NA,F
1633,hh_1633,40,NA,NA,M
1634,hh_1634,22,NA,NA,M
1635,hh_1635,49,NA,NA,F
1636,hh_1636,69,NA,NA,F
1637,hh_1637,32,NA,NA,M
1639,hh_1639,24,NA,NA,M
1640,hh_1640,26,NA,NA,M
1641,hh_1641,38,NA,NA,M
1642,hh_1642,51,NA,NA,F
1643,hh_1643,30,NA,NA,M
1644,hh_1644,42,NA,NA,F
1645,hh_1645,19,NA,NA,M
1646,hh_1646,31,NA,NA,F
1647,hh_1647,23,NA,NA,F
1648,hh_1648,34,NA,NA,F
1650,hh_1650,31,NA,NA,F
1651,hh_1651,38,NA,NA,F
1652,hh_1652,42,NA,NA,M
1653,hh_1653,69,NA,NA,F
1654,hh_1654,40,NA,NA,F
1655,hh_1655,65,NA,NA,M
1656,hh_1656,72,NA,NA,F
1657,hh_1657,62,NA,NA,M
1658,hh_1658,28,NA,NA,F
1659,hh_1659,49,NA,NA,M
1661,hh_1661,44,NA,NA,M
1662,hh_1662,68,NA,NA,F
1663,hh_1663,52,NA,NA,F
1664,hh_1664,50,NA,NA,F
1665,hh_1665,47,NA,NA,F
1666,hh_1666,25,NA,NA,F
1667,hh_1667,34,NA,NA,M
1668,hh_1668,31,NA,NA,M
1669,hh_1669,48,NA,NA,M
1670,hh_1670,42,NA,NA,M
1672,hh_1672,51,NA,NA,F
1673,hh_1673,71,NA,NA,M
1674,hh_1674,31,NA,NA,F
1675,hh_1675,26,NA,NA,M
1676,hh_1676,40,NA,NA,M
1677,hh_1677,39,NA,NA,M
1678,hh_1678,24,NA,NA,F
1679,hh_1679,64,NA,NA,F
1680,hh_1680,31,NA,NA,F
1681,hh_1681,21,NA,NA,F
1683,hh_1683,22,NA,NA,M
1684,hh_1684,45,NA,NA,F
1685,hh_1685,34,NA,NA,M
1686,hh_1686,29,NA,NA,F
1687,hh_1687,34,NA,NA,F
1688,hh_1688,28,NA,NA,F
1689,hh_1689,62,NA,NA,F
1690,hh_1690,44,NA,NA,M
1691,hh_1691,50,NA,NA,F
1692,hh_1692,54,NA,NA,M
1694,hh_1694,45,NA,NA,F
1695,hh_1695,65,NA,NA,F
1696,hh_1696,25,NA,NA,M
1697,hh_1697,41,NA,NA,M
1698,hh_1698,57,NA,NA,F
1699,hh_1699,35,NA,NA,M
1700,hh_1700,59,NA,NA,F
1701,hh_1701,22,NA,NA,M
1702,hh_1702,39,NA,NA,F
1703,hh_1703,36,NA,NA,M
1705,hh_1705,44,NA,NA,M
1706,hh_1706,30,NA,NA,M
1707,hh_1707,55,NA,NA,M
1708,hh_1708,28,NA,NA,F
1709,hh_1709,29,NA,NA,M
1710,hh_1710,30,NA,NA,M
1711,hh_1711,25,NA,NA,F
1712,hh_1712,50,NA,NA,F
1713,hh_1713,60,NA,NA,M
1714,hh_1714,54,NA,NA,F
1716,hh_1716,70,NA,NA,F
1717,hh_1717,36,NA,NA,M
1718,hh_1718,29,NA,NA,F
1719,hh_1719,75,NA,NA,M
1720,hh_1720,29,NA,NA,M
1721,hh_1721,44,NA,NA,F
1722,hh_1722,20,NA,NA,M
1723,hh_1723,28,NA,NA,F
1724,hh_1724,64,NA,NA,M
1725,hh_1725,76,NA,NA,M
1727,hh_1727,57,NA,NA,M
1728,hh_1728,32,NA,NA,F
1729,hh_1729,37,NA,NA,M
1730,hh_1730,55,NA,NA,F
1731,hh_1731,47,NA,NA,F
1732,hh_1732,45,NA,NA,M
1733,hh_1733,38,NA,NA,F
1734,hh_1734,43,NA,NA,F
1735,hh_1735,61,NA,NA,F
1736,hh_1736,51,NA,NA,F
1738,hh_1738,33,NA,NA,F
1739,hh_1739,60,NA,NA,M
1740,hh_1740,59,NA,NA,F
1741,hh_1741,81,NA,NA,M
1742,hh_1742,52,NA,NA,F
1743,hh_1743,40,NA,NA,F
1744,hh_1744,36,NA,NA,F
1745,hh_1745,35,NA,NA,M
1746,hh_1746,36,NA,NA,F
1747,hh_1747,38,NA,NA,F
1749,hh_1749,64,NA,NA,F
1750,hh_1750,20,NA,NA,F
1751,hh_1751,50,NA,NA,M
1752,hh_1752,63,NA,NA,M
1753,hh_1753,25,NA,NA,M
1754,hh_1754,50,NA,NA,F
1755,hh_1755,40,NA,NA,M
1756,hh_1756,29,NA,NA,F
1757,hh_1757,27,NA,NA,F
1758,hh_1758,25,NA,NA,M
1760,hh_1760,29,NA,NA,F
1761,hh_1761,21,NA,NA,F
1762,hh_1762,26,NA,NA,F
1763,hh_1763,61,NA,NA,M
1764,hh_1764,36,NA,NA,F
1765,hh_1765,71,NA,NA,F
1766,hh_1766,31,NA,NA,F
1767,hh_1767,28,NA,NA,M
1768,hh_1768,33,NA,NA,F
1769,hh_1769,41,NA,NA,M
1771,hh_1771,35,NA,NA,M
1772,hh_1772,41,NA,NA,F
1773,hh_1773,59,NA,NA,M
1774,hh_1774,51,NA,NA,F
1775,hh_1775,73,NA,NA,F
1776,hh_1776,36,NA,NA,F
1777,hh_1777,20,NA,NA,M
1778,hh_1778,57,NA,NA,M
1779,hh_1779,64,NA,NA,M
1780,hh_1780,50,NA,NA,M
1782,hh_1782,38,NA,NA,F
1783,hh_1783,45,NA,NA,M
1784,hh_1784,49,NA,NA,F
1785,hh_1785,18,NA,NA,NA
1786,hh_1786,43,NA,NA,F
1787,hh_1787,45,NA,NA,F
1788,hh_1788,53,NA,NA,M
1789,hh_1789,22,NA,NA,F
1790,hh_1790,22,NA,NA,F
1791,hh_1791,63,NA,NA,M
1793,hh_1793,21,NA,NA,M
1794,hh_1794,52,NA,NA,F
1795,hh_1795,64,NA,NA,M
1796,hh_1796,21,NA,NA,F
1797,hh_1797,19,NA,NA,F
1798,hh_1798,56,NA,NA,M
1799,hh_1799,18,NA,NA,M
1800,hh_1800,65,NA,NA,M
1801,hh_1801,23,NA,NA,F
1802,hh_1802,36,NA,NA,M
1804,hh_1804,21,NA,NA,M
1805,hh_1805,31,NA,NA,F
1806,hh_1806,43,NA,NA,M
1807,hh_1807,56,NA,NA,F
1808,hh_1808,21,NA,NA,F
1809,hh_1809,49,NA,NA,M
1810,hh_1810,81,NA,NA,M
1811,hh_1811,65,NA,NA,M
1812,hh_1812,51,NA,NA,M
1813,hh_1813,42,NA,NA,F
1815,hh_1815,57,NA,NA,M
1816,hh_1816,41,NA,NA,M
1817,hh_1817,42,NA,NA,F
1818,hh_1818,50,NA,NA,F
1819,hh_1819,59,NA,NA,M
1820,hh_1820,47,NA,NA,M
1821,hh_1821,69,NA,NA,F
1822,hh_1822,68,NA,NA,M
1823,hh_1823,39,NA,NA,F
1824,hh_1824,32,NA,NA,F
1826,hh_1826,23,NA,NA,M
1827,hh_1827,22,NA,NA,F
1828,hh_1828,50,NA,NA,F
1829,hh_1829,41,NA,NA,F
1830,hh_1830,66,NA,NA,M
1831,hh_1831,57,NA,NA,F
1832,hh_1832,36,NA,NA,M
1833,hh_1833,56,NA,NA,F
1834,hh_1834,65,NA,NA,M
1835,hh_1835,48,NA,NA,F
1836,hh_1836,59,NA,NA,F
1837,hh_1837,75,NA,NA,M
1838,hh_1838,74,NA,NA,M
1839,hh_1839,64,NA,NA,M
1840,hh_1840,49,NA,NA,F
1841,hh_1841,69,NA,NA,M
1842,hh_1842,58,NA,NA,M
1843,hh_1843,44,NA,NA,M
1844,hh_1844,38,NA,NA,F
1845,hh_1845,66,NA,NA,F
1846,hh_1846,46,NA,NA,F
1847,hh_1847,67,NA,NA,F
1848,hh_1848,67,NA,NA,F
1849,hh_1849,53,NA,NA,M
1850,hh_1850,46,NA,NA,F
1851,hh_1851,69,NA,NA,F
1852,hh_1852,71,NA,NA,F
1853,hh_1853,18,NA,NA,F
1854,hh_1854,20,NA,NA,F
1855,hh_1855,63,NA,NA,F
1856,hh_1856,45,NA,NA,F
1857,hh_1857,20,NA,NA,F
1858,hh_1858,49,NA,NA,F
1859,hh_1859,68,NA,NA,M
1860,hh_1860,23,NA,NA,F
1861,hh_1861,53,NA,NA,F
1862,hh_1862,60,NA,NA,F
1863,hh_1863,20,NA,NA,F
1864,hh_1864,43,NA,NA,F
1865,hh_1865,78,NA,NA,M
1866,hh_1866,36,NA,NA,M
1867,hh_1867,58,NA,NA,F
1868,hh_1868,47,NA,NA,F
1869,hh_1869,51,NA,NA,F
1870,hh_1870,77,NA,NA,M
1871,hh_1871,49,NA,NA,F
1872,hh_1872,76,NA,NA,M
1873,hh_1873,81,NA,NA,M
1874,hh_1874,52,NA,NA,F
1875,hh_1875,46,NA,NA,F
1876,hh_1876,59,NA,NA,F
1877,hh_1877,37,NA,NA,F
1878,hh_1878,21,NA,NA,F
1879,hh_1879,74,NA,NA,M
1880,hh_1880,73,NA,NA,F
1881,hh_1881,63,NA,NA,F
1882,hh_1882,79,NA,NA,F
1883,hh_1883,49,NA,NA,F
1884,hh_1884,80,NA,NA,M
1885,hh_1885,57,NA,NA,M
1886,hh_1886,57,NA,NA,M
1887,hh_1887,51,NA,NA,M
1888,hh_1888,57,NA,NA,M
1889,hh_1889,62,NA,NA,F
1890,hh_1890,50,NA,NA,F
1891,hh_1891,66,NA,NA,M
1892,hh_1892,48,NA,NA,M
1893,hh_1893,55,NA,NA,M
1894,hh_1894,51,NA,NA,F
1895,hh_1895,50,NA,NA,F
1896,hh_1896,76,NA,NA,M
1897,hh_1897,62,NA,NA,M
1898,hh_1898,61,NA,NA,M
1899,hh_1899,61,NA,NA,F
1900,hh_1900,48,NA,NA,F
1901,hh_1901,47,NA,NA,M
1902,hh_1902,64,NA,NA,F
1903,hh_1903,59,NA,NA,M
1904,hh_1904,44,NA,NA,F
1905,hh_1905,48,NA,NA,M
1906,hh_1906,56,NA,NA,F
1907,hh_1907,73,NA,NA,M
1908,hh_1908,80,NA,NA,M
1909,hh_1909,68,NA,NA,F
1910,hh_1910,62,NA,NA,M
1911,hh_1911,58,NA,NA,M
1912,hh_1912,45,NA,NA,M
1913,hh_1913,74,NA,NA,M
1914,hh_1914,62,NA,NA,F
1915,hh_1915,72,NA,NA,F
1916,hh_1916,50,NA,NA,F
1917,hh_1917,55,NA,NA,F
1918,hh_1918,62,NA,NA,M
1919,hh_1919,49,NA,NA,F
1920,hh_1920,47,NA,NA,M
1921,hh_1921,51,NA,NA,M
1922,hh_1922,81,NA,NA,M
1923,hh_1923,53,NA,NA,M
1924,hh_1924,45,NA,NA,M
1925,hh_1925,46,NA,NA,F
1926,hh_1926,49,NA,NA,F
1927,hh_1927,62,NA,NA,F
1928,hh_1928,59,NA,NA,M
1929,hh_1929,63,NA,NA,M
1930,hh_1930,55,NA,NA,F
1931,hh_1931,51,NA,NA,F
1932,hh_1932,70,NA,NA,F
1933,hh_1933,69,NA,NA,F
1934,hh_1934,71,NA,NA,F
1935,hh_1935,62,NA,NA,F
1936,hh_1936,61,NA,NA,F
1937,hh_1937,80,NA,NA,M
1938,hh_1938,67,NA,NA,F
1939,hh_1939,62,NA,NA,F
1940,hh_1940,57,NA,NA,F
1941,hh_1941,68,NA,NA,F
1942,hh_1942,70,NA,NA,M
1943,hh_1943,55,NA,NA,F
1944,hh_1944,64,NA,NA,F
1945,hh_1945,24,NA,NA,M
1946,hh_1946,64,NA,NA,F
1947,hh_1947,64,NA,NA,M
1948,hh_1948,57,NA,NA,M
1949,hh_1949,77,NA,NA,M
1950,hh_1950,79,NA,NA,M
1951,hh_1951,76,NA,NA,F
1952,hh_1952,59,NA,NA,F
1953,hh_1953,55,NA,NA,M
1954,hh_1954,57,NA,NA,M
1955,hh_1955,58,NA,NA,F
1956,hh_1956,59,NA,NA,F
1957,hh_1957,55,NA,NA,F
1958,hh_1958,57,NA,NA,F
1959,hh_1959,57,NA,NA,M
1960,hh_1960,59,NA,NA,F
1961,hh_1961,57,NA,NA,M
1962,hh_1962,62,NA,NA,F
1963,hh_1963,67,NA,NA,F
1964,hh_1964,59,NA,NA,M
1965,hh_1965,72,NA,NA,M
1966,hh_1966,65,NA,NA,F
1967,hh_1967,77,NA,NA,F
1968,hh_1968,38,NA,NA,M
1969,hh_1969,41,NA,NA,F
1970,hh_1970,22,NA,NA,F
1971,hh_1971,46,NA,NA,M
1972,hh_1972,21,NA,NA,F
1973,hh_1973,35,NA,NA,M
1974,hh_1974,40,NA,NA,F
1975,hh_1975,29,NA,NA,M
1976,hh_1976,25,NA,NA,F
1977,hh_1977,40,NA,NA,F
1978,hh_1978,38,NA,NA,F
1979,hh_1979,32,NA,NA,F
1980,hh_1980,32,NA,NA,M
1981,hh_1981,43,NA,NA,F
1982,hh_1982,68,NA,NA,M
1983,hh_1983,21,NA,NA,F
1984,hh_1984,63,NA,NA,F
1985,hh_1985,27,NA,NA,M
1986,hh_1986,37,NA,NA,F
1987,hh_1987,26,NA,NA,F
1988,hh_1988,21,NA,NA,F
1989,hh_1989,36,NA,NA,F
1990,hh_1990,33,NA,NA,F
1991,hh_1991,25,NA,NA,F
1992,hh_1992,34,NA,NA,M
1993,hh_1993,25,NA,NA,M
1994,hh_1994,35,NA,NA,M
1995,hh_1995,23,NA,NA,M
1996,hh_1996,26,NA,NA,F
1997,hh_1997,43,NA,NA,F
1998,hh_1998,43,NA,NA,F
1999,hh_1999,24,NA,NA,F
2000,hh_2000,38,NA,NA,F
2001,hh_2001,24,NA,NA,F
2002,hh_2002,41,NA,NA,F
2003,hh_2003,58,NA,NA,F
2004,hh_2004,27,NA,NA,F
2005,hh_2005,35,NA,NA,F
2006,hh_2006,26,NA,NA,M
2007,hh_2007,27,NA,NA,F
2008,hh_2008,39,NA,NA,F
2009,hh_2009,34,NA,NA,F
2010,hh_2010,33,NA,NA,F
2011,hh_2011,30,NA,NA,F
2012,hh_2012,57,NA,NA,F
2013,hh_2013,38,NA,NA,M
2014,hh_2014,28,NA,NA,M
2015,hh_2015,73,NA,NA,F
2016,hh_2016,18,NA,NA,F
2017,hh_2017,24,NA,NA,M
2018,hh_2018,41,NA,NA,F
2019,hh_2019,61,NA,NA,F
2020,hh_2020,68,NA,NA,M
2021,hh_2021,25,NA,NA,F
2022,hh_2022,49,NA,NA,F
2023,hh_2023,26,NA,NA,F
2024,hh_2024,37,NA,NA,F
2025,hh_2025,62,NA,NA,F
2026,hh_2026,65,NA,NA,M
2027,hh_2027,42,NA,NA,F
2028,hh_2028,22,NA,NA,F
2029,hh_2029,44,NA,NA,F
2030,hh_2030,58,NA,NA,F
2031,hh_2031,36,NA,NA,F
2032,hh_2032,33,NA,NA,F
2033,hh_2033,23,NA,NA,F
2034,hh_2034,40,NA,NA,M
2035,hh_2035,30,NA,NA,M
2036,hh_2036,65,NA,NA,F
2037,hh_2037,22,NA,NA,F
2038,hh_2038,54,NA,NA,M
2039,hh_2039,52,NA,NA,F
2040,hh_2040,25,NA,NA,F
2041,hh_2041,38,NA,NA,F
2042,hh_2042,54,NA,NA,F
2043,hh_2043,33,NA,NA,M
2044,hh_2044,41,NA,NA,F
2045,hh_2045,31,NA,NA,F
2046,hh_2046,28,NA,NA,F
2047,hh_2047,30,NA,NA,F
2048,hh_2048,60,NA,NA,M
2049,hh_2049,27,NA,NA,M
2050,hh_2050,38,NA,NA,F
2051,hh_2051,20,NA,NA,F
2052,hh_2052,53,NA,NA,F
2053,hh_2053,33,NA,NA,F
2054,hh_2054,55,NA,NA,F
2055,hh_2055,19,NA,NA,F
2056,hh_2056,26,NA,NA,F
2057,hh_2057,42,NA,NA,F
2058,hh_2058,23,NA,NA,F
2059,hh_2059,27,NA,NA,F
2060,hh_2060,78,NA,NA,F
2061,hh_2061,23,NA,NA,F
2062,hh_2062,37,NA,NA,F
2063,hh_2063,21,NA,NA,F
2064,hh_2064,43,NA,NA,F
2065,hh_2065,40,NA,NA,M
2066,hh_2066,35,NA,NA,F
2067,hh_2067,37,NA,NA,M
2068,hh_2068,41,NA,NA,F
2069,hh_2069,25,NA,NA,M
2070,hh_2070,55,NA,NA,M
2071,hh_2071,40,NA,NA,F
2072,hh_2072,60,NA,NA,M
2073,hh_2073,26,NA,NA,M
2074,hh_2074,43,NA,NA,M
2075,hh_2075,53,NA,NA,M
2076,hh_2076,35,NA,NA,F
2077,hh_2077,26,NA,NA,F
2078,hh_2078,18,NA,NA,M
2079,hh_2079,35,NA,NA,F
2080,hh_2080,33,NA,NA,M
2081,hh_2081,58,NA,NA,F
2082,hh_2082,35,NA,NA,M
2083,hh_2083,69,NA,NA,F
2084,hh_2084,35,NA,NA,M
2085,hh_2085,18,NA,NA,F
2086,hh_2086,34,NA,NA,F
2087,hh_2087,48,NA,NA,F
2088,hh_2088,43,NA,NA,M
2089,hh_2089,40,NA,NA,F
2090,hh_2090,30,NA,NA,F
2091,hh_2091,41,NA,NA,F
2092,hh_2092,25,NA,NA,F
2093,hh_2093,52,NA,NA,M
2094,hh_2094,43,NA,NA,M
2095,hh_2095,35,NA,NA,F
2096,hh_2096,20,NA,NA,M
2097,hh_2097,30,NA,NA,M
2098,hh_2098,42,NA,NA,M
2099,hh_2099,24,NA,NA,F
2100,hh_2100,26,NA,NA,F
2101,hh_2101,28,NA,NA,F
2102,hh_2102,25,NA,NA,M
2103,hh_2103,48,NA,NA,M
2104,hh_2104,36,NA,NA,M
2105,hh_2105,27,NA,NA,F
2106,hh_2106,24,NA,NA,F
2107,hh_2107,46,NA,NA,M
2108,hh_2108,24,NA,NA,M
2109,hh_2109,45,NA,NA,F
2110,hh_2110,47,NA,NA,M
2111,hh_2111,22,NA,NA,F
2112,hh_2112,68,NA,NA,F
2113,hh_2113,36,NA,NA,F
2114,hh_2114,38,NA,NA,M
2115,hh_2115,34,NA,NA,M
2116,hh_2116,35,NA,NA,F
2117,hh_2117,38,NA,NA,F
2118,hh_2118,57,NA,NA,F
2119,hh_2119,24,NA,NA,F
2120,hh_2120,35,NA,NA,F
2121,hh_2121,21,NA,NA,M
2122,hh_2122,25,NA,NA,F
2123,hh_2123,20,NA,NA,F
2124,hh_2124,54,NA,NA,F
2125,hh_2125,50,NA,NA,F
2126,hh_2126,48,NA,NA,F
2127,hh_2127,61,NA,NA,F
2128,hh_2128,62,NA,NA,M
2129,hh_2129,19,NA,NA,F
2130,hh_2130,27,NA,NA,F
2131,hh_2131,30,NA,NA,F
2132,hh_2132,23,NA,NA,F
2133,hh_2133,40,NA,NA,M
2134,hh_2134,56,NA,NA,M
2135,hh_2135,20,NA,NA,F
2136,hh_2136,44,NA,NA,M
2137,hh_2137,30,NA,NA,F
2138,hh_2138,21,NA,NA,F
2139,hh_2139,27,NA,NA,F
2140,hh_2140,38,NA,NA,F
2141,hh_2141,36,NA,NA,F
2142,hh_2142,60,NA,NA,F
2143,hh_2143,49,NA,NA,M
2144,hh_2144,45,NA,NA,M
2145,hh_2145,41,NA,NA,F
2146,hh_2146,43,NA,NA,F
2147,hh_2147,33,NA,NA,M
2148,hh_2148,20,NA,NA,F
2149,hh_2149,20,NA,NA,F
2150,hh_2150,41,NA,NA,F
2151,hh_2151,63,NA,NA,M
2152,hh_2152,24,NA,NA,M
2153,hh_2153,62,NA,NA,M
2154,hh_2154,20,NA,NA,F
2155,hh_2155,23,NA,NA,M
2156,hh_2156,22,NA,NA,F
2157,hh_2157,20,NA,NA,F
2158,hh_2158,39,NA,NA,F
2159,hh_2159,27,NA,NA,F
2160,hh_2160,41,NA,NA,F
2161,hh_2161,41,NA,NA,F
2162,hh_2162,47,NA,NA,F
2163,hh_2163,25,NA,NA,F
2164,hh_2164,54,NA,NA,F
2165,hh_2165,27,NA,NA,F
2166,hh_2166,34,NA,NA,F
2167,hh_2167,25,NA,NA,M
2168,hh_2168,40,NA,NA,F
2169,hh_2169,35,NA,NA,F
2170,hh_2170,39,NA,NA,F
2171,hh_2171,21,NA,NA,F
2172,hh_2172,50,NA,NA,M
2173,hh_2173,50,NA,NA,F
2174,hh_2174,60,NA,NA,M
2175,hh_2175,57,NA,NA,F
2176,hh_2176,24,NA,NA,M
2177,hh_2177,32,NA,NA,F
2178,hh_2178,25,NA,NA,F
2179,hh_2179,58,NA,NA,F
2180,hh_2180,35,NA,NA,F
2181,hh_2181,26,NA,NA,F
2182,hh_2182,27,NA,NA,F
2183,hh_2183,25,NA,NA,F
2184,hh_2184,29,NA,NA,F
2185,hh_2185,41,NA,NA,F
2186,hh_2186,48,NA,NA,F
2187,hh_2187,64,NA,NA,M
2188,hh_2188,41,NA,NA,F
2189,hh_2189,60,NA,NA,M
2190,hh_2190,32,NA,NA,F
2191,hh_2191,42,NA,NA,F
2192,hh_2192,29,NA,NA,F
2193,hh_2193,29,NA,NA,M
2194,hh_2194,42,NA,NA,M
2195,hh_2195,30,NA,NA,M
2196,hh_2196,42,NA,NA,M
2197,hh_2197,27,NA,NA,F
2198,hh_2198,24,NA,NA,F
2199,hh_2199,23,NA,NA,M
2200,hh_2200,27,NA,NA,F
2201,hh_2201,39,NA,NA,M
2202,hh_2202,34,NA,NA,F
2203,hh_2203,72,NA,NA,F
2204,hh_2204,42,NA,NA,F
2205,hh_2205,30,NA,NA,F
2206,hh_2206,49,NA,NA,F
2207,hh_2207,33,NA,NA,F
2208,hh_2208,46,NA,NA,M
2209,hh_2209,39,NA,NA,M
2210,hh_2210,36,NA,NA,M
2211,hh_2211,25,NA,NA,F
2212,hh_2212,55,NA,NA,M
2213,hh_2213,22,NA,NA,F
2214,hh_2214,25,NA,NA,M
2215,hh_2215,18,NA,NA,F
2216,hh_2216,30,NA,NA,M
2217,hh_2217,23,NA,NA,F
2218,hh_2218,31,NA,NA,F
2219,hh_2219,21,NA,NA,M
2220,hh_2220,43,NA,NA,F
2221,hh_2221,37,NA,NA,F
2222,hh_2222,39,NA,NA,F
2223,hh_2223,22,NA,NA,M
2224,hh_2224,40,NA,NA,F
2225,hh_2225,27,NA,NA,F
2226,hh_2226,24,NA,NA,F
2227,hh_2227,28,NA,NA,F
2228,hh_2228,29,NA,NA,M
2229,hh_2229,27,NA,NA,F
2230,hh_2230,53,NA,NA,F
2231,hh_2231,18,NA,NA,F
2232,hh_2232,21,NA,NA,F
2233,hh_2233,40,NA,NA,M
2234,hh_2234,21,NA,NA,F
2235,hh_2235,36,NA,NA,F
2236,hh_2236,30,NA,NA,M
2237,hh_2237,41,NA,NA,F
2238,hh_2238,41,NA,NA,M
2239,hh_2239,27,NA,NA,F
2240,hh_2240,27,NA,NA,F
2241,hh_2241,42,NA,NA,M
2242,hh_2242,45,NA,NA,M
2243,hh_2243,56,NA,NA,F
2244,hh_2244,38,NA,NA,F
2245,hh_2245,40,NA,NA,F
2246,hh_2246,45,NA,NA,F
2247,hh_2247,51,NA,NA,F
2248,hh_2248,35,NA,NA,F
2249,hh_2249,50,NA,NA,F
2250,hh_2250,19,NA,NA,F
2251,hh_2251,41,NA,NA,M
2252,hh_2252,43,NA,NA,M
2253,hh_2253,33,NA,NA,F
2254,hh_2254,53,NA,NA,F
2255,hh_2255,69,NA,NA,M
2256,hh_2256,38,NA,NA,M
2257,hh_2257,53,NA,NA,F
2258,hh_2258,30,NA,NA,F
2259,hh_2259,26,NA,NA,F
2260,hh_2260,36,NA,NA,M
2261,hh_2261,25,NA,NA,F
2262,hh_2262,30,NA,NA,M
2263,hh_2263,46,NA,NA,F
2264,hh_2264,26,NA,NA,M
2265,hh_2265,49,NA,NA,M
2266,hh_2266,30,NA,NA,M
2267,hh_2267,35,NA,NA,M
2268,hh_2268,37,NA,NA,M
2269,hh_2269,36,NA,NA,M
2270,hh_2270,25,NA,NA,M
2271,hh_2271,36,NA,NA,F
2272,hh_2272,43,NA,NA,F
2273,hh_2273,41,NA,NA,M
2274,hh_2274,58,NA,NA,M
2275,hh_2275,58,NA,NA,M
2276,hh_2276,32,NA,NA,M
2277,hh_2277,29,NA,NA,F
2278,hh_2278,85,NA,NA,F
2279,hh_2279,58,NA,NA,F
2280,hh_2280,30,NA,NA,M
2281,hh_2281,48,NA,NA,M
2282,hh_2282,38,NA,NA,F
2283,hh_2283,38,NA,NA,M
2284,hh_2284,28,NA,NA,M
2285,hh_2285,40,NA,NA,F
2286,hh_2286,26,NA,NA,F
2287,hh_2287,41,NA,NA,F
2288,hh_2288,68,NA,NA,F
2289,hh_2289,47,NA,NA,M
2290,hh_2290,50,NA,NA,M
2291,hh_2291,50,NA,NA,M
2292,hh_2292,67,NA,NA,F
2293,hh_2293,45,NA,NA,F
2294,hh_2294,50,NA,NA,M
2295,hh_2295,46,NA,NA,F
2296,hh_2296,71,NA,NA,M
2297,hh_2297,66,NA,NA,M
2298,hh_2298,59,NA,NA,M
2299,hh_2299,63,NA,NA,M
2300,hh_2300,54,NA,NA,F
2301,hh_2301,62,NA,NA,M
2302,hh_2302,55,NA,NA,F
2303,hh_2303,49,NA,NA,F
2304,hh_2304,57,NA,NA,M
2305,hh_2305,48,NA,NA,F
2306,hh_2306,78,NA,NA,M
2307,hh_2307,51,NA,NA,F
2308,hh_2308,62,NA,NA,M
2309,hh_2309,73,NA,NA,F
2310,hh_2310,67,NA,NA,F
2311,hh_2311,66,NA,NA,M
2312,hh_2312,65,NA,NA,M
2313,hh_2313,56,NA,NA,M
2314,hh_2314,54,NA,NA,M
2315,hh_2315,49,NA,NA,F
2316,hh_2316,66,NA,NA,M
2317,hh_2317,74,NA,NA,F
2318,hh_2318,72,NA,NA,M
2319,hh_2319,52,NA,NA,F
2320,hh_2320,55,NA,NA,F
2321,hh_2321,52,NA,NA,F
2322,hh_2322,53,NA,NA,F
2323,hh_2323,66,NA,NA,M
2324,hh_2324,75,NA,NA,M
2325,hh_2325,56,NA,NA,M
2326,hh_2326,50,NA,NA,F
2327,hh_2327,57,NA,NA,F
2328,hh_2328,52,NA,NA,F
2329,hh_2329,61,NA,NA,M
2330,hh_2330,57,NA,NA,M
2331,hh_2331,49,NA,NA,F
2332,hh_2332,70,NA,NA,M
2333,hh_2333,66,NA,NA,F
2334,hh_2334,63,NA,NA,M
2335,hh_2335,48,NA,NA,F
2336,hh_2336,52,NA,NA,M
2337,hh_2337,46,NA,NA,F
2338,hh_2338,45,NA,NA,M
2339,hh_2339,54,NA,NA,M
2340,hh_2340,66,NA,NA,M
2341,hh_2341,55,NA,NA,F
2342,hh_2342,66,NA,NA,M
2343,hh_2343,45,NA,NA,M
2344,hh_2344,50,NA,NA,M
2345,hh_2345,70,NA,NA,M
2346,hh_2346,61,NA,NA,F
2347,hh_2347,64,NA,NA,F
2348,hh_2348,60,NA,NA,F
2349,hh_2349,82,NA,NA,M
2350,hh_2350,57,NA,NA,F
2351,hh_2351,31,NA,NA,M
2352,hh_2352,46,NA,NA,F
2353,hh_2353,71,NA,NA,M
2354,hh_2354,64,NA,NA,M
2355,hh_2355,47,NA,NA,F
2356,hh_2356,50,NA,NA,F
2357,hh_2357,45,NA,NA,F
2358,hh_2358,56,NA,NA,F
2359,hh_2359,77,NA,NA,M
2360,hh_2360,45,NA,NA,F
2361,hh_2361,50,NA,NA,M
2362,hh_2362,45,NA,NA,F
2363,hh_2363,53,NA,NA,F
2364,hh_2364,56,NA,NA,M
2365,hh_2365,86,NA,NA,M
2366,hh_2366,47,NA,NA,F
2367,hh_2367,70,NA,NA,M
2368,hh_2368,68,NA,NA,M
2369,hh_2369,55,NA,NA,F
2370,hh_2370,66,NA,NA,F
2371,hh_2371,67,NA,NA,M
2372,hh_2372,68,NA,NA,M
2373,hh_2373,45,NA,NA,M
2374,hh_2374,63,NA,NA,F
2375,hh_2375,48,NA,NA,F
2376,hh_2376,50,NA,NA,M
2377,hh_2377,48,NA,NA,F
2378,hh_2378,56,NA,NA,F
2379,hh_2379,63,NA,NA,M
2380,hh_2380,51,NA,NA,F
2381,hh_2381,56,NA,NA,M
2382,hh_2382,62,NA,NA,F
2383,hh_2383,57,NA,NA,F
2384,hh_2384,47,NA,NA,F
2385,hh_2385,81,NA,NA,M
2386,hh_2386,65,NA,NA,F
2387,hh_2387,45,NA,NA,F
2388,hh_2388,64,NA,NA,F
2389,hh_2389,58,NA,NA,M
2390,hh_2390,45,NA,NA,F
2391,hh_2391,50,NA,NA,M
2392,hh_2392,57,NA,NA,M
2393,hh_2393,77,NA,NA,M
2394,hh_2394,48,NA,NA,M
2395,hh_2395,72,NA,NA,M
2396,hh_2396,63,NA,NA,F
2397,hh_2397,82,NA,NA,M
2398,hh_2398,48,NA,NA,M
2399,hh_2399,62,NA,NA,M
2400,hh_2400,59,NA,NA,F
2401,hh_2401,68,NA,NA,F
2402,hh_2402,47,NA,NA,M
2403,hh_2403,53,NA,NA,F
2404,hh_2404,55,NA,NA,M
2405,hh_2405,72,NA,NA,M
2406,hh_2406,49,NA,NA,F
2407,hh_2407,75,NA,NA,F
2408,hh_2408,58,NA,NA,F
2409,hh_2409,60,NA,NA,F
2410,hh_2410,58,NA,NA,F
2411,hh_2411,54,NA,NA,M
2412,hh_2412,64,NA,NA,F
2413,hh_2413,60,NA,NA,F
2414,hh_2414,67,NA,NA,F
2415,hh_2415,52,NA,NA,M
2416,hh_2416,55,NA,NA,F
2417,hh_2417,67,NA,NA,M
2418,hh_2418,64,NA,NA,F
2419,hh_2419,64,NA,NA,M
2420,hh_2420,72,NA,NA,F
2421,hh_2421,58,NA,NA,M
2422,hh_2422,52,NA,NA,F
2423,hh_2423,47,NA,NA,F
2424,hh_2424,63,NA,NA,F
2425,hh_2425,51,NA,NA,M
2426,hh_2426,53,NA,NA,M
2427,hh_2427,60,NA,NA,F
2428,hh_2428,53,NA,NA,M
2429,hh_2429,23,NA,NA,M
2430,hh_2430,37,NA,NA,M
2431,hh_2431,65,NA,NA,F
2432,hh_2432,22,NA,NA,M
2433,hh_2433,54,NA,NA,F
2434,hh_2434,29,NA,NA,M
2435,hh_2435,34,NA,NA,M
2436,hh_2436,35,NA,NA,F
2437,hh_2437,68,NA,NA,M
2438,hh_2438,51,NA,NA,M
2439,hh_2439,26,NA,NA,F
2440,hh_2440,30,NA,NA,M
2441,hh_2441,36,NA,NA,M
2442,hh_2442,28,NA,NA,F
2443,hh_2443,59,NA,NA,F
2444,hh_2444,46,NA,NA,F
2445,hh_2445,43,NA,NA,M
2446,hh_2446,66,NA,NA,F
2447,hh_2447,61,NA,NA,M
2448,hh_2448,44,NA,NA,F
2449,hh_2449,42,NA,NA,F
2450,hh_2450,31,NA,NA,M
2451,hh_2451,71,NA,NA,M
2452,hh_2452,25,NA,NA,M
2453,hh_2453,42,NA,NA,F
2454,hh_2454,33,NA,NA,F
2455,hh_2455,49,NA,NA,F
2456,hh_2456,73,NA,NA,F
2457,hh_2457,36,NA,NA,F
2458,hh_2458,37,NA,NA,F
2459,hh_2459,33,NA,NA,M
2460,hh_2460,23,NA,NA,M
2461,hh_2461,30,NA,NA,F
2462,hh_2462,58,NA,NA,F
2463,hh_2463,69,NA,NA,M
2464,hh_2464,59,NA,NA,F
2465,hh_2465,31,NA,NA,F
2466,hh_2466,21,NA,NA,M
2467,hh_2467,41,NA,NA,M
2468,hh_2468,22,NA,NA,F
2469,hh_2469,37,NA,NA,F
2470,hh_2470,67,NA,NA,F
2471,hh_2471,43,NA,NA,M
2472,hh_2472,42,NA,NA,M
2473,hh_2473,25,NA,NA,M
2474,hh_2474,41,NA,NA,F
2475,hh_2475,42,NA,NA,F
2476,hh_2476,48,NA,NA,M
2477,hh_2477,34,NA,NA,M
2478,hh_2478,38,NA,NA,M
2479,hh_2479,67,NA,NA,M
2480,hh_2480,53,NA,NA,F
2481,hh_2481,61,NA,NA,F
2482,hh_2482,61,NA,NA,M
2483,hh_2483,70,NA,NA,M
2484,hh_2484,33,NA,NA,M
2485,hh_2485,26,NA,NA,F
2486,hh_2486,40,NA,NA,F
2487,hh_2487,31,NA,NA,M
2488,hh_2488,30,NA,NA,M
2489,hh_2489,67,NA,NA,F
2490,hh_2490,65,NA,NA,F
2491,hh_2491,24,NA,NA,F
2492,hh_2492,50,NA,NA,F
2493,hh_2493,31,NA,NA,F
2494,hh_2494,53,NA,NA,F
2495,hh_2495,40,NA,NA,M
2496,hh_2496,40,NA,NA,M
2497,hh_2497,24,NA,NA,F
2498,hh_2498,35,NA,NA,M
2499,hh_2499,25,NA,NA,F
2500,hh_2500,47,NA,NA,F
2501,hh_2501,35,NA,NA,F
2502,hh_2502,45,NA,NA,M
2503,hh_2503,27,NA,NA,M
2504,hh_2504,19,NA,NA,M
2505,hh_2505,32,NA,NA,F
2506,hh_2506,65,NA,NA,F
2507,hh_2507,59,NA,NA,M
2508,hh_2508,54,NA,NA,M
2509,hh_2509,44,NA,NA,F
2510,hh_2510,34,NA,NA,F
2511,hh_2511,60,NA,NA,F
2512,hh_2512,58,NA,NA,F
2513,hh_2513,64,NA,NA,M
2514,hh_2514,43,NA,NA,M
2515,hh_2515,33,NA,NA,M
2516,hh_2516,25,NA,NA,M
2517,hh_2517,31,NA,NA,F
2518,hh_2518,56,NA,NA,F
2519,hh_2519,28,NA,NA,M
2520,hh_2520,33,NA,NA,F
2521,hh_2521,22,NA,NA,F
2522,hh_2522,40,NA,NA,M
2523,hh_2523,59,NA,NA,F
2524,hh_2524,27,NA,NA,F
2525,hh_2525,56,NA,NA,F
2526,hh_2526,63,NA,NA,F
2527,hh_2527,62,NA,NA,F
2528,hh_2528,29,NA,NA,M
2529,hh_2529,29,NA,NA,NA
2530,hh_2530,70,NA,NA,M
2531,hh_2531,37,NA,NA,M
2532,hh_2532,38,NA,NA,F
2533,hh_2533,61,NA,NA,M
2534,hh_2534,70,NA,NA,F
2535,hh_2535,52,NA,NA,M
2536,hh_2536,57,NA,NA,M
2537,hh_2537,48,NA,NA,M
2538,hh_2538,33,NA,NA,M
2539,hh_2539,51,NA,NA,M
2540,hh_2540,47,NA,NA,F
2541,hh_2541,36,NA,NA,M
2542,hh_2542,57,NA,NA,M
2543,hh_2543,53,NA,NA,F
2544,hh_2544,55,NA,NA,M
2545,hh_2545,26,NA,NA,F
2546,hh_2546,36,NA,NA,M
2547,hh_2547,36,NA,NA,F
2548,hh_2548,43,NA,NA,F
2549,hh_2549,45,NA,NA,M
2550,hh_2550,68,NA,NA,M
2551,hh_2551,50,NA,NA,F
2552,hh_2552,74,NA,NA,M
2553,hh_2553,45,NA,NA,F
2554,hh_2554,47,NA,NA,M
2555,hh_2555,48,NA,NA,M
2556,hh_2556,36,NA,NA,F
2557,hh_2557,25,NA,NA,M
2558,hh_2558,64,NA,NA,M
2559,hh_2559,63,NA,NA,M
2560,hh_2560,79,NA,NA,F
2561,hh_2561,33,NA,NA,F
2562,hh_2562,34,NA,NA,M
2563,hh_2563,40,NA,NA,NA
2564,hh_2564,43,NA,NA,F
2565,hh_2565,28,NA,NA,F
2566,hh_2566,30,NA,NA,M
2567,hh_2567,59,NA,NA,M
2568,hh_2568,42,NA,NA,M
2569,hh_2569,32,NA,NA,F
2570,hh_2570,44,NA,NA,F
2571,hh_2571,63,NA,NA,F
2572,hh_2572,47,NA,NA,M
2573,hh_2573,42,NA,NA,F
2574,hh_2574,30,NA,NA,M
2575,hh_2575,31,NA,NA,F
2576,hh_2576,20,NA,NA,F
2577,hh_2577,25,NA,NA,F
2578,hh_2578,68,NA,NA,F
2579,hh_2579,83,NA,NA,F
2580,hh_2580,29,NA,NA,F
2581,hh_2581,30,NA,NA,F
2582,hh_2582,32,NA,NA,F
2583,hh_2583,31,NA,NA,F
2584,hh_2584,81,NA,NA,F
2585,hh_2585,61,NA,NA,F
2586,hh_2586,47,NA,NA,M
2587,hh_2587,55,NA,NA,M
2588,hh_2588,34,NA,NA,F
2589,hh_2589,35,NA,NA,F
2590,hh_2590,36,NA,NA,F
2591,hh_2591,70,NA,NA,F
2592,hh_2592,32,NA,NA,F
2593,hh_2593,63,NA,NA,F
2594,hh_2594,35,NA,NA,M
2595,hh_2595,44,NA,NA,F
2596,hh_2596,35,NA,NA,F
2597,hh_2597,33,NA,NA,M
2598,hh_2598,37,NA,NA,F
2599,hh_2599,57,NA,NA,M
2600,hh_2600,28,NA,NA,M
2601,hh_2601,72,NA,NA,M
2602,hh_2602,47,NA,NA,F
2603,hh_2603,32,NA,NA,M
2604,hh_2604,30,NA,NA,F
2605,hh_2605,49,NA,NA,F
2606,hh_2606,31,NA,NA,F
2607,hh_2607,19,NA,NA,F
2608,hh_2608,36,NA,NA,F
2609,hh_2609,24,NA,NA,M
2610,hh_2610,62,NA,NA,F
2611,hh_2611,34,NA,NA,F
2612,hh_2612,36,NA,NA,F
2613,hh_2613,38,NA,NA,F
2614,hh_2614,70,NA,NA,M
2615,hh_2615,53,NA,NA,F
2616,hh_2616,41,NA,NA,F
2617,hh_2617,47,NA,NA,M
2618,hh_2618,28,NA,NA,F
2619,hh_2619,48,NA,NA,F
2620,hh_2620,67,NA,NA,F
2621,hh_2621,30,NA,NA,F
2622,hh_2622,40,NA,NA,F
2623,hh_2623,30,NA,NA,M
2624,hh_2624,28,NA,NA,M
2625,hh_2625,47,NA,NA,F
2626,hh_2626,35,NA,NA,M
2627,hh_2627,40,NA,NA,F
2628,hh_2628,37,NA,NA,M
2629,hh_2629,27,NA,NA,F
2630,hh_2630,62,NA,NA,M
2631,hh_2631,48,NA,NA,M
2632,hh_2632,26,NA,NA,F
2633,hh_2633,37,NA,NA,F
2634,hh_2634,59,NA,NA,M
2635,hh_2635,35,NA,NA,F
2636,hh_2636,24,NA,NA,F
2637,hh_2637,61,NA,NA,M
2638,hh_2638,19,NA,NA,F
2639,hh_2639,27,NA,NA,M
2640,hh_2640,28,NA,NA,F
2641,hh_2641,40,NA,NA,F
2642,hh_2642,52,NA,NA,F
2643,hh_2643,38,NA,NA,F
2644,hh_2644,34,NA,NA,F
2645,hh_2645,38,NA,NA,F
2646,hh_2646,69,NA,NA,M
2647,hh_2647,30,NA,NA,F
2648,hh_2648,34,NA,NA,M
2649,hh_2649,24,NA,NA,F
2650,hh_2650,65,NA,NA,F
2651,hh_2651,23,NA,NA,F
2652,hh_2652,35,NA,NA,M
2653,hh_2653,35,NA,NA,F
2654,hh_2654,33,NA,NA,M
2655,hh_2655,44,NA,NA,F
2656,hh_2656,32,NA,NA,F
2657,hh_2657,31,NA,NA,F
2658,hh_2658,27,NA,NA,F
2659,hh_2659,23,NA,NA,NA
2660,hh_2660,38,NA,NA,F
2661,hh_2661,41,NA,NA,M
2662,hh_2662,40,NA,NA,M
2663,hh_2663,22,NA,NA,F
2664,hh_2664,45,NA,NA,M
2665,hh_2665,26,NA,NA,M
2666,hh_2666,23,NA,NA,M
2667,hh_2667,51,NA,NA,F
2668,hh_2668,52,NA,NA,F
2669,hh_2669,19,NA,NA,F
2670,hh_2670,68,NA,NA,M
2671,hh_2671,30,NA,NA,F
2672,hh_2672,34,NA,NA,M
2673,hh_2673,32,NA,NA,F
2674,hh_2674,29,NA,NA,F
2675,hh_2675,32,NA,NA,F
2676,hh_2676,45,NA,NA,M
2677,hh_2677,26,NA,NA,F
2678,hh_2678,33,NA,NA,F
2679,hh_2679,28,NA,NA,F
2680,hh_2680,26,NA,NA,F
2681,hh_2681,54,NA,NA,M
2682,hh_2682,27,NA,NA,F
2683,hh_2683,41,NA,NA,M
2684,hh_2684,37,NA,NA,M
2685,hh_2685,36,NA,NA,M
2686,hh_2686,23,NA,NA,M
2687,hh_2687,44,NA,NA,F
2688,hh_2688,38,NA,NA,F
2689,hh_2689,35,NA,NA,F
2690,hh_2690,23,NA,NA,F
2691,hh_2691,25,NA,NA,F
2692,hh_2692,38,NA,NA,M
2694,hh_2694,39,NA,NA,F
2695,hh_2695,28,NA,NA,F
2696,hh_2696,29,NA,NA,F
2697,hh_2697,71,NA,NA,F
2698,hh_2698,37,NA,NA,M
2699,hh_2699,58,NA,NA,F
2700,hh_2700,28,NA,NA,M
2701,hh_2701,59,NA,NA,F
2702,hh_2702,36,NA,NA,F
2703,hh_2703,65,NA,NA,M
2704,hh_2704,33,NA,NA,F
2705,hh_2705,42,NA,NA,F
2706,hh_2706,26,NA,NA,F
2707,hh_2707,26,NA,NA,F
2708,hh_2708,54,NA,NA,M
2709,hh_2709,35,NA,NA,F
2710,hh_2710,65,NA,NA,F
2711,hh_2711,22,NA,NA,F
2712,hh_2712,33,NA,NA,F
2713,hh_2713,39,NA,NA,M
2714,hh_2714,55,NA,NA,M
2715,hh_2715,68,NA,NA,M
2716,hh_2716,32,NA,NA,M
2717,hh_2717,21,NA,NA,F
2718,hh_2718,39,NA,NA,M
2719,hh_2719,45,NA,NA,M
2720,hh_2720,76,NA,NA,M
2721,hh_2721,25,NA,NA,F
2722,hh_2722,62,NA,NA,M
2723,hh_2723,73,NA,NA,M
2724,hh_2724,42,NA,NA,M
2725,hh_2725,60,NA,NA,M
2726,hh_2726,31,NA,NA,F
2727,hh_2727,65,NA,NA,F
2728,hh_2728,79,NA,NA,M
2729,hh_2729,59,NA,NA,M
2730,hh_2730,44,NA,NA,M
2731,hh_2731,76,NA,NA,M
2732,hh_2732,52,NA,NA,F
2733,hh_2733,49,NA,NA,F
2734,hh_2734,57,NA,NA,F
2735,hh_2735,42,NA,NA,F
2736,hh_2736,53,NA,NA,F
2737,hh_2737,22,NA,NA,F
2738,hh_2738,78,NA,NA,F
2739,hh_2739,79,NA,NA,F
2740,hh_2740,31,NA,NA,M
2741,hh_2741,49,NA,NA,F
2742,hh_2742,29,NA,NA,F
2743,hh_2743,26,NA,NA,F
2744,hh_2744,43,NA,NA,F
2745,hh_2745,46,NA,NA,F
2746,hh_2746,24,NA,NA,M
2747,hh_2747,67,NA,NA,M
2748,hh_2748,63,NA,NA,M
2749,hh_2749,50,NA,NA,F
2750,hh_2750,31,NA,NA,F
2751,hh_2751,53,NA,NA,F
2752,hh_2752,39,NA,NA,F
2753,hh_2753,18,NA,NA,M
2754,hh_2754,35,NA,NA,F
2755,hh_2755,44,NA,NA,M
2756,hh_2756,57,NA,NA,F
2757,hh_2757,63,NA,NA,F
2758,hh_2758,48,NA,NA,M
2759,hh_2759,65,NA,NA,F
2760,hh_2760,41,NA,NA,F
2761,hh_2761,59,NA,NA,F
2762,hh_2762,28,NA,NA,M
2763,hh_2763,29,NA,NA,M
2764,hh_2764,25,NA,NA,F
2765,hh_2765,36,NA,NA,F
2766,hh_2766,54,NA,NA,M
2767,hh_2767,30,NA,NA,F
2768,hh_2768,45,NA,NA,M
2769,hh_2769,37,NA,NA,F
2770,hh_2770,19,NA,NA,F
2771,hh_2771,40,NA,NA,F
2772,hh_2772,30,NA,NA,F
2773,hh_2773,49,NA,NA,M
2774,hh_2774,28,NA,NA,M
2775,hh_2775,21,NA,NA,F
2776,hh_2776,67,NA,NA,M
2777,hh_2777,28,NA,NA,F
2778,hh_2778,25,NA,NA,M
2779,hh_2779,68,NA,NA,M
2780,hh_2780,49,NA,NA,M
2781,hh_2781,38,NA,NA,F
2782,hh_2782,18,NA,NA,F
2783,hh_2783,62,NA,NA,M
2784,hh_2784,67,NA,NA,F
2785,hh_2785,27,NA,NA,M
2786,hh_2786,18,NA,NA,F
2787,hh_2787,48,NA,NA,M
2788,hh_2788,21,NA,NA,F
2789,hh_2789,39,NA,NA,M
2790,hh_2790,30,NA,NA,F
2791,hh_2791,21,NA,NA,M
2792,hh_2792,41,NA,NA,F
2793,hh_2793,40,NA,NA,M
2794,hh_2794,29,NA,NA,F
2795,hh_2795,34,NA,NA,F
2796,hh_2796,32,NA,NA,F
2797,hh_2797,49,NA,NA,M
2798,hh_2798,77,NA,NA,M
2799,hh_2799,62,NA,NA,F
2800,hh_2800,68,NA,NA,M
2801,hh_2801,61,NA,NA,F
2802,hh_2802,19,NA,NA,F
2803,hh_2803,54,NA,NA,F
2804,hh_2804,66,NA,NA,M
2805,hh_2805,19,NA,NA,M
2806,hh_2806,65,NA,NA,M
2807,hh_2807,24,NA,NA,M
2808,hh_2808,63,NA,NA,F
2809,hh_2809,45,NA,NA,F
2810,hh_2810,54,NA,NA,F
2811,hh_2811,23,NA,NA,M
2812,hh_2812,55,NA,NA,M
2813,hh_2813,64,NA,NA,M
2814,hh_2814,55,NA,NA,M
2815,hh_2815,58,NA,NA,M
2816,hh_2816,41,NA,NA,M
2817,hh_2817,65,NA,NA,F
2818,hh_2818,69,NA,NA,F
2819,hh_2819,51,NA,NA,F
2820,hh_2820,55,NA,NA,F
2821,hh_2821,69,NA,NA,F
2822,hh_2822,59,NA,NA,F
2823,hh_2823,45,NA,NA,F
2824,hh_2824,24,NA,NA,F
2825,hh_2825,71,NA,NA,M
2826,hh_2826,72,NA,NA,F
2827,hh_2827,68,NA,NA,M
2828,hh_2828,48,NA,NA,M
2829,hh_2829,53,NA,NA,F
2830,hh_2830,23,NA,NA,F
2831,hh_2831,25,NA,NA,F
2832,hh_2832,59,NA,NA,F
2833,hh_2833,21,NA,NA,M
2834,hh_2834,47,NA,NA,F
2835,hh_2835,24,NA,NA,F
2836,hh_2836,23,NA,NA,F
2837,hh_2837,26,NA,NA,F
2838,hh_2838,60,NA,NA,M
2839,hh_2839,61,NA,NA,F
2840,hh_2840,47,NA,NA,F
2841,hh_2841,24,NA,NA,F
2842,hh_2842,56,NA,NA,F
2843,hh_2843,51,NA,NA,M
2844,hh_2844,57,NA,NA,F
2845,hh_2845,68,NA,NA,F
2846,hh_2846,24,NA,NA,F
2847,hh_2847,54,NA,NA,F
2848,hh_2848,24,NA,NA,M
2849,hh_2849,65,NA,NA,M
2850,hh_2850,57,NA,NA,F
2851,hh_2851,45,NA,NA,M
2852,hh_2852,24,NA,NA,M
2853,hh_2853,24,NA,NA,F
2854,hh_2854,37,NA,NA,F
2855,hh_2855,18,NA,NA,F
2856,hh_2856,67,NA,NA,F
2857,hh_2857,20,NA,NA,F
2858,hh_2858,64,NA,NA,M
2859,hh_2859,19,NA,NA,F
2860,hh_2860,22,NA,NA,F
2861,hh_2861,45,NA,NA,F
2862,hh_2862,22,NA,NA,F
2863,hh_2863,70,NA,NA,F
2864,hh_2864,51,NA,NA,F
2865,hh_2865,19,NA,NA,M
2866,hh_2866,18,NA,NA,F
2867,hh_2867,19,NA,NA,F
2868,hh_2868,46,NA,NA,F
2869,hh_2869,63,NA,NA,F
2870,hh_2870,52,NA,NA,F
2871,hh_2871,18,NA,NA,F
2872,hh_2872,59,NA,NA,F
2873,hh_2873,18,NA,NA,M
2874,hh_2874,46,NA,NA,F
2875,hh_2875,59,NA,NA,M
2876,hh_2876,50,NA,NA,M
2877,hh_2877,24,NA,NA,F
2878,hh_2878,18,NA,NA,M
2879,hh_2879,57,NA,NA,F
2880,hh_2880,45,NA,NA,F
2881,hh_2881,22,NA,NA,F
2882,hh_2882,22,NA,NA,M
2883,hh_2883,53,NA,NA,M
2884,hh_2884,21,NA,NA,M
2885,hh_2885,36,NA,NA,M
2886,hh_2886,43,NA,NA,M
2887,hh_2887,31,NA,NA,F
2888,hh_2888,46,NA,NA,F
2889,hh_2889,39,NA,NA,M
2890,hh_2890,63,NA,NA,F
2891,hh_2891,34,NA,NA,F
2892,hh_2892,42,NA,NA,F
2893,hh_2893,25,NA,NA,M
2894,hh_2894,56,NA,NA,M
2895,hh_2895,32,NA,NA,F
2896,hh_2896,47,NA,NA,F
2897,hh_2897,68,NA,NA,M
2898,hh_2898,51,NA,NA,F
2899,hh_2899,30,NA,NA,F
2900,hh_2900,25,NA,NA,F
2901,hh_2901,46,NA,NA,F
2902,hh_2902,30,NA,NA,F
2903,hh_2903,63,NA,NA,M
2904,hh_2904,41,NA,NA,F
2905,hh_2905,45,NA,NA,F
2906,hh_2906,37,NA,NA,M
2907,hh_2907,19,NA,NA,F
2908,hh_2908,33,NA,NA,F
2909,hh_2909,41,NA,NA,M
2910,hh_2910,18,NA,NA,M
2911,hh_2911,41,NA,NA,F
2912,hh_2912,50,NA,NA,M
2913,hh_2913,35,NA,NA,F
2914,hh_2914,24,NA,NA,F
2915,hh_2915,37,NA,NA,F
2916,hh_2916,64,NA,NA,F
2917,hh_2917,30,NA,NA,F
2918,hh_2918,61,NA,NA,F
2919,hh_2919,43,NA,NA,M
2920,hh_2920,24,NA,NA,F
2921,hh_2921,41,NA,NA,F
2922,hh_2922,26,NA,NA,F
2923,hh_2923,30,NA,NA,M
2924,hh_2924,41,NA,NA,F
2925,hh_2925,32,NA,NA,F
2926,hh_2926,50,NA,NA,F
2927,hh_2927,18,NA,NA,M
2928,hh_2928,53,NA,NA,F
2929,hh_2929,82,NA,NA,F
2930,hh_2930,40,NA,NA,M
2931,hh_2931,26,NA,NA,F
2932,hh_2932,36,NA,NA,M
2933,hh_2933,27,NA,NA,F
2934,hh_2934,18,NA,NA,F
2935,hh_2935,68,NA,NA,F
2936,hh_2936,51,NA,NA,F
2937,hh_2937,66,NA,NA,F
2938,hh_2938,43,NA,NA,F
2939,hh_2939,44,NA,NA,F
2940,hh_2940,35,NA,NA,M
2941,hh_2941,60,NA,NA,F
2942,hh_2942,24,NA,NA,F
2943,hh_2943,41,NA,NA,F
2944,hh_2944,31,NA,NA,F
2945,hh_2945,58,NA,NA,F
2946,hh_2946,54,NA,NA,F
2947,hh_2947,27,NA,NA,F
2948,hh_2948,26,NA,NA,F
2949,hh_2949,34,NA,NA,M
2950,hh_2950,37,NA,NA,F
2951,hh_2951,48,NA,NA,M
2952,hh_2952,25,NA,NA,F
2953,hh_2953,41,NA,NA,F
2954,hh_2954,38,NA,NA,F
2955,hh_2955,20,NA,NA,M
2956,hh_2956,34,NA,NA,F
2957,hh_2957,32,NA,NA,F
2958,hh_2958,42,NA,NA,F
2959,hh_2959,34,NA,NA,F
2960,hh_2960,27,NA,NA,F
2961,hh_2961,42,NA,NA,F
2962,hh_2962,29,NA,NA,M
2963,hh_2963,43,NA,NA,F
2964,hh_2964,45,NA,NA,F
2965,hh_2965,32,NA,NA,F
2966,hh_2966,26,NA,NA,F
2967,hh_2967,42,NA,NA,F
2968,hh_2968,27,NA,NA,F
2969,hh_2969,28,NA,NA,M
2970,hh_2970,35,NA,NA,M
2971,hh_2971,35,NA,NA,F
2972,hh_2972,25,NA,NA,F
2973,hh_2973,58,NA,NA,M
2974,hh_2974,33,NA,NA,F
2975,hh_2975,28,NA,NA,F
2976,hh_2976,34,NA,NA,F
2977,hh_2977,24,NA,NA,F
2978,hh_2978,63,NA,NA,M
2979,hh_2979,51,NA,NA,F
2980,hh_2980,18,NA,NA,M
2981,hh_2981,27,NA,NA,F
2982,hh_2982,35,NA,NA,F
2983,hh_2983,26,NA,NA,F
2984,hh_2984,36,NA,NA,M
2985,hh_2985,36,NA,NA,M
2986,hh_2986,31,NA,NA,F
2987,hh_2987,40,NA,NA,F
2988,hh_2988,64,NA,NA,M
2989,hh_2989,34,NA,NA,F
2990,hh_2990,35,NA,NA,F
2991,hh_2991,58,NA,NA,M
2992,hh_2992,24,NA,NA,M
2993,hh_2993,22,NA,NA,M
2994,hh_2994,28,NA,NA,F
2995,hh_2995,19,NA,NA,F
2996,hh_2996,24,NA,NA,M
2997,hh_2997,22,NA,NA,M
2998,hh_2998,48,NA,NA,M
2999,hh_2999,34,NA,NA,M
3000,hh_3000,32,NA,NA,F
3001,hh_3001,27,NA,NA,M
3002,hh_3002,30,NA,NA,F
3003,hh_3003,45,NA,NA,M
3004,hh_3004,35,NA,NA,F
3005,hh_3005,38,NA,NA,M
3006,hh_3006,28,NA,NA,F
3007,hh_3007,31,NA,NA,F
3008,hh_3008,22,NA,NA,F
3009,hh_3009,21,NA,NA,F
3010,hh_3010,51,NA,NA,F
3011,hh_3011,31,NA,NA,F
3012,hh_3012,44,NA,NA,M
3013,hh_3013,32,NA,NA,F
3014,hh_3014,65,NA,NA,F
3015,hh_3015,18,NA,NA,F
3016,hh_3016,53,NA,NA,F
3017,hh_3017,34,NA,NA,F
3018,hh_3018,29,NA,NA,F
3019,hh_3019,21,NA,NA,F
3020,hh_3020,29,NA,NA,F
3021,hh_3021,35,NA,NA,M
3022,hh_3022,24,NA,NA,M
3023,hh_3023,45,NA,NA,F
3024,hh_3024,27,NA,NA,F
3025,hh_3025,36,NA,NA,F
3026,hh_3026,30,NA,NA,F
3027,hh_3027,24,NA,NA,M
3028,hh_3028,33,NA,NA,F
3029,hh_3029,70,NA,NA,F
3030,hh_3030,29,NA,NA,M
3031,hh_3031,21,NA,NA,M
3032,hh_3032,25,NA,NA,F
3033,hh_3033,35,NA,NA,F
3034,hh_3034,55,NA,NA,M
3035,hh_3035,34,NA,NA,M
3036,hh_3036,28,NA,NA,F
3037,hh_3037,40,NA,NA,F
3038,hh_3038,53,NA,NA,M
3039,hh_3039,49,NA,NA,M
3040,hh_3040,42,NA,NA,M
3041,hh_3041,55,NA,NA,F
3042,hh_3042,25,NA,NA,M
3043,hh_3043,63,NA,NA,M
3044,hh_3044,49,NA,NA,M
3045,hh_3045,30,NA,NA,F
3046,hh_3046,50,NA,NA,M
3047,hh_3047,25,NA,NA,M
3048,hh_3048,29,NA,NA,F
3049,hh_3049,21,NA,NA,F
3050,hh_3050,37,NA,NA,F
3051,hh_3051,26,NA,NA,F
3052,hh_3052,22,NA,NA,F
3053,hh_3053,42,NA,NA,F
3054,hh_3054,49,NA,NA,M
3055,hh_3055,52,NA,NA,F
3056,hh_3056,66,NA,NA,F
3057,hh_3057,41,NA,NA,M
3058,hh_3058,47,NA,NA,F
3059,hh_3059,19,NA,NA,F
3060,hh_3060,36,NA,NA,F
3061,hh_3061,18,NA,NA,F
3062,hh_3062,52,NA,NA,F
3063,hh_3063,28,NA,NA,F
3064,hh_3064,31,NA,NA,M
3065,hh_3065,31,NA,NA,F
3066,hh_3066,40,NA,NA,M
3067,hh_3067,61,NA,NA,M
3068,hh_3068,56,NA,NA,F
3069,hh_3069,36,NA,NA,M
3070,hh_3070,36,NA,NA,F
3071,hh_3071,29,NA,NA,M
3072,hh_3072,67,NA,NA,M
3073,hh_3073,41,NA,NA,M
3074,hh_3074,25,NA,NA,M
3075,hh_3075,24,NA,NA,F
3076,hh_3076,36,NA,NA,M
3077,hh_3077,54,NA,NA,M
3078,hh_3078,24,NA,NA,F
3079,hh_3079,43,NA,NA,F
3080,hh_3080,32,NA,NA,F
3081,hh_3081,38,NA,NA,F
3082,hh_3082,31,NA,NA,F
3083,hh_3083,18,NA,NA,M
3084,hh_3084,48,NA,NA,F
3085,hh_3085,30,NA,NA,F
3086,hh_3086,35,NA,NA,M
3087,hh_3087,35,NA,NA,F
3088,hh_3088,35,NA,NA,F
3089,hh_3089,47,NA,NA,M
3090,hh_3090,24,NA,NA,F
3091,hh_3091,36,NA,NA,F
3092,hh_3092,38,NA,NA,F
3093,hh_3093,31,NA,NA,M
3094,hh_3094,34,NA,NA,M
3095,hh_3095,24,NA,NA,M
3096,hh_3096,19,NA,NA,F
3097,hh_3097,29,NA,NA,F
3098,hh_3098,54,NA,NA,F
3099,hh_3099,34,NA,NA,M
3100,hh_3100,38,NA,NA,F
3101,hh_3101,54,NA,NA,M
3102,hh_3102,58,NA,NA,F
3103,hh_3103,24,NA,NA,M
3104,hh_3104,29,NA,NA,F
3105,hh_3105,34,NA,NA,M
3106,hh_3106,24,NA,NA,F
3107,hh_3107,34,NA,NA,M
3108,hh_3108,21,NA,NA,M
3109,hh_3109,29,NA,NA,M
3110,hh_3110,27,NA,NA,F
3111,hh_3111,56,NA,NA,M
3112,hh_3112,41,NA,NA,M
3113,hh_3113,44,NA,NA,F
3114,hh_3114,56,NA,NA,M
3115,hh_3115,28,NA,NA,F
3116,hh_3116,35,NA,NA,M
3117,hh_3117,38,NA,NA,M
3118,hh_3118,25,NA,NA,M
3119,hh_3119,24,NA,NA,F
3120,hh_3120,38,NA,NA,F
3121,hh_3121,32,NA,NA,M
3122,hh_3122,31,NA,NA,F
3123,hh_3123,28,NA,NA,F
3124,hh_3124,24,NA,NA,F
3125,hh_3125,39,NA,NA,F
3126,hh_3126,28,NA,NA,F
3127,hh_3127,36,NA,NA,F
3128,hh_3128,64,NA,NA,M
3129,hh_3129,22,NA,NA,M
3130,hh_3130,47,NA,NA,F
3131,hh_3131,33,NA,NA,F
3132,hh_3132,23,NA,NA,F
3133,hh_3133,37,NA,NA,F
3134,hh_3134,37,NA,NA,M
3135,hh_3135,33,NA,NA,F
3136,hh_3136,34,NA,NA,M
3137,hh_3137,33,NA,NA,F
3138,hh_3138,37,NA,NA,M
3139,hh_3139,31,NA,NA,M
3140,hh_3140,36,NA,NA,F
3141,hh_3141,49,NA,NA,M
3142,hh_3142,37,NA,NA,F
3143,hh_3143,32,NA,NA,M
3144,hh_3144,30,NA,NA,F
3145,hh_3145,26,NA,NA,F
3146,hh_3146,21,NA,NA,M
3147,hh_3147,41,NA,NA,F
3148,hh_3148,34,NA,NA,F
3149,hh_3149,35,NA,NA,F
3150,hh_3150,36,NA,NA,F
3151,hh_3151,34,NA,NA,F
3152,hh_3152,31,NA,NA,F
3153,hh_3153,35,NA,NA,F
3154,hh_3154,28,NA,NA,F
3155,hh_3155,34,NA,NA,M
3156,hh_3156,56,NA,NA,F
3157,hh_3157,27,NA,NA,F
3158,hh_3158,33,NA,NA,F
3159,hh_3159,41,NA,NA,F
3160,hh_3160,40,NA,NA,F
3161,hh_3161,52,NA,NA,F
3162,hh_3162,28,NA,NA,F
3163,hh_3163,55,NA,NA,M
3164,hh_3164,40,NA,NA,F
3165,hh_3165,40,NA,NA,M
3166,hh_3166,64,NA,NA,M
3167,hh_3167,35,NA,NA,F
3168,hh_3168,26,NA,NA,M
3169,hh_3169,48,NA,NA,F
3170,hh_3170,50,NA,NA,F
3171,hh_3171,19,NA,NA,F
3172,hh_3172,37,NA,NA,F
3173,hh_3173,25,NA,NA,F
3174,hh_3174,36,NA,NA,F
3175,hh_3175,48,NA,NA,F
3176,hh_3176,50,NA,NA,F
3177,hh_3177,39,NA,NA,F
3178,hh_3178,63,NA,NA,M
3179,hh_3179,52,NA,NA,F
3180,hh_3180,37,NA,NA,F
3181,hh_3181,22,NA,NA,NA
3182,hh_3182,49,NA,NA,F
3183,hh_3183,40,NA,NA,F
3184,hh_3184,24,NA,NA,M
3185,hh_3185,46,NA,NA,M
3186,hh_3186,51,NA,NA,M
3187,hh_3187,44,NA,NA,F
3188,hh_3188,63,NA,NA,F
3189,hh_3189,38,NA,NA,F
3190,hh_3190,32,NA,NA,M
3191,hh_3191,44,NA,NA,F
3192,hh_3192,46,NA,NA,M
3193,hh_3193,38,NA,NA,M
3194,hh_3194,38,NA,NA,M
3195,hh_3195,65,NA,NA,M
3196,hh_3196,52,NA,NA,M
3197,hh_3197,70,NA,NA,M
3198,hh_3198,37,NA,NA,M
3199,hh_3199,43,NA,NA,M
3200,hh_3200,36,NA,NA,F
3201,hh_3201,47,NA,NA,M
3202,hh_3202,36,NA,NA,F
3203,hh_3203,36,NA,NA,M
3204,hh_3204,48,NA,NA,M
3205,hh_3205,43,NA,NA,F
3206,hh_3206,37,NA,NA,M
3207,hh_3207,47,NA,NA,M
3208,hh_3208,45,NA,NA,F
3209,hh_3209,53,NA,NA,M
3210,hh_3210,46,NA,NA,M
3211,hh_3211,42,NA,NA,M
3212,hh_3212,57,NA,NA,M
3213,hh_3213,46,NA,NA,F
3214,hh_3214,67,NA,NA,F
3215,hh_3215,68,NA,NA,M
3216,hh_3216,61,NA,NA,F
3217,hh_3217,62,NA,NA,M
3218,hh_3218,66,NA,NA,M
3219,hh_3219,51,NA,NA,F
3220,hh_3220,47,NA,NA,F
3221,hh_3221,69,NA,NA,F
3222,hh_3222,69,NA,NA,M
3223,hh_3223,59,NA,NA,F
3224,hh_3224,64,NA,NA,M
3225,hh_3225,69,NA,NA,M
3226,hh_3226,62,NA,NA,F
3227,hh_3227,61,NA,NA,M
3228,hh_3228,62,NA,NA,F
3229,hh_3229,53,NA,NA,F
3230,hh_3230,61,NA,NA,F
3231,hh_3231,53,NA,NA,F
3232,hh_3232,70,NA,NA,F
3233,hh_3233,56,NA,NA,F
3234,hh_3234,51,NA,NA,F
3235,hh_3235,52,NA,NA,F
3236,hh_3236,61,NA,NA,M
3237,hh_3237,59,NA,NA,F
3238,hh_3238,65,NA,NA,F
3239,hh_3239,46,NA,NA,F
3240,hh_3240,55,NA,NA,F
3241,hh_3241,49,NA,NA,F
3242,hh_3242,57,NA,NA,M
3243,hh_3243,67,NA,NA,F
3244,hh_3244,46,NA,NA,M
3245,hh_3245,61,NA,NA,F
3246,hh_3246,65,NA,NA,F
3247,hh_3247,50,NA,NA,M
3248,hh_3248,67,NA,NA,F
3249,hh_3249,54,NA,NA,F
3250,hh_3250,56,NA,NA,F
3251,hh_3251,56,NA,NA,F
3252,hh_3252,45,NA,NA,M
3253,hh_3253,58,NA,NA,F
3254,hh_3254,57,NA,NA,M
3255,hh_3255,61,NA,NA,F
3256,hh_3256,47,NA,NA,F
3257,hh_3257,62,NA,NA,F
3258,hh_3258,48,NA,NA,F
3259,hh_3259,63,NA,NA,F
3260,hh_3260,58,NA,NA,M
3261,hh_3261,59,NA,NA,F
3262,hh_3262,75,NA,NA,M
3263,hh_3263,51,NA,NA,M
3264,hh_3264,50,NA,NA,F
3265,hh_3265,82,NA,NA,F
3266,hh_3266,64,NA,NA,M
3267,hh_3267,81,NA,NA,F
3268,hh_3268,72,NA,NA,M
3269,hh_3269,61,NA,NA,F
3270,hh_3270,72,NA,NA,F
3271,hh_3271,58,NA,NA,M
3272,hh_3272,47,NA,NA,F
3273,hh_3273,67,NA,NA,F
3274,hh_3274,69,NA,NA,F
3275,hh_3275,65,NA,NA,F
3276,hh_3276,48,NA,NA,F
3277,hh_3277,59,NA,NA,F
3278,hh_3278,55,NA,NA,F
3279,hh_3279,49,NA,NA,F
3280,hh_3280,56,NA,NA,F
3281,hh_3281,65,NA,NA,M
3282,hh_3282,60,NA,NA,M
3283,hh_3283,52,NA,NA,M
3284,hh_3284,52,NA,NA,M
3285,hh_3285,48,NA,NA,F
3286,hh_3286,66,NA,NA,M
3287,hh_3287,70,NA,NA,M
3288,hh_3288,76,NA,NA,F
3289,hh_3289,41,NA,NA,F
3290,hh_3290,54,NA,NA,M
3291,hh_3291,76,NA,NA,M
3292,hh_3292,52,NA,NA,F
3293,hh_3293,65,NA,NA,F
3294,hh_3294,62,NA,NA,F
3295,hh_3295,61,NA,NA,F
3296,hh_3296,66,NA,NA,M
3297,hh_3297,52,NA,NA,F
3298,hh_3298,56,NA,NA,M
3299,hh_3299,68,NA,NA,F
3300,hh_3300,52,NA,NA,M
3301,hh_3301,51,NA,NA,M
3302,hh_3302,71,NA,NA,F
3303,hh_3303,66,NA,NA,M
3304,hh_3304,81,NA,NA,M
3305,hh_3305,82,NA,NA,M
3306,hh_3306,62,NA,NA,M
3307,hh_3307,65,NA,NA,M
3308,hh_3308,60,NA,NA,F
3309,hh_3309,71,NA,NA,F
3310,hh_3310,49,NA,NA,M
3311,hh_3311,49,NA,NA,F
3312,hh_3312,50,NA,NA,F
3313,hh_3313,58,NA,NA,F
3314,hh_3314,53,NA,NA,M
3315,hh_3315,65,NA,NA,M
3316,hh_3316,66,NA,NA,M
3317,hh_3317,56,NA,NA,F
3318,hh_3318,49,NA,NA,M
3319,hh_3319,60,NA,NA,M
3320,hh_3320,66,NA,NA,F
3321,hh_3321,52,NA,NA,M
3322,hh_3322,50,NA,NA,M
3323,hh_3323,48,NA,NA,F
3324,hh_3324,63,NA,NA,F
3325,hh_3325,49,NA,NA,M
3326,hh_3326,50,NA,NA,F
3327,hh_3327,61,NA,NA,M
3328,hh_3328,46,NA,NA,F
3329,hh_3329,50,NA,NA,M
3330,hh_3330,54,NA,NA,F
3331,hh_3331,53,NA,NA,F
3332,hh_3332,71,NA,NA,F
3333,hh_3333,67,NA,NA,M
3334,hh_3334,58,NA,NA,F
3335,hh_3335,50,NA,NA,F
3336,hh_3336,67,NA,NA,F
3337,hh_3337,47,NA,NA,M
3338,hh_3338,55,NA,NA,M
3339,hh_3339,58,NA,NA,F
3340,hh_3340,70,NA,NA,M
3341,hh_3341,59,NA,NA,F
3342,hh_3342,53,NA,NA,M
3343,hh_3343,70,NA,NA,M
3344,hh_3344,59,NA,NA,M
3345,hh_3345,46,NA,NA,M
3346,hh_3346,46,NA,NA,M
3347,hh_3347,55,NA,NA,M
3348,hh_3348,56,NA,NA,M
3349,hh_3349,56,NA,NA,F
3350,hh_3350,58,NA,NA,F
3351,hh_3351,81,NA,NA,M
3352,hh_3352,64,NA,NA,F
3353,hh_3353,53,NA,NA,F
3354,hh_3354,63,NA,NA,M
3355,hh_3355,57,NA,NA,F
3356,hh_3356,48,NA,NA,M
3357,hh_3357,48,NA,NA,M
3358,hh_3358,54,NA,NA,F
3359,hh_3359,64,NA,NA,M
3360,hh_3360,57,NA,NA,M
3361,hh_3361,46,NA,NA,M
3362,hh_3362,57,NA,NA,F
3363,hh_3363,47,NA,NA,M
3364,hh_3364,59,NA,NA,F
3365,hh_3365,63,NA,NA,M
3366,hh_3366,46,NA,NA,F
3367,hh_3367,53,NA,NA,M
3368,hh_3368,83,NA,NA,F
3369,hh_3369,65,NA,NA,F
3370,hh_3370,74,NA,NA,F
3371,hh_3371,59,NA,NA,F
3372,hh_3372,78,NA,NA,F
3373,hh_3373,55,NA,NA,F
3374,hh_3374,70,NA,NA,F
3375,hh_3375,59,NA,NA,M
3376,hh_3376,64,NA,NA,M
3377,hh_3377,75,NA,NA,F
3378,hh_3378,57,NA,NA,F
3379,hh_3379,60,NA,NA,F
3380,hh_3380,62,NA,NA,M
3381,hh_3381,56,NA,NA,F
3382,hh_3382,63,NA,NA,F
3383,hh_3383,67,NA,NA,F
3384,hh_3384,69,NA,NA,M
3385,hh_3385,59,NA,NA,M
3386,hh_3386,56,NA,NA,F
3387,hh_3387,55,NA,NA,M
3388,hh_3388,56,NA,NA,F
3389,hh_3389,62,NA,NA,F
3390,hh_3390,64,NA,NA,M
3391,hh_3391,61,NA,NA,F
3392,hh_3392,55,NA,NA,M
3393,hh_3393,62,NA,NA,F
3394,hh_3394,69,NA,NA,F
3395,hh_3395,64,NA,NA,M
3396,hh_3396,72,NA,NA,F
3397,hh_3397,58,NA,NA,M
3398,hh_3398,57,NA,NA,M
3399,hh_3399,66,NA,NA,M
3400,hh_3400,24,NA,NA,M
3401,hh_3401,56,NA,NA,M
3402,hh_3402,44,NA,NA,F
3403,hh_3403,36,NA,NA,F
3404,hh_3404,57,NA,NA,F
3405,hh_3405,38,NA,NA,F
3406,hh_3406,26,NA,NA,M
3407,hh_3407,42,NA,NA,M
3408,hh_3408,40,NA,NA,F
3409,hh_3409,40,NA,NA,F
3410,hh_3410,27,NA,NA,M
3411,hh_3411,19,NA,NA,F
3412,hh_3412,34,NA,NA,M
3413,hh_3413,35,NA,NA,M
3414,hh_3414,19,NA,NA,M
3415,hh_3415,19,NA,NA,M
3416,hh_3416,37,NA,NA,M
3417,hh_3417,41,NA,NA,M
3418,hh_3418,37,NA,NA,M
3419,hh_3419,42,NA,NA,M
3420,hh_3420,45,NA,NA,F
3421,hh_3421,53,NA,NA,M
3422,hh_3422,41,NA,NA,M
3423,hh_3423,25,NA,NA,F
3424,hh_3424,58,NA,NA,F
3425,hh_3425,49,NA,NA,M
3426,hh_3426,21,NA,NA,M
3427,hh_3427,36,NA,NA,M
3428,hh_3428,40,NA,NA,F
3429,hh_3429,37,NA,NA,F
3430,hh_3430,51,NA,NA,F
3431,hh_3431,41,NA,NA,M
3432,hh_3432,34,NA,NA,F
3433,hh_3433,41,NA,NA,F
3434,hh_3434,31,NA,NA,F
3435,hh_3435,43,NA,NA,M
3436,hh_3436,38,NA,NA,M
3437,hh_3437,22,NA,NA,F
3438,hh_3438,44,NA,NA,F
3439,hh_3439,34,NA,NA,F
3440,hh_3440,68,NA,NA,F
3441,hh_3441,21,NA,NA,M
3442,hh_3442,42,NA,NA,M
3443,hh_3443,18,NA,NA,M
3444,hh_3444,36,NA,NA,M
3445,hh_3445,24,NA,NA,M
3446,hh_3446,33,NA,NA,F
3447,hh_3447,43,NA,NA,F
3448,hh_3448,25,NA,NA,F
3449,hh_3449,24,NA,NA,F
3450,hh_3450,21,NA,NA,M
3451,hh_3451,73,NA,NA,F
3452,hh_3452,33,NA,NA,F
3453,hh_3453,48,NA,NA,M
3454,hh_3454,26,NA,NA,M
3455,hh_3455,47,NA,NA,F
3456,hh_3456,27,NA,NA,F
3457,hh_3457,34,NA,NA,M
3458,hh_3458,35,NA,NA,M
3459,hh_3459,24,NA,NA,F
3460,hh_3460,18,NA,NA,F
3461,hh_3461,30,NA,NA,F
3462,hh_3462,43,NA,NA,F
3463,hh_3463,24,NA,NA,F
3464,hh_3464,37,NA,NA,F
3465,hh_3465,58,NA,NA,M
3466,hh_3466,48,NA,NA,F
3467,hh_3467,35,NA,NA,M
3468,hh_3468,62,NA,NA,F
3469,hh_3469,20,NA,NA,F
3470,hh_3470,63,NA,NA,M
3471,hh_3471,24,NA,NA,M
3472,hh_3472,41,NA,NA,F
3473,hh_3473,31,NA,NA,M
3474,hh_3474,48,NA,NA,F
3475,hh_3475,19,NA,NA,M
3476,hh_3476,40,NA,NA,F
3477,hh_3477,30,NA,NA,F
3478,hh_3478,31,NA,NA,M
3479,hh_3479,19,NA,NA,F
3480,hh_3480,29,NA,NA,M
3481,hh_3481,44,NA,NA,F
3482,hh_3482,22,NA,NA,F
3483,hh_3483,41,NA,NA,M
3484,hh_3484,46,NA,NA,F
3485,hh_3485,32,NA,NA,F
3486,hh_3486,31,NA,NA,F
3487,hh_3487,34,NA,NA,F
3488,hh_3488,23,NA,NA,F
3489,hh_3489,62,NA,NA,M
3490,hh_3490,48,NA,NA,M
3491,hh_3491,36,NA,NA,F
3492,hh_3492,34,NA,NA,F
3493,hh_3493,54,NA,NA,F
3494,hh_3494,24,NA,NA,F
3495,hh_3495,30,NA,NA,F
3496,hh_3496,54,NA,NA,F
3497,hh_3497,32,NA,NA,F
3498,hh_3498,65,NA,NA,M
3499,hh_3499,52,NA,NA,M
3500,hh_3500,24,NA,NA,M
3501,hh_3501,56,NA,NA,M
3502,hh_3502,26,NA,NA,F
3503,hh_3503,63,NA,NA,F
3504,hh_3504,41,NA,NA,M
3505,hh_3505,32,NA,NA,F
3506,hh_3506,33,NA,NA,F
3507,hh_3507,36,NA,NA,F
3508,hh_3508,35,NA,NA,F
3509,hh_3509,18,NA,NA,F
3510,hh_3510,34,NA,NA,M
3511,hh_3511,32,NA,NA,F
3512,hh_3512,37,NA,NA,M
3513,hh_3513,39,NA,NA,F
3514,hh_3514,44,NA,NA,F
3515,hh_3515,20,NA,NA,M
3516,hh_3516,42,NA,NA,F
3517,hh_3517,24,NA,NA,M
3518,hh_3518,30,NA,NA,M
3519,hh_3519,58,NA,NA,M
3520,hh_3520,24,NA,NA,M
3521,hh_3521,28,NA,NA,F
3522,hh_3522,30,NA,NA,F
3523,hh_3523,42,NA,NA,M
3524,hh_3524,22,NA,NA,M
3525,hh_3525,37,NA,NA,F
3526,hh_3526,30,NA,NA,M
3527,hh_3527,41,NA,NA,M
3528,hh_3528,31,NA,NA,F
3529,hh_3529,31,NA,NA,M
3530,hh_3530,35,NA,NA,M
3531,hh_3531,23,NA,NA,F
3532,hh_3532,20,NA,NA,F
3533,hh_3533,30,NA,NA,M
3534,hh_3534,34,NA,NA,M
3535,hh_3535,19,NA,NA,F
3536,hh_3536,18,NA,NA,M
3537,hh_3537,22,NA,NA,F
3538,hh_3538,30,NA,NA,M
3539,hh_3539,29,NA,NA,M
3540,hh_3540,35,NA,NA,F
3541,hh_3541,35,NA,NA,M
3542,hh_3542,32,NA,NA,M
3543,hh_3543,38,NA,NA,F
3544,hh_3544,53,NA,NA,F
3545,hh_3545,36,NA,NA,F
3546,hh_3546,24,NA,NA,M
3547,hh_3547,54,NA,NA,F
3548,hh_3548,60,NA,NA,M
3549,hh_3549,37,NA,NA,M
3550,hh_3550,35,NA,NA,F
3551,hh_3551,32,NA,NA,F
3552,hh_3552,44,NA,NA,F
3553,hh_3553,54,NA,NA,M
3554,hh_3554,29,NA,NA,F
3555,hh_3555,22,NA,NA,F
3556,hh_3556,27,NA,NA,F
3557,hh_3557,31,NA,NA,M
3558,hh_3558,38,NA,NA,M
3559,hh_3559,24,NA,NA,M
3560,hh_3560,33,NA,NA,F
3561,hh_3561,46,NA,NA,F
3562,hh_3562,30,NA,NA,F
3563,hh_3563,47,NA,NA,F
3564,hh_3564,44,NA,NA,M
3565,hh_3565,34,NA,NA,F
3566,hh_3566,34,NA,NA,M
3567,hh_3567,18,NA,NA,F
3568,hh_3568,29,NA,NA,M
3569,hh_3569,31,NA,NA,F
3570,hh_3570,31,NA,NA,M
3571,hh_3571,26,NA,NA,F
3572,hh_3572,23,NA,NA,M
3573,hh_3573,28,NA,NA,F
3574,hh_3574,42,NA,NA,M
3575,hh_3575,19,NA,NA,F
3576,hh_3576,23,NA,NA,F
3577,hh_3577,33,NA,NA,F
3578,hh_3578,26,NA,NA,F
3579,hh_3579,40,NA,NA,F
3580,hh_3580,21,NA,NA,F
3581,hh_3581,28,NA,NA,F
3582,hh_3582,33,NA,NA,M
3583,hh_3583,29,NA,NA,M
3584,hh_3584,50,NA,NA,F
3585,hh_3585,45,NA,NA,M
3586,hh_3586,29,NA,NA,F
3587,hh_3587,35,NA,NA,F
3588,hh_3588,63,NA,NA,F
3589,hh_3589,43,NA,NA,M
3590,hh_3590,25,NA,NA,F
3591,hh_3591,48,NA,NA,F
3592,hh_3592,23,NA,NA,M
3593,hh_3593,70,NA,NA,M
3594,hh_3594,22,NA,NA,F
3595,hh_3595,40,NA,NA,M
3596,hh_3596,41,NA,NA,M
3597,hh_3597,29,NA,NA,F
3598,hh_3598,20,NA,NA,F
3599,hh_3599,30,NA,NA,F
3600,hh_3600,28,NA,NA,F
3601,hh_3601,28,NA,NA,M
3602,hh_3602,32,NA,NA,F
3603,hh_3603,34,NA,NA,M
3604,hh_3604,44,NA,NA,F
3605,hh_3605,38,NA,NA,F
3606,hh_3606,32,NA,NA,F
3607,hh_3607,34,NA,NA,F
3608,hh_3608,46,NA,NA,M
3609,hh_3609,25,NA,NA,F
3610,hh_3610,30,NA,NA,F
3611,hh_3611,25,NA,NA,F
3612,hh_3612,50,NA,NA,M
3613,hh_3613,31,NA,NA,F
3614,hh_3614,25,NA,NA,F
3615,hh_3615,43,NA,NA,F
3616,hh_3616,30,NA,NA,F
3617,hh_3617,37,NA,NA,F
3618,hh_3618,36,NA,NA,M
3619,hh_3619,32,NA,NA,M
3620,hh_3620,61,NA,NA,F
3621,hh_3621,43,NA,NA,F
3622,hh_3622,47,NA,NA,F
3623,hh_3623,27,NA,NA,M
3624,hh_3624,24,NA,NA,F
3625,hh_3625,34,NA,NA,M
3626,hh_3626,27,NA,NA,F
3627,hh_3627,39,NA,NA,M
3628,hh_3628,29,NA,NA,F
3629,hh_3629,42,NA,NA,M
3630,hh_3630,34,NA,NA,F
3631,hh_3631,34,NA,NA,F
3632,hh_3632,63,NA,NA,F
3633,hh_3633,41,NA,NA,M
3634,hh_3634,31,NA,NA,M
3635,hh_3635,30,NA,NA,F
3636,hh_3636,40,NA,NA,F
3637,hh_3637,32,NA,NA,F
3638,hh_3638,34,NA,NA,F
3639,hh_3639,35,NA,NA,M
3640,hh_3640,25,NA,NA,F
3641,hh_3641,30,NA,NA,M
3642,hh_3642,31,NA,NA,F
3643,hh_3643,34,NA,NA,NA
3644,hh_3644,24,NA,NA,M
3645,hh_3645,48,NA,NA,F
3646,hh_3646,29,NA,NA,F
3647,hh_3647,43,NA,NA,F
3648,hh_3648,46,NA,NA,F
3649,hh_3649,44,NA,NA,M
3650,hh_3650,62,NA,NA,F
3651,hh_3651,51,NA,NA,M
3652,hh_3652,40,NA,NA,F
3653,hh_3653,60,NA,NA,M
3654,hh_3654,36,NA,NA,F
3655,hh_3655,36,NA,NA,M
3656,hh_3656,42,NA,NA,M
3657,hh_3657,42,NA,NA,M
3658,hh_3658,39,NA,NA,F
3659,hh_3659,44,NA,NA,F
3660,hh_3660,38,NA,NA,F
3661,hh_3661,37,NA,NA,F
3662,hh_3662,40,NA,NA,M
3663,hh_3663,53,NA,NA,F
3664,hh_3664,49,NA,NA,M
3665,hh_3665,50,NA,NA,F
3666,hh_3666,41,NA,NA,M
3667,hh_3667,73,NA,NA,F
3668,hh_3668,39,NA,NA,F
3669,hh_3669,35,NA,NA,F
3670,hh_3670,38,NA,NA,M
3671,hh_3671,38,NA,NA,F
3672,hh_3672,52,NA,NA,F
3673,hh_3673,36,NA,NA,F
3674,hh_3674,56,NA,NA,F
3675,hh_3675,54,NA,NA,F
3676,hh_3676,60,NA,NA,F
3677,hh_3677,62,NA,NA,M
3678,hh_3678,57,NA,NA,M
3679,hh_3679,46,NA,NA,F
3680,hh_3680,71,NA,NA,M
3681,hh_3681,49,NA,NA,F
3682,hh_3682,45,NA,NA,F
3683,hh_3683,69,NA,NA,F
3684,hh_3684,55,NA,NA,F
3685,hh_3685,47,NA,NA,M
3686,hh_3686,51,NA,NA,M
3687,hh_3687,45,NA,NA,M
3688,hh_3688,50,NA,NA,M
3689,hh_3689,57,NA,NA,M
3690,hh_3690,69,NA,NA,M
3691,hh_3691,45,NA,NA,M
3692,hh_3692,64,NA,NA,M
3693,hh_3693,45,NA,NA,F
3694,hh_3694,71,NA,NA,F
3695,hh_3695,52,NA,NA,F
3696,hh_3696,64,NA,NA,F
3697,hh_3697,66,NA,NA,M
3698,hh_3698,69,NA,NA,F
3699,hh_3699,60,NA,NA,M
3700,hh_3700,50,NA,NA,F
3701,hh_3701,63,NA,NA,F
3702,hh_3702,51,NA,NA,F
3703,hh_3703,74,NA,NA,F
3704,hh_3704,63,NA,NA,F
3705,hh_3705,58,NA,NA,F
3706,hh_3706,54,NA,NA,F
3707,hh_3707,46,NA,NA,F
3708,hh_3708,62,NA,NA,M
3709,hh_3709,53,NA,NA,M
3710,hh_3710,50,NA,NA,M
3711,hh_3711,68,NA,NA,F
3712,hh_3712,69,NA,NA,F
3713,hh_3713,45,NA,NA,F
3714,hh_3714,54,NA,NA,F
3715,hh_3715,63,NA,NA,F
3716,hh_3716,68,NA,NA,F
3717,hh_3717,52,NA,NA,F
3718,hh_3718,53,NA,NA,F
3719,hh_3719,52,NA,NA,M
3720,hh_3720,71,NA,NA,M
3721,hh_3721,46,NA,NA,M
3722,hh_3722,53,NA,NA,F
3723,hh_3723,48,NA,NA,M
3724,hh_3724,66,NA,NA,M
3725,hh_3725,63,NA,NA,F
3726,hh_3726,59,NA,NA,F
3727,hh_3727,61,NA,NA,M
3728,hh_3728,58,NA,NA,M
3729,hh_3729,54,NA,NA,M
3730,hh_3730,75,NA,NA,M
3731,hh_3731,49,NA,NA,F
3732,hh_3732,52,NA,NA,M
3733,hh_3733,47,NA,NA,M
3734,hh_3734,82,NA,NA,F
3735,hh_3735,56,NA,NA,F
3736,hh_3736,61,NA,NA,F
3737,hh_3737,64,NA,NA,F
3738,hh_3738,74,NA,NA,F
3739,hh_3739,75,NA,NA,M
3740,hh_3740,52,NA,NA,M
3741,hh_3741,48,NA,NA,M
3742,hh_3742,62,NA,NA,M
3743,hh_3743,52,NA,NA,M
3744,hh_3744,49,NA,NA,F
3745,hh_3745,53,NA,NA,F
3746,hh_3746,47,NA,NA,F
3747,hh_3747,63,NA,NA,M
3748,hh_3748,51,NA,NA,F
3749,hh_3749,84,NA,NA,M
3750,hh_3750,50,NA,NA,F
3751,hh_3751,59,NA,NA,M
3752,hh_3752,61,NA,NA,M
3753,hh_3753,51,NA,NA,F
3754,hh_3754,64,NA,NA,M
3755,hh_3755,49,NA,NA,F
3756,hh_3756,77,NA,NA,F
3757,hh_3757,63,NA,NA,F
3758,hh_3758,47,NA,NA,F
3759,hh_3759,54,NA,NA,M
3760,hh_3760,49,NA,NA,F
3761,hh_3761,57,NA,NA,M
3762,hh_3762,50,NA,NA,F
3763,hh_3763,62,NA,NA,M
3764,hh_3764,56,NA,NA,F
3765,hh_3765,58,NA,NA,M
3766,hh_3766,57,NA,NA,M
3767,hh_3767,81,NA,NA,M
3768,hh_3768,53,NA,NA,M
3769,hh_3769,49,NA,NA,M
3770,hh_3770,59,NA,NA,F
3771,hh_3771,68,NA,NA,M
3772,hh_3772,77,NA,NA,M
3773,hh_3773,52,NA,NA,F
3774,hh_3774,68,NA,NA,F
3775,hh_3775,54,NA,NA,F
3776,hh_3776,46,NA,NA,M
3777,hh_3777,63,NA,NA,F
3778,hh_3778,53,NA,NA,M
3779,hh_3779,47,NA,NA,M
3780,hh_3780,54,NA,NA,F
3781,hh_3781,62,NA,NA,F
3782,hh_3782,46,NA,NA,F
3783,hh_3783,66,NA,NA,F
3784,hh_3784,50,NA,NA,M
3785,hh_3785,77,NA,NA,F
3786,hh_3786,74,NA,NA,M
3787,hh_3787,53,NA,NA,M
3788,hh_3788,57,NA,NA,F
3789,hh_3789,46,NA,NA,F
3790,hh_3790,55,NA,NA,M
3791,hh_3791,51,NA,NA,F
3792,hh_3792,56,NA,NA,F
3793,hh_3793,51,NA,NA,F
3794,hh_3794,46,NA,NA,M
3795,hh_3795,67,NA,NA,F
3796,hh_3796,57,NA,NA,F
3797,hh_3797,56,NA,NA,M
3798,hh_3798,65,NA,NA,F
3799,hh_3799,60,NA,NA,F
3800,hh_3800,56,NA,NA,M
3801,hh_3801,55,NA,NA,M
3802,hh_3802,57,NA,NA,F
3803,hh_3803,68,NA,NA,F
3804,hh_3804,62,NA,NA,M
3805,hh_3805,66,NA,NA,M
3806,hh_3806,56,NA,NA,M
3807,hh_3807,67,NA,NA,F
3808,hh_3808,64,NA,NA,M
3809,hh_3809,81,NA,NA,M
3810,hh_3810,59,NA,NA,F
3811,hh_3811,58,NA,NA,F
3812,hh_3812,56,NA,NA,M
3813,hh_3813,56,NA,NA,F
3814,hh_3814,76,NA,NA,F
3815,hh_3815,69,NA,NA,M
3816,hh_3816,61,NA,NA,M
3817,hh_3817,61,NA,NA,F
3818,hh_3818,62,NA,NA,M
3819,hh_3819,57,NA,NA,F
3820,hh_3820,57,NA,NA,M
3821,hh_3821,61,NA,NA,F
3822,hh_3822,69,NA,NA,M
3823,hh_3823,60,NA,NA,F
3824,hh_3824,57,NA,NA,F
3825,hh_3825,58,NA,NA,M
3826,hh_3826,56,NA,NA,F
3827,hh_3827,73,NA,NA,M
3828,hh_3828,63,NA,NA,F
3829,hh_3829,71,NA,NA,F
3830,hh_3830,57,NA,NA,F
3831,hh_3831,27,NA,NA,M
3832,hh_3832,24,NA,NA,M
3833,hh_3833,37,NA,NA,F
3834,hh_3834,31,NA,NA,M
3835,hh_3835,40,NA,NA,F
3836,hh_3836,41,NA,NA,M
3837,hh_3837,47,NA,NA,F
3838,hh_3838,43,NA,NA,M
3839,hh_3839,30,NA,NA,F
3840,hh_3840,38,NA,NA,M
3841,hh_3841,33,NA,NA,F
3842,hh_3842,29,NA,NA,M
3843,hh_3843,41,NA,NA,M
3844,hh_3844,29,NA,NA,F
3845,hh_3845,34,NA,NA,M
3846,hh_3846,31,NA,NA,M
3847,hh_3847,41,NA,NA,M
3848,hh_3848,39,NA,NA,F
3849,hh_3849,45,NA,NA,F
3850,hh_3850,34,NA,NA,F
3851,hh_3851,18,NA,NA,F
3852,hh_3852,32,NA,NA,M
3853,hh_3853,79,NA,NA,M
3854,hh_3854,31,NA,NA,F
3855,hh_3855,44,NA,NA,M
3856,hh_3856,51,NA,NA,F
3857,hh_3857,27,NA,NA,F
3858,hh_3858,43,NA,NA,M
3859,hh_3859,35,NA,NA,M
3860,hh_3860,24,NA,NA,F
3861,hh_3861,32,NA,NA,M
3862,hh_3862,28,NA,NA,F
3863,hh_3863,39,NA,NA,M
3864,hh_3864,47,NA,NA,M
3865,hh_3865,34,NA,NA,M
3866,hh_3866,25,NA,NA,F
3867,hh_3867,43,NA,NA,M
3868,hh_3868,55,NA,NA,M
3869,hh_3869,34,NA,NA,F
3870,hh_3870,30,NA,NA,F
3871,hh_3871,41,NA,NA,F
3872,hh_3872,29,NA,NA,F
3873,hh_3873,26,NA,NA,F
3874,hh_3874,28,NA,NA,F
3875,hh_3875,26,NA,NA,F
3876,hh_3876,23,NA,NA,F
3877,hh_3877,25,NA,NA,F
3878,hh_3878,30,NA,NA,F
3879,hh_3879,44,NA,NA,M
3880,hh_3880,26,NA,NA,F
3881,hh_3881,28,NA,NA,F
3882,hh_3882,28,NA,NA,F
3883,hh_3883,37,NA,NA,M
3884,hh_3884,37,NA,NA,M
3885,hh_3885,40,NA,NA,F
3886,hh_3886,19,NA,NA,F
3887,hh_3887,30,NA,NA,F
3888,hh_3888,51,NA,NA,F
3889,hh_3889,36,NA,NA,F
3890,hh_3890,39,NA,NA,M
3891,hh_3891,29,NA,NA,M
3892,hh_3892,26,NA,NA,M
3893,hh_3893,34,NA,NA,F
3894,hh_3894,38,NA,NA,F
3895,hh_3895,24,NA,NA,M
3896,hh_3896,40,NA,NA,F
3897,hh_3897,69,NA,NA,F
3898,hh_3898,59,NA,NA,M
3899,hh_3899,50,NA,NA,M
3900,hh_3900,52,NA,NA,F
3901,hh_3901,25,NA,NA,F
3902,hh_3902,24,NA,NA,M
3903,hh_3903,29,NA,NA,M
3904,hh_3904,50,NA,NA,F
3905,hh_3905,30,NA,NA,M
3906,hh_3906,51,NA,NA,M
3907,hh_3907,36,NA,NA,F
3908,hh_3908,42,NA,NA,M
3909,hh_3909,55,NA,NA,F
3910,hh_3910,49,NA,NA,M
3911,hh_3911,22,NA,NA,F
3912,hh_3912,36,NA,NA,M
3913,hh_3913,32,NA,NA,F
3914,hh_3914,33,NA,NA,M
3915,hh_3915,23,NA,NA,M
3916,hh_3916,32,NA,NA,F
3917,hh_3917,25,NA,NA,F
3918,hh_3918,26,NA,NA,F
3919,hh_3919,41,NA,NA,M
3920,hh_3920,30,NA,NA,M
3921,hh_3921,37,NA,NA,F
3922,hh_3922,28,NA,NA,M
3923,hh_3923,54,NA,NA,F
3924,hh_3924,34,NA,NA,F
3925,hh_3925,24,NA,NA,F
3926,hh_3926,35,NA,NA,F
3927,hh_3927,29,NA,NA,M
3928,hh_3928,36,NA,NA,F
3929,hh_3929,51,NA,NA,F
3930,hh_3930,31,NA,NA,F
3931,hh_3931,31,NA,NA,F
3932,hh_3932,36,NA,NA,M
3933,hh_3933,25,NA,NA,M
3934,hh_3934,29,NA,NA,F
3935,hh_3935,26,NA,NA,F
3936,hh_3936,24,NA,NA,F
3937,hh_3937,29,NA,NA,F
3938,hh_3938,48,NA,NA,F
3939,hh_3939,24,NA,NA,M
3940,hh_3940,43,NA,NA,F
3941,hh_3941,32,NA,NA,F
3942,hh_3942,19,NA,NA,M
3943,hh_3943,36,NA,NA,F
3944,hh_3944,41,NA,NA,F
3945,hh_3945,57,NA,NA,F
3946,hh_3946,31,NA,NA,M
3947,hh_3947,27,NA,NA,F
3948,hh_3948,40,NA,NA,F
3949,hh_3949,25,NA,NA,F
3950,hh_3950,53,NA,NA,F
3951,hh_3951,33,NA,NA,M
3952,hh_3952,61,NA,NA,M
3953,hh_3953,20,NA,NA,F
3954,hh_3954,18,NA,NA,NA
3955,hh_3955,82,NA,NA,F
3956,hh_3956,45,NA,NA,M
3957,hh_3957,25,NA,NA,M
3958,hh_3958,23,NA,NA,F
3959,hh_3959,24,NA,NA,M
3960,hh_3960,39,NA,NA,F
3961,hh_3961,37,NA,NA,F
3962,hh_3962,39,NA,NA,F
3963,hh_3963,33,NA,NA,M
3964,hh_3964,32,NA,NA,M
3965,hh_3965,58,NA,NA,F
3966,hh_3966,28,NA,NA,M
3967,hh_3967,35,NA,NA,M
3968,hh_3968,19,NA,NA,F
3969,hh_3969,22,NA,NA,M
3970,hh_3970,26,NA,NA,F
3971,hh_3971,27,NA,NA,M
3972,hh_3972,18,NA,NA,F
3973,hh_3973,37,NA,NA,M
3974,hh_3974,44,NA,NA,F
3975,hh_3975,29,NA,NA,M
3976,hh_3976,45,NA,NA,M
3977,hh_3977,27,NA,NA,M
3978,hh_3978,20,NA,NA,F
3979,hh_3979,28,NA,NA,M
3980,hh_3980,18,NA,NA,F
3981,hh_3981,24,NA,NA,F
3982,hh_3982,24,NA,NA,F
3983,hh_3983,33,NA,NA,F
3984,hh_3984,27,NA,NA,F
3985,hh_3985,30,NA,NA,M
3986,hh_3986,49,NA,NA,M
3987,hh_3987,32,NA,NA,F
3988,hh_3988,31,NA,NA,F
3989,hh_3989,30,NA,NA,M
3990,hh_3990,28,NA,NA,F
3991,hh_3991,42,NA,NA,F
3992,hh_3992,47,NA,NA,M
3993,hh_3993,19,NA,NA,F
3994,hh_3994,30,NA,NA,M
3995,hh_3995,31,NA,NA,M
3996,hh_3996,33,NA,NA,M
3997,hh_3997,32,NA,NA,F
3998,hh_3998,37,NA,NA,F
3999,hh_3999,34,NA,NA,F
4000,hh_4000,30,NA,NA,F
4001,hh_4001,25,NA,NA,F
4002,hh_4002,27,NA,NA,M
4003,hh_4003,37,NA,NA,F
4004,hh_4004,45,NA,NA,M
4005,hh_4005,22,NA,NA,F
4006,hh_4006,19,NA,NA,M
4007,hh_4007,46,NA,NA,F
4008,hh_4008,20,NA,NA,F
4009,hh_4009,19,NA,NA,F
4010,hh_4010,31,NA,NA,F
4011,hh_4011,24,NA,NA,F
4012,hh_4012,24,NA,NA,M
4013,hh_4013,57,NA,NA,F
4014,hh_4014,19,NA,NA,F
4015,hh_4015,40,NA,NA,M
4016,hh_4016,28,NA,NA,F
4017,hh_4017,23,NA,NA,F
4018,hh_4018,34,NA,NA,F
4019,hh_4019,27,NA,NA,M
4020,hh_4020,30,NA,NA,F
4021,hh_4021,20,NA,NA,F
4022,hh_4022,21,NA,NA,F
4023,hh_4023,21,NA,NA,F
4024,hh_4024,28,NA,NA,M
4025,hh_4025,37,NA,NA,F
4026,hh_4026,28,NA,NA,M
4027,hh_4027,24,NA,NA,M
4028,hh_4028,44,NA,NA,F
4029,hh_4029,42,NA,NA,F
4030,hh_4030,38,NA,NA,F
4031,hh_4031,25,NA,NA,F
4032,hh_4032,32,NA,NA,F
4033,hh_4033,68,NA,NA,F
4034,hh_4034,28,NA,NA,M
4035,hh_4035,33,NA,NA,M
4036,hh_4036,37,NA,NA,F
4037,hh_4037,48,NA,NA,M
4038,hh_4038,40,NA,NA,F
4039,hh_4039,25,NA,NA,F
4040,hh_4040,28,NA,NA,F
4041,hh_4041,62,NA,NA,M
4042,hh_4042,46,NA,NA,F
4043,hh_4043,48,NA,NA,F
4044,hh_4044,36,NA,NA,M
4045,hh_4045,30,NA,NA,M
4046,hh_4046,27,NA,NA,F
4047,hh_4047,24,NA,NA,F
4048,hh_4048,35,NA,NA,F
4049,hh_4049,60,NA,NA,F
4050,hh_4050,22,NA,NA,F
4051,hh_4051,39,NA,NA,F
4052,hh_4052,31,NA,NA,M
4053,hh_4053,32,NA,NA,F
4054,hh_4054,33,NA,NA,M
4055,hh_4055,45,NA,NA,F
4056,hh_4056,28,NA,NA,M
4057,hh_4057,46,NA,NA,F
4058,hh_4058,38,NA,NA,F
4059,hh_4059,29,NA,NA,M
4060,hh_4060,38,NA,NA,M
4061,hh_4061,44,NA,NA,F
4062,hh_4062,43,NA,NA,M
4063,hh_4063,32,NA,NA,F
4064,hh_4064,31,NA,NA,M
4065,hh_4065,20,NA,NA,F
4066,hh_4066,37,NA,NA,M
4067,hh_4067,37,NA,NA,M
4068,hh_4068,41,NA,NA,F
4069,hh_4069,48,NA,NA,M
4070,hh_4070,23,NA,NA,F
4071,hh_4071,49,NA,NA,F
4072,hh_4072,35,NA,NA,F
4073,hh_4073,21,NA,NA,M
4074,hh_4074,40,NA,NA,M
4075,hh_4075,32,NA,NA,F
4076,hh_4076,43,NA,NA,M
4077,hh_4077,61,NA,NA,M
4078,hh_4078,37,NA,NA,F
4079,hh_4079,21,NA,NA,M
4080,hh_4080,35,NA,NA,F
4081,hh_4081,41,NA,NA,M
4082,hh_4082,54,NA,NA,F
4083,hh_4083,20,NA,NA,F
4084,hh_4084,37,NA,NA,F
4085,hh_4085,54,NA,NA,F
4086,hh_4086,65,NA,NA,M
4087,hh_4087,40,NA,NA,F
4088,hh_4088,48,NA,NA,M
4089,hh_4089,39,NA,NA,M
4090,hh_4090,40,NA,NA,F
4091,hh_4091,69,NA,NA,F
4092,hh_4092,67,NA,NA,F
4093,hh_4093,43,NA,NA,M
4094,hh_4094,37,NA,NA,F
4095,hh_4095,25,NA,NA,F
4096,hh_4096,51,NA,NA,F
4097,hh_4097,57,NA,NA,M
4098,hh_4098,40,NA,NA,F
4099,hh_4099,63,NA,NA,M
4100,hh_4100,41,NA,NA,M
4101,hh_4101,48,NA,NA,M
4102,hh_4102,50,NA,NA,M
4103,hh_4103,45,NA,NA,F
4104,hh_4104,50,NA,NA,M
4105,hh_4105,57,NA,NA,M
4106,hh_4106,35,NA,NA,M
4107,hh_4107,41,NA,NA,M
4108,hh_4108,37,NA,NA,F
4109,hh_4109,44,NA,NA,F
4110,hh_4110,41,NA,NA,F
4111,hh_4111,26,NA,NA,M
4112,hh_4112,42,NA,NA,M
4113,hh_4113,37,NA,NA,F
4114,hh_4114,39,NA,NA,F
4115,hh_4115,47,NA,NA,F
4116,hh_4116,47,NA,NA,M
4117,hh_4117,45,NA,NA,F
4118,hh_4118,45,NA,NA,M
4119,hh_4119,49,NA,NA,M
4120,hh_4120,60,NA,NA,M
4121,hh_4121,47,NA,NA,M
4122,hh_4122,48,NA,NA,M
4123,hh_4123,51,NA,NA,F
4124,hh_4124,48,NA,NA,M
4125,hh_4125,54,NA,NA,F
4126,hh_4126,46,NA,NA,M
4127,hh_4127,50,NA,NA,F
4128,hh_4128,53,NA,NA,F
4129,hh_4129,54,NA,NA,F
4130,hh_4130,56,NA,NA,M
4131,hh_4131,78,NA,NA,F
4132,hh_4132,51,NA,NA,F
4133,hh_4133,49,NA,NA,M
4134,hh_4134,69,NA,NA,F
4135,hh_4135,27,NA,NA,F
4136,hh_4136,47,NA,NA,F
4137,hh_4137,51,NA,NA,F
4138,hh_4138,48,NA,NA,F
4139,hh_4139,71,NA,NA,F
4140,hh_4140,48,NA,NA,M
4141,hh_4141,72,NA,NA,F
4142,hh_4142,55,NA,NA,F
4143,hh_4143,47,NA,NA,F
4144,hh_4144,48,NA,NA,F
4145,hh_4145,45,NA,NA,F
4146,hh_4146,67,NA,NA,M
4147,hh_4147,50,NA,NA,F
4148,hh_4148,67,NA,NA,F
4149,hh_4149,58,NA,NA,M
4150,hh_4150,49,NA,NA,F
4151,hh_4151,49,NA,NA,F
4152,hh_4152,66,NA,NA,F
4153,hh_4153,73,NA,NA,F
4154,hh_4154,54,NA,NA,M
4155,hh_4155,47,NA,NA,M
4156,hh_4156,52,NA,NA,M
4157,hh_4157,47,NA,NA,F
4158,hh_4158,59,NA,NA,F
4159,hh_4159,55,NA,NA,M
4160,hh_4160,54,NA,NA,F
4161,hh_4161,48,NA,NA,F
4162,hh_4162,61,NA,NA,F
4163,hh_4163,63,NA,NA,F
4164,hh_4164,64,NA,NA,M
4165,hh_4165,75,NA,NA,M
4166,hh_4166,51,NA,NA,F
4167,hh_4167,65,NA,NA,F
4168,hh_4168,47,NA,NA,M
4169,hh_4169,46,NA,NA,M
4170,hh_4170,57,NA,NA,M
4171,hh_4171,45,NA,NA,M
4172,hh_4172,63,NA,NA,F
4173,hh_4173,49,NA,NA,F
4174,hh_4174,46,NA,NA,F
4175,hh_4175,49,NA,NA,F
4176,hh_4176,47,NA,NA,F
4177,hh_4177,63,NA,NA,M
4178,hh_4178,62,NA,NA,M
4179,hh_4179,47,NA,NA,M
4180,hh_4180,54,NA,NA,M
4181,hh_4181,69,NA,NA,M
4182,hh_4182,47,NA,NA,M
4183,hh_4183,45,NA,NA,M
4184,hh_4184,46,NA,NA,F
4185,hh_4185,64,NA,NA,M
4186,hh_4186,54,NA,NA,F
4187,hh_4187,46,NA,NA,M
4188,hh_4188,50,NA,NA,M
4189,hh_4189,50,NA,NA,M
4190,hh_4190,56,NA,NA,M
4191,hh_4191,64,NA,NA,M
4192,hh_4192,64,NA,NA,F
4193,hh_4193,66,NA,NA,M
4194,hh_4194,54,NA,NA,F
4195,hh_4195,53,NA,NA,F
4196,hh_4196,65,NA,NA,M
4197,hh_4197,70,NA,NA,F
4198,hh_4198,54,NA,NA,M
4199,hh_4199,64,NA,NA,M
4200,hh_4200,59,NA,NA,M
4201,hh_4201,66,NA,NA,F
4202,hh_4202,55,NA,NA,F
4203,hh_4203,59,NA,NA,M
4204,hh_4204,60,NA,NA,F
4205,hh_4205,59,NA,NA,M
4206,hh_4206,72,NA,NA,M
4207,hh_4207,60,NA,NA,F
4208,hh_4208,63,NA,NA,F
4209,hh_4209,66,NA,NA,M
4210,hh_4210,63,NA,NA,F
4211,hh_4211,76,NA,NA,M
4212,hh_4212,59,NA,NA,M
4213,hh_4213,66,NA,NA,M
4214,hh_4214,60,NA,NA,M
4215,hh_4215,71,NA,NA,M
4216,hh_4216,81,NA,NA,F
4217,hh_4217,56,NA,NA,F
4218,hh_4218,56,NA,NA,F
4219,hh_4219,62,NA,NA,M
4220,hh_4220,62,NA,NA,M
4221,hh_4221,64,NA,NA,M
4222,hh_4222,63,NA,NA,M
4223,hh_4223,44,NA,NA,F
4224,hh_4224,75,NA,NA,F
4225,hh_4225,61,NA,NA,M
4226,hh_4226,86,NA,NA,F
4227,hh_4227,77,NA,NA,M
4228,hh_4228,63,NA,NA,M
4229,hh_4229,64,NA,NA,F
4230,hh_4230,28,NA,NA,F
4231,hh_4231,33,NA,NA,F
4232,hh_4232,38,NA,NA,M
4233,hh_4233,54,NA,NA,M
4234,hh_4234,45,NA,NA,F
4235,hh_4235,26,NA,NA,M
4236,hh_4236,52,NA,NA,F
4237,hh_4237,21,NA,NA,M
4238,hh_4238,26,NA,NA,F
4239,hh_4239,31,NA,NA,M
4240,hh_4240,49,NA,NA,F
4241,hh_4241,35,NA,NA,F
4242,hh_4242,29,NA,NA,F
4243,hh_4243,54,NA,NA,F
4244,hh_4244,25,NA,NA,F
4245,hh_4245,35,NA,NA,M
4246,hh_4246,18,NA,NA,M
4247,hh_4247,38,NA,NA,F
4248,hh_4248,33,NA,NA,M
4249,hh_4249,34,NA,NA,M
4250,hh_4250,53,NA,NA,F
4251,hh_4251,27,NA,NA,F
4252,hh_4252,57,NA,NA,M
4253,hh_4253,18,NA,NA,F
4254,hh_4254,21,NA,NA,M
4255,hh_4255,34,NA,NA,M
4256,hh_4256,26,NA,NA,F
4257,hh_4257,29,NA,NA,F
4258,hh_4258,53,NA,NA,F
4259,hh_4259,27,NA,NA,M
4260,hh_4260,38,NA,NA,F
4261,hh_4261,22,NA,NA,F
4262,hh_4262,39,NA,NA,M
4263,hh_4263,51,NA,NA,F
4264,hh_4264,54,NA,NA,M
4265,hh_4265,32,NA,NA,F
4266,hh_4266,40,NA,NA,M
4267,hh_4267,29,NA,NA,M
4268,hh_4268,35,NA,NA,M
4269,hh_4269,40,NA,NA,F
4270,hh_4270,44,NA,NA,F
4271,hh_4271,31,NA,NA,F
4272,hh_4272,34,NA,NA,F
4273,hh_4273,40,NA,NA,M
4274,hh_4274,41,NA,NA,M
4275,hh_4275,44,NA,NA,M
4276,hh_4276,19,NA,NA,M
4277,hh_4277,37,NA,NA,F
4278,hh_4278,72,NA,NA,M
4279,hh_4279,41,NA,NA,M
4280,hh_4280,39,NA,NA,F
4281,hh_4281,35,NA,NA,M
4282,hh_4282,25,NA,NA,F
4283,hh_4283,31,NA,NA,F
4284,hh_4284,48,NA,NA,F
4285,hh_4285,31,NA,NA,F
4286,hh_4286,19,NA,NA,F
4287,hh_4287,20,NA,NA,M
4288,hh_4288,26,NA,NA,F
4289,hh_4289,20,NA,NA,F
4290,hh_4290,34,NA,NA,M
4291,hh_4291,46,NA,NA,F
4292,hh_4292,44,NA,NA,M
4293,hh_4293,26,NA,NA,F
4294,hh_4294,32,NA,NA,F
4295,hh_4295,35,NA,NA,M
4296,hh_4296,37,NA,NA,F
4297,hh_4297,41,NA,NA,M
4298,hh_4298,21,NA,NA,F
4299,hh_4299,25,NA,NA,M
4300,hh_4300,52,NA,NA,M
4301,hh_4301,37,NA,NA,M
4302,hh_4302,53,NA,NA,M
4303,hh_4303,40,NA,NA,F
4304,hh_4304,25,NA,NA,M
4305,hh_4305,44,NA,NA,F
4306,hh_4306,31,NA,NA,F
4307,hh_4307,35,NA,NA,F
4308,hh_4308,44,NA,NA,F
4309,hh_4309,27,NA,NA,F
4310,hh_4310,29,NA,NA,F
4311,hh_4311,47,NA,NA,M
4312,hh_4312,30,NA,NA,M
4313,hh_4313,18,NA,NA,F
4314,hh_4314,69,NA,NA,M
4315,hh_4315,79,NA,NA,F
4316,hh_4316,31,NA,NA,F
4317,hh_4317,32,NA,NA,F
4318,hh_4318,40,NA,NA,F
4319,hh_4319,32,NA,NA,M
4320,hh_4320,28,NA,NA,F
4321,hh_4321,50,NA,NA,M
4322,hh_4322,35,NA,NA,M
4323,hh_4323,44,NA,NA,F
4324,hh_4324,39,NA,NA,M
4325,hh_4325,25,NA,NA,M
4326,hh_4326,28,NA,NA,F
4327,hh_4327,28,NA,NA,F
4328,hh_4328,34,NA,NA,M
4329,hh_4329,39,NA,NA,F
4330,hh_4330,36,NA,NA,F
4331,hh_4331,36,NA,NA,M
4332,hh_4332,23,NA,NA,M
4333,hh_4333,30,NA,NA,F
4334,hh_4334,20,NA,NA,F
4335,hh_4335,35,NA,NA,F
4336,hh_4336,40,NA,NA,M
4337,hh_4337,30,NA,NA,M
4338,hh_4338,25,NA,NA,M
4339,hh_4339,42,NA,NA,M
4340,hh_4340,21,NA,NA,F
4341,hh_4341,46,NA,NA,M
4342,hh_4342,36,NA,NA,F
4343,hh_4343,50,NA,NA,M
4344,hh_4344,35,NA,NA,F
4345,hh_4345,54,NA,NA,F
4346,hh_4346,48,NA,NA,F
4347,hh_4347,35,NA,NA,F
4348,hh_4348,19,NA,NA,M
4349,hh_4349,44,NA,NA,M
4350,hh_4350,51,NA,NA,M
4351,hh_4351,30,NA,NA,M
4352,hh_4352,38,NA,NA,F
4353,hh_4353,27,NA,NA,M
4354,hh_4354,18,NA,NA,M
4355,hh_4355,41,NA,NA,F
4356,hh_4356,41,NA,NA,M
4357,hh_4357,33,NA,NA,F
4358,hh_4358,33,NA,NA,F
4359,hh_4359,26,NA,NA,F
4360,hh_4360,42,NA,NA,F
4361,hh_4361,58,NA,NA,F
4362,hh_4362,44,NA,NA,F
4363,hh_4363,35,NA,NA,F
4364,hh_4364,29,NA,NA,F
4365,hh_4365,47,NA,NA,M
4366,hh_4366,37,NA,NA,F
4367,hh_4367,35,NA,NA,M
4368,hh_4368,24,NA,NA,F
4369,hh_4369,46,NA,NA,F
4370,hh_4370,25,NA,NA,M
4371,hh_4371,35,NA,NA,F
4372,hh_4372,24,NA,NA,F
4373,hh_4373,28,NA,NA,M
4374,hh_4374,38,NA,NA,F
4375,hh_4375,61,NA,NA,F
4376,hh_4376,50,NA,NA,F
4377,hh_4377,40,NA,NA,F
4378,hh_4378,43,NA,NA,M
4379,hh_4379,30,NA,NA,M
4380,hh_4380,70,NA,NA,M
4381,hh_4381,34,NA,NA,F
4382,hh_4382,18,NA,NA,F
4383,hh_4383,28,NA,NA,M
4384,hh_4384,26,NA,NA,F
4385,hh_4385,35,NA,NA,M
4386,hh_4386,43,NA,NA,F
4387,hh_4387,54,NA,NA,F
4388,hh_4388,56,NA,NA,M
4389,hh_4389,32,NA,NA,F
4390,hh_4390,20,NA,NA,F
4391,hh_4391,26,NA,NA,M
4392,hh_4392,43,NA,NA,F
4393,hh_4393,24,NA,NA,F
4394,hh_4394,37,NA,NA,F
4395,hh_4395,37,NA,NA,F
4396,hh_4396,26,NA,NA,F
4397,hh_4397,29,NA,NA,M
4398,hh_4398,40,NA,NA,F
4399,hh_4399,51,NA,NA,F
4400,hh_4400,18,NA,NA,M
4401,hh_4401,20,NA,NA,F
4402,hh_4402,35,NA,NA,F
4403,hh_4403,40,NA,NA,F
4404,hh_4404,18,NA,NA,F
4405,hh_4405,35,NA,NA,M
4406,hh_4406,39,NA,NA,M
4407,hh_4407,36,NA,NA,M
4408,hh_4408,26,NA,NA,F
4409,hh_4409,33,NA,NA,F
4410,hh_4410,36,NA,NA,M
4411,hh_4411,29,NA,NA,F
4412,hh_4412,41,NA,NA,M
4413,hh_4413,25,NA,NA,F
4414,hh_4414,46,NA,NA,M
4415,hh_4415,26,NA,NA,M
4416,hh_4416,59,NA,NA,M
4417,hh_4417,43,NA,NA,F
4418,hh_4418,39,NA,NA,F
4419,hh_4419,24,NA,NA,M
4420,hh_4420,37,NA,NA,F
4421,hh_4421,32,NA,NA,F
4422,hh_4422,25,NA,NA,F
4423,hh_4423,49,NA,NA,F
4424,hh_4424,24,NA,NA,M
4425,hh_4425,53,NA,NA,F
4426,hh_4426,28,NA,NA,F
4427,hh_4427,23,NA,NA,F
4428,hh_4428,22,NA,NA,F
4429,hh_4429,31,NA,NA,F
4430,hh_4430,25,NA,NA,M
4431,hh_4431,37,NA,NA,M
4432,hh_4432,35,NA,NA,F
4433,hh_4433,34,NA,NA,F
4434,hh_4434,26,NA,NA,F
4435,hh_4435,42,NA,NA,M
4436,hh_4436,26,NA,NA,F
4437,hh_4437,30,NA,NA,F
4438,hh_4438,35,NA,NA,F
4439,hh_4439,46,NA,NA,F
4440,hh_4440,39,NA,NA,F
4441,hh_4441,42,NA,NA,M
4442,hh_4442,36,NA,NA,F
4443,hh_4443,20,NA,NA,F
4444,hh_4444,27,NA,NA,F
4445,hh_4445,38,NA,NA,F
4446,hh_4446,34,NA,NA,F
4447,hh_4447,21,NA,NA,M
4448,hh_4448,21,NA,NA,F
4449,hh_4449,19,NA,NA,F
4450,hh_4450,33,NA,NA,M
4451,hh_4451,19,NA,NA,F
4452,hh_4452,30,NA,NA,F
4453,hh_4453,35,NA,NA,M
4454,hh_4454,31,NA,NA,F
4455,hh_4455,21,NA,NA,F
4456,hh_4456,35,NA,NA,M
4457,hh_4457,40,NA,NA,F
4458,hh_4458,34,NA,NA,M
4459,hh_4459,33,NA,NA,M
4460,hh_4460,41,NA,NA,F
4461,hh_4461,28,NA,NA,F
4462,hh_4462,25,NA,NA,F
4463,hh_4463,54,NA,NA,M
4464,hh_4464,57,NA,NA,F
4465,hh_4465,34,NA,NA,M
4466,hh_4466,28,NA,NA,M
4467,hh_4467,38,NA,NA,M
4468,hh_4468,36,NA,NA,M
4469,hh_4469,54,NA,NA,F
4470,hh_4470,34,NA,NA,M
4471,hh_4471,24,NA,NA,F
4472,hh_4472,34,NA,NA,M
4473,hh_4473,24,NA,NA,M
4474,hh_4474,32,NA,NA,M
4475,hh_4475,49,NA,NA,F
4476,hh_4476,34,NA,NA,M
4477,hh_4477,57,NA,NA,F
4478,hh_4478,39,NA,NA,M
4479,hh_4479,29,NA,NA,F
4480,hh_4480,41,NA,NA,F
4481,hh_4481,24,NA,NA,F
4482,hh_4482,32,NA,NA,F
4483,hh_4483,32,NA,NA,M
4484,hh_4484,36,NA,NA,F
4485,hh_4485,33,NA,NA,F
4486,hh_4486,50,NA,NA,M
4487,hh_4487,28,NA,NA,M
4488,hh_4488,51,NA,NA,F
4489,hh_4489,50,NA,NA,F
4490,hh_4490,19,NA,NA,F
4491,hh_4491,18,NA,NA,F
4492,hh_4492,26,NA,NA,F
4493,hh_4493,46,NA,NA,M
4494,hh_4494,32,NA,NA,F
4495,hh_4495,29,NA,NA,F
4496,hh_4496,26,NA,NA,F
4497,hh_4497,31,NA,NA,F
4498,hh_4498,19,NA,NA,F
4499,hh_4499,43,NA,NA,F
4500,hh_4500,41,NA,NA,F
4501,hh_4501,38,NA,NA,M
4502,hh_4502,43,NA,NA,F
4503,hh_4503,30,NA,NA,M
4504,hh_4504,34,NA,NA,M
4505,hh_4505,33,NA,NA,F
4506,hh_4506,22,NA,NA,F
4507,hh_4507,26,NA,NA,F
4508,hh_4508,49,NA,NA,M
4509,hh_4509,59,NA,NA,M
4510,hh_4510,31,NA,NA,F
4511,hh_4511,42,NA,NA,F
4512,hh_4512,18,NA,NA,F
4513,hh_4513,23,NA,NA,F
4514,hh_4514,35,NA,NA,M
4515,hh_4515,39,NA,NA,M
4516,hh_4516,25,NA,NA,M
4517,hh_4517,26,NA,NA,F
4518,hh_4518,18,NA,NA,F
4519,hh_4519,35,NA,NA,F
4520,hh_4520,19,NA,NA,F
4521,hh_4521,69,NA,NA,F
4522,hh_4522,40,NA,NA,F
4523,hh_4523,20,NA,NA,M
4524,hh_4524,27,NA,NA,M
4525,hh_4525,41,NA,NA,F
4526,hh_4526,39,NA,NA,F
4527,hh_4527,19,NA,NA,F
4528,hh_4528,26,NA,NA,F
4529,hh_4529,24,NA,NA,F
4530,hh_4530,23,NA,NA,F
4531,hh_4531,24,NA,NA,F
4532,hh_4532,30,NA,NA,F
4533,hh_4533,42,NA,NA,F
4534,hh_4534,40,NA,NA,F
4535,hh_4535,26,NA,NA,F
4536,hh_4536,35,NA,NA,M
4537,hh_4537,47,NA,NA,F
4538,hh_4538,52,NA,NA,F
4539,hh_4539,35,NA,NA,F
4540,hh_4540,23,NA,NA,F
4541,hh_4541,36,NA,NA,M
4542,hh_4542,50,NA,NA,F
4543,hh_4543,23,NA,NA,F
4544,hh_4544,35,NA,NA,M
4545,hh_4545,18,NA,NA,M
4546,hh_4546,31,NA,NA,F
4547,hh_4547,44,NA,NA,F
4548,hh_4548,22,NA,NA,F
4549,hh_4549,24,NA,NA,F
4550,hh_4550,36,NA,NA,M
4551,hh_4551,76,NA,NA,F
4552,hh_4552,45,NA,NA,M
4553,hh_4553,43,NA,NA,F
4554,hh_4554,24,NA,NA,F
4555,hh_4555,60,NA,NA,M
4556,hh_4556,33,NA,NA,M
4557,hh_4557,23,NA,NA,F
4558,hh_4558,48,NA,NA,F
4559,hh_4559,52,NA,NA,F
4560,hh_4560,54,NA,NA,F
4561,hh_4561,24,NA,NA,F
4562,hh_4562,20,NA,NA,F
4563,hh_4563,20,NA,NA,F
4564,hh_4564,21,NA,NA,F
4565,hh_4565,19,NA,NA,M
4566,hh_4566,51,NA,NA,F
4567,hh_4567,18,NA,NA,F
4568,hh_4568,18,NA,NA,M
4569,hh_4569,58,NA,NA,F
4570,hh_4570,47,NA,NA,F
4571,hh_4571,22,NA,NA,F
4572,hh_4572,24,NA,NA,F
4573,hh_4573,18,NA,NA,F
4574,hh_4574,65,NA,NA,F
4575,hh_4575,24,NA,NA,F
4576,hh_4576,20,NA,NA,F
4577,hh_4577,52,NA,NA,F
4578,hh_4578,63,NA,NA,M
4579,hh_4579,20,NA,NA,F
4580,hh_4580,51,NA,NA,M
4581,hh_4581,65,NA,NA,F
4582,hh_4582,56,NA,NA,M
4583,hh_4583,50,NA,NA,M
4584,hh_4584,55,NA,NA,M
4585,hh_4585,51,NA,NA,F
4586,hh_4586,62,NA,NA,M
4587,hh_4587,56,NA,NA,M
4588,hh_4588,48,NA,NA,F
4589,hh_4589,52,NA,NA,M
4590,hh_4590,62,NA,NA,M
4591,hh_4591,59,NA,NA,F
4592,hh_4592,47,NA,NA,F
4593,hh_4593,46,NA,NA,F
4594,hh_4594,64,NA,NA,M
4595,hh_4595,45,NA,NA,F
4596,hh_4596,49,NA,NA,F
4597,hh_4597,76,NA,NA,M
4598,hh_4598,47,NA,NA,F
4599,hh_4599,52,NA,NA,F
4600,hh_4600,47,NA,NA,F
4601,hh_4601,68,NA,NA,M
4602,hh_4602,46,NA,NA,F
4603,hh_4603,57,NA,NA,M
4604,hh_4604,60,NA,NA,F
4605,hh_4605,54,NA,NA,F
4606,hh_4606,51,NA,NA,F
4607,hh_4607,76,NA,NA,M
4608,hh_4608,51,NA,NA,F
4609,hh_4609,47,NA,NA,F
4610,hh_4610,63,NA,NA,M
4611,hh_4611,58,NA,NA,M
4612,hh_4612,57,NA,NA,M
4613,hh_4613,61,NA,NA,F
4614,hh_4614,45,NA,NA,F
4615,hh_4615,46,NA,NA,M
4616,hh_4616,63,NA,NA,F
4617,hh_4617,58,NA,NA,M
4618,hh_4618,54,NA,NA,F
4619,hh_4619,46,NA,NA,F
4620,hh_4620,61,NA,NA,M
4621,hh_4621,67,NA,NA,M
4622,hh_4622,52,NA,NA,M
4623,hh_4623,50,NA,NA,F
4624,hh_4624,49,NA,NA,F
4625,hh_4625,56,NA,NA,F
4626,hh_4626,46,NA,NA,F
4627,hh_4627,55,NA,NA,F
4628,hh_4628,62,NA,NA,M
4629,hh_4629,50,NA,NA,F
4630,hh_4630,66,NA,NA,F
4631,hh_4631,45,NA,NA,F
4632,hh_4632,60,NA,NA,F
4633,hh_4633,62,NA,NA,M
4634,hh_4634,51,NA,NA,M
4635,hh_4635,50,NA,NA,M
4636,hh_4636,58,NA,NA,F
4637,hh_4637,66,NA,NA,M
4638,hh_4638,47,NA,NA,M
4639,hh_4639,48,NA,NA,M
4640,hh_4640,50,NA,NA,F
4641,hh_4641,48,NA,NA,M
4642,hh_4642,46,NA,NA,F
4643,hh_4643,45,NA,NA,F
4644,hh_4644,54,NA,NA,M
4645,hh_4645,59,NA,NA,M
4646,hh_4646,50,NA,NA,F
4647,hh_4647,70,NA,NA,F
4648,hh_4648,48,NA,NA,M
4649,hh_4649,75,NA,NA,F
4650,hh_4650,65,NA,NA,M
4651,hh_4651,53,NA,NA,M
4652,hh_4652,49,NA,NA,F
4653,hh_4653,58,NA,NA,F
4654,hh_4654,62,NA,NA,F
4655,hh_4655,67,NA,NA,F
4656,hh_4656,55,NA,NA,M
4657,hh_4657,71,NA,NA,M
4658,hh_4658,69,NA,NA,M
4659,hh_4659,69,NA,NA,M
4660,hh_4660,50,NA,NA,M
4661,hh_4661,50,NA,NA,F
4662,hh_4662,44,NA,NA,F
4663,hh_4663,38,NA,NA,M
4664,hh_4664,68,NA,NA,M
4665,hh_4665,26,NA,NA,M
4666,hh_4666,20,NA,NA,F
4667,hh_4667,55,NA,NA,M
4668,hh_4668,36,NA,NA,F
4669,hh_4669,32,NA,NA,M
4670,hh_4670,35,NA,NA,M
4672,hh_4672,23,NA,NA,F
4673,hh_4673,34,NA,NA,F
4674,hh_4674,28,NA,NA,M
4675,hh_4675,43,NA,NA,F
4676,hh_4676,24,NA,NA,F
4677,hh_4677,52,NA,NA,M
4678,hh_4678,53,NA,NA,F
4679,hh_4679,30,NA,NA,M
4680,hh_4680,30,NA,NA,F
4681,hh_4681,37,NA,NA,M
4683,hh_4683,52,NA,NA,M
4684,hh_4684,41,NA,NA,M
4685,hh_4685,30,NA,NA,M
4686,hh_4686,41,NA,NA,F
4687,hh_4687,25,NA,NA,M
4688,hh_4688,30,NA,NA,M
4689,hh_4689,44,NA,NA,F
4690,hh_4690,42,NA,NA,M
4691,hh_4691,36,NA,NA,F
4692,hh_4692,48,NA,NA,M
4694,hh_4694,49,NA,NA,M
4695,hh_4695,37,NA,NA,M
4696,hh_4696,23,NA,NA,M
4697,hh_4697,30,NA,NA,M
4698,hh_4698,23,NA,NA,F
4699,hh_4699,23,NA,NA,M
4700,hh_4700,31,NA,NA,M
4701,hh_4701,22,NA,NA,M
4702,hh_4702,27,NA,NA,M
4703,hh_4703,60,NA,NA,M
4705,hh_4705,44,NA,NA,M
4706,hh_4706,27,NA,NA,M
4707,hh_4707,36,NA,NA,M
4708,hh_4708,35,NA,NA,M
4709,hh_4709,40,NA,NA,M
4710,hh_4710,32,NA,NA,M
4711,hh_4711,38,NA,NA,F
4712,hh_4712,37,NA,NA,M
4713,hh_4713,42,NA,NA,F
4714,hh_4714,54,NA,NA,F
4716,hh_4716,27,NA,NA,F
4717,hh_4717,53,NA,NA,F
4718,hh_4718,70,NA,NA,F
4719,hh_4719,32,NA,NA,F
4720,hh_4720,46,NA,NA,F
4721,hh_4721,41,NA,NA,M
4722,hh_4722,42,NA,NA,M
4723,hh_4723,52,NA,NA,M
4724,hh_4724,44,NA,NA,F
4725,hh_4725,35,NA,NA,F
4727,hh_4727,35,NA,NA,M
4728,hh_4728,23,NA,NA,F
4729,hh_4729,45,NA,NA,F
4730,hh_4730,34,NA,NA,M
4731,hh_4731,33,NA,NA,F
4732,hh_4732,47,NA,NA,M
4733,hh_4733,61,NA,NA,M
4734,hh_4734,41,NA,NA,F
4735,hh_4735,47,NA,NA,F
4736,hh_4736,30,NA,NA,M
4738,hh_4738,26,NA,NA,F
4739,hh_4739,22,NA,NA,M
4740,hh_4740,28,NA,NA,M
4741,hh_4741,35,NA,NA,F
4742,hh_4742,42,NA,NA,F
4743,hh_4743,36,NA,NA,M
4744,hh_4744,44,NA,NA,M
4745,hh_4745,44,NA,NA,M
4746,hh_4746,60,NA,NA,F
4747,hh_4747,50,NA,NA,M
4749,hh_4749,29,NA,NA,M
4750,hh_4750,40,NA,NA,M
4751,hh_4751,50,NA,NA,F
4752,hh_4752,25,NA,NA,F
4753,hh_4753,45,NA,NA,F
4754,hh_4754,53,NA,NA,F
4755,hh_4755,31,NA,NA,F
4756,hh_4756,42,NA,NA,F
4757,hh_4757,50,NA,NA,F
4758,hh_4758,50,NA,NA,F
4760,hh_4760,32,NA,NA,F
4761,hh_4761,27,NA,NA,F
4762,hh_4762,26,NA,NA,F
4763,hh_4763,35,NA,NA,F
4764,hh_4764,83,NA,NA,M
4765,hh_4765,46,NA,NA,M
4766,hh_4766,27,NA,NA,M
4767,hh_4767,51,NA,NA,F
4768,hh_4768,60,NA,NA,M
4769,hh_4769,30,NA,NA,M
4771,hh_4771,40,NA,NA,F
4772,hh_4772,25,NA,NA,M
4773,hh_4773,25,NA,NA,M
4775,hh_4775,38,NA,NA,M
4776,hh_4776,20,NA,NA,M
4777,hh_4777,33,NA,NA,F
4778,hh_4778,29,NA,NA,F
4779,hh_4779,34,NA,NA,F
4780,hh_4780,34,NA,NA,M
4782,hh_4782,36,NA,NA,F
4783,hh_4783,33,NA,NA,M
4784,hh_4784,40,NA,NA,M
4785,hh_4785,23,NA,NA,F
4786,hh_4786,22,NA,NA,F
4787,hh_4787,32,NA,NA,F
4788,hh_4788,37,NA,NA,F
4789,hh_4789,30,NA,NA,F
4790,hh_4790,33,NA,NA,F
4791,hh_4791,42,NA,NA,F
4793,hh_4793,45,NA,NA,F
4794,hh_4794,27,NA,NA,M
4795,hh_4795,57,NA,NA,M
4796,hh_4796,22,NA,NA,M
4797,hh_4797,20,NA,NA,F
4798,hh_4798,24,NA,NA,M
4799,hh_4799,33,NA,NA,F
4800,hh_4800,27,NA,NA,F
4801,hh_4801,25,NA,NA,M
4802,hh_4802,37,NA,NA,F
4804,hh_4804,41,NA,NA,F
4805,hh_4805,31,NA,NA,M
4806,hh_4806,31,NA,NA,M
4807,hh_4807,37,NA,NA,F
4808,hh_4808,25,NA,NA,F
4809,hh_4809,36,NA,NA,F
4810,hh_4810,20,NA,NA,M
4811,hh_4811,25,NA,NA,M
4812,hh_4812,23,NA,NA,F
4813,hh_4813,20,NA,NA,F
4815,hh_4815,29,NA,NA,M
4816,hh_4816,44,NA,NA,F
4817,hh_4817,62,NA,NA,F
4818,hh_4818,46,NA,NA,F
4819,hh_4819,37,NA,NA,F
4820,hh_4820,52,NA,NA,F
4821,hh_4821,18,NA,NA,F
4822,hh_4822,37,NA,NA,F
4823,hh_4823,29,NA,NA,F
4824,hh_4824,34,NA,NA,M
4826,hh_4826,25,NA,NA,M
4827,hh_4827,26,NA,NA,F
4828,hh_4828,34,NA,NA,F
4829,hh_4829,35,NA,NA,F
4830,hh_4830,34,NA,NA,F
4831,hh_4831,40,NA,NA,F
4832,hh_4832,34,NA,NA,F
4833,hh_4833,38,NA,NA,F
4834,hh_4834,28,NA,NA,M
4835,hh_4835,18,NA,NA,M
4837,hh_4837,21,NA,NA,F
4838,hh_4838,42,NA,NA,M
4839,hh_4839,40,NA,NA,F
4840,hh_4840,53,NA,NA,F
4841,hh_4841,27,NA,NA,F
4842,hh_4842,29,NA,NA,F
4843,hh_4843,26,NA,NA,F
4844,hh_4844,32,NA,NA,M
4845,hh_4845,28,NA,NA,F
4846,hh_4846,39,NA,NA,F
4848,hh_4848,44,NA,NA,F
4849,hh_4849,28,NA,NA,F
4850,hh_4850,39,NA,NA,F
4851,hh_4851,48,NA,NA,M
4852,hh_4852,38,NA,NA,F
4853,hh_4853,28,NA,NA,F
4854,hh_4854,29,NA,NA,F
4855,hh_4855,40,NA,NA,F
4856,hh_4856,35,NA,NA,F
4857,hh_4857,25,NA,NA,F
4859,hh_4859,30,NA,NA,F
4860,hh_4860,42,NA,NA,F
4861,hh_4861,53,NA,NA,F
4862,hh_4862,33,NA,NA,M
4863,hh_4863,25,NA,NA,F
4864,hh_4864,26,NA,NA,F
4865,hh_4865,51,NA,NA,F
4866,hh_4866,34,NA,NA,M
4867,hh_4867,38,NA,NA,F
4868,hh_4868,42,NA,NA,F
4870,hh_4870,39,NA,NA,F
4871,hh_4871,41,NA,NA,M
4872,hh_4872,55,NA,NA,M
4873,hh_4873,36,NA,NA,M
4874,hh_4874,34,NA,NA,F
4875,hh_4875,39,NA,NA,F
4876,hh_4876,36,NA,NA,F
4877,hh_4877,35,NA,NA,F
4878,hh_4878,44,NA,NA,F
4879,hh_4879,56,NA,NA,M
4881,hh_4881,41,NA,NA,F
4882,hh_4882,39,NA,NA,F
4883,hh_4883,66,NA,NA,F
4884,hh_4884,50,NA,NA,M
4885,hh_4885,51,NA,NA,M
4886,hh_4886,43,NA,NA,F
4887,hh_4887,37,NA,NA,F
4888,hh_4888,45,NA,NA,F
4889,hh_4889,46,NA,NA,F
4890,hh_4890,38,NA,NA,F
4892,hh_4892,41,NA,NA,F
4893,hh_4893,32,NA,NA,F
4894,hh_4894,40,NA,NA,F
4895,hh_4895,58,NA,NA,M
4896,hh_4896,43,NA,NA,M
4897,hh_4897,58,NA,NA,M
4898,hh_4898,42,NA,NA,M
4899,hh_4899,43,NA,NA,F
4900,hh_4900,40,NA,NA,F
4901,hh_4901,30,NA,NA,M
4903,hh_4903,60,NA,NA,M
4904,hh_4904,62,NA,NA,M
4905,hh_4905,54,NA,NA,M
4906,hh_4906,40,NA,NA,M
4907,hh_4907,51,NA,NA,M
4908,hh_4908,46,NA,NA,M
4909,hh_4909,51,NA,NA,M
4910,hh_4910,51,NA,NA,M
4911,hh_4911,60,NA,NA,F
4912,hh_4912,60,NA,NA,F
4914,hh_4914,37,NA,NA,M
4915,hh_4915,54,NA,NA,M
4916,hh_4916,52,NA,NA,F
4917,hh_4917,59,NA,NA,F
4918,hh_4918,53,NA,NA,F
4919,hh_4919,55,NA,NA,F
4920,hh_4920,49,NA,NA,F
4921,hh_4921,52,NA,NA,F
4922,hh_4922,56,NA,NA,M
4923,hh_4923,60,NA,NA,M
4925,hh_4925,58,NA,NA,F
4926,hh_4926,50,NA,NA,F
4927,hh_4927,57,NA,NA,F
4928,hh_4928,47,NA,NA,M
4929,hh_4929,47,NA,NA,M
4930,hh_4930,48,NA,NA,F
4931,hh_4931,53,NA,NA,M
4932,hh_4932,63,NA,NA,M
4933,hh_4933,60,NA,NA,F
4934,hh_4934,47,NA,NA,F
4936,hh_4936,68,NA,NA,M
4937,hh_4937,56,NA,NA,F
4938,hh_4938,56,NA,NA,F
4939,hh_4939,65,NA,NA,F
4940,hh_4940,45,NA,NA,F
4941,hh_4941,50,NA,NA,M
4942,hh_4942,62,NA,NA,F
4943,hh_4943,55,NA,NA,F
4944,hh_4944,64,NA,NA,M
4945,hh_4945,59,NA,NA,M
4947,hh_4947,51,NA,NA,F
4948,hh_4948,53,NA,NA,M
4949,hh_4949,53,NA,NA,F
4950,hh_4950,55,NA,NA,F
4951,hh_4951,52,NA,NA,M
4952,hh_4952,55,NA,NA,M
4953,hh_4953,52,NA,NA,M
4954,hh_4954,73,NA,NA,M
4955,hh_4955,51,NA,NA,F
4956,hh_4956,53,NA,NA,M
4958,hh_4958,72,NA,NA,M
4959,hh_4959,60,NA,NA,M
4960,hh_4960,54,NA,NA,F
4961,hh_4961,45,NA,NA,F
4962,hh_4962,71,NA,NA,F
4963,hh_4963,52,NA,NA,F
4964,hh_4964,56,NA,NA,F
4965,hh_4965,60,NA,NA,F
4966,hh_4966,50,NA,NA,F
4967,hh_4967,47,NA,NA,M
4969,hh_4969,63,NA,NA,F
4970,hh_4970,60,NA,NA,F
4971,hh_4971,71,NA,NA,F
4972,hh_4972,48,NA,NA,F
4973,hh_4973,54,NA,NA,F
4974,hh_4974,46,NA,NA,M
4975,hh_4975,75,NA,NA,F
5048,hh_5048,37,NA,NA,M
5049,hh_5049,41,NA,NA,F
5050,hh_5050,26,NA,NA,F
5051,hh_5051,34,NA,NA,F
5052,hh_5052,20,NA,NA,F
5053,hh_5053,42,NA,NA,F
5054,hh_5054,25,NA,NA,M
5055,hh_5055,25,NA,NA,F
5056,hh_5056,46,NA,NA,F
5058,hh_5058,28,NA,NA,F
5059,hh_5059,29,NA,NA,F
5060,hh_5060,36,NA,NA,M
5061,hh_5061,24,NA,NA,F
5062,hh_5062,35,NA,NA,M
5063,hh_5063,32,NA,NA,M
5064,hh_5064,34,NA,NA,F
5065,hh_5065,70,NA,NA,M
5066,hh_5066,26,NA,NA,F
5067,hh_5067,37,NA,NA,F
5069,hh_5069,34,NA,NA,M
5070,hh_5070,23,NA,NA,M
5071,hh_5071,27,NA,NA,M
5072,hh_5072,32,NA,NA,F
5073,hh_5073,24,NA,NA,F
5074,hh_5074,28,NA,NA,M
5075,hh_5075,42,NA,NA,F
5076,hh_5076,18,NA,NA,F
5077,hh_5077,29,NA,NA,F
5078,hh_5078,35,NA,NA,F
5080,hh_5080,34,NA,NA,M
5081,hh_5081,53,NA,NA,F
5082,hh_5082,51,NA,NA,M
5083,hh_5083,42,NA,NA,F
5084,hh_5084,26,NA,NA,M
5085,hh_5085,25,NA,NA,F
5086,hh_5086,25,NA,NA,F
5087,hh_5087,36,NA,NA,F
5088,hh_5088,60,NA,NA,F
5089,hh_5089,26,NA,NA,M
5091,hh_5091,19,NA,NA,F
5092,hh_5092,19,NA,NA,F
5093,hh_5093,43,NA,NA,F
5094,hh_5094,25,NA,NA,M
5095,hh_5095,43,NA,NA,F
5096,hh_5096,35,NA,NA,M
5097,hh_5097,25,NA,NA,F
5098,hh_5098,55,NA,NA,F
5099,hh_5099,39,NA,NA,F
5100,hh_5100,37,NA,NA,F
5102,hh_5102,35,NA,NA,F
5103,hh_5103,26,NA,NA,F
5104,hh_5104,46,NA,NA,M
5105,hh_5105,24,NA,NA,F
5106,hh_5106,27,NA,NA,F
5107,hh_5107,34,NA,NA,F
5108,hh_5108,31,NA,NA,M
5109,hh_5109,25,NA,NA,F
5110,hh_5110,44,NA,NA,F
5111,hh_5111,24,NA,NA,F
5113,hh_5113,27,NA,NA,M
5114,hh_5114,36,NA,NA,F
5115,hh_5115,32,NA,NA,M
5116,hh_5116,21,NA,NA,M
5117,hh_5117,31,NA,NA,M
5118,hh_5118,41,NA,NA,M
5119,hh_5119,26,NA,NA,F
5120,hh_5120,34,NA,NA,M
5121,hh_5121,67,NA,NA,M
5122,hh_5122,26,NA,NA,F
5124,hh_5124,23,NA,NA,M
5125,hh_5125,32,NA,NA,F
5126,hh_5126,24,NA,NA,F
5127,hh_5127,37,NA,NA,F
5128,hh_5128,42,NA,NA,F
5129,hh_5129,32,NA,NA,F
5130,hh_5130,41,NA,NA,F
5131,hh_5131,37,NA,NA,M
5132,hh_5132,23,NA,NA,F
5133,hh_5133,30,NA,NA,F
5135,hh_5135,24,NA,NA,F
5136,hh_5136,35,NA,NA,F
5137,hh_5137,26,NA,NA,M
5138,hh_5138,72,NA,NA,M
5139,hh_5139,34,NA,NA,F
5140,hh_5140,71,NA,NA,F
5141,hh_5141,41,NA,NA,F
5142,hh_5142,36,NA,NA,M
5143,hh_5143,25,NA,NA,F
5144,hh_5144,58,NA,NA,F
5146,hh_5146,33,NA,NA,F
5147,hh_5147,42,NA,NA,F
5148,hh_5148,24,NA,NA,F
5149,hh_5149,21,NA,NA,F
5150,hh_5150,34,NA,NA,F
5151,hh_5151,37,NA,NA,F
5152,hh_5152,29,NA,NA,F
5153,hh_5153,73,NA,NA,F
5154,hh_5154,40,NA,NA,M
5155,hh_5155,35,NA,NA,F
5157,hh_5157,40,NA,NA,M
5158,hh_5158,44,NA,NA,F
5159,hh_5159,35,NA,NA,M
5160,hh_5160,21,NA,NA,M
5161,hh_5161,23,NA,NA,F
5162,hh_5162,23,NA,NA,F
5163,hh_5163,36,NA,NA,F
5164,hh_5164,47,NA,NA,F
5165,hh_5165,40,NA,NA,M
5166,hh_5166,19,NA,NA,F
5168,hh_5168,67,NA,NA,F
5169,hh_5169,40,NA,NA,F
5170,hh_5170,32,NA,NA,M
5171,hh_5171,35,NA,NA,M
5172,hh_5172,25,NA,NA,F
5173,hh_5173,29,NA,NA,F
5174,hh_5174,45,NA,NA,F
5175,hh_5175,24,NA,NA,M
5176,hh_5176,24,NA,NA,M
5177,hh_5177,18,NA,NA,F
5179,hh_5179,26,NA,NA,F
5180,hh_5180,57,NA,NA,F
5181,hh_5181,24,NA,NA,F
5182,hh_5182,25,NA,NA,F
5183,hh_5183,30,NA,NA,F
5184,hh_5184,18,NA,NA,F
5185,hh_5185,24,NA,NA,F
5186,hh_5186,24,NA,NA,F
5187,hh_5187,40,NA,NA,F
5188,hh_5188,27,NA,NA,F
5190,hh_5190,42,NA,NA,F
5191,hh_5191,35,NA,NA,F
5192,hh_5192,29,NA,NA,F
5193,hh_5193,45,NA,NA,F
5194,hh_5194,22,NA,NA,M
5195,hh_5195,52,NA,NA,M
5196,hh_5196,54,NA,NA,F
5197,hh_5197,70,NA,NA,M
5198,hh_5198,47,NA,NA,M
5199,hh_5199,42,NA,NA,F
5201,hh_5201,32,NA,NA,F
5202,hh_5202,25,NA,NA,F
5203,hh_5203,54,NA,NA,F
5204,hh_5204,32,NA,NA,F
5205,hh_5205,25,NA,NA,F
5206,hh_5206,38,NA,NA,F
5207,hh_5207,30,NA,NA,F
5208,hh_5208,65,NA,NA,F
5209,hh_5209,56,NA,NA,F
5210,hh_5210,25,NA,NA,F
5212,hh_5212,26,NA,NA,F
5213,hh_5213,39,NA,NA,F
5214,hh_5214,42,NA,NA,M
5215,hh_5215,45,NA,NA,F
5216,hh_5216,39,NA,NA,F
5217,hh_5217,60,NA,NA,F
5218,hh_5218,43,NA,NA,M
5219,hh_5219,18,NA,NA,F
5220,hh_5220,27,NA,NA,M
5221,hh_5221,30,NA,NA,F
5223,hh_5223,35,NA,NA,F
5224,hh_5224,44,NA,NA,F
5225,hh_5225,43,NA,NA,F
5226,hh_5226,37,NA,NA,M
5227,hh_5227,25,NA,NA,M
5228,hh_5228,42,NA,NA,F
5229,hh_5229,41,NA,NA,F
5230,hh_5230,36,NA,NA,M
5231,hh_5231,39,NA,NA,M
5232,hh_5232,45,NA,NA,M
5234,hh_5234,47,NA,NA,M
5235,hh_5235,29,NA,NA,F
5236,hh_5236,30,NA,NA,F
5237,hh_5237,29,NA,NA,F
5238,hh_5238,27,NA,NA,F
5239,hh_5239,28,NA,NA,M
5240,hh_5240,38,NA,NA,M
5241,hh_5241,40,NA,NA,F
5242,hh_5242,68,NA,NA,F
5243,hh_5243,46,NA,NA,M
5245,hh_5245,63,NA,NA,F
5246,hh_5246,45,NA,NA,F
5247,hh_5247,36,NA,NA,F
5248,hh_5248,43,NA,NA,F
5249,hh_5249,43,NA,NA,F
5250,hh_5250,28,NA,NA,M
5251,hh_5251,43,NA,NA,F
5252,hh_5252,73,NA,NA,M
5253,hh_5253,35,NA,NA,M
5254,hh_5254,39,NA,NA,M
5256,hh_5256,51,NA,NA,M
5257,hh_5257,40,NA,NA,M
5258,hh_5258,37,NA,NA,F
5259,hh_5259,43,NA,NA,F
5260,hh_5260,40,NA,NA,F
5261,hh_5261,45,NA,NA,M
5262,hh_5262,36,NA,NA,F
5263,hh_5263,37,NA,NA,F
5264,hh_5264,38,NA,NA,F
5265,hh_5265,57,NA,NA,F
5267,hh_5267,50,NA,NA,F
5268,hh_5268,52,NA,NA,F
5269,hh_5269,88,NA,NA,M
5270,hh_5270,68,NA,NA,M
5271,hh_5271,53,NA,NA,F
5272,hh_5272,58,NA,NA,M
5273,hh_5273,46,NA,NA,M
5274,hh_5274,48,NA,NA,F
5275,hh_5275,52,NA,NA,F
5276,hh_5276,45,NA,NA,F
5278,hh_5278,51,NA,NA,F
5279,hh_5279,64,NA,NA,F
5280,hh_5280,48,NA,NA,F
5281,hh_5281,53,NA,NA,F
5282,hh_5282,48,NA,NA,M
5283,hh_5283,52,NA,NA,M
5284,hh_5284,45,NA,NA,F
5285,hh_5285,52,NA,NA,M
5286,hh_5286,49,NA,NA,M
5287,hh_5287,58,NA,NA,M
5289,hh_5289,52,NA,NA,F
5290,hh_5290,45,NA,NA,F
5291,hh_5291,52,NA,NA,F
5292,hh_5292,53,NA,NA,M
5293,hh_5293,54,NA,NA,F
5294,hh_5294,56,NA,NA,M
5295,hh_5295,60,NA,NA,M
5296,hh_5296,46,NA,NA,F
5297,hh_5297,51,NA,NA,F
5298,hh_5298,67,NA,NA,M
5300,hh_5300,18,NA,NA,F
5301,hh_5301,81,NA,NA,F
5302,hh_5302,60,NA,NA,F
5303,hh_5303,44,NA,NA,F
5304,hh_5304,45,NA,NA,F
5305,hh_5305,67,NA,NA,M
5306,hh_5306,72,NA,NA,M
5307,hh_5307,64,NA,NA,M
5308,hh_5308,53,NA,NA,M
5309,hh_5309,45,NA,NA,M
5311,hh_5311,67,NA,NA,M
5312,hh_5312,47,NA,NA,F
5313,hh_5313,60,NA,NA,M
5314,hh_5314,45,NA,NA,M
5315,hh_5315,56,NA,NA,F
5316,hh_5316,70,NA,NA,M
5317,hh_5317,39,NA,NA,M
5318,hh_5318,49,NA,NA,M
5319,hh_5319,46,NA,NA,F
5320,hh_5320,49,NA,NA,F
5322,hh_5322,52,NA,NA,M
5323,hh_5323,69,NA,NA,M
5324,hh_5324,64,NA,NA,M
5325,hh_5325,58,NA,NA,F
5326,hh_5326,62,NA,NA,M
5327,hh_5327,57,NA,NA,F
5328,hh_5328,48,NA,NA,F
5329,hh_5329,53,NA,NA,F
5330,hh_5330,49,NA,NA,F
5331,hh_5331,51,NA,NA,M
5333,hh_5333,72,NA,NA,F
5334,hh_5334,66,NA,NA,M
5335,hh_5335,56,NA,NA,F
5410,hh_5410,33,NA,NA,F
5411,hh_5411,33,NA,NA,M
5412,hh_5412,54,NA,NA,F
5413,hh_5413,29,NA,NA,F
5414,hh_5414,32,NA,NA,M
5415,hh_5415,28,NA,NA,F
5416,hh_5416,37,NA,NA,M
5417,hh_5417,61,NA,NA,M
5418,hh_5418,33,NA,NA,F
5420,hh_5420,23,NA,NA,F
5421,hh_5421,42,NA,NA,M
5422,hh_5422,28,NA,NA,F
5423,hh_5423,33,NA,NA,F
5424,hh_5424,42,NA,NA,M
5425,hh_5425,40,NA,NA,F
5426,hh_5426,34,NA,NA,F
5427,hh_5427,41,NA,NA,M
5428,hh_5428,57,NA,NA,F
5429,hh_5429,41,NA,NA,F
5431,hh_5431,37,NA,NA,F
5432,hh_5432,32,NA,NA,M
5433,hh_5433,33,NA,NA,M
5434,hh_5434,28,NA,NA,M
5435,hh_5435,47,NA,NA,M
5436,hh_5436,22,NA,NA,F
5437,hh_5437,78,NA,NA,F
5438,hh_5438,20,NA,NA,F
5439,hh_5439,40,NA,NA,M
5440,hh_5440,61,NA,NA,M
5442,hh_5442,29,NA,NA,F
5443,hh_5443,32,NA,NA,F
5444,hh_5444,49,NA,NA,F
5445,hh_5445,53,NA,NA,F
5446,hh_5446,21,NA,NA,M
5447,hh_5447,23,NA,NA,F
5448,hh_5448,31,NA,NA,F
5449,hh_5449,45,NA,NA,F
5450,hh_5450,37,NA,NA,F
5451,hh_5451,44,NA,NA,M
5453,hh_5453,38,NA,NA,F
5454,hh_5454,60,NA,NA,M
5455,hh_5455,60,NA,NA,F
5456,hh_5456,36,NA,NA,M
5457,hh_5457,19,NA,NA,F
5458,hh_5458,50,NA,NA,M
5459,hh_5459,29,NA,NA,F
5460,hh_5460,35,NA,NA,F
5461,hh_5461,25,NA,NA,M
5462,hh_5462,32,NA,NA,M
5464,hh_5464,40,NA,NA,F
5465,hh_5465,21,NA,NA,F
5466,hh_5466,25,NA,NA,F
5467,hh_5467,35,NA,NA,F
5468,hh_5468,33,NA,NA,F
5469,hh_5469,20,NA,NA,M
5470,hh_5470,32,NA,NA,M
5471,hh_5471,40,NA,NA,F
5472,hh_5472,29,NA,NA,F
5473,hh_5473,34,NA,NA,F
5475,hh_5475,57,NA,NA,M
5476,hh_5476,19,NA,NA,F
5477,hh_5477,29,NA,NA,F
5478,hh_5478,33,NA,NA,F
5479,hh_5479,35,NA,NA,F
5480,hh_5480,29,NA,NA,F
5481,hh_5481,31,NA,NA,M
5482,hh_5482,58,NA,NA,M
5483,hh_5483,20,NA,NA,M
5484,hh_5484,49,NA,NA,F
5486,hh_5486,23,NA,NA,F
5487,hh_5487,21,NA,NA,F
5488,hh_5488,30,NA,NA,F
5489,hh_5489,65,NA,NA,F
5490,hh_5490,18,NA,NA,M
5491,hh_5491,25,NA,NA,M
5492,hh_5492,34,NA,NA,F
5493,hh_5493,20,NA,NA,F
5494,hh_5494,30,NA,NA,M
5495,hh_5495,39,NA,NA,F
5497,hh_5497,25,NA,NA,F
5498,hh_5498,53,NA,NA,F
5499,hh_5499,25,NA,NA,M
5500,hh_5500,27,NA,NA,F
5501,hh_5501,34,NA,NA,M
5502,hh_5502,28,NA,NA,F
5503,hh_5503,36,NA,NA,F
5504,hh_5504,51,NA,NA,M
5505,hh_5505,48,NA,NA,M
5506,hh_5506,31,NA,NA,F
5508,hh_5508,35,NA,NA,M
5509,hh_5509,18,NA,NA,F
5510,hh_5510,24,NA,NA,M
5511,hh_5511,22,NA,NA,NA
5512,hh_5512,26,NA,NA,F
5513,hh_5513,43,NA,NA,F
5514,hh_5514,27,NA,NA,F
5515,hh_5515,33,NA,NA,F
5516,hh_5516,52,NA,NA,F
5517,hh_5517,40,NA,NA,F
5519,hh_5519,18,NA,NA,M
5520,hh_5520,43,NA,NA,M
5521,hh_5521,20,NA,NA,F
5522,hh_5522,34,NA,NA,F
5523,hh_5523,23,NA,NA,F
5524,hh_5524,18,NA,NA,F
5525,hh_5525,58,NA,NA,F
5526,hh_5526,42,NA,NA,F
5527,hh_5527,39,NA,NA,F
5528,hh_5528,37,NA,NA,F
5530,hh_5530,30,NA,NA,M
5531,hh_5531,67,NA,NA,F
5532,hh_5532,64,NA,NA,F
5533,hh_5533,19,NA,NA,F
5534,hh_5534,31,NA,NA,F
5535,hh_5535,62,NA,NA,M
5536,hh_5536,51,NA,NA,M
5537,hh_5537,26,NA,NA,F
5538,hh_5538,29,NA,NA,M
5539,hh_5539,35,NA,NA,F
5541,hh_5541,28,NA,NA,F
5542,hh_5542,24,NA,NA,F
5543,hh_5543,51,NA,NA,M
5544,hh_5544,31,NA,NA,M
5545,hh_5545,40,NA,NA,M
5546,hh_5546,32,NA,NA,M
5547,hh_5547,36,NA,NA,F
5548,hh_5548,32,NA,NA,F
5549,hh_5549,30,NA,NA,M
5550,hh_5550,35,NA,NA,M
5552,hh_5552,28,NA,NA,F
5553,hh_5553,21,NA,NA,F
5554,hh_5554,40,NA,NA,F
5555,hh_5555,40,NA,NA,M
5556,hh_5556,31,NA,NA,F
5557,hh_5557,26,NA,NA,M
5558,hh_5558,35,NA,NA,F
5559,hh_5559,19,NA,NA,F
5560,hh_5560,26,NA,NA,F
5561,hh_5561,43,NA,NA,F
5563,hh_5563,46,NA,NA,F
5564,hh_5564,63,NA,NA,M
5565,hh_5565,21,NA,NA,M
5566,hh_5566,77,NA,NA,F
5567,hh_5567,38,NA,NA,F
5568,hh_5568,49,NA,NA,F
5569,hh_5569,27,NA,NA,F
5570,hh_5570,37,NA,NA,F
5571,hh_5571,38,NA,NA,F
5572,hh_5572,45,NA,NA,F
5574,hh_5574,48,NA,NA,F
5575,hh_5575,41,NA,NA,F
5576,hh_5576,58,NA,NA,M
5577,hh_5577,39,NA,NA,F
5578,hh_5578,26,NA,NA,M
5579,hh_5579,31,NA,NA,F
5580,hh_5580,29,NA,NA,F
5581,hh_5581,42,NA,NA,M
5582,hh_5582,74,NA,NA,M
5583,hh_5583,45,NA,NA,M
5585,hh_5585,43,NA,NA,F
5586,hh_5586,49,NA,NA,M
5587,hh_5587,53,NA,NA,F
5588,hh_5588,34,NA,NA,F
5589,hh_5589,41,NA,NA,F
5590,hh_5590,41,NA,NA,F
5591,hh_5591,44,NA,NA,F
5592,hh_5592,59,NA,NA,M
5593,hh_5593,43,NA,NA,M
5594,hh_5594,60,NA,NA,M
5596,hh_5596,39,NA,NA,M
5597,hh_5597,37,NA,NA,M
5598,hh_5598,25,NA,NA,M
5599,hh_5599,35,NA,NA,F
5600,hh_5600,60,NA,NA,F
5601,hh_5601,53,NA,NA,F
5602,hh_5602,37,NA,NA,F
5603,hh_5603,46,NA,NA,F
5604,hh_5604,51,NA,NA,M
5605,hh_5605,46,NA,NA,M
5607,hh_5607,35,NA,NA,M
5608,hh_5608,22,NA,NA,F
5609,hh_5609,61,NA,NA,F
5610,hh_5610,54,NA,NA,F
5611,hh_5611,44,NA,NA,F
5612,hh_5612,66,NA,NA,M
5613,hh_5613,38,NA,NA,M
5614,hh_5614,52,NA,NA,F
5615,hh_5615,39,NA,NA,F
5616,hh_5616,40,NA,NA,M
5618,hh_5618,54,NA,NA,F
5619,hh_5619,53,NA,NA,M
5620,hh_5620,53,NA,NA,F
5621,hh_5621,45,NA,NA,M
5622,hh_5622,54,NA,NA,M
5623,hh_5623,64,NA,NA,F
5624,hh_5624,57,NA,NA,M
5625,hh_5625,60,NA,NA,M
5626,hh_5626,58,NA,NA,M
5627,hh_5627,49,NA,NA,F
5629,hh_5629,57,NA,NA,M
5630,hh_5630,55,NA,NA,F
5631,hh_5631,45,NA,NA,F
5632,hh_5632,61,NA,NA,M
5633,hh_5633,31,NA,NA,F
5634,hh_5634,70,NA,NA,M
5635,hh_5635,53,NA,NA,F
5636,hh_5636,57,NA,NA,M
5637,hh_5637,54,NA,NA,M
5638,hh_5638,48,NA,NA,M
5640,hh_5640,67,NA,NA,M
5641,hh_5641,46,NA,NA,M
5642,hh_5642,54,NA,NA,M
5643,hh_5643,54,NA,NA,F
5644,hh_5644,74,NA,NA,F
5645,hh_5645,48,NA,NA,F
5646,hh_5646,79,NA,NA,F
5647,hh_5647,47,NA,NA,F
5648,hh_5648,56,NA,NA,M
5649,hh_5649,57,NA,NA,F
5651,hh_5651,71,NA,NA,M
5652,hh_5652,54,NA,NA,M
5653,hh_5653,79,NA,NA,M
5654,hh_5654,55,NA,NA,M
5655,hh_5655,44,NA,NA,F
5656,hh_5656,58,NA,NA,M
5657,hh_5657,65,NA,NA,F
5658,hh_5658,60,NA,NA,M
5659,hh_5659,46,NA,NA,F
5660,hh_5660,80,NA,NA,M
5662,hh_5662,47,NA,NA,M
5663,hh_5663,55,NA,NA,F
5664,hh_5664,57,NA,NA,F
5665,hh_5665,59,NA,NA,M
5666,hh_5666,72,NA,NA,M
5667,hh_5667,47,NA,NA,F
5668,hh_5668,53,NA,NA,F
5669,hh_5669,47,NA,NA,M
5670,hh_5670,67,NA,NA,M
5671,hh_5671,62,NA,NA,F
5673,hh_5673,57,NA,NA,M
5674,hh_5674,46,NA,NA,F
5675,hh_5675,49,NA,NA,F
5676,hh_5676,59,NA,NA,F
5677,hh_5677,51,NA,NA,F
5678,hh_5678,56,NA,NA,F
5679,hh_5679,56,NA,NA,M
5680,hh_5680,60,NA,NA,M
5681,hh_5681,54,NA,NA,M
5682,hh_5682,46,NA,NA,F
5684,hh_5684,54,NA,NA,M
5685,hh_5685,46,NA,NA,M
5686,hh_5686,54,NA,NA,F
5687,hh_5687,52,NA,NA,F
5688,hh_5688,18,NA,NA,F
5689,hh_5689,53,NA,NA,M
5690,hh_5690,60,NA,NA,M
5691,hh_5691,64,NA,NA,F
5692,hh_5692,45,NA,NA,F
5693,hh_5693,55,NA,NA,M
5695,hh_5695,54,NA,NA,F
5696,hh_5696,67,NA,NA,F
5697,hh_5697,45,NA,NA,F
5698,hh_5698,47,NA,NA,M
5699,hh_5699,45,NA,NA,M
5700,hh_5700,46,NA,NA,M
5701,hh_5701,61,NA,NA,M
5702,hh_5702,50,NA,NA,M
5703,hh_5703,45,NA,NA,M
5704,hh_5704,45,NA,NA,NA
5706,hh_5706,48,NA,NA,F
5707,hh_5707,56,NA,NA,F
5708,hh_5708,52,NA,NA,M
5709,hh_5709,54,NA,NA,M
5710,hh_5710,50,NA,NA,M
5711,hh_5711,51,NA,NA,M
5712,hh_5712,49,NA,NA,M
5713,hh_5713,58,NA,NA,M
5714,hh_5714,57,NA,NA,F
5715,hh_5715,51,NA,NA,F
5717,hh_5717,57,NA,NA,F
5718,hh_5718,61,NA,NA,M
5719,hh_5719,66,NA,NA,F
5720,hh_5720,56,NA,NA,M
5721,hh_5721,62,NA,NA,M
5722,hh_5722,63,NA,NA,M
5723,hh_5723,61,NA,NA,F
5724,hh_5724,65,NA,NA,F
5725,hh_5725,61,NA,NA,M
5726,hh_5726,57,NA,NA,M
5728,hh_5728,71,NA,NA,M
5729,hh_5729,61,NA,NA,M
5730,hh_5730,67,NA,NA,M
5731,hh_5731,63,NA,NA,M
5732,hh_5732,56,NA,NA,F
5733,hh_5733,56,NA,NA,M
5734,hh_5734,58,NA,NA,M
5735,hh_5735,59,NA,NA,F
5736,hh_5736,68,NA,NA,M
5737,hh_5737,57,NA,NA,F
5739,hh_5739,65,NA,NA,M
5740,hh_5740,75,NA,NA,M
5741,hh_5741,58,NA,NA,F
5742,hh_5742,59,NA,NA,M
5743,hh_5743,64,NA,NA,M
5744,hh_5744,65,NA,NA,M
5745,hh_5745,80,NA,NA,F
5746,hh_5746,64,NA,NA,M
5747,hh_5747,64,NA,NA,M
5748,hh_5748,57,NA,NA,M
5750,hh_5750,58,NA,NA,M
5751,hh_5751,59,NA,NA,M
5752,hh_5752,66,NA,NA,M
5753,hh_5753,63,NA,NA,F
5754,hh_5754,57,NA,NA,F
5755,hh_5755,57,NA,NA,M
5756,hh_5756,61,NA,NA,F
5757,hh_5757,72,NA,NA,M
5758,hh_5758,66,NA,NA,M
5759,hh_5759,67,NA,NA,F
5761,hh_5761,82,NA,NA,M
5830,hh_5830,41,NA,NA,M
5831,hh_5831,19,NA,NA,F
5832,hh_5832,19,NA,NA,F
5833,hh_5833,29,NA,NA,M
5834,hh_5834,19,NA,NA,M
5835,hh_5835,41,NA,NA,F
5836,hh_5836,50,NA,NA,F
5837,hh_5837,28,NA,NA,F
5838,hh_5838,38,NA,NA,M
5840,hh_5840,43,NA,NA,M
5841,hh_5841,28,NA,NA,F
5842,hh_5842,30,NA,NA,M
5843,hh_5843,27,NA,NA,F
5844,hh_5844,27,NA,NA,F
5845,hh_5845,31,NA,NA,F
5846,hh_5846,37,NA,NA,M
5847,hh_5847,23,NA,NA,M
5848,hh_5848,44,NA,NA,F
5849,hh_5849,26,NA,NA,F
5851,hh_5851,24,NA,NA,M
5852,hh_5852,52,NA,NA,F
5853,hh_5853,36,NA,NA,F
5854,hh_5854,39,NA,NA,F
5855,hh_5855,30,NA,NA,F
5856,hh_5856,25,NA,NA,M
5857,hh_5857,19,NA,NA,F
5858,hh_5858,55,NA,NA,M
5859,hh_5859,33,NA,NA,F
5860,hh_5860,38,NA,NA,F
5862,hh_5862,43,NA,NA,F
5863,hh_5863,40,NA,NA,M
5864,hh_5864,42,NA,NA,F
5865,hh_5865,27,NA,NA,M
5866,hh_5866,32,NA,NA,M
5867,hh_5867,18,NA,NA,M
5868,hh_5868,21,NA,NA,M
5869,hh_5869,28,NA,NA,M
5870,hh_5870,51,NA,NA,F
5871,hh_5871,25,NA,NA,M
5873,hh_5873,29,NA,NA,F
5874,hh_5874,27,NA,NA,F
5875,hh_5875,31,NA,NA,F
5876,hh_5876,37,NA,NA,F
5877,hh_5877,59,NA,NA,F
5878,hh_5878,53,NA,NA,F
5879,hh_5879,24,NA,NA,F
5880,hh_5880,77,NA,NA,M
5881,hh_5881,25,NA,NA,F
5882,hh_5882,53,NA,NA,M
5884,hh_5884,44,NA,NA,F
5885,hh_5885,54,NA,NA,F
5886,hh_5886,42,NA,NA,M
5887,hh_5887,26,NA,NA,F
5888,hh_5888,29,NA,NA,M
5889,hh_5889,31,NA,NA,F
5890,hh_5890,34,NA,NA,M
5891,hh_5891,28,NA,NA,F
5892,hh_5892,18,NA,NA,M
5893,hh_5893,31,NA,NA,F
5895,hh_5895,29,NA,NA,F
5896,hh_5896,19,NA,NA,M
5897,hh_5897,36,NA,NA,F
5898,hh_5898,57,NA,NA,M
5899,hh_5899,19,NA,NA,F
5900,hh_5900,26,NA,NA,F
5901,hh_5901,33,NA,NA,M
5902,hh_5902,24,NA,NA,M
5903,hh_5903,45,NA,NA,F
5904,hh_5904,40,NA,NA,F
5906,hh_5906,37,NA,NA,M
5907,hh_5907,29,NA,NA,F
5908,hh_5908,53,NA,NA,F
5909,hh_5909,44,NA,NA,F
5910,hh_5910,58,NA,NA,F
5911,hh_5911,32,NA,NA,F
5912,hh_5912,32,NA,NA,F
5913,hh_5913,28,NA,NA,F
5914,hh_5914,21,NA,NA,F
5915,hh_5915,47,NA,NA,M
5917,hh_5917,36,NA,NA,M
5918,hh_5918,29,NA,NA,F
5919,hh_5919,18,NA,NA,F
5920,hh_5920,73,NA,NA,M
5921,hh_5921,28,NA,NA,M
5922,hh_5922,27,NA,NA,F
5923,hh_5923,24,NA,NA,M
5924,hh_5924,27,NA,NA,M
5925,hh_5925,41,NA,NA,M
5926,hh_5926,36,NA,NA,F
5928,hh_5928,33,NA,NA,F
5929,hh_5929,28,NA,NA,F
5930,hh_5930,19,NA,NA,M
5931,hh_5931,36,NA,NA,M
5932,hh_5932,25,NA,NA,F
5933,hh_5933,26,NA,NA,M
5934,hh_5934,28,NA,NA,M
5935,hh_5935,18,NA,NA,F
5936,hh_5936,28,NA,NA,F
5937,hh_5937,18,NA,NA,F
5939,hh_5939,31,NA,NA,F
5940,hh_5940,52,NA,NA,M
5941,hh_5941,35,NA,NA,F
5942,hh_5942,56,NA,NA,M
5943,hh_5943,44,NA,NA,F
5944,hh_5944,23,NA,NA,F
5945,hh_5945,24,NA,NA,F
5946,hh_5946,18,NA,NA,F
5947,hh_5947,19,NA,NA,F
5948,hh_5948,37,NA,NA,F
5950,hh_5950,25,NA,NA,M
5951,hh_5951,24,NA,NA,M
5952,hh_5952,34,NA,NA,F
5953,hh_5953,31,NA,NA,F
5954,hh_5954,18,NA,NA,M
5955,hh_5955,25,NA,NA,F
5956,hh_5956,38,NA,NA,M
5957,hh_5957,38,NA,NA,M
5958,hh_5958,38,NA,NA,M
5959,hh_5959,38,NA,NA,M
5961,hh_5961,43,NA,NA,F
5962,hh_5962,36,NA,NA,F
5963,hh_5963,34,NA,NA,M
5964,hh_5964,36,NA,NA,F
5965,hh_5965,55,NA,NA,F
5966,hh_5966,30,NA,NA,F
5967,hh_5967,59,NA,NA,F
5968,hh_5968,50,NA,NA,M
5969,hh_5969,25,NA,NA,F
5970,hh_5970,34,NA,NA,M
5972,hh_5972,21,NA,NA,F
5973,hh_5973,53,NA,NA,F
5974,hh_5974,25,NA,NA,F
5975,hh_5975,55,NA,NA,F
5976,hh_5976,32,NA,NA,F
5977,hh_5977,41,NA,NA,F
5978,hh_5978,28,NA,NA,F
5979,hh_5979,18,NA,NA,M
5980,hh_5980,39,NA,NA,M
5981,hh_5981,28,NA,NA,M
5983,hh_5983,37,NA,NA,F
5984,hh_5984,43,NA,NA,M
5985,hh_5985,24,NA,NA,F
5986,hh_5986,31,NA,NA,F
5987,hh_5987,23,NA,NA,M
5988,hh_5988,31,NA,NA,F
5989,hh_5989,40,NA,NA,F
5990,hh_5990,65,NA,NA,M
5991,hh_5991,59,NA,NA,F
5992,hh_5992,62,NA,NA,M
5994,hh_5994,32,NA,NA,F
5995,hh_5995,24,NA,NA,M
5996,hh_5996,18,NA,NA,F
5997,hh_5997,24,NA,NA,M
5998,hh_5998,30,NA,NA,F
5999,hh_5999,34,NA,NA,F
6000,hh_6000,41,NA,NA,F
6001,hh_6001,34,NA,NA,F
6002,hh_6002,31,NA,NA,F
6003,hh_6003,20,NA,NA,F
6005,hh_6005,33,NA,NA,F
6006,hh_6006,41,NA,NA,F
6007,hh_6007,29,NA,NA,M
6008,hh_6008,23,NA,NA,F
6009,hh_6009,33,NA,NA,F
6010,hh_6010,38,NA,NA,F
6011,hh_6011,33,NA,NA,F
6012,hh_6012,27,NA,NA,F
6013,hh_6013,18,NA,NA,F
6014,hh_6014,33,NA,NA,M
6016,hh_6016,40,NA,NA,M
6017,hh_6017,23,NA,NA,M
6018,hh_6018,33,NA,NA,F
6019,hh_6019,50,NA,NA,F
6020,hh_6020,32,NA,NA,F
6021,hh_6021,33,NA,NA,F
6022,hh_6022,44,NA,NA,F
6023,hh_6023,24,NA,NA,F
6024,hh_6024,35,NA,NA,M
6025,hh_6025,35,NA,NA,M
6027,hh_6027,30,NA,NA,F
6028,hh_6028,50,NA,NA,M
6029,hh_6029,34,NA,NA,F
6030,hh_6030,37,NA,NA,F
6031,hh_6031,45,NA,NA,M
6032,hh_6032,27,NA,NA,M
6033,hh_6033,52,NA,NA,F
6034,hh_6034,37,NA,NA,M
6035,hh_6035,31,NA,NA,M
6036,hh_6036,38,NA,NA,M
6038,hh_6038,21,NA,NA,F
6039,hh_6039,29,NA,NA,F
6040,hh_6040,31,NA,NA,F
6041,hh_6041,35,NA,NA,F
6042,hh_6042,48,NA,NA,M
6043,hh_6043,40,NA,NA,F
6044,hh_6044,49,NA,NA,F
6045,hh_6045,36,NA,NA,M
6046,hh_6046,48,NA,NA,F
6047,hh_6047,38,NA,NA,F
6049,hh_6049,22,NA,NA,F
6050,hh_6050,44,NA,NA,M
6051,hh_6051,36,NA,NA,F
6052,hh_6052,39,NA,NA,M
6053,hh_6053,44,NA,NA,F
6054,hh_6054,35,NA,NA,M
6055,hh_6055,23,NA,NA,F
6056,hh_6056,45,NA,NA,F
6057,hh_6057,61,NA,NA,M
6058,hh_6058,57,NA,NA,F
6060,hh_6060,55,NA,NA,F
6061,hh_6061,51,NA,NA,M
6062,hh_6062,44,NA,NA,M
6063,hh_6063,39,NA,NA,F
6064,hh_6064,47,NA,NA,M
6065,hh_6065,57,NA,NA,M
6066,hh_6066,48,NA,NA,F
6067,hh_6067,44,NA,NA,F
6068,hh_6068,45,NA,NA,F
6069,hh_6069,42,NA,NA,F
6071,hh_6071,37,NA,NA,M
6072,hh_6072,36,NA,NA,F
6073,hh_6073,50,NA,NA,F
6074,hh_6074,38,NA,NA,M
6075,hh_6075,64,NA,NA,F
6076,hh_6076,72,NA,NA,F
6077,hh_6077,45,NA,NA,M
6078,hh_6078,39,NA,NA,M
6079,hh_6079,38,NA,NA,F
6080,hh_6080,38,NA,NA,F
6082,hh_6082,39,NA,NA,F
6083,hh_6083,65,NA,NA,M
6084,hh_6084,60,NA,NA,F
6085,hh_6085,63,NA,NA,F
6086,hh_6086,46,NA,NA,M
6087,hh_6087,47,NA,NA,M
6088,hh_6088,77,NA,NA,F
6089,hh_6089,52,NA,NA,F
6090,hh_6090,54,NA,NA,F
6091,hh_6091,45,NA,NA,F
6093,hh_6093,53,NA,NA,F
6094,hh_6094,57,NA,NA,F
6095,hh_6095,58,NA,NA,F
6096,hh_6096,73,NA,NA,F
6097,hh_6097,69,NA,NA,M
6098,hh_6098,56,NA,NA,F
6099,hh_6099,54,NA,NA,F
6100,hh_6100,56,NA,NA,F
6101,hh_6101,77,NA,NA,M
6102,hh_6102,48,NA,NA,M
6104,hh_6104,53,NA,NA,F
6105,hh_6105,63,NA,NA,F
6106,hh_6106,53,NA,NA,F
6107,hh_6107,47,NA,NA,F
6108,hh_6108,53,NA,NA,M
6109,hh_6109,47,NA,NA,F
6110,hh_6110,54,NA,NA,F
6111,hh_6111,62,NA,NA,F
6112,hh_6112,68,NA,NA,F
6113,hh_6113,74,NA,NA,F
6115,hh_6115,48,NA,NA,M
6116,hh_6116,46,NA,NA,M
6117,hh_6117,58,NA,NA,F
6118,hh_6118,47,NA,NA,M
6119,hh_6119,63,NA,NA,M
6120,hh_6120,52,NA,NA,F
6121,hh_6121,57,NA,NA,F
6122,hh_6122,61,NA,NA,F
6123,hh_6123,50,NA,NA,F
6124,hh_6124,65,NA,NA,F
6126,hh_6126,52,NA,NA,F
6127,hh_6127,49,NA,NA,F
6128,hh_6128,46,NA,NA,F
6129,hh_6129,54,NA,NA,F
6130,hh_6130,48,NA,NA,F
6131,hh_6131,58,NA,NA,F
6132,hh_6132,47,NA,NA,F
6133,hh_6133,50,NA,NA,M
6134,hh_6134,46,NA,NA,M
6135,hh_6135,51,NA,NA,F
6137,hh_6137,50,NA,NA,M
6138,hh_6138,62,NA,NA,M
6139,hh_6139,45,NA,NA,F
6140,hh_6140,52,NA,NA,F
6141,hh_6141,55,NA,NA,F
6142,hh_6142,48,NA,NA,F
6143,hh_6143,55,NA,NA,F
6144,hh_6144,61,NA,NA,F
6145,hh_6145,45,NA,NA,F
6146,hh_6146,52,NA,NA,M
6148,hh_6148,58,NA,NA,M
6149,hh_6149,54,NA,NA,F
6150,hh_6150,48,NA,NA,M
6151,hh_6151,45,NA,NA,M
6152,hh_6152,69,NA,NA,F
6153,hh_6153,50,NA,NA,M
6154,hh_6154,51,NA,NA,F
6155,hh_6155,51,NA,NA,F
6156,hh_6156,57,NA,NA,M
6157,hh_6157,48,NA,NA,F
6159,hh_6159,45,NA,NA,F
6160,hh_6160,60,NA,NA,F
6161,hh_6161,45,NA,NA,F
6162,hh_6162,60,NA,NA,F
6163,hh_6163,52,NA,NA,M
6164,hh_6164,47,NA,NA,M
6165,hh_6165,47,NA,NA,F
6166,hh_6166,52,NA,NA,F
6167,hh_6167,68,NA,NA,M
6168,hh_6168,59,NA,NA,F
6170,hh_6170,68,NA,NA,F
6194,hh_6194,41,NA,NA,M
6195,hh_6195,26,NA,NA,M
6196,hh_6196,52,NA,NA,F
6197,hh_6197,29,NA,NA,M
6198,hh_6198,57,NA,NA,F
6199,hh_6199,37,NA,NA,F
6200,hh_6200,33,NA,NA,F
6201,hh_6201,25,NA,NA,M
6202,hh_6202,71,NA,NA,M
6203,hh_6203,28,NA,NA,F
6204,hh_6204,31,NA,NA,F
6205,hh_6205,39,NA,NA,M
6206,hh_6206,29,NA,NA,F
6207,hh_6207,41,NA,NA,M
6208,hh_6208,37,NA,NA,F
6209,hh_6209,32,NA,NA,F
6210,hh_6210,28,NA,NA,M
6211,hh_6211,60,NA,NA,M
6212,hh_6212,31,NA,NA,M
6213,hh_6213,32,NA,NA,M
6214,hh_6214,38,NA,NA,M
6215,hh_6215,24,NA,NA,M
6216,hh_6216,43,NA,NA,M
6217,hh_6217,35,NA,NA,M
6218,hh_6218,39,NA,NA,M
6219,hh_6219,28,NA,NA,F
6220,hh_6220,39,NA,NA,M
6221,hh_6221,35,NA,NA,M
6222,hh_6222,45,NA,NA,M
6223,hh_6223,25,NA,NA,M
6224,hh_6224,32,NA,NA,F
6225,hh_6225,53,NA,NA,M
6226,hh_6226,26,NA,NA,F
6227,hh_6227,50,NA,NA,F
6228,hh_6228,26,NA,NA,M
6229,hh_6229,42,NA,NA,F
6230,hh_6230,33,NA,NA,F
6231,hh_6231,50,NA,NA,F
6232,hh_6232,33,NA,NA,M
6233,hh_6233,23,NA,NA,F
6234,hh_6234,44,NA,NA,F
6235,hh_6235,41,NA,NA,M
6236,hh_6236,38,NA,NA,F
6237,hh_6237,20,NA,NA,F
6238,hh_6238,29,NA,NA,M
6239,hh_6239,27,NA,NA,M
6240,hh_6240,44,NA,NA,M
6241,hh_6241,36,NA,NA,F
6242,hh_6242,19,NA,NA,F
6243,hh_6243,24,NA,NA,M
6244,hh_6244,32,NA,NA,M
6245,hh_6245,22,NA,NA,M
6246,hh_6246,20,NA,NA,M
6247,hh_6247,28,NA,NA,F
6248,hh_6248,24,NA,NA,F
6249,hh_6249,30,NA,NA,F
6250,hh_6250,35,NA,NA,F
6251,hh_6251,33,NA,NA,F
6252,hh_6252,26,NA,NA,F
6253,hh_6253,24,NA,NA,F
6254,hh_6254,32,NA,NA,F
6255,hh_6255,23,NA,NA,F
6256,hh_6256,30,NA,NA,M
6257,hh_6257,21,NA,NA,F
6258,hh_6258,30,NA,NA,F
6259,hh_6259,29,NA,NA,M
6260,hh_6260,39,NA,NA,F
6261,hh_6261,31,NA,NA,F
6262,hh_6262,44,NA,NA,F
6263,hh_6263,35,NA,NA,F
6264,hh_6264,53,NA,NA,F
6265,hh_6265,19,NA,NA,F
6266,hh_6266,42,NA,NA,M
6267,hh_6267,27,NA,NA,M
6268,hh_6268,33,NA,NA,F
6269,hh_6269,28,NA,NA,M
6270,hh_6270,29,NA,NA,M
6271,hh_6271,36,NA,NA,F
6272,hh_6272,20,NA,NA,M
6273,hh_6273,37,NA,NA,F
6274,hh_6274,46,NA,NA,F
6275,hh_6275,32,NA,NA,F
6276,hh_6276,24,NA,NA,M
6277,hh_6277,18,NA,NA,M
6278,hh_6278,29,NA,NA,F
6279,hh_6279,26,NA,NA,F
6280,hh_6280,40,NA,NA,F
6281,hh_6281,25,NA,NA,F
6282,hh_6282,28,NA,NA,F
6283,hh_6283,37,NA,NA,F
6284,hh_6284,33,NA,NA,F
6285,hh_6285,32,NA,NA,M
6286,hh_6286,28,NA,NA,F
6287,hh_6287,59,NA,NA,F
6288,hh_6288,56,NA,NA,F
6289,hh_6289,38,NA,NA,M
6290,hh_6290,59,NA,NA,F
6291,hh_6291,46,NA,NA,F
6292,hh_6292,30,NA,NA,F
6293,hh_6293,30,NA,NA,F
6294,hh_6294,38,NA,NA,F
6295,hh_6295,20,NA,NA,F
6296,hh_6296,42,NA,NA,M
6297,hh_6297,36,NA,NA,F
6298,hh_6298,25,NA,NA,F
6299,hh_6299,25,NA,NA,F
6300,hh_6300,26,NA,NA,M
6301,hh_6301,39,NA,NA,F
6302,hh_6302,43,NA,NA,M
6303,hh_6303,43,NA,NA,M
6304,hh_6304,37,NA,NA,F
6305,hh_6305,45,NA,NA,M
6306,hh_6306,53,NA,NA,M
6307,hh_6307,23,NA,NA,M
6308,hh_6308,28,NA,NA,M
6309,hh_6309,29,NA,NA,M
6310,hh_6310,31,NA,NA,F
6311,hh_6311,40,NA,NA,M
6312,hh_6312,81,NA,NA,F
6313,hh_6313,35,NA,NA,M
6314,hh_6314,29,NA,NA,M
6315,hh_6315,39,NA,NA,F
6316,hh_6316,46,NA,NA,M
6317,hh_6317,22,NA,NA,F
6318,hh_6318,41,NA,NA,F
6319,hh_6319,25,NA,NA,F
6320,hh_6320,49,NA,NA,F
6321,hh_6321,54,NA,NA,F
6322,hh_6322,49,NA,NA,F
6323,hh_6323,40,NA,NA,F
6324,hh_6324,30,NA,NA,F
6325,hh_6325,27,NA,NA,F
6326,hh_6326,44,NA,NA,M
6327,hh_6327,60,NA,NA,M
6328,hh_6328,33,NA,NA,F
6329,hh_6329,43,NA,NA,M
6330,hh_6330,45,NA,NA,M
6331,hh_6331,25,NA,NA,F
6332,hh_6332,29,NA,NA,M
6333,hh_6333,35,NA,NA,M
6334,hh_6334,37,NA,NA,M
6335,hh_6335,31,NA,NA,F
6336,hh_6336,30,NA,NA,F
6337,hh_6337,32,NA,NA,M
6338,hh_6338,33,NA,NA,M
6339,hh_6339,32,NA,NA,M
6340,hh_6340,32,NA,NA,F
6341,hh_6341,18,NA,NA,F
6342,hh_6342,25,NA,NA,M
6343,hh_6343,32,NA,NA,F
6344,hh_6344,27,NA,NA,F
6345,hh_6345,32,NA,NA,M
6346,hh_6346,30,NA,NA,M
6347,hh_6347,27,NA,NA,M
6348,hh_6348,30,NA,NA,M
6349,hh_6349,36,NA,NA,M
6350,hh_6350,24,NA,NA,F
6351,hh_6351,18,NA,NA,F
6352,hh_6352,38,NA,NA,F
6353,hh_6353,22,NA,NA,M
6354,hh_6354,29,NA,NA,F
6355,hh_6355,40,NA,NA,F
6356,hh_6356,40,NA,NA,M
6357,hh_6357,30,NA,NA,M
6358,hh_6358,33,NA,NA,M
6359,hh_6359,28,NA,NA,M
6360,hh_6360,26,NA,NA,M
6361,hh_6361,19,NA,NA,F
6362,hh_6362,36,NA,NA,M
6363,hh_6363,24,NA,NA,F
6364,hh_6364,20,NA,NA,M
6365,hh_6365,25,NA,NA,M
6366,hh_6366,25,NA,NA,M
6367,hh_6367,40,NA,NA,F
6368,hh_6368,32,NA,NA,F
6369,hh_6369,47,NA,NA,F
6370,hh_6370,47,NA,NA,M
6371,hh_6371,31,NA,NA,F
6372,hh_6372,44,NA,NA,F
6373,hh_6373,31,NA,NA,M
6374,hh_6374,18,NA,NA,F
6375,hh_6375,40,NA,NA,M
6376,hh_6376,29,NA,NA,M
6377,hh_6377,32,NA,NA,F
6378,hh_6378,30,NA,NA,F
6379,hh_6379,26,NA,NA,F
6380,hh_6380,34,NA,NA,M
6381,hh_6381,27,NA,NA,F
6382,hh_6382,33,NA,NA,F
6383,hh_6383,42,NA,NA,M
6384,hh_6384,31,NA,NA,M
6385,hh_6385,40,NA,NA,F
6386,hh_6386,51,NA,NA,F
6387,hh_6387,31,NA,NA,F
6388,hh_6388,29,NA,NA,M
6389,hh_6389,46,NA,NA,F
6390,hh_6390,29,NA,NA,F
6391,hh_6391,23,NA,NA,M
6392,hh_6392,52,NA,NA,F
6393,hh_6393,31,NA,NA,F
6394,hh_6394,22,NA,NA,F
6395,hh_6395,36,NA,NA,F
6396,hh_6396,65,NA,NA,M
6397,hh_6397,25,NA,NA,F
6398,hh_6398,24,NA,NA,M
6399,hh_6399,39,NA,NA,M
6400,hh_6400,47,NA,NA,M
6401,hh_6401,44,NA,NA,F
6402,hh_6402,30,NA,NA,M
6403,hh_6403,26,NA,NA,F
6404,hh_6404,44,NA,NA,F
6405,hh_6405,42,NA,NA,F
6406,hh_6406,38,NA,NA,M
6407,hh_6407,30,NA,NA,M
6408,hh_6408,37,NA,NA,F
6409,hh_6409,38,NA,NA,F
6410,hh_6410,66,NA,NA,F
6411,hh_6411,33,NA,NA,M
6412,hh_6412,22,NA,NA,F
6413,hh_6413,20,NA,NA,F
6414,hh_6414,29,NA,NA,F
6415,hh_6415,35,NA,NA,F
6416,hh_6416,19,NA,NA,F
6417,hh_6417,18,NA,NA,M
6418,hh_6418,45,NA,NA,F
6419,hh_6419,35,NA,NA,M
6420,hh_6420,43,NA,NA,F
6421,hh_6421,21,NA,NA,F
6422,hh_6422,42,NA,NA,F
6423,hh_6423,50,NA,NA,M
6424,hh_6424,45,NA,NA,F
6425,hh_6425,36,NA,NA,F
6426,hh_6426,22,NA,NA,F
6427,hh_6427,43,NA,NA,M
6428,hh_6428,57,NA,NA,F
6429,hh_6429,22,NA,NA,M
6430,hh_6430,21,NA,NA,F
6431,hh_6431,45,NA,NA,F
6432,hh_6432,21,NA,NA,M
6433,hh_6433,42,NA,NA,F
6434,hh_6434,35,NA,NA,F
6435,hh_6435,36,NA,NA,F
6436,hh_6436,41,NA,NA,F
6437,hh_6437,41,NA,NA,F
6438,hh_6438,37,NA,NA,F
6439,hh_6439,35,NA,NA,F
6440,hh_6440,22,NA,NA,F
6441,hh_6441,19,NA,NA,F
6442,hh_6442,55,NA,NA,F
6443,hh_6443,38,NA,NA,F
6444,hh_6444,41,NA,NA,F
6445,hh_6445,54,NA,NA,M
6446,hh_6446,54,NA,NA,M
6447,hh_6447,44,NA,NA,F
6448,hh_6448,36,NA,NA,M
6449,hh_6449,36,NA,NA,F
6450,hh_6450,36,NA,NA,F
6451,hh_6451,46,NA,NA,M
6452,hh_6452,37,NA,NA,F
6453,hh_6453,35,NA,NA,F
6454,hh_6454,39,NA,NA,F
6455,hh_6455,58,NA,NA,M
6456,hh_6456,43,NA,NA,F
6457,hh_6457,50,NA,NA,F
6458,hh_6458,40,NA,NA,M
6459,hh_6459,35,NA,NA,F
6460,hh_6460,39,NA,NA,F
6461,hh_6461,51,NA,NA,F
6462,hh_6462,42,NA,NA,F
6463,hh_6463,36,NA,NA,F
6464,hh_6464,40,NA,NA,F
6465,hh_6465,54,NA,NA,M
6466,hh_6466,48,NA,NA,M
6467,hh_6467,51,NA,NA,F
6468,hh_6468,47,NA,NA,F
6469,hh_6469,58,NA,NA,M
6470,hh_6470,57,NA,NA,M
6471,hh_6471,54,NA,NA,F
6472,hh_6472,49,NA,NA,F
6473,hh_6473,72,NA,NA,F
6474,hh_6474,61,NA,NA,M
6475,hh_6475,63,NA,NA,F
6476,hh_6476,49,NA,NA,F
6477,hh_6477,58,NA,NA,F
6478,hh_6478,58,NA,NA,F
6479,hh_6479,59,NA,NA,F
6480,hh_6480,53,NA,NA,M
6481,hh_6481,45,NA,NA,F
6482,hh_6482,52,NA,NA,F
6483,hh_6483,48,NA,NA,F
6484,hh_6484,51,NA,NA,F
6485,hh_6485,48,NA,NA,M
6486,hh_6486,54,NA,NA,F
6487,hh_6487,45,NA,NA,M
6488,hh_6488,55,NA,NA,F
6489,hh_6489,56,NA,NA,F
6490,hh_6490,56,NA,NA,F
6491,hh_6491,55,NA,NA,F
6492,hh_6492,59,NA,NA,F
6493,hh_6493,48,NA,NA,M
6494,hh_6494,50,NA,NA,F
6495,hh_6495,49,NA,NA,F
6496,hh_6496,55,NA,NA,M
6497,hh_6497,52,NA,NA,F
6498,hh_6498,61,NA,NA,F
6499,hh_6499,55,NA,NA,F
6500,hh_6500,67,NA,NA,M
6501,hh_6501,60,NA,NA,M
6502,hh_6502,60,NA,NA,F
6503,hh_6503,51,NA,NA,M
6504,hh_6504,23,NA,NA,F
6505,hh_6505,62,NA,NA,M
6506,hh_6506,37,NA,NA,F
6507,hh_6507,19,NA,NA,F
6508,hh_6508,24,NA,NA,M
6509,hh_6509,34,NA,NA,F
6510,hh_6510,24,NA,NA,M
6511,hh_6511,28,NA,NA,F
6512,hh_6512,39,NA,NA,M
6513,hh_6513,32,NA,NA,M
6514,hh_6514,34,NA,NA,F
6515,hh_6515,32,NA,NA,M
6516,hh_6516,22,NA,NA,M
6517,hh_6517,29,NA,NA,F
6518,hh_6518,33,NA,NA,F
6519,hh_6519,62,NA,NA,M
6520,hh_6520,41,NA,NA,M
6521,hh_6521,32,NA,NA,F
6522,hh_6522,30,NA,NA,F
6523,hh_6523,65,NA,NA,F
6524,hh_6524,43,NA,NA,F
6525,hh_6525,64,NA,NA,F
6526,hh_6526,28,NA,NA,F
6527,hh_6527,51,NA,NA,F
6528,hh_6528,48,NA,NA,F
6529,hh_6529,60,NA,NA,F
6530,hh_6530,25,NA,NA,F
6531,hh_6531,62,NA,NA,M
6532,hh_6532,33,NA,NA,M
6533,hh_6533,26,NA,NA,F
6534,hh_6534,25,NA,NA,F
6535,hh_6535,28,NA,NA,F
6536,hh_6536,23,NA,NA,F
6537,hh_6537,36,NA,NA,F
6538,hh_6538,26,NA,NA,M
6539,hh_6539,58,NA,NA,M
6540,hh_6540,39,NA,NA,F
6541,hh_6541,30,NA,NA,M
6542,hh_6542,18,NA,NA,F
6543,hh_6543,28,NA,NA,M
6544,hh_6544,24,NA,NA,F
6545,hh_6545,24,NA,NA,F
6546,hh_6546,31,NA,NA,F
6547,hh_6547,31,NA,NA,F
6548,hh_6548,44,NA,NA,F
6549,hh_6549,55,NA,NA,M
6550,hh_6550,45,NA,NA,F
6551,hh_6551,32,NA,NA,F
6552,hh_6552,38,NA,NA,F
6553,hh_6553,24,NA,NA,F
6554,hh_6554,51,NA,NA,M
6555,hh_6555,43,NA,NA,M
6556,hh_6556,40,NA,NA,M
6557,hh_6557,27,NA,NA,M
6558,hh_6558,32,NA,NA,F
6559,hh_6559,29,NA,NA,F
6560,hh_6560,28,NA,NA,F
6561,hh_6561,32,NA,NA,F
6562,hh_6562,34,NA,NA,F
6563,hh_6563,23,NA,NA,F
6564,hh_6564,22,NA,NA,M
6565,hh_6565,39,NA,NA,F
6566,hh_6566,33,NA,NA,M
6567,hh_6567,63,NA,NA,M
6568,hh_6568,50,NA,NA,M
6569,hh_6569,24,NA,NA,F
6570,hh_6570,32,NA,NA,F
6571,hh_6571,28,NA,NA,M
6572,hh_6572,29,NA,NA,F
6573,hh_6573,34,NA,NA,F
6574,hh_6574,46,NA,NA,F
6575,hh_6575,36,NA,NA,F
6576,hh_6576,34,NA,NA,F
6577,hh_6577,36,NA,NA,F
6578,hh_6578,29,NA,NA,F
6579,hh_6579,26,NA,NA,M
6580,hh_6580,35,NA,NA,M
6581,hh_6581,29,NA,NA,F
6582,hh_6582,37,NA,NA,M
6583,hh_6583,34,NA,NA,M
6584,hh_6584,22,NA,NA,F
6585,hh_6585,25,NA,NA,F
6586,hh_6586,33,NA,NA,F
6587,hh_6587,21,NA,NA,F
6588,hh_6588,37,NA,NA,F
6589,hh_6589,31,NA,NA,F
6590,hh_6590,35,NA,NA,F
6591,hh_6591,20,NA,NA,F
6592,hh_6592,44,NA,NA,F
6593,hh_6593,51,NA,NA,F
6594,hh_6594,43,NA,NA,M
6595,hh_6595,21,NA,NA,F
6596,hh_6596,24,NA,NA,M
6597,hh_6597,64,NA,NA,M
6598,hh_6598,35,NA,NA,M
6599,hh_6599,43,NA,NA,F
6600,hh_6600,23,NA,NA,F
6601,hh_6601,35,NA,NA,F
6602,hh_6602,20,NA,NA,M
6603,hh_6603,29,NA,NA,F
6604,hh_6604,23,NA,NA,F
6605,hh_6605,32,NA,NA,F
6606,hh_6606,22,NA,NA,M
6607,hh_6607,66,NA,NA,M
6608,hh_6608,57,NA,NA,F
6609,hh_6609,43,NA,NA,F
6610,hh_6610,35,NA,NA,F
6611,hh_6611,21,NA,NA,F
6612,hh_6612,24,NA,NA,F
6613,hh_6613,36,NA,NA,M
6614,hh_6614,32,NA,NA,F
6615,hh_6615,18,NA,NA,F
6616,hh_6616,38,NA,NA,F
6617,hh_6617,54,NA,NA,F
6618,hh_6618,23,NA,NA,M
6619,hh_6619,56,NA,NA,M
6620,hh_6620,26,NA,NA,M
6621,hh_6621,58,NA,NA,F
6622,hh_6622,27,NA,NA,F
6623,hh_6623,20,NA,NA,F
6624,hh_6624,49,NA,NA,M
6625,hh_6625,47,NA,NA,F
6626,hh_6626,34,NA,NA,F
6627,hh_6627,36,NA,NA,F
6628,hh_6628,27,NA,NA,F
6629,hh_6629,25,NA,NA,F
6630,hh_6630,34,NA,NA,F
6631,hh_6631,37,NA,NA,F
6632,hh_6632,34,NA,NA,F
6633,hh_6633,38,NA,NA,M
6634,hh_6634,26,NA,NA,F
6635,hh_6635,25,NA,NA,F
6636,hh_6636,48,NA,NA,F
6637,hh_6637,26,NA,NA,F
6638,hh_6638,59,NA,NA,F
6639,hh_6639,44,NA,NA,F
6640,hh_6640,69,NA,NA,M
6641,hh_6641,51,NA,NA,F
6642,hh_6642,37,NA,NA,M
6643,hh_6643,39,NA,NA,M
6644,hh_6644,39,NA,NA,F
6645,hh_6645,23,NA,NA,M
6646,hh_6646,24,NA,NA,F
6647,hh_6647,35,NA,NA,M
6648,hh_6648,22,NA,NA,M
6650,hh_6650,29,NA,NA,M
6651,hh_6651,26,NA,NA,F
6652,hh_6652,34,NA,NA,F
6653,hh_6653,19,NA,NA,F
6654,hh_6654,41,NA,NA,M
6655,hh_6655,38,NA,NA,F
6656,hh_6656,26,NA,NA,M
6657,hh_6657,47,NA,NA,F
6658,hh_6658,27,NA,NA,F
6659,hh_6659,22,NA,NA,F
6660,hh_6660,34,NA,NA,M
6661,hh_6661,43,NA,NA,F
6662,hh_6662,32,NA,NA,F
6663,hh_6663,36,NA,NA,F
6664,hh_6664,36,NA,NA,F
6665,hh_6665,32,NA,NA,F
6666,hh_6666,30,NA,NA,F
6667,hh_6667,46,NA,NA,M
6668,hh_6668,30,NA,NA,F
6669,hh_6669,31,NA,NA,F
6670,hh_6670,37,NA,NA,F
6671,hh_6671,18,NA,NA,F
6672,hh_6672,33,NA,NA,F
6673,hh_6673,19,NA,NA,F
6674,hh_6674,28,NA,NA,F
6675,hh_6675,40,NA,NA,F
6676,hh_6676,40,NA,NA,F
6677,hh_6677,39,NA,NA,M
6678,hh_6678,30,NA,NA,F
6679,hh_6679,26,NA,NA,F
6680,hh_6680,32,NA,NA,M
6681,hh_6681,33,NA,NA,F
6682,hh_6682,30,NA,NA,F
6683,hh_6683,42,NA,NA,F
6684,hh_6684,36,NA,NA,M
6685,hh_6685,44,NA,NA,F
6686,hh_6686,37,NA,NA,M
6687,hh_6687,26,NA,NA,F
6688,hh_6688,57,NA,NA,M
6689,hh_6689,37,NA,NA,F
6690,hh_6690,26,NA,NA,F
6691,hh_6691,25,NA,NA,F
6692,hh_6692,34,NA,NA,M
6693,hh_6693,31,NA,NA,F
6694,hh_6694,36,NA,NA,F
6695,hh_6695,32,NA,NA,F
6696,hh_6696,24,NA,NA,F
6697,hh_6697,39,NA,NA,F
6698,hh_6698,38,NA,NA,F
6699,hh_6699,42,NA,NA,F
6700,hh_6700,30,NA,NA,F
6701,hh_6701,39,NA,NA,F
6702,hh_6702,20,NA,NA,F
6703,hh_6703,43,NA,NA,M
6704,hh_6704,52,NA,NA,F
6705,hh_6705,24,NA,NA,F
6706,hh_6706,25,NA,NA,F
6707,hh_6707,21,NA,NA,F
6708,hh_6708,48,NA,NA,F
6709,hh_6709,49,NA,NA,F
6710,hh_6710,40,NA,NA,F
6711,hh_6711,30,NA,NA,F
6712,hh_6712,33,NA,NA,F
6713,hh_6713,38,NA,NA,M
6714,hh_6714,21,NA,NA,M
6715,hh_6715,38,NA,NA,M
6716,hh_6716,42,NA,NA,F
6717,hh_6717,36,NA,NA,F
6718,hh_6718,38,NA,NA,M
6719,hh_6719,35,NA,NA,F
6720,hh_6720,40,NA,NA,F
6721,hh_6721,41,NA,NA,F
6722,hh_6722,45,NA,NA,F
6723,hh_6723,35,NA,NA,M
6724,hh_6724,60,NA,NA,F
6725,hh_6725,46,NA,NA,M
6726,hh_6726,60,NA,NA,F
6727,hh_6727,41,NA,NA,F
6728,hh_6728,43,NA,NA,F
6729,hh_6729,38,NA,NA,M
6730,hh_6730,41,NA,NA,F
6731,hh_6731,38,NA,NA,M
6732,hh_6732,61,NA,NA,F
6733,hh_6733,75,NA,NA,M
6734,hh_6734,40,NA,NA,M
6735,hh_6735,56,NA,NA,F
6736,hh_6736,52,NA,NA,F
6737,hh_6737,54,NA,NA,M
6738,hh_6738,57,NA,NA,M
6739,hh_6739,49,NA,NA,F
6740,hh_6740,61,NA,NA,M
6741,hh_6741,72,NA,NA,F
6742,hh_6742,60,NA,NA,F
6743,hh_6743,62,NA,NA,M
6744,hh_6744,73,NA,NA,M
6745,hh_6745,50,NA,NA,M
6746,hh_6746,49,NA,NA,F
6747,hh_6747,57,NA,NA,F
6748,hh_6748,55,NA,NA,F
6749,hh_6749,51,NA,NA,F
6750,hh_6750,56,NA,NA,F
6751,hh_6751,57,NA,NA,M
6752,hh_6752,48,NA,NA,M
6753,hh_6753,52,NA,NA,F
6754,hh_6754,54,NA,NA,F
6755,hh_6755,64,NA,NA,F
6756,hh_6756,48,NA,NA,M
6757,hh_6757,65,NA,NA,F
6758,hh_6758,51,NA,NA,M
6759,hh_6759,54,NA,NA,F
6760,hh_6760,52,NA,NA,F
6761,hh_6761,32,NA,NA,M
6762,hh_6762,31,NA,NA,F
6763,hh_6763,63,NA,NA,F
6764,hh_6764,28,NA,NA,F
6765,hh_6765,42,NA,NA,F
6766,hh_6766,28,NA,NA,F
6767,hh_6767,39,NA,NA,M
6768,hh_6768,48,NA,NA,M
6769,hh_6769,42,NA,NA,F
6770,hh_6770,67,NA,NA,M
6771,hh_6771,74,NA,NA,F
6772,hh_6772,60,NA,NA,M
6773,hh_6773,66,NA,NA,M
6774,hh_6774,21,NA,NA,F
6775,hh_6775,26,NA,NA,M
6776,hh_6776,31,NA,NA,F
6777,hh_6777,19,NA,NA,F
6778,hh_6778,45,NA,NA,M
6779,hh_6779,26,NA,NA,M
6780,hh_6780,52,NA,NA,M
6781,hh_6781,37,NA,NA,F
6782,hh_6782,39,NA,NA,M
6783,hh_6783,20,NA,NA,M
6784,hh_6784,21,NA,NA,F
6785,hh_6785,24,NA,NA,F
6786,hh_6786,41,NA,NA,M
6787,hh_6787,37,NA,NA,F
6788,hh_6788,63,NA,NA,M
6789,hh_6789,32,NA,NA,M
6790,hh_6790,72,NA,NA,M
6791,hh_6791,27,NA,NA,F
6792,hh_6792,36,NA,NA,F
6793,hh_6793,30,NA,NA,M
6794,hh_6794,41,NA,NA,M
6795,hh_6795,43,NA,NA,F
6796,hh_6796,26,NA,NA,F
6797,hh_6797,42,NA,NA,F
6798,hh_6798,34,NA,NA,M
6799,hh_6799,20,NA,NA,F
6800,hh_6800,41,NA,NA,F
6801,hh_6801,33,NA,NA,F
6802,hh_6802,30,NA,NA,F
6803,hh_6803,43,NA,NA,M
6804,hh_6804,28,NA,NA,M
6805,hh_6805,35,NA,NA,F
6806,hh_6806,38,NA,NA,M
6807,hh_6807,34,NA,NA,F
6808,hh_6808,21,NA,NA,F
6809,hh_6809,23,NA,NA,F
6810,hh_6810,28,NA,NA,F
6811,hh_6811,48,NA,NA,F
6812,hh_6812,44,NA,NA,F
6813,hh_6813,68,NA,NA,M
6814,hh_6814,45,NA,NA,M
6815,hh_6815,54,NA,NA,M
6816,hh_6816,19,NA,NA,F
6817,hh_6817,62,NA,NA,M
6818,hh_6818,32,NA,NA,F
6819,hh_6819,34,NA,NA,M
6820,hh_6820,26,NA,NA,F
6821,hh_6821,26,NA,NA,M
6822,hh_6822,63,NA,NA,F
6823,hh_6823,48,NA,NA,M
6824,hh_6824,39,NA,NA,M
6825,hh_6825,34,NA,NA,F
6826,hh_6826,48,NA,NA,F
6827,hh_6827,25,NA,NA,F
6828,hh_6828,33,NA,NA,F
6829,hh_6829,74,NA,NA,F
6830,hh_6830,23,NA,NA,F
6831,hh_6831,28,NA,NA,M
6832,hh_6832,50,NA,NA,F
6833,hh_6833,29,NA,NA,F
6834,hh_6834,26,NA,NA,F
6835,hh_6835,61,NA,NA,F
6836,hh_6836,59,NA,NA,M
6837,hh_6837,48,NA,NA,F
6838,hh_6838,29,NA,NA,M
6839,hh_6839,28,NA,NA,M
6840,hh_6840,55,NA,NA,M
6841,hh_6841,62,NA,NA,M
6842,hh_6842,31,NA,NA,M
6843,hh_6843,19,NA,NA,F
6844,hh_6844,64,NA,NA,F
6845,hh_6845,42,NA,NA,F
6846,hh_6846,54,NA,NA,F
6847,hh_6847,37,NA,NA,M
6848,hh_6848,40,NA,NA,F
6849,hh_6849,34,NA,NA,F
6850,hh_6850,28,NA,NA,F
6851,hh_6851,26,NA,NA,M
6852,hh_6852,28,NA,NA,F
6853,hh_6853,44,NA,NA,F
6854,hh_6854,35,NA,NA,M
6855,hh_6855,23,NA,NA,F
6856,hh_6856,25,NA,NA,M
6857,hh_6857,37,NA,NA,F
6858,hh_6858,36,NA,NA,F
6859,hh_6859,45,NA,NA,M
6860,hh_6860,40,NA,NA,F
6861,hh_6861,36,NA,NA,F
6862,hh_6862,20,NA,NA,M
6863,hh_6863,18,NA,NA,M
6864,hh_6864,21,NA,NA,M
6865,hh_6865,35,NA,NA,M
6866,hh_6866,36,NA,NA,F
6867,hh_6867,24,NA,NA,F
6868,hh_6868,42,NA,NA,F
6869,hh_6869,24,NA,NA,M
6870,hh_6870,20,NA,NA,F
6871,hh_6871,69,NA,NA,F
6872,hh_6872,54,NA,NA,M
6873,hh_6873,27,NA,NA,F
6874,hh_6874,62,NA,NA,M
6875,hh_6875,49,NA,NA,F
6876,hh_6876,74,NA,NA,F
6877,hh_6877,58,NA,NA,M
6878,hh_6878,24,NA,NA,F
6879,hh_6879,24,NA,NA,F
6880,hh_6880,25,NA,NA,F
6881,hh_6881,65,NA,NA,F
6882,hh_6882,51,NA,NA,M
6883,hh_6883,70,NA,NA,F
6884,hh_6884,37,NA,NA,M
6885,hh_6885,46,NA,NA,F
6886,hh_6886,30,NA,NA,M
6887,hh_6887,32,NA,NA,F
6888,hh_6888,36,NA,NA,F
6889,hh_6889,48,NA,NA,M
6890,hh_6890,48,NA,NA,F
6891,hh_6891,65,NA,NA,F
6892,hh_6892,34,NA,NA,F
6893,hh_6893,33,NA,NA,F
6894,hh_6894,49,NA,NA,M
6895,hh_6895,39,NA,NA,M
6896,hh_6896,69,NA,NA,M
6897,hh_6897,41,NA,NA,M
6898,hh_6898,35,NA,NA,M
6899,hh_6899,39,NA,NA,F
6900,hh_6900,34,NA,NA,M
6901,hh_6901,37,NA,NA,F
6902,hh_6902,44,NA,NA,M
6903,hh_6903,24,NA,NA,F
6904,hh_6904,37,NA,NA,M
6905,hh_6905,18,NA,NA,M
6906,hh_6906,36,NA,NA,M
6907,hh_6907,24,NA,NA,M
6908,hh_6908,34,NA,NA,F
6909,hh_6909,35,NA,NA,F
6910,hh_6910,37,NA,NA,M
6911,hh_6911,39,NA,NA,M
6912,hh_6912,22,NA,NA,F
6913,hh_6913,51,NA,NA,F
6914,hh_6914,34,NA,NA,M
6915,hh_6915,48,NA,NA,M
6916,hh_6916,31,NA,NA,M
6917,hh_6917,63,NA,NA,M
6918,hh_6918,26,NA,NA,F
6919,hh_6919,77,NA,NA,M
6920,hh_6920,60,NA,NA,M
6921,hh_6921,24,NA,NA,F
6922,hh_6922,58,NA,NA,F
6923,hh_6923,18,NA,NA,M
6924,hh_6924,48,NA,NA,F
6925,hh_6925,24,NA,NA,F
6926,hh_6926,23,NA,NA,F
6927,hh_6927,34,NA,NA,F
6928,hh_6928,43,NA,NA,F
6929,hh_6929,59,NA,NA,M
6930,hh_6930,30,NA,NA,F
6931,hh_6931,59,NA,NA,M
6932,hh_6932,29,NA,NA,F
6933,hh_6933,27,NA,NA,F
6934,hh_6934,43,NA,NA,F
6935,hh_6935,34,NA,NA,F
6936,hh_6936,26,NA,NA,F
6937,hh_6937,33,NA,NA,F
6938,hh_6938,42,NA,NA,M
6939,hh_6939,51,NA,NA,F
6940,hh_6940,34,NA,NA,F
6941,hh_6941,41,NA,NA,M
6942,hh_6942,74,NA,NA,M
6943,hh_6943,44,NA,NA,F
6944,hh_6944,50,NA,NA,M
6945,hh_6945,62,NA,NA,F
6946,hh_6946,43,NA,NA,M
6947,hh_6947,27,NA,NA,F
6948,hh_6948,34,NA,NA,M
6949,hh_6949,25,NA,NA,F
6950,hh_6950,48,NA,NA,F
6951,hh_6951,23,NA,NA,F
6952,hh_6952,57,NA,NA,F
6953,hh_6953,40,NA,NA,F
6954,hh_6954,46,NA,NA,M
6955,hh_6955,40,NA,NA,F
6956,hh_6956,34,NA,NA,F
6957,hh_6957,30,NA,NA,F
6958,hh_6958,45,NA,NA,M
6959,hh_6959,54,NA,NA,M
6960,hh_6960,23,NA,NA,M
6961,hh_6961,24,NA,NA,F
6962,hh_6962,59,NA,NA,F
6963,hh_6963,39,NA,NA,F
6964,hh_6964,47,NA,NA,F
6965,hh_6965,64,NA,NA,F
6966,hh_6966,59,NA,NA,M
6967,hh_6967,51,NA,NA,F
6968,hh_6968,55,NA,NA,M
6969,hh_6969,38,NA,NA,F
6970,hh_6970,60,NA,NA,M
6971,hh_6971,29,NA,NA,M
6972,hh_6972,27,NA,NA,M
6973,hh_6973,27,NA,NA,F
6974,hh_6974,33,NA,NA,F
6975,hh_6975,36,NA,NA,M
6976,hh_6976,33,NA,NA,F
6977,hh_6977,34,NA,NA,F
6978,hh_6978,29,NA,NA,F
6979,hh_6979,29,NA,NA,F
6980,hh_6980,62,NA,NA,F
6981,hh_6981,18,NA,NA,F
6982,hh_6982,40,NA,NA,F
6983,hh_6983,33,NA,NA,M
6984,hh_6984,32,NA,NA,F
6985,hh_6985,42,NA,NA,M
6986,hh_6986,67,NA,NA,F
6987,hh_6987,46,NA,NA,M
6988,hh_6988,40,NA,NA,F
6989,hh_6989,25,NA,NA,F
6990,hh_6990,32,NA,NA,F
6991,hh_6991,35,NA,NA,M
6992,hh_6992,26,NA,NA,M
6993,hh_6993,45,NA,NA,M
6994,hh_6994,30,NA,NA,M
6995,hh_6995,46,NA,NA,F
6996,hh_6996,18,NA,NA,F
6997,hh_6997,32,NA,NA,F
6998,hh_6998,25,NA,NA,F
6999,hh_6999,28,NA,NA,M
7000,hh_7000,18,NA,NA,F
7001,hh_7001,51,NA,NA,F
7002,hh_7002,31,NA,NA,F
7003,hh_7003,31,NA,NA,M
7004,hh_7004,39,NA,NA,F
7005,hh_7005,47,NA,NA,F
7006,hh_7006,36,NA,NA,F
7007,hh_7007,26,NA,NA,M
7008,hh_7008,34,NA,NA,F
7009,hh_7009,26,NA,NA,F
7010,hh_7010,29,NA,NA,F
7011,hh_7011,54,NA,NA,F
7012,hh_7012,44,NA,NA,F
7013,hh_7013,26,NA,NA,M
7014,hh_7014,40,NA,NA,M
7015,hh_7015,40,NA,NA,F
7016,hh_7016,19,NA,NA,F
7017,hh_7017,66,NA,NA,M
7018,hh_7018,39,NA,NA,F
7019,hh_7019,35,NA,NA,M
7020,hh_7020,35,NA,NA,F
7021,hh_7021,82,NA,NA,M
7022,hh_7022,35,NA,NA,M
7023,hh_7023,80,NA,NA,M
7024,hh_7024,57,NA,NA,F
7025,hh_7025,35,NA,NA,F
7026,hh_7026,56,NA,NA,F
7027,hh_7027,47,NA,NA,M
7028,hh_7028,60,NA,NA,M
7029,hh_7029,43,NA,NA,F
7030,hh_7030,54,NA,NA,F
7031,hh_7031,67,NA,NA,F
7032,hh_7032,36,NA,NA,F
7033,hh_7033,64,NA,NA,M
7034,hh_7034,44,NA,NA,M
7035,hh_7035,35,NA,NA,M
7036,hh_7036,44,NA,NA,F
7037,hh_7037,37,NA,NA,F
7038,hh_7038,38,NA,NA,F
7039,hh_7039,37,NA,NA,F
7040,hh_7040,53,NA,NA,M
7041,hh_7041,41,NA,NA,M
7042,hh_7042,41,NA,NA,F
7043,hh_7043,38,NA,NA,F
7044,hh_7044,47,NA,NA,M
7045,hh_7045,35,NA,NA,F
7046,hh_7046,45,NA,NA,F
7047,hh_7047,45,NA,NA,M
7048,hh_7048,53,NA,NA,M
7049,hh_7049,66,NA,NA,M
7050,hh_7050,46,NA,NA,F
7051,hh_7051,65,NA,NA,M
7052,hh_7052,49,NA,NA,M
7053,hh_7053,50,NA,NA,M
7054,hh_7054,53,NA,NA,M
7055,hh_7055,55,NA,NA,M
7056,hh_7056,74,NA,NA,M
7057,hh_7057,63,NA,NA,F
7058,hh_7058,49,NA,NA,M
7059,hh_7059,46,NA,NA,F
7060,hh_7060,52,NA,NA,F
7061,hh_7061,65,NA,NA,M
7062,hh_7062,69,NA,NA,F
7063,hh_7063,66,NA,NA,F
7064,hh_7064,52,NA,NA,M
7065,hh_7065,51,NA,NA,F
7066,hh_7066,71,NA,NA,F
7067,hh_7067,73,NA,NA,F
7068,hh_7068,54,NA,NA,M
7069,hh_7069,77,NA,NA,F
7070,hh_7070,64,NA,NA,F
7071,hh_7071,48,NA,NA,M
7072,hh_7072,61,NA,NA,F
7073,hh_7073,53,NA,NA,F
7074,hh_7074,69,NA,NA,M
7075,hh_7075,45,NA,NA,F
7076,hh_7076,55,NA,NA,F
7077,hh_7077,65,NA,NA,F
7078,hh_7078,63,NA,NA,M
7079,hh_7079,52,NA,NA,F
7080,hh_7080,53,NA,NA,M
7081,hh_7081,49,NA,NA,F
7082,hh_7082,49,NA,NA,M
7083,hh_7083,57,NA,NA,M
7084,hh_7084,65,NA,NA,F
7085,hh_7085,60,NA,NA,M
7086,hh_7086,60,NA,NA,M
7087,hh_7087,50,NA,NA,F
7088,hh_7088,53,NA,NA,M
7089,hh_7089,55,NA,NA,F
7090,hh_7090,59,NA,NA,M
7091,hh_7091,47,NA,NA,M
7092,hh_7092,46,NA,NA,M
7093,hh_7093,67,NA,NA,F
7094,hh_7094,77,NA,NA,M
7095,hh_7095,46,NA,NA,F
7096,hh_7096,48,NA,NA,F
7097,hh_7097,53,NA,NA,F
7098,hh_7098,49,NA,NA,M
7099,hh_7099,62,NA,NA,F
7100,hh_7100,49,NA,NA,F
7101,hh_7101,54,NA,NA,F
7102,hh_7102,49,NA,NA,F
7103,hh_7103,48,NA,NA,F
7104,hh_7104,54,NA,NA,F
7105,hh_7105,49,NA,NA,F
7106,hh_7106,53,NA,NA,F
7107,hh_7107,59,NA,NA,M
7108,hh_7108,67,NA,NA,F
7109,hh_7109,67,NA,NA,M
7110,hh_7110,45,NA,NA,M
7111,hh_7111,46,NA,NA,F
7112,hh_7112,53,NA,NA,M
7113,hh_7113,64,NA,NA,F
7114,hh_7114,51,NA,NA,M
7115,hh_7115,66,NA,NA,F
7116,hh_7116,54,NA,NA,F
7117,hh_7117,48,NA,NA,F
7118,hh_7118,67,NA,NA,F
7119,hh_7119,49,NA,NA,M
7120,hh_7120,46,NA,NA,F
7121,hh_7121,48,NA,NA,M
7122,hh_7122,49,NA,NA,M
7123,hh_7123,61,NA,NA,M
7124,hh_7124,46,NA,NA,M
7125,hh_7125,60,NA,NA,M
7126,hh_7126,71,NA,NA,M
7127,hh_7127,55,NA,NA,M
7128,hh_7128,71,NA,NA,M
7129,hh_7129,48,NA,NA,F
7130,hh_7130,58,NA,NA,F
7131,hh_7131,63,NA,NA,F
7132,hh_7132,72,NA,NA,F
7133,hh_7133,64,NA,NA,F
7134,hh_7134,53,NA,NA,F
7135,hh_7135,47,NA,NA,NA
7136,hh_7136,46,NA,NA,F
7137,hh_7137,50,NA,NA,M
7138,hh_7138,58,NA,NA,F
7139,hh_7139,76,NA,NA,F
7140,hh_7140,54,NA,NA,M
7141,hh_7141,57,NA,NA,F
7142,hh_7142,54,NA,NA,F
7143,hh_7143,56,NA,NA,F
7144,hh_7144,66,NA,NA,F
7145,hh_7145,64,NA,NA,F
7146,hh_7146,55,NA,NA,M
7147,hh_7147,74,NA,NA,M
7148,hh_7148,57,NA,NA,F
7149,hh_7149,47,NA,NA,F
7150,hh_7150,27,NA,NA,F
7151,hh_7151,35,NA,NA,F
7152,hh_7152,36,NA,NA,F
7153,hh_7153,37,NA,NA,M
7154,hh_7154,34,NA,NA,F
7155,hh_7155,20,NA,NA,M
7156,hh_7156,36,NA,NA,M
7157,hh_7157,52,NA,NA,M
7158,hh_7158,48,NA,NA,F
7159,hh_7159,24,NA,NA,M
7160,hh_7160,21,NA,NA,F
7161,hh_7161,18,NA,NA,F
7162,hh_7162,27,NA,NA,F
7163,hh_7163,28,NA,NA,M
7164,hh_7164,43,NA,NA,F
7165,hh_7165,18,NA,NA,NA
7166,hh_7166,40,NA,NA,M
7167,hh_7167,31,NA,NA,F
7168,hh_7168,36,NA,NA,F
7169,hh_7169,51,NA,NA,F
7170,hh_7170,43,NA,NA,M
7171,hh_7171,41,NA,NA,M
7172,hh_7172,41,NA,NA,M
7173,hh_7173,36,NA,NA,M
7174,hh_7174,33,NA,NA,F
7175,hh_7175,33,NA,NA,F
7176,hh_7176,31,NA,NA,F
7177,hh_7177,39,NA,NA,F
7178,hh_7178,45,NA,NA,F
7179,hh_7179,37,NA,NA,M
7180,hh_7180,72,NA,NA,M
7181,hh_7181,19,NA,NA,F
7182,hh_7182,43,NA,NA,F
7183,hh_7183,31,NA,NA,M
7184,hh_7184,47,NA,NA,M
7185,hh_7185,30,NA,NA,F
7186,hh_7186,31,NA,NA,F
7187,hh_7187,59,NA,NA,F
7188,hh_7188,63,NA,NA,F
7189,hh_7189,28,NA,NA,M
7190,hh_7190,54,NA,NA,F
7191,hh_7191,52,NA,NA,M
7192,hh_7192,44,NA,NA,F
7193,hh_7193,32,NA,NA,M
7194,hh_7194,38,NA,NA,F
7195,hh_7195,47,NA,NA,F
7196,hh_7196,63,NA,NA,M
7197,hh_7197,33,NA,NA,M
7198,hh_7198,27,NA,NA,M
7199,hh_7199,18,NA,NA,F
7200,hh_7200,57,NA,NA,F
7201,hh_7201,38,NA,NA,F
7202,hh_7202,24,NA,NA,M
7203,hh_7203,29,NA,NA,F
7204,hh_7204,25,NA,NA,F
7205,hh_7205,28,NA,NA,F
7206,hh_7206,48,NA,NA,M
7207,hh_7207,53,NA,NA,F
7208,hh_7208,48,NA,NA,F
7209,hh_7209,46,NA,NA,M
7210,hh_7210,33,NA,NA,F
7211,hh_7211,32,NA,NA,M
7212,hh_7212,33,NA,NA,M
7213,hh_7213,19,NA,NA,M
7214,hh_7214,33,NA,NA,M
7215,hh_7215,55,NA,NA,M
7216,hh_7216,38,NA,NA,F
7217,hh_7217,36,NA,NA,M
7218,hh_7218,38,NA,NA,F
7219,hh_7219,34,NA,NA,M
7220,hh_7220,40,NA,NA,F
7221,hh_7221,43,NA,NA,M
7222,hh_7222,34,NA,NA,F
7223,hh_7223,18,NA,NA,F
7224,hh_7224,41,NA,NA,F
7225,hh_7225,32,NA,NA,M
7226,hh_7226,42,NA,NA,F
7227,hh_7227,58,NA,NA,M
7228,hh_7228,52,NA,NA,F
7229,hh_7229,49,NA,NA,F
7230,hh_7230,22,NA,NA,F
7231,hh_7231,25,NA,NA,M
7232,hh_7232,31,NA,NA,F
7233,hh_7233,39,NA,NA,F
7234,hh_7234,31,NA,NA,F
7235,hh_7235,55,NA,NA,F
7236,hh_7236,25,NA,NA,F
7237,hh_7237,33,NA,NA,F
7238,hh_7238,38,NA,NA,M
7239,hh_7239,37,NA,NA,M
7240,hh_7240,72,NA,NA,F
7241,hh_7241,43,NA,NA,M
7242,hh_7242,48,NA,NA,F
7243,hh_7243,33,NA,NA,F
7244,hh_7244,44,NA,NA,F
7245,hh_7245,28,NA,NA,F
7246,hh_7246,36,NA,NA,M
7247,hh_7247,23,NA,NA,M
7248,hh_7248,32,NA,NA,M
7249,hh_7249,22,NA,NA,F
7250,hh_7250,30,NA,NA,M
7251,hh_7251,64,NA,NA,F
7252,hh_7252,25,NA,NA,F
7253,hh_7253,22,NA,NA,M
7254,hh_7254,40,NA,NA,F
7255,hh_7255,44,NA,NA,M
7256,hh_7256,32,NA,NA,F
7257,hh_7257,56,NA,NA,F
7258,hh_7258,32,NA,NA,F
7259,hh_7259,34,NA,NA,F
7260,hh_7260,39,NA,NA,F
7261,hh_7261,35,NA,NA,M
7262,hh_7262,56,NA,NA,M
7263,hh_7263,46,NA,NA,F
7264,hh_7264,36,NA,NA,F
7265,hh_7265,48,NA,NA,M
7266,hh_7266,34,NA,NA,M
7267,hh_7267,21,NA,NA,F
7268,hh_7268,32,NA,NA,F
7269,hh_7269,25,NA,NA,F
7270,hh_7270,21,NA,NA,M
7271,hh_7271,28,NA,NA,M
7272,hh_7272,24,NA,NA,M
7273,hh_7273,38,NA,NA,M
7274,hh_7274,24,NA,NA,F
7275,hh_7275,59,NA,NA,M
7276,hh_7276,65,NA,NA,M
7277,hh_7277,27,NA,NA,M
7278,hh_7278,37,NA,NA,F
7279,hh_7279,35,NA,NA,M
7280,hh_7280,38,NA,NA,F
7281,hh_7281,56,NA,NA,M
7282,hh_7282,35,NA,NA,F
7283,hh_7283,18,NA,NA,M
7284,hh_7284,43,NA,NA,F
7285,hh_7285,36,NA,NA,F
7286,hh_7286,22,NA,NA,F
7287,hh_7287,19,NA,NA,F
7288,hh_7288,40,NA,NA,F
7289,hh_7289,35,NA,NA,F
7290,hh_7290,50,NA,NA,F
7291,hh_7291,47,NA,NA,M
7292,hh_7292,53,NA,NA,M
7293,hh_7293,54,NA,NA,F
7294,hh_7294,49,NA,NA,M
7295,hh_7295,65,NA,NA,M
7296,hh_7296,56,NA,NA,F
7297,hh_7297,51,NA,NA,F
7298,hh_7298,52,NA,NA,F
7299,hh_7299,63,NA,NA,M
7300,hh_7300,55,NA,NA,F
7301,hh_7301,35,NA,NA,F
7302,hh_7302,45,NA,NA,F
7303,hh_7303,49,NA,NA,F
7304,hh_7304,56,NA,NA,F
7305,hh_7305,45,NA,NA,F
7306,hh_7306,57,NA,NA,M
7307,hh_7307,54,NA,NA,M
7308,hh_7308,51,NA,NA,F
7309,hh_7309,46,NA,NA,M
7310,hh_7310,56,NA,NA,M
7311,hh_7311,58,NA,NA,M
7312,hh_7312,53,NA,NA,F
7313,hh_7313,58,NA,NA,F
7314,hh_7314,51,NA,NA,F
7315,hh_7315,57,NA,NA,F
7316,hh_7316,59,NA,NA,F
7317,hh_7317,45,NA,NA,M
7318,hh_7318,63,NA,NA,F
7319,hh_7319,60,NA,NA,M
7320,hh_7320,56,NA,NA,F
7321,hh_7321,45,NA,NA,F
7322,hh_7322,48,NA,NA,F
7323,hh_7323,46,NA,NA,F
7324,hh_7324,53,NA,NA,M
7325,hh_7325,52,NA,NA,F
7326,hh_7326,58,NA,NA,M
7327,hh_7327,57,NA,NA,F
7328,hh_7328,51,NA,NA,M
7329,hh_7329,65,NA,NA,M
7330,hh_7330,55,NA,NA,F
7331,hh_7331,65,NA,NA,F
7332,hh_7332,47,NA,NA,F
7333,hh_7333,49,NA,NA,F
7334,hh_7334,63,NA,NA,F
7335,hh_7335,77,NA,NA,M
7336,hh_7336,60,NA,NA,F
7337,hh_7337,58,NA,NA,F
7338,hh_7338,63,NA,NA,M
20001,hh_20001,76,NA,NA,M
20002,hh_20002,74,NA,NA,M
20003,hh_20003,70,NA,NA,M
20004,hh_20004,72,NA,NA,F
20005,hh_20005,75,NA,NA,M
20006,hh_20006,76,NA,NA,M
20007,hh_20007,72,NA,NA,F
20008,hh_20008,72,NA,NA,F
20009,hh_20009,71,NA,NA,F
20010,hh_20010,73,NA,NA,M
20011,hh_20011,67,NA,NA,F
20012,hh_20012,70,NA,NA,M
20013,hh_20013,70,NA,NA,M
20014,hh_20014,78,NA,NA,F
20015,hh_20015,70,NA,NA,M
20016,hh_20016,70,NA,NA,F
20017,hh_20017,75,NA,NA,F
20018,hh_20018,75,NA,NA,M
20019,hh_20019,79,NA,NA,F
20020,hh_20020,77,NA,NA,M
20021,hh_20021,71,NA,NA,M
20022,hh_20022,72,NA,NA,F
20023,hh_20023,76,NA,NA,M
20024,hh_20024,75,NA,NA,F
20025,hh_20025,74,NA,NA,F
20026,hh_20026,72,NA,NA,M
20027,hh_20027,75,NA,NA,M
20028,hh_20028,72,NA,NA,F
20029,hh_20029,75,NA,NA,M
20030,hh_20030,82,NA,NA,M
20031,hh_20031,80,NA,NA,F
20032,hh_20032,70,NA,NA,F
20033,hh_20033,81,NA,NA,M
20034,hh_20034,77,NA,NA,M
20035,hh_20035,70,NA,NA,F
20036,hh_20036,84,NA,NA,F
20037,hh_20037,82,NA,NA,F
20038,hh_20038,72,NA,NA,M
20039,hh_20039,80,NA,NA,M
20040,hh_20040,81,NA,NA,M
20041,hh_20041,70,NA,NA,M
20042,hh_20042,74,NA,NA,F
20043,hh_20043,70,NA,NA,F
20044,hh_20044,77,NA,NA,M
20045,hh_20045,75,NA,NA,M
20046,hh_20046,75,NA,NA,F
20047,hh_20047,73,NA,NA,M
20048,hh_20048,77,NA,NA,M
20049,hh_20049,75,NA,NA,M
20050,hh_20050,77,NA,NA,F
20051,hh_20051,75,NA,NA,F
20052,hh_20052,74,NA,NA,M
20053,hh_20053,71,NA,NA,F
20054,hh_20054,78,NA,NA,M
20055,hh_20055,74,NA,NA,F
20056,hh_20056,77,NA,NA,M
20057,hh_20057,82,NA,NA,M
20058,hh_20058,78,NA,NA,F
20059,hh_20059,71,NA,NA,M
20060,hh_20060,74,NA,NA,M
20061,hh_20061,70,NA,NA,M
20062,hh_20062,78,NA,NA,M
20063,hh_20063,70,NA,NA,M
20064,hh_20064,82,NA,NA,F
20065,hh_20065,70,NA,NA,M
20066,hh_20066,77,NA,NA,M
20067,hh_20067,80,NA,NA,M
20068,hh_20068,77,NA,NA,F
20069,hh_20069,83,NA,NA,F
20070,hh_20070,77,NA,NA,M
20071,hh_20071,80,NA,NA,F
20072,hh_20072,78,NA,NA,F
20073,hh_20073,85,NA,NA,F
20074,hh_20074,71,NA,NA,M
20075,hh_20075,71,NA,NA,M
20076,hh_20076,75,NA,NA,M
20077,hh_20077,70,NA,NA,M
20078,hh_20078,70,NA,NA,F
20079,hh_20079,72,NA,NA,F
20080,hh_20080,75,NA,NA,F
20081,hh_20081,71,NA,NA,M
20082,hh_20082,70,NA,NA,F
20083,hh_20083,73,NA,NA,F
20084,hh_20084,82,NA,NA,F
20085,hh_20085,73,NA,NA,F
20086,hh_20086,76,NA,NA,M
20087,hh_20087,74,NA,NA,M
20088,hh_20088,76,NA,NA,M
20089,hh_20089,80,NA,NA,M
20090,hh_20090,77,NA,NA,M
20091,hh_20091,73,NA,NA,F
20092,hh_20092,76,NA,NA,M
20093,hh_20093,80,NA,NA,F
20094,hh_20094,75,NA,NA,M
20095,hh_20095,71,NA,NA,M
20096,hh_20096,70,NA,NA,F
20097,hh_20097,74,NA,NA,M
20098,hh_20098,73,NA,NA,F
20099,hh_20099,87,NA,NA,M
20100,hh_20100,77,NA,NA,F
20101,hh_20101,92,NA,NA,M
20102,hh_20102,70,NA,NA,F
20103,hh_20103,73,NA,NA,F
20104,hh_20104,77,NA,NA,F
20105,hh_20105,73,NA,NA,M
20106,hh_20106,79,NA,NA,F
20107,hh_20107,80,NA,NA,M
20108,hh_20108,81,NA,NA,M
20109,hh_20109,75,NA,NA,M
20110,hh_20110,73,NA,NA,F
20111,hh_20111,80,NA,NA,F
20112,hh_20112,70,NA,NA,M
20113,hh_20113,77,NA,NA,F
20114,hh_20114,70,NA,NA,M
20115,hh_20115,70,NA,NA,F
20116,hh_20116,72,NA,NA,M
20117,hh_20117,85,NA,NA,F
20118,hh_20118,71,NA,NA,M
20119,hh_20119,77,NA,NA,F
20120,hh_20120,85,NA,NA,M
20121,hh_20121,76,NA,NA,M
20122,hh_20122,71,NA,NA,M
20123,hh_20123,73,NA,NA,M
20124,hh_20124,78,NA,NA,F
20125,hh_20125,72,NA,NA,M
20126,hh_20126,87,NA,NA,M
20127,hh_20127,76,NA,NA,M
20128,hh_20128,73,NA,NA,M
20129,hh_20129,74,NA,NA,M
20130,hh_20130,71,NA,NA,F
20131,hh_20131,72,NA,NA,M
20132,hh_20132,83,NA,NA,M
20133,hh_20133,72,NA,NA,M
20134,hh_20134,74,NA,NA,F
20135,hh_20135,71,NA,NA,M
20136,hh_20136,77,NA,NA,M
20137,hh_20137,79,NA,NA,M
20138,hh_20138,71,NA,NA,M
20139,hh_20139,73,NA,NA,F
20140,hh_20140,75,NA,NA,M
20141,hh_20141,70,NA,NA,M
20142,hh_20142,71,NA,NA,M
20143,hh_20143,72,NA,NA,M
20144,hh_20144,77,NA,NA,M
20145,hh_20145,78,NA,NA,F
20146,hh_20146,74,NA,NA,M
20147,hh_20147,70,NA,NA,F
20148,hh_20148,70,NA,NA,F
20149,hh_20149,74,NA,NA,M
20150,hh_20150,90,NA,NA,F
20151,hh_20151,73,NA,NA,F
20152,hh_20152,76,NA,NA,M
20153,hh_20153,74,NA,NA,M
20154,hh_20154,77,NA,NA,F
20155,hh_20155,74,NA,NA,M
20156,hh_20156,77,NA,NA,F
20157,hh_20157,74,NA,NA,F
20158,hh_20158,72,NA,NA,F
20159,hh_20159,72,NA,NA,F
20160,hh_20160,79,NA,NA,M
20161,hh_20161,72,NA,NA,F
20162,hh_20162,74,NA,NA,F
20163,hh_20163,73,NA,NA,M
20164,hh_20164,79,NA,NA,M
20165,hh_20165,70,NA,NA,F
20166,hh_20166,79,NA,NA,F
20167,hh_20167,75,NA,NA,F
20168,hh_20168,77,NA,NA,M
20169,hh_20169,77,NA,NA,M
20170,hh_20170,73,NA,NA,M
20171,hh_20171,70,NA,NA,M
20172,hh_20172,70,NA,NA,M
20173,hh_20173,76,NA,NA,M
20174,hh_20174,69,NA,NA,M
20175,hh_20175,73,NA,NA,M
20176,hh_20176,74,NA,NA,F
20177,hh_20177,79,NA,NA,M
20178,hh_20178,82,NA,NA,F
20179,hh_20179,71,NA,NA,M
20180,hh_20180,70,NA,NA,M
20181,hh_20181,70,NA,NA,F
20182,hh_20182,70,NA,NA,M
20183,hh_20183,80,NA,NA,M
20184,hh_20184,73,NA,NA,F
20185,hh_20185,70,NA,NA,M
20186,hh_20186,73,NA,NA,M
20187,hh_20187,72,NA,NA,M
20188,hh_20188,71,NA,NA,F
20189,hh_20189,71,NA,NA,M
20190,hh_20190,71,NA,NA,F
20191,hh_20191,78,NA,NA,F
20192,hh_20192,74,NA,NA,F
20193,hh_20193,70,NA,NA,F
20194,hh_20194,77,NA,NA,M
20195,hh_20195,77,NA,NA,M
20196,hh_20196,72,NA,NA,F
20197,hh_20197,75,NA,NA,M
20198,hh_20198,81,NA,NA,M
20199,hh_20199,72,NA,NA,F
20200,hh_20200,70,NA,NA,F
20201,hh_20201,84,NA,NA,F
20202,hh_20202,74,NA,NA,M
20203,hh_20203,80,NA,NA,M
20204,hh_20204,77,NA,NA,F
20205,hh_20205,71,NA,NA,M
20206,hh_20206,75,NA,NA,M
20207,hh_20207,70,NA,NA,M
20208,hh_20208,70,NA,NA,F
20209,hh_20209,77,NA,NA,M
20210,hh_20210,79,NA,NA,M
20211,hh_20211,78,NA,NA,F
20212,hh_20212,82,NA,NA,M
20213,hh_20213,84,NA,NA,M
20214,hh_20214,79,NA,NA,M
20215,hh_20215,71,NA,NA,F
20216,hh_20216,81,NA,NA,F
20217,hh_20217,75,NA,NA,M
20218,hh_20218,75,NA,NA,M
20219,hh_20219,76,NA,NA,F
20220,hh_20220,71,NA,NA,M
20221,hh_20221,75,NA,NA,F
20222,hh_20222,72,NA,NA,M
20223,hh_20223,75,NA,NA,M
20224,hh_20224,70,NA,NA,M
20225,hh_20225,70,NA,NA,F
20226,hh_20226,66,NA,NA,F
20227,hh_20227,85,NA,NA,M
20228,hh_20228,70,NA,NA,M
20229,hh_20229,70,NA,NA,M
20230,hh_20230,79,NA,NA,F
20231,hh_20231,70,NA,NA,M
20232,hh_20232,82,NA,NA,M
20233,hh_20233,71,NA,NA,M
20234,hh_20234,73,NA,NA,F
20235,hh_20235,79,NA,NA,M
20236,hh_20236,74,NA,NA,M
20237,hh_20237,75,NA,NA,M
20238,hh_20238,76,NA,NA,M
20239,hh_20239,82,NA,NA,F
20240,hh_20240,71,NA,NA,F
20241,hh_20241,70,NA,NA,F
20242,hh_20242,74,NA,NA,F
20243,hh_20243,81,NA,NA,F
20244,hh_20244,72,NA,NA,M
20245,hh_20245,82,NA,NA,F
20246,hh_20246,74,NA,NA,F
20247,hh_20247,76,NA,NA,F
20248,hh_20248,79,NA,NA,F
20249,hh_20249,87,NA,NA,F
20250,hh_20250,74,NA,NA,F
20251,hh_20251,73,NA,NA,M
20252,hh_20252,83,NA,NA,M
20253,hh_20253,71,NA,NA,M
20254,hh_20254,77,NA,NA,M
20255,hh_20255,72,NA,NA,M
20256,hh_20256,77,NA,NA,M
20257,hh_20257,72,NA,NA,F
20258,hh_20258,70,NA,NA,F
20259,hh_20259,73,NA,NA,M
20260,hh_20260,82,NA,NA,M
20261,hh_20261,75,NA,NA,M
20262,hh_20262,70,NA,NA,M
20263,hh_20263,70,NA,NA,F
20264,hh_20264,72,NA,NA,M
20265,hh_20265,72,NA,NA,F
20266,hh_20266,71,NA,NA,M
20267,hh_20267,76,NA,NA,F
20268,hh_20268,72,NA,NA,F
20269,hh_20269,71,NA,NA,M
20270,hh_20270,70,NA,NA,F
20271,hh_20271,70,NA,NA,F
20272,hh_20272,77,NA,NA,M
20273,hh_20273,72,NA,NA,M
20274,hh_20274,71,NA,NA,F
20275,hh_20275,77,NA,NA,F
20276,hh_20276,82,NA,NA,M
20277,hh_20277,71,NA,NA,F
20278,hh_20278,74,NA,NA,M
20279,hh_20279,71,NA,NA,F
20280,hh_20280,76,NA,NA,M
20281,hh_20281,77,NA,NA,F
20282,hh_20282,70,NA,NA,M
20283,hh_20283,72,NA,NA,F
20284,hh_20284,72,NA,NA,M
20285,hh_20285,75,NA,NA,M
20286,hh_20286,74,NA,NA,M
20287,hh_20287,73,NA,NA,M
20288,hh_20288,73,NA,NA,M
20289,hh_20289,71,NA,NA,F
20290,hh_20290,72,NA,NA,F
20291,hh_20291,74,NA,NA,M
20292,hh_20292,75,NA,NA,F
20293,hh_20293,71,NA,NA,F
20294,hh_20294,75,NA,NA,F
20295,hh_20295,80,NA,NA,M
20296,hh_20296,71,NA,NA,M
20297,hh_20297,80,NA,NA,M
20298,hh_20298,82,NA,NA,M
20299,hh_20299,93,NA,NA,M
20300,hh_20300,71,NA,NA,M
20301,hh_20301,83,NA,NA,F
20302,hh_20302,74,NA,NA,F
20303,hh_20303,72,NA,NA,F
20304,hh_20304,72,NA,NA,M
20305,hh_20305,71,NA,NA,M
20306,hh_20306,71,NA,NA,F
20307,hh_20307,74,NA,NA,F
20308,hh_20308,71,NA,NA,M
20309,hh_20309,76,NA,NA,F
20310,hh_20310,72,NA,NA,M
20311,hh_20311,75,NA,NA,M
20312,hh_20312,71,NA,NA,M
20313,hh_20313,82,NA,NA,F
20314,hh_20314,70,NA,NA,F
20315,hh_20315,70,NA,NA,M
20316,hh_20316,80,NA,NA,M
20317,hh_20317,79,NA,NA,F
20318,hh_20318,72,NA,NA,F
20319,hh_20319,70,NA,NA,M
20320,hh_20320,70,NA,NA,M
20321,hh_20321,75,NA,NA,M
20322,hh_20322,71,NA,NA,F
20323,hh_20323,73,NA,NA,F
20324,hh_20324,70,NA,NA,M
20325,hh_20325,78,NA,NA,F
20326,hh_20326,73,NA,NA,F
20327,hh_20327,73,NA,NA,F
20328,hh_20328,73,NA,NA,M
20329,hh_20329,79,NA,NA,M
20330,hh_20330,72,NA,NA,F
20331,hh_20331,71,NA,NA,F
20332,hh_20332,75,NA,NA,M
20333,hh_20333,71,NA,NA,M
20334,hh_20334,80,NA,NA,M
20335,hh_20335,81,NA,NA,F
20336,hh_20336,71,NA,NA,F
20337,hh_20337,70,NA,NA,F
20338,hh_20338,79,NA,NA,F
20339,hh_20339,70,NA,NA,M
20340,hh_20340,73,NA,NA,F
20341,hh_20341,71,NA,NA,F
20342,hh_20342,77,NA,NA,M
20343,hh_20343,70,NA,NA,M
20344,hh_20344,70,NA,NA,F
20345,hh_20345,71,NA,NA,M
20346,hh_20346,80,NA,NA,M
20347,hh_20347,78,NA,NA,F
20348,hh_20348,77,NA,NA,M
20349,hh_20349,73,NA,NA,F
20350,hh_20350,72,NA,NA,M
20351,hh_20351,79,NA,NA,M
20352,hh_20352,71,NA,NA,M
20353,hh_20353,73,NA,NA,F
20354,hh_20354,70,NA,NA,M
20355,hh_20355,75,NA,NA,M
20356,hh_20356,82,NA,NA,F
20357,hh_20357,73,NA,NA,F
20358,hh_20358,76,NA,NA,M
20359,hh_20359,80,NA,NA,F
20360,hh_20360,76,NA,NA,F
20361,hh_20361,76,NA,NA,M
20362,hh_20362,77,NA,NA,F
20363,hh_20363,78,NA,NA,F
20364,hh_20364,70,NA,NA,F
20365,hh_20365,71,NA,NA,M
20366,hh_20366,82,NA,NA,F
20367,hh_20367,75,NA,NA,M
20368,hh_20368,78,NA,NA,M
20369,hh_20369,77,NA,NA,M
20370,hh_20370,76,NA,NA,F
20371,hh_20371,75,NA,NA,M
20372,hh_20372,75,NA,NA,F
20373,hh_20373,82,NA,NA,F
20374,hh_20374,72,NA,NA,M
20375,hh_20375,85,NA,NA,F
20376,hh_20376,71,NA,NA,M
20377,hh_20377,72,NA,NA,M
20378,hh_20378,76,NA,NA,M
20379,hh_20379,73,NA,NA,M
20380,hh_20380,74,NA,NA,M
20381,hh_20381,81,NA,NA,M
20382,hh_20382,81,NA,NA,F
20383,hh_20383,70,NA,NA,M
20384,hh_20384,87,NA,NA,F
20385,hh_20385,80,NA,NA,M
20386,hh_20386,78,NA,NA,M
20387,hh_20387,70,NA,NA,M
20388,hh_20388,72,NA,NA,F
20389,hh_20389,70,NA,NA,M
20390,hh_20390,73,NA,NA,M
20391,hh_20391,74,NA,NA,M
20392,hh_20392,74,NA,NA,M
20393,hh_20393,72,NA,NA,F
20394,hh_20394,72,NA,NA,F
20395,hh_20395,75,NA,NA,F
20396,hh_20396,75,NA,NA,M
20397,hh_20397,89,NA,NA,M
20398,hh_20398,74,NA,NA,F
20399,hh_20399,74,NA,NA,M
20400,hh_20400,75,NA,NA,M
20401,hh_20401,78,NA,NA,M
20402,hh_20402,72,NA,NA,F
20403,hh_20403,70,NA,NA,M
20404,hh_20404,74,NA,NA,M
20405,hh_20405,71,NA,NA,M
20406,hh_20406,79,NA,NA,M
20407,hh_20407,72,NA,NA,M
20408,hh_20408,72,NA,NA,M
20409,hh_20409,73,NA,NA,F
20410,hh_20410,75,NA,NA,M
20411,hh_20411,70,NA,NA,F
20412,hh_20412,72,NA,NA,F
20413,hh_20413,75,NA,NA,F
20414,hh_20414,73,NA,NA,M
20415,hh_20415,81,NA,NA,M
20416,hh_20416,72,NA,NA,F
20417,hh_20417,73,NA,NA,M
20418,hh_20418,73,NA,NA,M
20419,hh_20419,77,NA,NA,F
20420,hh_20420,81,NA,NA,F
20421,hh_20421,73,NA,NA,F
20422,hh_20422,74,NA,NA,F
20423,hh_20423,73,NA,NA,M
20424,hh_20424,74,NA,NA,M
20425,hh_20425,75,NA,NA,F
20426,hh_20426,70,NA,NA,M
20427,hh_20427,71,NA,NA,M
20428,hh_20428,71,NA,NA,F
20429,hh_20429,75,NA,NA,M
20430,hh_20430,80,NA,NA,M
20431,hh_20431,72,NA,NA,M
20432,hh_20432,80,NA,NA,M
20433,hh_20433,70,NA,NA,M
20434,hh_20434,71,NA,NA,M
20435,hh_20435,71,NA,NA,M
20436,hh_20436,76,NA,NA,M
20437,hh_20437,79,NA,NA,M
20438,hh_20438,70,NA,NA,M
20439,hh_20439,71,NA,NA,M
20440,hh_20440,74,NA,NA,M
20441,hh_20441,78,NA,NA,F
20442,hh_20442,75,NA,NA,F
20443,hh_20443,72,NA,NA,M
20444,hh_20444,79,NA,NA,F
20445,hh_20445,74,NA,NA,M
20446,hh_20446,72,NA,NA,M
20447,hh_20447,74,NA,NA,M
20448,hh_20448,72,NA,NA,M
20449,hh_20449,79,NA,NA,M
20450,hh_20450,77,NA,NA,M
20451,hh_20451,76,NA,NA,F
20452,hh_20452,75,NA,NA,M
20453,hh_20453,73,NA,NA,M
20454,hh_20454,75,NA,NA,M
20455,hh_20455,76,NA,NA,F
20456,hh_20456,81,NA,NA,F
20457,hh_20457,81,NA,NA,M
20458,hh_20458,71,NA,NA,M
20459,hh_20459,72,NA,NA,F
20460,hh_20460,74,NA,NA,M
20461,hh_20461,74,NA,NA,F
20462,hh_20462,73,NA,NA,M
20463,hh_20463,81,NA,NA,M
20464,hh_20464,70,NA,NA,F
20465,hh_20465,71,NA,NA,F
20466,hh_20466,79,NA,NA,M
20467,hh_20467,80,NA,NA,M
20468,hh_20468,71,NA,NA,M
20469,hh_20469,72,NA,NA,M
20470,hh_20470,81,NA,NA,M
20471,hh_20471,75,NA,NA,F
20472,hh_20472,75,NA,NA,M
20473,hh_20473,81,NA,NA,F
20474,hh_20474,74,NA,NA,M
20475,hh_20475,77,NA,NA,M
20476,hh_20476,71,NA,NA,M
20477,hh_20477,74,NA,NA,F
20478,hh_20478,83,NA,NA,M
20479,hh_20479,76,NA,NA,M
20480,hh_20480,81,NA,NA,F
20481,hh_20481,84,NA,NA,M
20482,hh_20482,86,NA,NA,M
20483,hh_20483,72,NA,NA,M
20484,hh_20484,74,NA,NA,M
20485,hh_20485,71,NA,NA,F
20486,hh_20486,80,NA,NA,M
20487,hh_20487,79,NA,NA,F
20488,hh_20488,76,NA,NA,M
20489,hh_20489,73,NA,NA,M
20490,hh_20490,74,NA,NA,M
20491,hh_20491,76,NA,NA,M
20492,hh_20492,71,NA,NA,F
20493,hh_20493,80,NA,NA,M
20494,hh_20494,90,NA,NA,M
20495,hh_20495,79,NA,NA,M
20496,hh_20496,72,NA,NA,F
20497,hh_20497,75,NA,NA,M
20498,hh_20498,76,NA,NA,M
20499,hh_20499,72,NA,NA,M
20500,hh_20500,75,NA,NA,M
20501,hh_20501,75,NA,NA,F
20502,hh_20502,70,NA,NA,M
20503,hh_20503,73,NA,NA,F
20504,hh_20504,76,NA,NA,M
20505,hh_20505,77,NA,NA,M
20506,hh_20506,76,NA,NA,M
20507,hh_20507,84,NA,NA,M
20508,hh_20508,84,NA,NA,M
20509,hh_20509,71,NA,NA,F
20510,hh_20510,71,NA,NA,M
20511,hh_20511,72,NA,NA,M
20512,hh_20512,78,NA,NA,F
20513,hh_20513,72,NA,NA,M
20514,hh_20514,75,NA,NA,M
20515,hh_20515,76,NA,NA,M
20516,hh_20516,74,NA,NA,M
20517,hh_20517,78,NA,NA,F
20518,hh_20518,77,NA,NA,F
20519,hh_20519,70,NA,NA,M
20520,hh_20520,71,NA,NA,M
20521,hh_20521,80,NA,NA,M
20522,hh_20522,71,NA,NA,M
20523,hh_20523,75,NA,NA,F
20524,hh_20524,85,NA,NA,M
20525,hh_20525,73,NA,NA,F
20526,hh_20526,79,NA,NA,M
20527,hh_20527,73,NA,NA,F
20528,hh_20528,82,NA,NA,M
20529,hh_20529,80,NA,NA,F
20530,hh_20530,72,NA,NA,M
20531,hh_20531,72,NA,NA,M
20532,hh_20532,72,NA,NA,M
20533,hh_20533,83,NA,NA,M
20534,hh_20534,78,NA,NA,F
20535,hh_20535,83,NA,NA,F
20536,hh_20536,71,NA,NA,F
20537,hh_20537,74,NA,NA,M
20538,hh_20538,78,NA,NA,F
20539,hh_20539,81,NA,NA,M
20540,hh_20540,72,NA,NA,F
20541,hh_20541,73,NA,NA,F
20542,hh_20542,72,NA,NA,M
20543,hh_20543,71,NA,NA,M
20544,hh_20544,77,NA,NA,F
20545,hh_20545,70,NA,NA,M
20546,hh_20546,71,NA,NA,F
20547,hh_20547,71,NA,NA,M
20548,hh_20548,74,NA,NA,F
20549,hh_20549,75,NA,NA,F
15010,hh_15010,12,NA,NA,M
15021,hh_15021,0,NA,NA,F
15032,hh_15032,9,NA,NA,M
15035,hh_15035,17,NA,NA,F
15036,hh_15036,15,NA,NA,M
15037,hh_15037,8,NA,NA,F
15038,hh_15038,14,NA,NA,F
15039,hh_15039,5,NA,NA,F
15040,hh_15040,17,NA,NA,F
15041,hh_15041,7,NA,NA,F
15042,hh_15042,15,NA,NA,F
15043,hh_15043,15,NA,NA,F
15044,hh_15044,14,NA,NA,M
15045,hh_15045,17,NA,NA,M
15046,hh_15046,17,NA,NA,M
15047,hh_15047,16,NA,NA,F
15048,hh_15048,8,NA,NA,F
15049,hh_15049,6,NA,NA,F
15050,hh_15050,16,NA,NA,F
15051,hh_15051,15,NA,NA,M
15052,hh_15052,12,NA,NA,F
15053,hh_15053,9,NA,NA,M
15054,hh_15054,10,NA,NA,F
15055,hh_15055,14,NA,NA,F
15056,hh_15056,4,NA,NA,M
15057,hh_15057,15,NA,NA,M
15058,hh_15058,8,NA,NA,M
15059,hh_15059,10,NA,NA,M
15060,hh_15060,14,NA,NA,M
15061,hh_15061,15,NA,NA,M
15062,hh_15062,14,NA,NA,M
15063,hh_15063,16,NA,NA,M
15064,hh_15064,14,NA,NA,F
15065,hh_15065,2,NA,NA,M
15066,hh_15066,6,NA,NA,M
15067,hh_15067,12,NA,NA,F
15068,hh_15068,6,NA,NA,F
15069,hh_15069,6,NA,NA,F
15070,hh_15070,13,NA,NA,M
15071,hh_15071,12,NA,NA,F
15072,hh_15072,7,NA,NA,M
15691,hh_15691,5,NA,NA,M
15702,hh_15702,13,NA,NA,M
15713,hh_15713,9,NA,NA,M
15724,hh_15724,3,NA,NA,M
15735,hh_15735,9,NA,NA,F
15746,hh_15746,10,NA,NA,F
15756,hh_15756,5,NA,NA,M
15757,hh_15757,7,NA,NA,F
15758,hh_15758,13,NA,NA,F
15759,hh_15759,15,NA,NA,M
15760,hh_15760,17,NA,NA,M
15761,hh_15761,14,NA,NA,M
15762,hh_15762,9,NA,NA,M
15763,hh_15763,9,NA,NA,F
15764,hh_15764,3,NA,NA,F
15765,hh_15765,16,NA,NA,M
15766,hh_15766,14,NA,NA,M
15767,hh_15767,6,NA,NA,M
15768,hh_15768,16,NA,NA,M
15769,hh_15769,14,NA,NA,F
15770,hh_15770,11,NA,NA,F
15771,hh_15771,4,NA,NA,F
15772,hh_15772,8,NA,NA,F
15773,hh_15773,7,NA,NA,M
15774,hh_15774,7,NA,NA,M
15775,hh_15775,4,NA,NA,F
16295,hh_16295,16,NA,NA,F
16296,hh_16296,11,NA,NA,F
16297,hh_16297,15,NA,NA,M
16298,hh_16298,12,NA,NA,M
16299,hh_16299,7,NA,NA,M
16300,hh_16300,10,NA,NA,F
16301,hh_16301,15,NA,NA,M
16302,hh_16302,16,NA,NA,M
16303,hh_16303,10,NA,NA,M
16304,hh_16304,12,NA,NA,M
16305,hh_16305,7,NA,NA,F
16306,hh_16306,16,NA,NA,F
16307,hh_16307,10,NA,NA,M
16308,hh_16308,16,NA,NA,M
16309,hh_16309,16,NA,NA,M
16310,hh_16310,13,NA,NA,M
16311,hh_16311,11,NA,NA,F
16312,hh_16312,7,NA,NA,F
16313,hh_16313,7,NA,NA,M
16314,hh_16314,4,NA,NA,F
16315,hh_16315,11,NA,NA,F
16316,hh_16316,14,NA,NA,F
16317,hh_16317,14,NA,NA,M
16318,hh_16318,17,NA,NA,M
16319,hh_16319,11,NA,NA,F
16320,hh_16320,3,NA,NA,M
16321,hh_16321,9,NA,NA,M
16322,hh_16322,7,NA,NA,F
16323,hh_16323,12,NA,NA,M
16324,hh_16324,8,NA,NA,F
16325,hh_16325,15,NA,NA,F
16326,hh_16326,17,NA,NA,M
16327,hh_16327,6,NA,NA,F
16328,hh_16328,7,NA,NA,M
16329,hh_16329,5,NA,NA,F
16330,hh_16330,2,NA,NA,F
16331,hh_16331,4,NA,NA,M
16332,hh_16332,15,NA,NA,M
16333,hh_16333,10,NA,NA,F
16334,hh_16334,10,NA,NA,M
16335,hh_16335,13,NA,NA,F
16336,hh_16336,13,NA,NA,M
16337,hh_16337,2,NA,NA,F
16338,hh_16338,5,NA,NA,F
16339,hh_16339,4,NA,NA,M
16340,hh_16340,16,NA,NA,M
16341,hh_16341,9,NA,NA,M
16342,hh_16342,12,NA,NA,M
16343,hh_16343,10,NA,NA,M
16344,hh_16344,12,NA,NA,M
16345,hh_16345,13,NA,NA,F
16346,hh_16346,16,NA,NA,M
16347,hh_16347,5,NA,NA,F
16348,hh_16348,13,NA,NA,M
16349,hh_16349,13,NA,NA,F
16350,hh_16350,15,NA,NA,F
16351,hh_16351,8,NA,NA,M
16352,hh_16352,14,NA,NA,M
16353,hh_16353,15,NA,NA,M
16354,hh_16354,14,NA,NA,F
16355,hh_16355,1,NA,NA,M
16356,hh_16356,7,NA,NA,F
16357,hh_16357,17,NA,NA,M
16358,hh_16358,14,NA,NA,F
16359,hh_16359,16,NA,NA,M
16360,hh_16360,14,NA,NA,F
16361,hh_16361,6,NA,NA,M
16362,hh_16362,4,NA,NA,M
16363,hh_16363,7,NA,NA,F
16364,hh_16364,9,NA,NA,M
16365,hh_16365,13,NA,NA,M
16366,hh_16366,14,NA,NA,F
16367,hh_16367,17,NA,NA,M
16368,hh_16368,14,NA,NA,M
16369,hh_16369,12,NA,NA,F
16370,hh_16370,6,NA,NA,M
16371,hh_16371,6,NA,NA,F
16372,hh_16372,16,NA,NA,M
16373,hh_16373,15,NA,NA,M
16374,hh_16374,3,NA,NA,M
16375,hh_16375,10,NA,NA,F
16376,hh_16376,14,NA,NA,M
16377,hh_16377,16,NA,NA,F
16378,hh_16378,1,NA,NA,M
16379,hh_16379,6,NA,NA,F
16380,hh_16380,12,NA,NA,F
16381,hh_16381,16,NA,NA,M
16382,hh_16382,12,NA,NA,M
16383,hh_16383,11,NA,NA,F
16384,hh_16384,13,NA,NA,F
16385,hh_16385,10,NA,NA,M
16386,hh_16386,15,NA,NA,M
16387,hh_16387,12,NA,NA,F
16388,hh_16388,2,NA,NA,M
16389,hh_16389,4,NA,NA,M
16390,hh_16390,17,NA,NA,F
16391,hh_16391,14,NA,NA,M
16392,hh_16392,9,NA,NA,F
16393,hh_16393,4,NA,NA,M
16394,hh_16394,15,NA,NA,M
16395,hh_16395,15,NA,NA,F
16396,hh_16396,13,NA,NA,M
16397,hh_16397,15,NA,NA,F
16398,hh_16398,4,NA,NA,M
16399,hh_16399,9,NA,NA,M
16400,hh_16400,3,NA,NA,M
16401,hh_16401,12,NA,NA,M
16402,hh_16402,17,NA,NA,M
16403,hh_16403,5,NA,NA,M
16404,hh_16404,9,NA,NA,F
16405,hh_16405,7,NA,NA,F
16406,hh_16406,17,NA,NA,M
16407,hh_16407,11,NA,NA,F
16408,hh_16408,5,NA,NA,M
16409,hh_16409,3,NA,NA,M
16410,hh_16410,7,NA,NA,M
16411,hh_16411,9,NA,NA,F
16412,hh_16412,11,NA,NA,F
16413,hh_16413,8,NA,NA,F
16414,hh_16414,10,NA,NA,M
16415,hh_16415,17,NA,NA,F
16416,hh_16416,9,NA,NA,F
16417,hh_16417,17,NA,NA,F
16418,hh_16418,8,NA,NA,F
16419,hh_16419,11,NA,NA,F
16420,hh_16420,17,NA,NA,F
16421,hh_16421,16,NA,NA,F
16422,hh_16422,11,NA,NA,M
16423,hh_16423,14,NA,NA,M
16424,hh_16424,10,NA,NA,M
16425,hh_16425,16,NA,NA,F
16426,hh_16426,8,NA,NA,M
16427,hh_16427,6,NA,NA,F
16428,hh_16428,12,NA,NA,M
16429,hh_16429,13,NA,NA,M
16430,hh_16430,14,NA,NA,M
16431,hh_16431,4,NA,NA,M
16432,hh_16432,0,NA,NA,M
16433,hh_16433,13,NA,NA,M
16434,hh_16434,4,NA,NA,M
16435,hh_16435,10,NA,NA,F
16436,hh_16436,15,NA,NA,F
16437,hh_16437,14,NA,NA,F
16438,hh_16438,7,NA,NA,F
16439,hh_16439,9,NA,NA,F
16440,hh_16440,6,NA,NA,M
16441,hh_16441,15,NA,NA,M
16442,hh_16442,16,NA,NA,M
16443,hh_16443,9,NA,NA,F
16444,hh_16444,11,NA,NA,M
16445,hh_16445,9,NA,NA,F
16446,hh_16446,9,NA,NA,M
16447,hh_16447,16,NA,NA,M
16448,hh_16448,8,NA,NA,F
16449,hh_16449,6,NA,NA,M
16450,hh_16450,1,NA,NA,M
16451,hh_16451,11,NA,NA,M
16452,hh_16452,2,NA,NA,F
16453,hh_16453,12,NA,NA,M
16454,hh_16454,4,NA,NA,F
16455,hh_16455,7,NA,NA,M
16456,hh_16456,0,NA,NA,F
16457,hh_16457,8,NA,NA,M
16458,hh_16458,12,NA,NA,F
16459,hh_16459,7,NA,NA,M
16460,hh_16460,14,NA,NA,F
16461,hh_16461,12,NA,NA,M
16462,hh_16462,10,NA,NA,M
16463,hh_16463,12,NA,NA,F
16464,hh_16464,10,NA,NA,F
16465,hh_16465,13,NA,NA,M
16466,hh_16466,4,NA,NA,F
16467,hh_16467,17,NA,NA,M
16468,hh_16468,4,NA,NA,M
16469,hh_16469,13,NA,NA,M
16470,hh_16470,5,NA,NA,F
16471,hh_16471,7,NA,NA,F
16472,hh_16472,9,NA,NA,M
16473,hh_16473,10,NA,NA,F
16474,hh_16474,17,NA,NA,F
16475,hh_16475,15,NA,NA,F
16476,hh_16476,15,NA,NA,F
16477,hh_16477,16,NA,NA,M
16478,hh_16478,17,NA,NA,F
16479,hh_16479,10,NA,NA,M
16480,hh_16480,14,NA,NA,M
16481,hh_16481,3,NA,NA,M
16482,hh_16482,16,NA,NA,F
16483,hh_16483,9,NA,NA,F
16484,hh_16484,15,NA,NA,M
16485,hh_16485,17,NA,NA,F
16486,hh_16486,12,NA,NA,M
16487,hh_16487,7,NA,NA,M
16488,hh_16488,17,NA,NA,F
16489,hh_16489,2,NA,NA,F
16490,hh_16490,4,NA,NA,F
16491,hh_16491,16,NA,NA,M
16492,hh_16492,8,NA,NA,M
16493,hh_16493,10,NA,NA,M
16494,hh_16494,11,NA,NA,F
16495,hh_16495,11,NA,NA,M
16496,hh_16496,9,NA,NA,M
16497,hh_16497,9,NA,NA,M
16498,hh_16498,7,NA,NA,F
16499,hh_16499,11,NA,NA,M
16500,hh_16500,6,NA,NA,M
16501,hh_16501,3,NA,NA,M
16502,hh_16502,11,NA,NA,F
16503,hh_16503,6,NA,NA,M
16504,hh_16504,5,NA,NA,M
16505,hh_16505,8,NA,NA,F
16506,hh_16506,7,NA,NA,M
16507,hh_16507,5,NA,NA,M
16508,hh_16508,7,NA,NA,F
16509,hh_16509,14,NA,NA,M
16510,hh_16510,10,NA,NA,M
16511,hh_16511,9,NA,NA,M
16512,hh_16512,13,NA,NA,M
16513,hh_16513,6,NA,NA,M
16514,hh_16514,7,NA,NA,F
16515,hh_16515,12,NA,NA,F
16516,hh_16516,5,NA,NA,M
16517,hh_16517,12,NA,NA,F
16518,hh_16518,12,NA,NA,F
16519,hh_16519,17,NA,NA,M
16520,hh_16520,17,NA,NA,F
16521,hh_16521,11,NA,NA,M
16522,hh_16522,12,NA,NA,M
16523,hh_16523,8,NA,NA,F
16524,hh_16524,11,NA,NA,F
16525,hh_16525,12,NA,NA,F
16526,hh_16526,9,NA,NA,F
16527,hh_16527,13,NA,NA,F
16528,hh_16528,4,NA,NA,M
16529,hh_16529,4,NA,NA,F
16530,hh_16530,14,NA,NA,F
16531,hh_16531,12,NA,NA,M
16532,hh_16532,8,NA,NA,F
16533,hh_16533,15,NA,NA,F
16534,hh_16534,10,NA,NA,M
16535,hh_16535,11,NA,NA,M
16536,hh_16536,4,NA,NA,F
16537,hh_16537,9,NA,NA,F
16538,hh_16538,17,NA,NA,F
16539,hh_16539,12,NA,NA,F
16540,hh_16540,17,NA,NA,M
16541,hh_16541,10,NA,NA,M
16542,hh_16542,16,NA,NA,M
16543,hh_16543,17,NA,NA,M
16544,hh_16544,16,NA,NA,F
16545,hh_16545,15,NA,NA,M
16546,hh_16546,2,NA,NA,M
16547,hh_16547,1,NA,NA,M
16548,hh_16548,11,NA,NA,F
16549,hh_16549,9,NA,NA,M
16550,hh_16550,2,NA,NA,M
16551,hh_16551,10,NA,NA,M
16552,hh_16552,2,NA,NA,F
16553,hh_16553,4,NA,NA,F
16554,hh_16554,4,NA,NA,M
16555,hh_16555,7,NA,NA,F
16556,hh_16556,14,NA,NA,M
16557,hh_16557,17,NA,NA,M
16558,hh_16558,16,NA,NA,F
16559,hh_16559,14,NA,NA,F
16560,hh_16560,7,NA,NA,F
16561,hh_16561,14,NA,NA,F
16562,hh_16562,9,NA,NA,M
16563,hh_16563,14,NA,NA,M
16564,hh_16564,7,NA,NA,F
16565,hh_16565,15,NA,NA,M
16566,hh_16566,17,NA,NA,F
16567,hh_16567,12,NA,NA,M
16568,hh_16568,3,NA,NA,F
16569,hh_16569,8,NA,NA,M
16570,hh_16570,3,NA,NA,M
16571,hh_16571,5,NA,NA,F
16572,hh_16572,14,NA,NA,M
16573,hh_16573,8,NA,NA,M
16574,hh_16574,14,NA,NA,M
16575,hh_16575,11,NA,NA,M
16576,hh_16576,17,NA,NA,M
16577,hh_16577,14,NA,NA,F
16578,hh_16578,8,NA,NA,M
16579,hh_16579,13,NA,NA,M
16580,hh_16580,10,NA,NA,M
16581,hh_16581,2,NA,NA,F
16582,hh_16582,10,NA,NA,F
16583,hh_16583,11,NA,NA,F
16584,hh_16584,5,NA,NA,F
16585,hh_16585,9,NA,NA,M
16586,hh_16586,8,NA,NA,M
16587,hh_16587,7,NA,NA,M
16588,hh_16588,14,NA,NA,M
16589,hh_16589,12,NA,NA,M
16590,hh_16590,7,NA,NA,M
16591,hh_16591,8,NA,NA,F
16592,hh_16592,5,NA,NA,M
16593,hh_16593,7,NA,NA,F
16594,hh_16594,17,NA,NA,M
16595,hh_16595,6,NA,NA,F
16596,hh_16596,13,NA,NA,M
16597,hh_16597,7,NA,NA,F
16598,hh_16598,9,NA,NA,F
16599,hh_16599,12,NA,NA,M
16600,hh_16600,4,NA,NA,F
16601,hh_16601,17,NA,NA,F
16602,hh_16602,2,NA,NA,M
16603,hh_16603,13,NA,NA,M
16604,hh_16604,17,NA,NA,M
16605,hh_16605,8,NA,NA,F
16606,hh_16606,15,NA,NA,M
16607,hh_16607,16,NA,NA,F
16608,hh_16608,12,NA,NA,M
16609,hh_16609,7,NA,NA,F
16610,hh_16610,11,NA,NA,M
16611,hh_16611,7,NA,NA,M
16612,hh_16612,13,NA,NA,M
16613,hh_16613,4,NA,NA,F
16614,hh_16614,15,NA,NA,M
16615,hh_16615,6,NA,NA,M
16616,hh_16616,2,NA,NA,F
16617,hh_16617,1,NA,NA,M
16618,hh_16618,16,NA,NA,M
16619,hh_16619,4,NA,NA,M
16620,hh_16620,11,NA,NA,M
16621,hh_16621,11,NA,NA,F
16622,hh_16622,6,NA,NA,F
16623,hh_16623,6,NA,NA,F
16624,hh_16624,6,NA,NA,M
16625,hh_16625,1,NA,NA,M
16626,hh_16626,16,NA,NA,F
16627,hh_16627,6,NA,NA,M
16628,hh_16628,13,NA,NA,F
16629,hh_16629,10,NA,NA,F
16630,hh_16630,13,NA,NA,F
16631,hh_16631,8,NA,NA,M
16632,hh_16632,3,NA,NA,M
16633,hh_16633,0,NA,NA,F
15001,hh_15001,16,NA,NA,M
15002,hh_15002,11,NA,NA,F
15003,hh_15003,6,NA,NA,M
15004,hh_15004,16,NA,NA,F
15005,hh_15005,10,NA,NA,F
15006,hh_15006,17,NA,NA,M
15007,hh_15007,14,NA,NA,M
15008,hh_15008,10,NA,NA,M
15009,hh_15009,15,NA,NA,M
15011,hh_15011,17,NA,NA,M
15012,hh_15012,6,NA,NA,M
15013,hh_15013,13,NA,NA,M
15014,hh_15014,11,NA,NA,F
15015,hh_15015,5,NA,NA,F
15016,hh_15016,12,NA,NA,F
15017,hh_15017,7,NA,NA,M
15018,hh_15018,8,NA,NA,M
15019,hh_15019,12,NA,NA,F
15020,hh_15020,9,NA,NA,M
15022,hh_15022,15,NA,NA,F
15023,hh_15023,0,NA,NA,M
15024,hh_15024,17,NA,NA,F
15025,hh_15025,9,NA,NA,M
15026,hh_15026,11,NA,NA,F
15027,hh_15027,7,NA,NA,M
15028,hh_15028,12,NA,NA,M
15029,hh_15029,10,NA,NA,F
15030,hh_15030,3,NA,NA,F
15031,hh_15031,12,NA,NA,M
15033,hh_15033,7,NA,NA,M
15034,hh_15034,13,NA,NA,M
15073,hh_15073,13,NA,NA,F
15074,hh_15074,17,NA,NA,M
15075,hh_15075,8,NA,NA,F
15076,hh_15076,6,NA,NA,M
15077,hh_15077,16,NA,NA,F
15078,hh_15078,5,NA,NA,M
15079,hh_15079,8,NA,NA,F
15080,hh_15080,16,NA,NA,F
15081,hh_15081,4,NA,NA,M
15082,hh_15082,16,NA,NA,F
15083,hh_15083,17,NA,NA,M
15084,hh_15084,16,NA,NA,M
15085,hh_15085,14,NA,NA,F
15086,hh_15086,11,NA,NA,F
15087,hh_15087,10,NA,NA,M
15088,hh_15088,16,NA,NA,M
15089,hh_15089,11,NA,NA,F
15090,hh_15090,6,NA,NA,M
15091,hh_15091,9,NA,NA,F
15092,hh_15092,16,NA,NA,F
15093,hh_15093,6,NA,NA,F
15094,hh_15094,11,NA,NA,M
15095,hh_15095,11,NA,NA,M
15096,hh_15096,5,NA,NA,F
15097,hh_15097,4,NA,NA,M
15098,hh_15098,16,NA,NA,F
15099,hh_15099,12,NA,NA,M
15100,hh_15100,11,NA,NA,F
15101,hh_15101,10,NA,NA,F
15102,hh_15102,3,NA,NA,M
15103,hh_15103,14,NA,NA,F
15104,hh_15104,10,NA,NA,M
15105,hh_15105,5,NA,NA,M
15106,hh_15106,15,NA,NA,M
15107,hh_15107,8,NA,NA,M
15108,hh_15108,10,NA,NA,M
15109,hh_15109,11,NA,NA,M
15110,hh_15110,16,NA,NA,M
15111,hh_15111,9,NA,NA,F
15112,hh_15112,2,NA,NA,M
15113,hh_15113,5,NA,NA,F
15114,hh_15114,1,NA,NA,M
15115,hh_15115,10,NA,NA,M
15116,hh_15116,17,NA,NA,M
15117,hh_15117,11,NA,NA,M
15118,hh_15118,17,NA,NA,M
15119,hh_15119,12,NA,NA,F
15120,hh_15120,2,NA,NA,M
15121,hh_15121,8,NA,NA,M
15122,hh_15122,14,NA,NA,M
15123,hh_15123,13,NA,NA,F
15124,hh_15124,6,NA,NA,M
15125,hh_15125,8,NA,NA,F
15126,hh_15126,15,NA,NA,F
15127,hh_15127,14,NA,NA,F
15128,hh_15128,4,NA,NA,M
15129,hh_15129,17,NA,NA,NA
15130,hh_15130,13,NA,NA,M
15131,hh_15131,7,NA,NA,F
15132,hh_15132,14,NA,NA,M
15133,hh_15133,11,NA,NA,M
15134,hh_15134,10,NA,NA,F
15135,hh_15135,1,NA,NA,M
15136,hh_15136,13,NA,NA,M
15137,hh_15137,12,NA,NA,F
15138,hh_15138,16,NA,NA,M
15139,hh_15139,13,NA,NA,M
15140,hh_15140,15,NA,NA,F
15141,hh_15141,7,NA,NA,F
15142,hh_15142,7,NA,NA,M
15143,hh_15143,12,NA,NA,M
15144,hh_15144,7,NA,NA,M
15145,hh_15145,6,NA,NA,F
15146,hh_15146,17,NA,NA,F
15147,hh_15147,1,NA,NA,F
15148,hh_15148,10,NA,NA,F
15149,hh_15149,7,NA,NA,M
15150,hh_15150,2,NA,NA,M
15151,hh_15151,7,NA,NA,F
15152,hh_15152,12,NA,NA,F
15153,hh_15153,14,NA,NA,F
15154,hh_15154,10,NA,NA,F
15155,hh_15155,12,NA,NA,F
15156,hh_15156,11,NA,NA,M
15157,hh_15157,2,NA,NA,F
15158,hh_15158,9,NA,NA,F
15159,hh_15159,12,NA,NA,F
15160,hh_15160,15,NA,NA,M
15161,hh_15161,17,NA,NA,F
15162,hh_15162,16,NA,NA,F
15163,hh_15163,15,NA,NA,F
15164,hh_15164,10,NA,NA,F
15165,hh_15165,16,NA,NA,M
15166,hh_15166,6,NA,NA,M
15167,hh_15167,12,NA,NA,F
15168,hh_15168,15,NA,NA,M
15169,hh_15169,13,NA,NA,M
15170,hh_15170,8,NA,NA,F
15171,hh_15171,10,NA,NA,M
15172,hh_15172,15,NA,NA,F
15173,hh_15173,15,NA,NA,F
15174,hh_15174,8,NA,NA,F
15175,hh_15175,9,NA,NA,F
15176,hh_15176,16,NA,NA,F
15177,hh_15177,9,NA,NA,F
15178,hh_15178,11,NA,NA,F
15179,hh_15179,6,NA,NA,F
15180,hh_15180,5,NA,NA,F
15181,hh_15181,4,NA,NA,F
15182,hh_15182,11,NA,NA,F
15183,hh_15183,8,NA,NA,F
15184,hh_15184,13,NA,NA,F
15185,hh_15185,15,NA,NA,F
15186,hh_15186,4,NA,NA,M
15187,hh_15187,17,NA,NA,F
15188,hh_15188,7,NA,NA,M
15189,hh_15189,17,NA,NA,F
15190,hh_15190,14,NA,NA,F
15191,hh_15191,14,NA,NA,M
15192,hh_15192,17,NA,NA,M
15193,hh_15193,15,NA,NA,M
15194,hh_15194,11,NA,NA,M
15195,hh_15195,13,NA,NA,F
15196,hh_15196,15,NA,NA,F
15197,hh_15197,15,NA,NA,M
15198,hh_15198,7,NA,NA,F
15199,hh_15199,11,NA,NA,M
15200,hh_15200,14,NA,NA,F
15201,hh_15201,14,NA,NA,M
15202,hh_15202,9,NA,NA,F
15203,hh_15203,1,NA,NA,M
15204,hh_15204,12,NA,NA,F
15205,hh_15205,3,NA,NA,F
15206,hh_15206,13,NA,NA,M
15207,hh_15207,10,NA,NA,F
15208,hh_15208,8,NA,NA,F
15209,hh_15209,8,NA,NA,F
15210,hh_15210,16,NA,NA,F
15211,hh_15211,11,NA,NA,M
15212,hh_15212,15,NA,NA,M
15213,hh_15213,10,NA,NA,F
15214,hh_15214,15,NA,NA,F
15215,hh_15215,2,NA,NA,F
15216,hh_15216,14,NA,NA,M
15217,hh_15217,17,NA,NA,F
15218,hh_15218,16,NA,NA,M
15219,hh_15219,16,NA,NA,F
15220,hh_15220,12,NA,NA,F
15221,hh_15221,16,NA,NA,M
15222,hh_15222,8,NA,NA,F
15223,hh_15223,12,NA,NA,M
15224,hh_15224,15,NA,NA,M
15225,hh_15225,16,NA,NA,M
15226,hh_15226,13,NA,NA,F
15227,hh_15227,14,NA,NA,M
15228,hh_15228,9,NA,NA,F
15229,hh_15229,8,NA,NA,F
15230,hh_15230,6,NA,NA,F
15231,hh_15231,5,NA,NA,M
15232,hh_15232,2,NA,NA,F
15233,hh_15233,8,NA,NA,M
15234,hh_15234,11,NA,NA,M
15235,hh_15235,9,NA,NA,M
15236,hh_15236,12,NA,NA,M
15237,hh_15237,10,NA,NA,F
15238,hh_15238,1,NA,NA,F
15239,hh_15239,9,NA,NA,M
15240,hh_15240,9,NA,NA,M
15241,hh_15241,8,NA,NA,F
15242,hh_15242,4,NA,NA,F
15243,hh_15243,7,NA,NA,M
15244,hh_15244,10,NA,NA,F
15245,hh_15245,1,NA,NA,F
15246,hh_15246,6,NA,NA,M
15247,hh_15247,10,NA,NA,M
15248,hh_15248,17,NA,NA,F
15249,hh_15249,7,NA,NA,M
15250,hh_15250,17,NA,NA,M
15251,hh_15251,13,NA,NA,M
15252,hh_15252,8,NA,NA,F
15253,hh_15253,5,NA,NA,M
15254,hh_15254,15,NA,NA,M
15255,hh_15255,8,NA,NA,M
15256,hh_15256,13,NA,NA,M
15257,hh_15257,7,NA,NA,M
15258,hh_15258,12,NA,NA,F
15259,hh_15259,7,NA,NA,M
15260,hh_15260,4,NA,NA,M
15261,hh_15261,1,NA,NA,F
15262,hh_15262,12,NA,NA,F
15263,hh_15263,16,NA,NA,F
15264,hh_15264,10,NA,NA,M
15265,hh_15265,10,NA,NA,M
15266,hh_15266,3,NA,NA,F
15267,hh_15267,17,NA,NA,F
15268,hh_15268,4,NA,NA,M
15269,hh_15269,15,NA,NA,F
15270,hh_15270,17,NA,NA,M
15271,hh_15271,5,NA,NA,M
15272,hh_15272,8,NA,NA,M
15273,hh_15273,6,NA,NA,M
15274,hh_15274,11,NA,NA,M
15275,hh_15275,6,NA,NA,F
15276,hh_15276,10,NA,NA,F
15277,hh_15277,4,NA,NA,F
15278,hh_15278,4,NA,NA,M
15279,hh_15279,12,NA,NA,F
15280,hh_15280,12,NA,NA,M
15281,hh_15281,3,NA,NA,F
15282,hh_15282,6,NA,NA,F
15283,hh_15283,8,NA,NA,M
15284,hh_15284,1,NA,NA,M
15285,hh_15285,1,NA,NA,M
15286,hh_15286,5,NA,NA,F
15287,hh_15287,9,NA,NA,F
15288,hh_15288,17,NA,NA,M
15289,hh_15289,9,NA,NA,M
15290,hh_15290,12,NA,NA,F
15291,hh_15291,14,NA,NA,F
15292,hh_15292,14,NA,NA,M
15293,hh_15293,17,NA,NA,M
15294,hh_15294,2,NA,NA,M
15295,hh_15295,6,NA,NA,M
15296,hh_15296,13,NA,NA,M
15297,hh_15297,9,NA,NA,M
15298,hh_15298,15,NA,NA,M
15299,hh_15299,17,NA,NA,M
15300,hh_15300,17,NA,NA,M
15301,hh_15301,12,NA,NA,F
15302,hh_15302,17,NA,NA,M
15303,hh_15303,10,NA,NA,F
15304,hh_15304,16,NA,NA,M
15305,hh_15305,12,NA,NA,M
15306,hh_15306,7,NA,NA,M
15307,hh_15307,15,NA,NA,M
15308,hh_15308,15,NA,NA,M
15309,hh_15309,13,NA,NA,M
15310,hh_15310,12,NA,NA,F
15311,hh_15311,10,NA,NA,M
15312,hh_15312,11,NA,NA,F
15313,hh_15313,11,NA,NA,F
15314,hh_15314,9,NA,NA,F
15315,hh_15315,13,NA,NA,F
15316,hh_15316,11,NA,NA,F
15317,hh_15317,15,NA,NA,F
15318,hh_15318,0,NA,NA,M
15319,hh_15319,1,NA,NA,M
15320,hh_15320,3,NA,NA,M
15321,hh_15321,12,NA,NA,M
15322,hh_15322,7,NA,NA,M
15323,hh_15323,7,NA,NA,F
15324,hh_15324,3,NA,NA,F
15325,hh_15325,13,NA,NA,M
15326,hh_15326,1,NA,NA,F
15327,hh_15327,4,NA,NA,F
15328,hh_15328,17,NA,NA,F
15329,hh_15329,12,NA,NA,F
15330,hh_15330,16,NA,NA,F
15331,hh_15331,4,NA,NA,M
15332,hh_15332,13,NA,NA,F
15333,hh_15333,7,NA,NA,M
15334,hh_15334,2,NA,NA,M
15335,hh_15335,4,NA,NA,F
15336,hh_15336,15,NA,NA,F
15337,hh_15337,17,NA,NA,M
15338,hh_15338,16,NA,NA,M
15339,hh_15339,10,NA,NA,M
15340,hh_15340,14,NA,NA,M
15341,hh_15341,12,NA,NA,F
15342,hh_15342,8,NA,NA,F
15343,hh_15343,10,NA,NA,F
15344,hh_15344,14,NA,NA,F
15345,hh_15345,14,NA,NA,M
15346,hh_15346,5,NA,NA,F
15347,hh_15347,13,NA,NA,M
15348,hh_15348,15,NA,NA,F
15349,hh_15349,13,NA,NA,F
15350,hh_15350,14,NA,NA,F
15351,hh_15351,3,NA,NA,M
15352,hh_15352,9,NA,NA,F
15353,hh_15353,4,NA,NA,F
15354,hh_15354,12,NA,NA,F
15355,hh_15355,4,NA,NA,F
15356,hh_15356,12,NA,NA,F
15357,hh_15357,13,NA,NA,M
15358,hh_15358,10,NA,NA,F
15359,hh_15359,5,NA,NA,M
15360,hh_15360,1,NA,NA,F
15361,hh_15361,8,NA,NA,F
15362,hh_15362,5,NA,NA,M
15363,hh_15363,6,NA,NA,F
15364,hh_15364,16,NA,NA,F
15365,hh_15365,14,NA,NA,F
15366,hh_15366,16,NA,NA,M
15367,hh_15367,8,NA,NA,F
15368,hh_15368,9,NA,NA,F
15369,hh_15369,3,NA,NA,M
15370,hh_15370,11,NA,NA,F
15371,hh_15371,12,NA,NA,M
15372,hh_15372,17,NA,NA,M
15373,hh_15373,16,NA,NA,M
15374,hh_15374,15,NA,NA,F
15375,hh_15375,3,NA,NA,F
15376,hh_15376,13,NA,NA,F
15377,hh_15377,14,NA,NA,F
15378,hh_15378,5,NA,NA,F
15379,hh_15379,15,NA,NA,F
15380,hh_15380,15,NA,NA,M
15381,hh_15381,17,NA,NA,F
15382,hh_15382,4,NA,NA,M
15383,hh_15383,10,NA,NA,F
15384,hh_15384,9,NA,NA,M
15385,hh_15385,6,NA,NA,M
15386,hh_15386,6,NA,NA,M
15387,hh_15387,14,NA,NA,M
15388,hh_15388,5,NA,NA,M
15389,hh_15389,6,NA,NA,F
15390,hh_15390,11,NA,NA,M
15391,hh_15391,10,NA,NA,M
15392,hh_15392,8,NA,NA,M
15393,hh_15393,16,NA,NA,M
15394,hh_15394,10,NA,NA,F
15395,hh_15395,15,NA,NA,F
15396,hh_15396,2,NA,NA,F
15397,hh_15397,16,NA,NA,F
15398,hh_15398,9,NA,NA,M
15399,hh_15399,7,NA,NA,M
15400,hh_15400,13,NA,NA,M
15401,hh_15401,5,NA,NA,M
15402,hh_15402,12,NA,NA,M
15403,hh_15403,3,NA,NA,M
15404,hh_15404,7,NA,NA,F
15405,hh_15405,17,NA,NA,F
15406,hh_15406,6,NA,NA,F
15407,hh_15407,4,NA,NA,M
15408,hh_15408,14,NA,NA,M
15409,hh_15409,11,NA,NA,F
15410,hh_15410,16,NA,NA,M
15411,hh_15411,17,NA,NA,M
15412,hh_15412,14,NA,NA,F
15413,hh_15413,12,NA,NA,M
15414,hh_15414,4,NA,NA,M
15415,hh_15415,10,NA,NA,F
15416,hh_15416,10,NA,NA,F
15417,hh_15417,7,NA,NA,F
15418,hh_15418,2,NA,NA,F
15419,hh_15419,17,NA,NA,M
15420,hh_15420,11,NA,NA,M
15421,hh_15421,4,NA,NA,M
15422,hh_15422,7,NA,NA,M
15423,hh_15423,3,NA,NA,F
15424,hh_15424,12,NA,NA,M
15425,hh_15425,9,NA,NA,M
15426,hh_15426,7,NA,NA,F
15427,hh_15427,8,NA,NA,F
15428,hh_15428,10,NA,NA,M
15429,hh_15429,17,NA,NA,F
15430,hh_15430,10,NA,NA,F
15431,hh_15431,17,NA,NA,F
15432,hh_15432,12,NA,NA,F
15433,hh_15433,7,NA,NA,F
15434,hh_15434,6,NA,NA,M
15435,hh_15435,5,NA,NA,M
15436,hh_15436,9,NA,NA,M
15437,hh_15437,6,NA,NA,M
15438,hh_15438,2,NA,NA,F
15439,hh_15439,16,NA,NA,F
15440,hh_15440,16,NA,NA,M
15441,hh_15441,10,NA,NA,M
15442,hh_15442,4,NA,NA,M
15443,hh_15443,9,NA,NA,F
15444,hh_15444,17,NA,NA,M
15445,hh_15445,6,NA,NA,M
15446,hh_15446,4,NA,NA,M
15447,hh_15447,5,NA,NA,F
15448,hh_15448,16,NA,NA,M
15449,hh_15449,11,NA,NA,M
15450,hh_15450,9,NA,NA,F
15451,hh_15451,9,NA,NA,M
15452,hh_15452,17,NA,NA,F
15453,hh_15453,17,NA,NA,M
15454,hh_15454,5,NA,NA,M
15455,hh_15455,2,NA,NA,F
15456,hh_15456,12,NA,NA,M
15457,hh_15457,12,NA,NA,M
15458,hh_15458,6,NA,NA,M
15459,hh_15459,12,NA,NA,M
15460,hh_15460,16,NA,NA,F
15461,hh_15461,11,NA,NA,F
15462,hh_15462,13,NA,NA,M
15463,hh_15463,13,NA,NA,F
15464,hh_15464,10,NA,NA,F
15465,hh_15465,5,NA,NA,M
15466,hh_15466,5,NA,NA,M
15467,hh_15467,12,NA,NA,M
15468,hh_15468,15,NA,NA,M
15469,hh_15469,16,NA,NA,F
15470,hh_15470,16,NA,NA,M
15471,hh_15471,13,NA,NA,F
15472,hh_15472,7,NA,NA,M
15473,hh_15473,2,NA,NA,M
15474,hh_15474,16,NA,NA,M
15475,hh_15475,7,NA,NA,M
15476,hh_15476,14,NA,NA,M
15477,hh_15477,9,NA,NA,F
15478,hh_15478,8,NA,NA,M
15479,hh_15479,13,NA,NA,M
15480,hh_15480,13,NA,NA,F
15481,hh_15481,13,NA,NA,F
15482,hh_15482,12,NA,NA,F
15483,hh_15483,15,NA,NA,M
15484,hh_15484,13,NA,NA,F
15485,hh_15485,10,NA,NA,F
15486,hh_15486,6,NA,NA,F
15487,hh_15487,15,NA,NA,F
15488,hh_15488,8,NA,NA,F
15489,hh_15489,17,NA,NA,M
15490,hh_15490,7,NA,NA,M
15491,hh_15491,15,NA,NA,F
15492,hh_15492,4,NA,NA,M
15493,hh_15493,4,NA,NA,F
15494,hh_15494,3,NA,NA,M
15495,hh_15495,17,NA,NA,F
15496,hh_15496,7,NA,NA,F
15497,hh_15497,7,NA,NA,M
15498,hh_15498,13,NA,NA,F
15499,hh_15499,2,NA,NA,F
15500,hh_15500,9,NA,NA,F
15501,hh_15501,4,NA,NA,M
15502,hh_15502,8,NA,NA,F
15503,hh_15503,2,NA,NA,M
15504,hh_15504,5,NA,NA,F
15505,hh_15505,4,NA,NA,F
15506,hh_15506,16,NA,NA,M
15507,hh_15507,13,NA,NA,F
15508,hh_15508,9,NA,NA,M
15509,hh_15509,9,NA,NA,M
15510,hh_15510,9,NA,NA,F
15511,hh_15511,3,NA,NA,M
15512,hh_15512,7,NA,NA,F
15513,hh_15513,11,NA,NA,M
15514,hh_15514,14,NA,NA,M
15515,hh_15515,5,NA,NA,M
15516,hh_15516,13,NA,NA,M
15517,hh_15517,5,NA,NA,M
15518,hh_15518,14,NA,NA,M
15519,hh_15519,9,NA,NA,M
15520,hh_15520,14,NA,NA,F
15521,hh_15521,17,NA,NA,NA
15522,hh_15522,16,NA,NA,M
15523,hh_15523,9,NA,NA,M
15524,hh_15524,1,NA,NA,F
15525,hh_15525,15,NA,NA,F
15526,hh_15526,3,NA,NA,M
15527,hh_15527,10,NA,NA,F
15528,hh_15528,17,NA,NA,M
15529,hh_15529,7,NA,NA,M
15530,hh_15530,11,NA,NA,M
15531,hh_15531,13,NA,NA,M
15532,hh_15532,4,NA,NA,M
15533,hh_15533,16,NA,NA,M
15534,hh_15534,1,NA,NA,M
15535,hh_15535,14,NA,NA,F
15536,hh_15536,14,NA,NA,M
15537,hh_15537,15,NA,NA,F
15538,hh_15538,12,NA,NA,F
15539,hh_15539,2,NA,NA,M
15540,hh_15540,14,NA,NA,F
15541,hh_15541,15,NA,NA,F
15542,hh_15542,9,NA,NA,M
15543,hh_15543,13,NA,NA,M
15544,hh_15544,4,NA,NA,M
15545,hh_15545,0,NA,NA,M
15546,hh_15546,17,NA,NA,F
15547,hh_15547,7,NA,NA,F
15548,hh_15548,15,NA,NA,F
15549,hh_15549,6,NA,NA,M
15550,hh_15550,11,NA,NA,F
15551,hh_15551,7,NA,NA,M
15552,hh_15552,10,NA,NA,M
15553,hh_15553,8,NA,NA,F
15554,hh_15554,6,NA,NA,F
15555,hh_15555,6,NA,NA,M
15556,hh_15556,12,NA,NA,F
15557,hh_15557,12,NA,NA,F
15558,hh_15558,10,NA,NA,M
15559,hh_15559,10,NA,NA,F
15560,hh_15560,8,NA,NA,M
15561,hh_15561,3,NA,NA,M
15562,hh_15562,4,NA,NA,F
15563,hh_15563,14,NA,NA,F
15564,hh_15564,15,NA,NA,M
15565,hh_15565,0,NA,NA,F
15566,hh_15566,3,NA,NA,F
15567,hh_15567,15,NA,NA,F
15568,hh_15568,6,NA,NA,M
15569,hh_15569,10,NA,NA,F
15570,hh_15570,16,NA,NA,F
15571,hh_15571,13,NA,NA,F
15572,hh_15572,16,NA,NA,M
15573,hh_15573,14,NA,NA,F
15574,hh_15574,8,NA,NA,F
15575,hh_15575,15,NA,NA,M
15576,hh_15576,11,NA,NA,M
15577,hh_15577,7,NA,NA,M
15578,hh_15578,11,NA,NA,F
15579,hh_15579,14,NA,NA,F
15580,hh_15580,14,NA,NA,F
15581,hh_15581,14,NA,NA,F
15582,hh_15582,13,NA,NA,F
15583,hh_15583,11,NA,NA,F
15584,hh_15584,1,NA,NA,F
15585,hh_15585,12,NA,NA,F
15586,hh_15586,9,NA,NA,F
15587,hh_15587,0,NA,NA,F
15588,hh_15588,10,NA,NA,M
15589,hh_15589,9,NA,NA,M
15590,hh_15590,12,NA,NA,M
15591,hh_15591,16,NA,NA,M
15592,hh_15592,16,NA,NA,F
15593,hh_15593,13,NA,NA,F
15594,hh_15594,12,NA,NA,M
15595,hh_15595,14,NA,NA,M
15596,hh_15596,7,NA,NA,F
15597,hh_15597,13,NA,NA,F
15598,hh_15598,13,NA,NA,M
15599,hh_15599,5,NA,NA,F
15600,hh_15600,14,NA,NA,F
15601,hh_15601,13,NA,NA,M
15602,hh_15602,14,NA,NA,M
15603,hh_15603,13,NA,NA,M
15604,hh_15604,11,NA,NA,M
15605,hh_15605,7,NA,NA,F
15606,hh_15606,11,NA,NA,F
15607,hh_15607,13,NA,NA,F
15608,hh_15608,5,NA,NA,M
15609,hh_15609,13,NA,NA,F
15610,hh_15610,4,NA,NA,M
15611,hh_15611,0,NA,NA,F
15612,hh_15612,10,NA,NA,M
15613,hh_15613,2,NA,NA,F
15614,hh_15614,7,NA,NA,F
15615,hh_15615,5,NA,NA,M
15616,hh_15616,14,NA,NA,M
15617,hh_15617,11,NA,NA,F
15618,hh_15618,11,NA,NA,M
15619,hh_15619,5,NA,NA,M
15620,hh_15620,6,NA,NA,M
15621,hh_15621,13,NA,NA,F
15622,hh_15622,13,NA,NA,F
15623,hh_15623,3,NA,NA,F
15624,hh_15624,16,NA,NA,M
15625,hh_15625,10,NA,NA,M
15626,hh_15626,17,NA,NA,M
15627,hh_15627,7,NA,NA,M
15628,hh_15628,3,NA,NA,F
15629,hh_15629,10,NA,NA,F
15630,hh_15630,0,NA,NA,M
15631,hh_15631,5,NA,NA,F
15632,hh_15632,10,NA,NA,F
15633,hh_15633,12,NA,NA,M
15634,hh_15634,13,NA,NA,F
15635,hh_15635,8,NA,NA,F
15636,hh_15636,15,NA,NA,M
15637,hh_15637,13,NA,NA,M
15638,hh_15638,9,NA,NA,M
15639,hh_15639,11,NA,NA,M
15640,hh_15640,6,NA,NA,F
15641,hh_15641,17,NA,NA,M
15642,hh_15642,4,NA,NA,F
15643,hh_15643,8,NA,NA,F
15644,hh_15644,17,NA,NA,M
15645,hh_15645,5,NA,NA,F
15646,hh_15646,9,NA,NA,F
15647,hh_15647,7,NA,NA,M
15648,hh_15648,2,NA,NA,M
15649,hh_15649,6,NA,NA,F
15650,hh_15650,3,NA,NA,M
15651,hh_15651,4,NA,NA,F
15652,hh_15652,10,NA,NA,M
15653,hh_15653,4,NA,NA,M
15654,hh_15654,6,NA,NA,M
15655,hh_15655,17,NA,NA,M
15656,hh_15656,17,NA,NA,M
15657,hh_15657,16,NA,NA,M
15658,hh_15658,9,NA,NA,F
15659,hh_15659,17,NA,NA,M
15660,hh_15660,4,NA,NA,M
15661,hh_15661,10,NA,NA,M
15662,hh_15662,9,NA,NA,M
15663,hh_15663,8,NA,NA,F
15664,hh_15664,3,NA,NA,M
15665,hh_15665,4,NA,NA,F
15666,hh_15666,3,NA,NA,F
15667,hh_15667,16,NA,NA,F
15668,hh_15668,7,NA,NA,F
15669,hh_15669,6,NA,NA,F
15670,hh_15670,9,NA,NA,M
15671,hh_15671,10,NA,NA,F
15672,hh_15672,7,NA,NA,F
15673,hh_15673,11,NA,NA,M
15674,hh_15674,8,NA,NA,F
15675,hh_15675,9,NA,NA,F
15676,hh_15676,2,NA,NA,M
15677,hh_15677,6,NA,NA,F
15678,hh_15678,14,NA,NA,F
15679,hh_15679,6,NA,NA,F
15680,hh_15680,14,NA,NA,F
15681,hh_15681,7,NA,NA,F
15682,hh_15682,16,NA,NA,F
15683,hh_15683,17,NA,NA,F
15684,hh_15684,11,NA,NA,F
15685,hh_15685,15,NA,NA,M
15686,hh_15686,17,NA,NA,M
15687,hh_15687,17,NA,NA,M
15688,hh_15688,12,NA,NA,F
15689,hh_15689,1,NA,NA,F
15690,hh_15690,10,NA,NA,F
15692,hh_15692,17,NA,NA,M
15693,hh_15693,13,NA,NA,M
15694,hh_15694,8,NA,NA,M
15695,hh_15695,17,NA,NA,M
15696,hh_15696,10,NA,NA,M
15697,hh_15697,10,NA,NA,F
15698,hh_15698,14,NA,NA,F
15699,hh_15699,12,NA,NA,M
15700,hh_15700,7,NA,NA,F
15701,hh_15701,9,NA,NA,F
15703,hh_15703,9,NA,NA,M
15704,hh_15704,11,NA,NA,M
15705,hh_15705,0,NA,NA,M
15706,hh_15706,17,NA,NA,F
15707,hh_15707,12,NA,NA,F
15708,hh_15708,8,NA,NA,M
15709,hh_15709,16,NA,NA,M
15710,hh_15710,4,NA,NA,M
15711,hh_15711,3,NA,NA,M
15712,hh_15712,9,NA,NA,F
15714,hh_15714,15,NA,NA,M
15715,hh_15715,8,NA,NA,M
15716,hh_15716,5,NA,NA,F
15717,hh_15717,11,NA,NA,M
15718,hh_15718,8,NA,NA,F
15719,hh_15719,14,NA,NA,F
15720,hh_15720,4,NA,NA,M
15721,hh_15721,13,NA,NA,F
15722,hh_15722,17,NA,NA,F
15723,hh_15723,3,NA,NA,M
15725,hh_15725,14,NA,NA,F
15726,hh_15726,15,NA,NA,F
15727,hh_15727,10,NA,NA,F
15728,hh_15728,13,NA,NA,F
15729,hh_15729,15,NA,NA,F
15730,hh_15730,11,NA,NA,M
15731,hh_15731,1,NA,NA,F
15732,hh_15732,9,NA,NA,M
15733,hh_15733,7,NA,NA,M
15734,hh_15734,12,NA,NA,M
15736,hh_15736,3,NA,NA,F
15737,hh_15737,16,NA,NA,F
15738,hh_15738,9,NA,NA,M
15739,hh_15739,6,NA,NA,F
15740,hh_15740,3,NA,NA,M
15741,hh_15741,13,NA,NA,F
15742,hh_15742,13,NA,NA,M
15743,hh_15743,14,NA,NA,F
15744,hh_15744,1,NA,NA,M
15745,hh_15745,11,NA,NA,F
15747,hh_15747,1,NA,NA,M
15748,hh_15748,17,NA,NA,F
15749,hh_15749,7,NA,NA,F
15750,hh_15750,12,NA,NA,M
15751,hh_15751,2,NA,NA,M
15752,hh_15752,3,NA,NA,F
15753,hh_15753,12,NA,NA,M
15754,hh_15754,8,NA,NA,M
15755,hh_15755,8,NA,NA,F
15776,hh_15776,11,NA,NA,M
15777,hh_15777,10,NA,NA,F
15778,hh_15778,16,NA,NA,M
15779,hh_15779,8,NA,NA,M
15780,hh_15780,10,NA,NA,F
15781,hh_15781,16,NA,NA,F
15782,hh_15782,17,NA,NA,F
15783,hh_15783,13,NA,NA,M
15784,hh_15784,11,NA,NA,M
15785,hh_15785,9,NA,NA,F
15786,hh_15786,10,NA,NA,M
15787,hh_15787,4,NA,NA,F
15788,hh_15788,4,NA,NA,M
15789,hh_15789,5,NA,NA,F
15790,hh_15790,15,NA,NA,M
15791,hh_15791,5,NA,NA,M
15792,hh_15792,11,NA,NA,F
15793,hh_15793,1,NA,NA,M
15794,hh_15794,5,NA,NA,M
15795,hh_15795,5,NA,NA,F
15796,hh_15796,5,NA,NA,F
15797,hh_15797,13,NA,NA,M
15798,hh_15798,17,NA,NA,F
15799,hh_15799,5,NA,NA,M
15800,hh_15800,7,NA,NA,M
15801,hh_15801,13,NA,NA,M
15802,hh_15802,5,NA,NA,M
15803,hh_15803,9,NA,NA,M
15804,hh_15804,17,NA,NA,F
15805,hh_15805,15,NA,NA,M
15806,hh_15806,16,NA,NA,F
15807,hh_15807,13,NA,NA,M
15808,hh_15808,2,NA,NA,M
15809,hh_15809,17,NA,NA,M
15810,hh_15810,13,NA,NA,F
15811,hh_15811,6,NA,NA,M
15812,hh_15812,10,NA,NA,M
15813,hh_15813,3,NA,NA,F
15814,hh_15814,10,NA,NA,M
15815,hh_15815,14,NA,NA,F
15816,hh_15816,7,NA,NA,M
15817,hh_15817,9,NA,NA,M
15818,hh_15818,4,NA,NA,F
15819,hh_15819,2,NA,NA,F
15820,hh_15820,9,NA,NA,M
15821,hh_15821,12,NA,NA,F
15822,hh_15822,15,NA,NA,F
15823,hh_15823,14,NA,NA,M
15824,hh_15824,16,NA,NA,F
15825,hh_15825,14,NA,NA,M
15826,hh_15826,16,NA,NA,M
15827,hh_15827,13,NA,NA,M
15828,hh_15828,16,NA,NA,F
15829,hh_15829,14,NA,NA,M
15830,hh_15830,14,NA,NA,M
15831,hh_15831,1,NA,NA,F
15832,hh_15832,16,NA,NA,M
15833,hh_15833,13,NA,NA,M
15834,hh_15834,17,NA,NA,F
15835,hh_15835,10,NA,NA,M
15836,hh_15836,11,NA,NA,F
15837,hh_15837,7,NA,NA,M
15838,hh_15838,15,NA,NA,F
15839,hh_15839,11,NA,NA,M
15840,hh_15840,11,NA,NA,M
15841,hh_15841,17,NA,NA,M
15842,hh_15842,3,NA,NA,F
15843,hh_15843,13,NA,NA,F
15844,hh_15844,2,NA,NA,F
15845,hh_15845,11,NA,NA,M
15846,hh_15846,17,NA,NA,M
15847,hh_15847,13,NA,NA,F
15848,hh_15848,17,NA,NA,M
15849,hh_15849,12,NA,NA,M
15850,hh_15850,17,NA,NA,M
15851,hh_15851,7,NA,NA,F
15852,hh_15852,16,NA,NA,F
15853,hh_15853,17,NA,NA,M
15854,hh_15854,14,NA,NA,M
15855,hh_15855,7,NA,NA,M
15856,hh_15856,5,NA,NA,F
15857,hh_15857,6,NA,NA,M
15858,hh_15858,15,NA,NA,F
15859,hh_15859,11,NA,NA,F
15860,hh_15860,10,NA,NA,M
15861,hh_15861,0,NA,NA,M
15862,hh_15862,14,NA,NA,M
15863,hh_15863,14,NA,NA,M
15864,hh_15864,17,NA,NA,M
15865,hh_15865,13,NA,NA,F
15866,hh_15866,17,NA,NA,M
15867,hh_15867,16,NA,NA,F
15868,hh_15868,12,NA,NA,M
15869,hh_15869,15,NA,NA,M
15870,hh_15870,12,NA,NA,F
15871,hh_15871,15,NA,NA,M
15872,hh_15872,15,NA,NA,F
15873,hh_15873,13,NA,NA,M
15874,hh_15874,15,NA,NA,M
15875,hh_15875,15,NA,NA,F
15876,hh_15876,8,NA,NA,M
15877,hh_15877,2,NA,NA,F
15878,hh_15878,7,NA,NA,M
15879,hh_15879,12,NA,NA,F
15880,hh_15880,8,NA,NA,M
15881,hh_15881,15,NA,NA,F
15882,hh_15882,0,NA,NA,F
15883,hh_15883,4,NA,NA,M
15884,hh_15884,5,NA,NA,M
15885,hh_15885,16,NA,NA,M
15886,hh_15886,9,NA,NA,F
15887,hh_15887,10,NA,NA,F
15888,hh_15888,2,NA,NA,M
15889,hh_15889,3,NA,NA,F
15890,hh_15890,15,NA,NA,M
15891,hh_15891,17,NA,NA,M
15892,hh_15892,17,NA,NA,M
15893,hh_15893,15,NA,NA,M
15894,hh_15894,15,NA,NA,F
15895,hh_15895,16,NA,NA,F
15896,hh_15896,14,NA,NA,M
15897,hh_15897,16,NA,NA,M
15898,hh_15898,12,NA,NA,F
15899,hh_15899,8,NA,NA,F
15900,hh_15900,11,NA,NA,F
15901,hh_15901,12,NA,NA,F
15902,hh_15902,14,NA,NA,M
15903,hh_15903,9,NA,NA,M
15904,hh_15904,6,NA,NA,F
15905,hh_15905,4,NA,NA,M
15906,hh_15906,9,NA,NA,F
15907,hh_15907,8,NA,NA,F
15908,hh_15908,0,NA,NA,M
15909,hh_15909,10,NA,NA,M
15910,hh_15910,7,NA,NA,F
15911,hh_15911,9,NA,NA,F
15912,hh_15912,8,NA,NA,F
15913,hh_15913,11,NA,NA,M
15914,hh_15914,4,NA,NA,M
15915,hh_15915,10,NA,NA,M
15916,hh_15916,3,NA,NA,F
15917,hh_15917,8,NA,NA,F
15918,hh_15918,8,NA,NA,M
15919,hh_15919,12,NA,NA,M
15920,hh_15920,5,NA,NA,M
15921,hh_15921,9,NA,NA,F
15922,hh_15922,8,NA,NA,M
15923,hh_15923,7,NA,NA,F
15924,hh_15924,9,NA,NA,F
15925,hh_15925,12,NA,NA,F
15926,hh_15926,4,NA,NA,M
15927,hh_15927,12,NA,NA,F
15928,hh_15928,10,NA,NA,F
15929,hh_15929,3,NA,NA,F
15930,hh_15930,12,NA,NA,M
15931,hh_15931,12,NA,NA,F
15932,hh_15932,7,NA,NA,M
15933,hh_15933,12,NA,NA,M
15934,hh_15934,14,NA,NA,F
15935,hh_15935,15,NA,NA,M
15936,hh_15936,11,NA,NA,M
15937,hh_15937,13,NA,NA,F
15938,hh_15938,7,NA,NA,M
15939,hh_15939,17,NA,NA,M
15940,hh_15940,14,NA,NA,F
15941,hh_15941,4,NA,NA,M
15942,hh_15942,15,NA,NA,M
15943,hh_15943,9,NA,NA,M
15944,hh_15944,14,NA,NA,M
15945,hh_15945,12,NA,NA,M
15946,hh_15946,8,NA,NA,F
15947,hh_15947,7,NA,NA,F
15948,hh_15948,13,NA,NA,F
15949,hh_15949,10,NA,NA,F
15950,hh_15950,15,NA,NA,F
15951,hh_15951,13,NA,NA,F
15952,hh_15952,15,NA,NA,M
15953,hh_15953,11,NA,NA,F
15954,hh_15954,11,NA,NA,M
15955,hh_15955,16,NA,NA,F
15956,hh_15956,10,NA,NA,F
15957,hh_15957,13,NA,NA,F
15958,hh_15958,13,NA,NA,F
15959,hh_15959,14,NA,NA,M
15960,hh_15960,13,NA,NA,F
15961,hh_15961,6,NA,NA,M
15962,hh_15962,12,NA,NA,M
15963,hh_15963,8,NA,NA,F
15964,hh_15964,8,NA,NA,M
15965,hh_15965,7,NA,NA,F
15966,hh_15966,14,NA,NA,M
15967,hh_15967,14,NA,NA,M
15968,hh_15968,10,NA,NA,M
15969,hh_15969,9,NA,NA,F
15970,hh_15970,15,NA,NA,M
15971,hh_15971,8,NA,NA,M
15972,hh_15972,10,NA,NA,M
15973,hh_15973,10,NA,NA,M
15974,hh_15974,11,NA,NA,F
15975,hh_15975,17,NA,NA,M
15976,hh_15976,16,NA,NA,F
15977,hh_15977,11,NA,NA,F
15978,hh_15978,14,NA,NA,F
15979,hh_15979,11,NA,NA,M
15980,hh_15980,4,NA,NA,F
15981,hh_15981,15,NA,NA,F
15982,hh_15982,17,NA,NA,F
15983,hh_15983,15,NA,NA,M
15984,hh_15984,4,NA,NA,F
15985,hh_15985,7,NA,NA,M
15986,hh_15986,8,NA,NA,F
15987,hh_15987,16,NA,NA,M
15988,hh_15988,16,NA,NA,M
15989,hh_15989,9,NA,NA,F
15990,hh_15990,9,NA,NA,F
15991,hh_15991,0,NA,NA,M
15992,hh_15992,12,NA,NA,M
15993,hh_15993,6,NA,NA,F
15994,hh_15994,11,NA,NA,F
15995,hh_15995,10,NA,NA,F
15996,hh_15996,15,NA,NA,F
15997,hh_15997,10,NA,NA,M
15998,hh_15998,17,NA,NA,M
15999,hh_15999,12,NA,NA,F
16000,hh_16000,16,NA,NA,F
16001,hh_16001,15,NA,NA,F
16002,hh_16002,11,NA,NA,F
16003,hh_16003,13,NA,NA,M
16004,hh_16004,3,NA,NA,F
16005,hh_16005,7,NA,NA,M
16006,hh_16006,7,NA,NA,F
16007,hh_16007,10,NA,NA,M
16008,hh_16008,4,NA,NA,F
16009,hh_16009,13,NA,NA,F
16010,hh_16010,1,NA,NA,F
16011,hh_16011,6,NA,NA,F
16012,hh_16012,11,NA,NA,F
16013,hh_16013,0,NA,NA,F
16014,hh_16014,12,NA,NA,M
16015,hh_16015,10,NA,NA,F
16016,hh_16016,8,NA,NA,F
16017,hh_16017,7,NA,NA,M
16018,hh_16018,1,NA,NA,M
16019,hh_16019,11,NA,NA,M
16020,hh_16020,12,NA,NA,M
16021,hh_16021,7,NA,NA,M
16022,hh_16022,7,NA,NA,M
16023,hh_16023,4,NA,NA,M
16024,hh_16024,7,NA,NA,F
16025,hh_16025,11,NA,NA,F
16026,hh_16026,6,NA,NA,F
16027,hh_16027,7,NA,NA,F
16028,hh_16028,16,NA,NA,M
16029,hh_16029,3,NA,NA,F
16030,hh_16030,10,NA,NA,M
16031,hh_16031,3,NA,NA,M
16032,hh_16032,17,NA,NA,F
16033,hh_16033,7,NA,NA,F
16034,hh_16034,16,NA,NA,F
16035,hh_16035,4,NA,NA,M
16036,hh_16036,5,NA,NA,M
16037,hh_16037,0,NA,NA,M
16038,hh_16038,10,NA,NA,F
16039,hh_16039,14,NA,NA,M
16040,hh_16040,4,NA,NA,M
16041,hh_16041,17,NA,NA,F
16042,hh_16042,10,NA,NA,M
16043,hh_16043,15,NA,NA,M
16044,hh_16044,13,NA,NA,M
16045,hh_16045,16,NA,NA,F
16046,hh_16046,1,NA,NA,M
16047,hh_16047,5,NA,NA,M
16048,hh_16048,14,NA,NA,F
16049,hh_16049,13,NA,NA,F
16050,hh_16050,17,NA,NA,M
16051,hh_16051,14,NA,NA,M
16052,hh_16052,4,NA,NA,M
16053,hh_16053,15,NA,NA,M
16054,hh_16054,13,NA,NA,M
16055,hh_16055,5,NA,NA,M
16056,hh_16056,10,NA,NA,M
16057,hh_16057,10,NA,NA,M
16058,hh_16058,7,NA,NA,M
16059,hh_16059,6,NA,NA,M
16060,hh_16060,10,NA,NA,M
16061,hh_16061,7,NA,NA,M
16062,hh_16062,14,NA,NA,F
16063,hh_16063,16,NA,NA,M
16064,hh_16064,6,NA,NA,M
16065,hh_16065,11,NA,NA,M
16066,hh_16066,7,NA,NA,M
16067,hh_16067,14,NA,NA,M
16068,hh_16068,11,NA,NA,F
16069,hh_16069,4,NA,NA,M
16070,hh_16070,6,NA,NA,M
16071,hh_16071,0,NA,NA,M
16072,hh_16072,5,NA,NA,M
16073,hh_16073,6,NA,NA,F
16074,hh_16074,7,NA,NA,M
16075,hh_16075,7,NA,NA,M
16076,hh_16076,10,NA,NA,M
16077,hh_16077,12,NA,NA,M
16078,hh_16078,9,NA,NA,M
16079,hh_16079,3,NA,NA,M
16080,hh_16080,3,NA,NA,M
16081,hh_16081,5,NA,NA,M
16082,hh_16082,2,NA,NA,F
16083,hh_16083,14,NA,NA,M
16084,hh_16084,16,NA,NA,F
16085,hh_16085,9,NA,NA,F
16086,hh_16086,6,NA,NA,M
16087,hh_16087,2,NA,NA,M
16088,hh_16088,9,NA,NA,M
16089,hh_16089,2,NA,NA,M
16090,hh_16090,4,NA,NA,F
16091,hh_16091,12,NA,NA,F
16092,hh_16092,8,NA,NA,M
16093,hh_16093,13,NA,NA,M
16094,hh_16094,4,NA,NA,F
16095,hh_16095,6,NA,NA,M
16096,hh_16096,11,NA,NA,M
16097,hh_16097,8,NA,NA,M
16098,hh_16098,2,NA,NA,F
16099,hh_16099,7,NA,NA,M
16100,hh_16100,5,NA,NA,F
16101,hh_16101,17,NA,NA,F
16102,hh_16102,15,NA,NA,M
16103,hh_16103,0,NA,NA,F
16104,hh_16104,10,NA,NA,M
16105,hh_16105,11,NA,NA,F
16106,hh_16106,9,NA,NA,F
16107,hh_16107,12,NA,NA,F
16108,hh_16108,9,NA,NA,F
16109,hh_16109,17,NA,NA,F
16110,hh_16110,5,NA,NA,M
16111,hh_16111,10,NA,NA,F
16112,hh_16112,2,NA,NA,M
16113,hh_16113,2,NA,NA,F
16114,hh_16114,11,NA,NA,F
16115,hh_16115,6,NA,NA,F
16116,hh_16116,3,NA,NA,F
16117,hh_16117,9,NA,NA,F
16118,hh_16118,7,NA,NA,F
16119,hh_16119,13,NA,NA,F
16120,hh_16120,17,NA,NA,F
16121,hh_16121,2,NA,NA,M
16122,hh_16122,11,NA,NA,F
16123,hh_16123,10,NA,NA,M
16124,hh_16124,15,NA,NA,M
16125,hh_16125,9,NA,NA,M
16126,hh_16126,16,NA,NA,M
16127,hh_16127,10,NA,NA,M
16128,hh_16128,5,NA,NA,F
16129,hh_16129,14,NA,NA,M
16130,hh_16130,17,NA,NA,M
16131,hh_16131,4,NA,NA,M
16132,hh_16132,4,NA,NA,M
16133,hh_16133,5,NA,NA,M
16134,hh_16134,6,NA,NA,F
16135,hh_16135,5,NA,NA,M
16136,hh_16136,17,NA,NA,M
16137,hh_16137,6,NA,NA,M
16138,hh_16138,5,NA,NA,M
16139,hh_16139,6,NA,NA,M
16140,hh_16140,12,NA,NA,F
16141,hh_16141,17,NA,NA,F
16142,hh_16142,9,NA,NA,F
16143,hh_16143,17,NA,NA,F
16144,hh_16144,4,NA,NA,M
16145,hh_16145,7,NA,NA,M
16146,hh_16146,5,NA,NA,M
16147,hh_16147,5,NA,NA,M
16148,hh_16148,9,NA,NA,M
16149,hh_16149,16,NA,NA,M
16150,hh_16150,13,NA,NA,F
16151,hh_16151,11,NA,NA,F
16152,hh_16152,7,NA,NA,M
16153,hh_16153,17,NA,NA,M
16154,hh_16154,14,NA,NA,M
16155,hh_16155,7,NA,NA,F
16156,hh_16156,8,NA,NA,M
16157,hh_16157,9,NA,NA,F
16158,hh_16158,9,NA,NA,F
16159,hh_16159,10,NA,NA,M
16160,hh_16160,5,NA,NA,M
16161,hh_16161,16,NA,NA,F
16162,hh_16162,5,NA,NA,M
16163,hh_16163,12,NA,NA,M
16164,hh_16164,10,NA,NA,M
16165,hh_16165,16,NA,NA,M
16166,hh_16166,8,NA,NA,F
16167,hh_16167,7,NA,NA,M
16168,hh_16168,13,NA,NA,F
16169,hh_16169,15,NA,NA,M
16170,hh_16170,3,NA,NA,M
16171,hh_16171,16,NA,NA,F
16172,hh_16172,4,NA,NA,F
16173,hh_16173,13,NA,NA,M
16174,hh_16174,8,NA,NA,M
16175,hh_16175,12,NA,NA,M
16176,hh_16176,1,NA,NA,F
16177,hh_16177,8,NA,NA,M
16178,hh_16178,16,NA,NA,F
16179,hh_16179,4,NA,NA,F
16180,hh_16180,10,NA,NA,F
16181,hh_16181,1,NA,NA,F
16182,hh_16182,2,NA,NA,F
16183,hh_16183,2,NA,NA,F
16184,hh_16184,2,NA,NA,F
16185,hh_16185,6,NA,NA,F
16186,hh_16186,11,NA,NA,F
16187,hh_16187,4,NA,NA,F
16188,hh_16188,12,NA,NA,F
16189,hh_16189,14,NA,NA,F
16190,hh_16190,9,NA,NA,F
16191,hh_16191,8,NA,NA,F
16192,hh_16192,4,NA,NA,F
16193,hh_16193,17,NA,NA,F
16194,hh_16194,13,NA,NA,M
16195,hh_16195,6,NA,NA,M
16196,hh_16196,11,NA,NA,M
16197,hh_16197,16,NA,NA,M
16198,hh_16198,5,NA,NA,F
16199,hh_16199,7,NA,NA,F
16200,hh_16200,17,NA,NA,M
16201,hh_16201,3,NA,NA,M
16202,hh_16202,17,NA,NA,M
16203,hh_16203,15,NA,NA,M
16204,hh_16204,6,NA,NA,M
16205,hh_16205,2,NA,NA,M
16206,hh_16206,7,NA,NA,M
16207,hh_16207,3,NA,NA,M
16208,hh_16208,13,NA,NA,M
16209,hh_16209,9,NA,NA,M
16210,hh_16210,17,NA,NA,F
16211,hh_16211,9,NA,NA,M
16212,hh_16212,15,NA,NA,F
16213,hh_16213,15,NA,NA,M
16214,hh_16214,5,NA,NA,M
16215,hh_16215,11,NA,NA,M
16216,hh_16216,3,NA,NA,M
16217,hh_16217,6,NA,NA,M
16218,hh_16218,14,NA,NA,M
16219,hh_16219,0,NA,NA,F
16220,hh_16220,5,NA,NA,M
16221,hh_16221,6,NA,NA,F
16222,hh_16222,11,NA,NA,M
16223,hh_16223,12,NA,NA,F
16224,hh_16224,8,NA,NA,M
16225,hh_16225,13,NA,NA,M
16226,hh_16226,14,NA,NA,M
16227,hh_16227,2,NA,NA,M
16228,hh_16228,7,NA,NA,M
16229,hh_16229,16,NA,NA,M
16230,hh_16230,16,NA,NA,M
16231,hh_16231,5,NA,NA,M
16232,hh_16232,5,NA,NA,M
16233,hh_16233,11,NA,NA,M
16234,hh_16234,17,NA,NA,F
16235,hh_16235,10,NA,NA,M
16236,hh_16236,7,NA,NA,M
16237,hh_16237,4,NA,NA,M
16238,hh_16238,17,NA,NA,M
16239,hh_16239,3,NA,NA,F
16240,hh_16240,5,NA,NA,M
16241,hh_16241,6,NA,NA,M
16242,hh_16242,12,NA,NA,M
16243,hh_16243,15,NA,NA,M
16244,hh_16244,11,NA,NA,F
16245,hh_16245,13,NA,NA,F
16246,hh_16246,7,NA,NA,F
16247,hh_16247,16,NA,NA,F
16248,hh_16248,9,NA,NA,F
16249,hh_16249,4,NA,NA,M
16250,hh_16250,10,NA,NA,M
16251,hh_16251,15,NA,NA,M
16252,hh_16252,5,NA,NA,M
16253,hh_16253,13,NA,NA,M
16254,hh_16254,16,NA,NA,F
16255,hh_16255,13,NA,NA,M
16256,hh_16256,12,NA,NA,M
16257,hh_16257,2,NA,NA,F
16258,hh_16258,16,NA,NA,F
16259,hh_16259,9,NA,NA,F
16260,hh_16260,7,NA,NA,F
16261,hh_16261,2,NA,NA,F
16262,hh_16262,13,NA,NA,M
16263,hh_16263,14,NA,NA,F
16264,hh_16264,10,NA,NA,M
16265,hh_16265,11,NA,NA,F
16266,hh_16266,5,NA,NA,M
16267,hh_16267,16,NA,NA,F
16268,hh_16268,16,NA,NA,M
16269,hh_16269,8,NA,NA,M
16270,hh_16270,7,NA,NA,F
16271,hh_16271,7,NA,NA,M
16272,hh_16272,15,NA,NA,F
16273,hh_16273,14,NA,NA,F
16274,hh_16274,10,NA,NA,F
16275,hh_16275,15,NA,NA,M
16276,hh_16276,14,NA,NA,M
16277,hh_16277,5,NA,NA,M
16278,hh_16278,9,NA,NA,F
16279,hh_16279,16,NA,NA,M
16280,hh_16280,10,NA,NA,M
16281,hh_16281,10,NA,NA,F
16282,hh_16282,13,NA,NA,M
16283,hh_16283,17,NA,NA,F
16284,hh_16284,5,NA,NA,F
16285,hh_16285,4,NA,NA,M
16286,hh_16286,10,NA,NA,F
16287,hh_16287,13,NA,NA,F
16288,hh_16288,12,NA,NA,F
16289,hh_16289,7,NA,NA,M
16290,hh_16290,8,NA,NA,M
16291,hh_16291,11,NA,NA,M
16292,hh_16292,13,NA,NA,M
16293,hh_16293,7,NA,NA,F
16294,hh_16294,11,NA,NA,F
45001,hh_45001,17,NA,NA,M
45002,hh_45002,12,NA,NA,F
45003,hh_45003,12,NA,NA,F
45004,hh_45004,4,NA,NA,M
45005,hh_45005,16,NA,NA,F
45006,hh_45006,16,NA,NA,M
45007,hh_45007,15,NA,NA,F
45008,hh_45008,7,NA,NA,F
45009,hh_45009,17,NA,NA,F
45010,hh_45010,8,NA,NA,M
45011,hh_45011,0,NA,NA,F
45012,hh_45012,14,NA,NA,M
45013,hh_45013,13,NA,NA,M
45014,hh_45014,5,NA,NA,M
45015,hh_45015,14,NA,NA,M
45016,hh_45016,10,NA,NA,M
45017,hh_45017,16,NA,NA,F
45018,hh_45018,6,NA,NA,M
45019,hh_45019,17,NA,NA,M
45020,hh_45020,14,NA,NA,F
45021,hh_45021,17,NA,NA,F
45022,hh_45022,9,NA,NA,F
45023,hh_45023,15,NA,NA,F
45024,hh_45024,10,NA,NA,M
45025,hh_45025,14,NA,NA,M
45026,hh_45026,8,NA,NA,M
45027,hh_45027,7,NA,NA,F
45028,hh_45028,3,NA,NA,F
45029,hh_45029,6,NA,NA,M
45030,hh_45030,3,NA,NA,F
45031,hh_45031,11,NA,NA,F
45032,hh_45032,9,NA,NA,M
45033,hh_45033,4,NA,NA,F
45034,hh_45034,5,NA,NA,F
45035,hh_45035,13,NA,NA,F
45036,hh_45036,8,NA,NA,M
45037,hh_45037,8,NA,NA,M
45038,hh_45038,17,NA,NA,M
45039,hh_45039,10,NA,NA,F
45040,hh_45040,10,NA,NA,F
45041,hh_45041,13,NA,NA,M
45042,hh_45042,16,NA,NA,M
45043,hh_45043,17,NA,NA,F
45044,hh_45044,7,NA,NA,M
45045,hh_45045,1,NA,NA,F
45046,hh_45046,16,NA,NA,M
45047,hh_45047,8,NA,NA,M
45048,hh_45048,17,NA,NA,M
45049,hh_45049,3,NA,NA,M
45050,hh_45050,17,NA,NA,M
45051,hh_45051,14,NA,NA,M
45052,hh_45052,10,NA,NA,F
45053,hh_45053,2,NA,NA,M
45054,hh_45054,17,NA,NA,F
45055,hh_45055,16,NA,NA,M
45056,hh_45056,7,NA,NA,M
45057,hh_45057,8,NA,NA,F
45058,hh_45058,12,NA,NA,F
45059,hh_45059,16,NA,NA,F
45060,hh_45060,17,NA,NA,M
45061,hh_45061,17,NA,NA,M
45062,hh_45062,4,NA,NA,M
45063,hh_45063,16,NA,NA,F
45064,hh_45064,4,NA,NA,M
45065,hh_45065,8,NA,NA,M
45066,hh_45066,14,NA,NA,M
45067,hh_45067,6,NA,NA,F
45068,hh_45068,4,NA,NA,M
45069,hh_45069,15,NA,NA,M
45070,hh_45070,13,NA,NA,M
45071,hh_45071,11,NA,NA,F
45072,hh_45072,15,NA,NA,M
45073,hh_45073,9,NA,NA,F
45074,hh_45074,15,NA,NA,F
45075,hh_45075,15,NA,NA,M
45076,hh_45076,11,NA,NA,M
45077,hh_45077,8,NA,NA,M
45078,hh_45078,15,NA,NA,F
45079,hh_45079,4,NA,NA,M
45080,hh_45080,8,NA,NA,F
45081,hh_45081,12,NA,NA,M
45082,hh_45082,3,NA,NA,F
45083,hh_45083,16,NA,NA,M
45084,hh_45084,4,NA,NA,F
45085,hh_45085,6,NA,NA,F
45086,hh_45086,5,NA,NA,M
45087,hh_45087,5,NA,NA,F
45088,hh_45088,8,NA,NA,M
45089,hh_45089,7,NA,NA,M
45090,hh_45090,14,NA,NA,M
45091,hh_45091,5,NA,NA,M
45092,hh_45092,14,NA,NA,M
45093,hh_45093,13,NA,NA,F
45094,hh_45094,4,NA,NA,M
45095,hh_45095,4,NA,NA,F
45096,hh_45096,11,NA,NA,F
45097,hh_45097,14,NA,NA,M
45098,hh_45098,16,NA,NA,F
45099,hh_45099,15,NA,NA,F
45100,hh_45100,9,NA,NA,M
45111,hh_45111,16,NA,NA,F
45122,hh_45122,2,NA,NA,F
45133,hh_45133,4,NA,NA,F
45144,hh_45144,14,NA,NA,M
45155,hh_45155,17,NA,NA,F
45166,hh_45166,3,NA,NA,F
45177,hh_45177,5,NA,NA,M
45188,hh_45188,6,NA,NA,M
45199,hh_45199,15,NA,NA,F
45210,hh_45210,10,NA,NA,M
45221,hh_45221,8,NA,NA,M
45232,hh_45232,16,NA,NA,F
45243,hh_45243,11,NA,NA,F
45254,hh_45254,8,NA,NA,M
45265,hh_45265,13,NA,NA,F
45276,hh_45276,2,NA,NA,M
45287,hh_45287,7,NA,NA,M
45298,hh_45298,9,NA,NA,M
45309,hh_45309,13,NA,NA,M
45320,hh_45320,13,NA,NA,F
45331,hh_45331,13,NA,NA,F
45342,hh_45342,16,NA,NA,F
45353,hh_45353,7,NA,NA,M
45364,hh_45364,6,NA,NA,F
45375,hh_45375,13,NA,NA,F
45386,hh_45386,15,NA,NA,M
45397,hh_45397,15,NA,NA,F
45408,hh_45408,7,NA,NA,M
45419,hh_45419,10,NA,NA,M
45430,hh_45430,12,NA,NA,M
45441,hh_45441,10,NA,NA,F
45452,hh_45452,7,NA,NA,M
45463,hh_45463,6,NA,NA,M
45474,hh_45474,10,NA,NA,M
45485,hh_45485,14,NA,NA,M
45496,hh_45496,6,NA,NA,F
45507,hh_45507,17,NA,NA,M
45518,hh_45518,9,NA,NA,M
45526,hh_45526,13,NA,NA,M
45527,hh_45527,4,NA,NA,M
45528,hh_45528,17,NA,NA,F
45529,hh_45529,9,NA,NA,F
45530,hh_45530,16,NA,NA,M
45531,hh_45531,15,NA,NA,F
45532,hh_45532,10,NA,NA,M
45533,hh_45533,17,NA,NA,M
45534,hh_45534,16,NA,NA,F
45535,hh_45535,12,NA,NA,F
45536,hh_45536,17,NA,NA,M
45537,hh_45537,16,NA,NA,F
45538,hh_45538,6,NA,NA,M
45539,hh_45539,16,NA,NA,M
45540,hh_45540,9,NA,NA,F
45541,hh_45541,5,NA,NA,F
45542,hh_45542,15,NA,NA,F
45543,hh_45543,16,NA,NA,F
45544,hh_45544,10,NA,NA,F
45545,hh_45545,15,NA,NA,M
45546,hh_45546,15,NA,NA,M
45547,hh_45547,17,NA,NA,F
45548,hh_45548,6,NA,NA,M
45549,hh_45549,15,NA,NA,M
45550,hh_45550,17,NA,NA,F
45551,hh_45551,7,NA,NA,F
45552,hh_45552,17,NA,NA,M
45553,hh_45553,10,NA,NA,F
45554,hh_45554,16,NA,NA,M
45555,hh_45555,5,NA,NA,M
45556,hh_45556,11,NA,NA,F
45557,hh_45557,14,NA,NA,M
45558,hh_45558,9,NA,NA,M
45559,hh_45559,12,NA,NA,F
45560,hh_45560,15,NA,NA,F
45561,hh_45561,2,NA,NA,M
45562,hh_45562,3,NA,NA,M
45563,hh_45563,14,NA,NA,M
45564,hh_45564,14,NA,NA,F
45565,hh_45565,6,NA,NA,M
45566,hh_45566,14,NA,NA,M
45567,hh_45567,15,NA,NA,M
45568,hh_45568,17,NA,NA,F
45569,hh_45569,10,NA,NA,F
45570,hh_45570,14,NA,NA,M
45571,hh_45571,15,NA,NA,F
45572,hh_45572,11,NA,NA,F
45573,hh_45573,14,NA,NA,M
45574,hh_45574,17,NA,NA,F
45575,hh_45575,4,NA,NA,M
45576,hh_45576,3,NA,NA,M
45577,hh_45577,15,NA,NA,M
45578,hh_45578,3,NA,NA,M
45579,hh_45579,5,NA,NA,M
45580,hh_45580,4,NA,NA,F
45581,hh_45581,14,NA,NA,F
45582,hh_45582,11,NA,NA,F
45583,hh_45583,14,NA,NA,M
45584,hh_45584,1,NA,NA,M
45585,hh_45585,1,NA,NA,M
45586,hh_45586,14,NA,NA,F
45587,hh_45587,17,NA,NA,F
45588,hh_45588,13,NA,NA,F
45589,hh_45589,12,NA,NA,M
45590,hh_45590,17,NA,NA,F
45591,hh_45591,6,NA,NA,F
45592,hh_45592,8,NA,NA,M
45593,hh_45593,8,NA,NA,F
45594,hh_45594,13,NA,NA,F
45595,hh_45595,13,NA,NA,F
45596,hh_45596,17,NA,NA,F
45597,hh_45597,8,NA,NA,M
45598,hh_45598,3,NA,NA,F
45599,hh_45599,16,NA,NA,M
45600,hh_45600,16,NA,NA,F
45601,hh_45601,16,NA,NA,F
45602,hh_45602,14,NA,NA,F
45603,hh_45603,6,NA,NA,M
45604,hh_45604,13,NA,NA,M
45605,hh_45605,11,NA,NA,F
45606,hh_45606,13,NA,NA,F
45607,hh_45607,2,NA,NA,M
45608,hh_45608,9,NA,NA,F
45609,hh_45609,10,NA,NA,M
45610,hh_45610,14,NA,NA,M
45611,hh_45611,9,NA,NA,F
45612,hh_45612,11,NA,NA,M
45613,hh_45613,2,NA,NA,M
45614,hh_45614,14,NA,NA,M
45615,hh_45615,13,NA,NA,M
45616,hh_45616,13,NA,NA,F
45617,hh_45617,6,NA,NA,M
45618,hh_45618,8,NA,NA,M
45619,hh_45619,7,NA,NA,M
45620,hh_45620,13,NA,NA,M
45621,hh_45621,14,NA,NA,M
45622,hh_45622,16,NA,NA,M
45623,hh_45623,15,NA,NA,F
45624,hh_45624,16,NA,NA,F
45625,hh_45625,6,NA,NA,F
45626,hh_45626,17,NA,NA,F
45627,hh_45627,17,NA,NA,M
45628,hh_45628,3,NA,NA,M
45629,hh_45629,7,NA,NA,M
45630,hh_45630,7,NA,NA,M
45631,hh_45631,15,NA,NA,F
45632,hh_45632,12,NA,NA,F
45633,hh_45633,15,NA,NA,M
45634,hh_45634,15,NA,NA,M
45635,hh_45635,16,NA,NA,F
45636,hh_45636,14,NA,NA,M
45637,hh_45637,6,NA,NA,F
45638,hh_45638,11,NA,NA,F
45639,hh_45639,13,NA,NA,F
45640,hh_45640,3,NA,NA,M
45641,hh_45641,12,NA,NA,M
45642,hh_45642,10,NA,NA,M
45643,hh_45643,16,NA,NA,F
45644,hh_45644,13,NA,NA,F
45645,hh_45645,7,NA,NA,M
45646,hh_45646,7,NA,NA,F
45647,hh_45647,3,NA,NA,M
45648,hh_45648,8,NA,NA,M
45649,hh_45649,7,NA,NA,F
45650,hh_45650,11,NA,NA,F
45651,hh_45651,1,NA,NA,M
45652,hh_45652,15,NA,NA,F
45653,hh_45653,6,NA,NA,F
45654,hh_45654,11,NA,NA,F
45655,hh_45655,6,NA,NA,F
45656,hh_45656,17,NA,NA,F
45657,hh_45657,10,NA,NA,F
45658,hh_45658,16,NA,NA,M
45659,hh_45659,5,NA,NA,M
45660,hh_45660,17,NA,NA,F
45661,hh_45661,17,NA,NA,F
45662,hh_45662,12,NA,NA,F
45663,hh_45663,16,NA,NA,M
45664,hh_45664,4,NA,NA,M
45665,hh_45665,5,NA,NA,F
45666,hh_45666,10,NA,NA,F
45667,hh_45667,13,NA,NA,M
45668,hh_45668,8,NA,NA,M
45669,hh_45669,13,NA,NA,M
45670,hh_45670,15,NA,NA,M
45671,hh_45671,15,NA,NA,F
45672,hh_45672,14,NA,NA,F
45673,hh_45673,13,NA,NA,M
45674,hh_45674,8,NA,NA,M
45675,hh_45675,12,NA,NA,M
45676,hh_45676,13,NA,NA,M
45677,hh_45677,6,NA,NA,M
45678,hh_45678,17,NA,NA,M
45679,hh_45679,12,NA,NA,F
45680,hh_45680,11,NA,NA,F
45681,hh_45681,11,NA,NA,M
45682,hh_45682,15,NA,NA,M
45683,hh_45683,9,NA,NA,F
45684,hh_45684,7,NA,NA,F
45685,hh_45685,3,NA,NA,M
45686,hh_45686,13,NA,NA,F
45687,hh_45687,11,NA,NA,M
45688,hh_45688,14,NA,NA,M
45689,hh_45689,8,NA,NA,F
45690,hh_45690,14,NA,NA,M
45691,hh_45691,17,NA,NA,M
45692,hh_45692,15,NA,NA,F
45693,hh_45693,10,NA,NA,M
45694,hh_45694,17,NA,NA,F
45695,hh_45695,14,NA,NA,F
45696,hh_45696,15,NA,NA,M
45697,hh_45697,3,NA,NA,F
45698,hh_45698,9,NA,NA,F
45699,hh_45699,10,NA,NA,F
45700,hh_45700,9,NA,NA,M
45701,hh_45701,13,NA,NA,F
45702,hh_45702,16,NA,NA,M
45703,hh_45703,1,NA,NA,F
45704,hh_45704,10,NA,NA,F
45705,hh_45705,8,NA,NA,F
45706,hh_45706,6,NA,NA,M
45707,hh_45707,15,NA,NA,M
45708,hh_45708,10,NA,NA,F
45709,hh_45709,15,NA,NA,F
45710,hh_45710,13,NA,NA,M
45711,hh_45711,10,NA,NA,M
45712,hh_45712,9,NA,NA,M
45713,hh_45713,10,NA,NA,F
45714,hh_45714,1,NA,NA,M
45715,hh_45715,13,NA,NA,F
45716,hh_45716,2,NA,NA,F
45717,hh_45717,15,NA,NA,M
45718,hh_45718,3,NA,NA,F
45719,hh_45719,14,NA,NA,M
45720,hh_45720,9,NA,NA,M
45721,hh_45721,7,NA,NA,F
45722,hh_45722,0,NA,NA,M
45723,hh_45723,15,NA,NA,F
45724,hh_45724,16,NA,NA,M
45725,hh_45725,12,NA,NA,M
45726,hh_45726,12,NA,NA,M
45727,hh_45727,15,NA,NA,F
45728,hh_45728,10,NA,NA,M
45729,hh_45729,2,NA,NA,M
45730,hh_45730,1,NA,NA,F
45731,hh_45731,14,NA,NA,M
45732,hh_45732,16,NA,NA,M
45733,hh_45733,9,NA,NA,F
45734,hh_45734,1,NA,NA,M
45735,hh_45735,13,NA,NA,F
45736,hh_45736,10,NA,NA,M
45737,hh_45737,0,NA,NA,M
45738,hh_45738,15,NA,NA,M
45739,hh_45739,12,NA,NA,M
45740,hh_45740,10,NA,NA,F
45741,hh_45741,10,NA,NA,M
45742,hh_45742,7,NA,NA,M
45743,hh_45743,16,NA,NA,F
45744,hh_45744,9,NA,NA,F
45745,hh_45745,9,NA,NA,F
45746,hh_45746,12,NA,NA,M
45747,hh_45747,1,NA,NA,M
45748,hh_45748,16,NA,NA,M
45749,hh_45749,16,NA,NA,F
45750,hh_45750,16,NA,NA,M
45751,hh_45751,3,NA,NA,M
45752,hh_45752,16,NA,NA,M
45753,hh_45753,16,NA,NA,M
45754,hh_45754,1,NA,NA,F
45755,hh_45755,6,NA,NA,F
45756,hh_45756,6,NA,NA,M
45757,hh_45757,9,NA,NA,F
45758,hh_45758,1,NA,NA,F
45759,hh_45759,4,NA,NA,M
45760,hh_45760,1,NA,NA,F
45761,hh_45761,6,NA,NA,F
45762,hh_45762,0,NA,NA,M
45763,hh_45763,1,NA,NA,F
45764,hh_45764,13,NA,NA,M
45765,hh_45765,12,NA,NA,F
45766,hh_45766,17,NA,NA,F
45767,hh_45767,14,NA,NA,F
45768,hh_45768,11,NA,NA,F
45769,hh_45769,10,NA,NA,F
45770,hh_45770,9,NA,NA,F
45771,hh_45771,10,NA,NA,M
45772,hh_45772,9,NA,NA,M
45773,hh_45773,10,NA,NA,M
45774,hh_45774,10,NA,NA,F
45775,hh_45775,6,NA,NA,M
45776,hh_45776,5,NA,NA,M
45777,hh_45777,15,NA,NA,F
45778,hh_45778,6,NA,NA,F
45779,hh_45779,2,NA,NA,F
45780,hh_45780,16,NA,NA,F
45781,hh_45781,7,NA,NA,M
45782,hh_45782,14,NA,NA,M
45783,hh_45783,14,NA,NA,F
45784,hh_45784,5,NA,NA,M
45785,hh_45785,15,NA,NA,M
45786,hh_45786,15,NA,NA,F
45787,hh_45787,6,NA,NA,M
45788,hh_45788,6,NA,NA,M
45789,hh_45789,17,NA,NA,M
45790,hh_45790,4,NA,NA,F
45791,hh_45791,15,NA,NA,M
45792,hh_45792,16,NA,NA,F
45793,hh_45793,5,NA,NA,M
45794,hh_45794,10,NA,NA,M
45795,hh_45795,17,NA,NA,M
45796,hh_45796,15,NA,NA,M
45797,hh_45797,3,NA,NA,F
45798,hh_45798,8,NA,NA,M
45799,hh_45799,17,NA,NA,M
45800,hh_45800,10,NA,NA,F
45801,hh_45801,1,NA,NA,F
45802,hh_45802,6,NA,NA,M
45803,hh_45803,4,NA,NA,M
45804,hh_45804,8,NA,NA,M
45805,hh_45805,17,NA,NA,F
45806,hh_45806,7,NA,NA,M
45807,hh_45807,12,NA,NA,M
45808,hh_45808,5,NA,NA,M
45809,hh_45809,10,NA,NA,M
45810,hh_45810,5,NA,NA,M
45811,hh_45811,9,NA,NA,M
45812,hh_45812,13,NA,NA,M
45813,hh_45813,14,NA,NA,M
45814,hh_45814,12,NA,NA,M
45815,hh_45815,17,NA,NA,F
45816,hh_45816,9,NA,NA,F
45817,hh_45817,14,NA,NA,M
45818,hh_45818,12,NA,NA,M
45819,hh_45819,17,NA,NA,F
45820,hh_45820,12,NA,NA,M
45821,hh_45821,15,NA,NA,F
45822,hh_45822,10,NA,NA,F
45823,hh_45823,15,NA,NA,M
45824,hh_45824,8,NA,NA,F
45825,hh_45825,8,NA,NA,F
45826,hh_45826,5,NA,NA,M
45827,hh_45827,4,NA,NA,M
45828,hh_45828,6,NA,NA,M
45829,hh_45829,15,NA,NA,M
45830,hh_45830,9,NA,NA,M
45831,hh_45831,13,NA,NA,M
45832,hh_45832,13,NA,NA,F
45833,hh_45833,14,NA,NA,M
45834,hh_45834,15,NA,NA,M
45835,hh_45835,15,NA,NA,M
45836,hh_45836,7,NA,NA,F
45837,hh_45837,3,NA,NA,M
45838,hh_45838,8,NA,NA,M
45839,hh_45839,17,NA,NA,M
45840,hh_45840,8,NA,NA,F
45841,hh_45841,10,NA,NA,F
45842,hh_45842,9,NA,NA,F
45843,hh_45843,5,NA,NA,M
45844,hh_45844,13,NA,NA,F
45845,hh_45845,14,NA,NA,M
45846,hh_45846,3,NA,NA,M
45847,hh_45847,7,NA,NA,M
45848,hh_45848,10,NA,NA,F
45849,hh_45849,7,NA,NA,F
45850,hh_45850,5,NA,NA,F
45851,hh_45851,8,NA,NA,M
45852,hh_45852,13,NA,NA,F
45853,hh_45853,17,NA,NA,F
45854,hh_45854,7,NA,NA,M
45855,hh_45855,10,NA,NA,M
45856,hh_45856,14,NA,NA,M
45857,hh_45857,13,NA,NA,M
45858,hh_45858,15,NA,NA,M
45859,hh_45859,12,NA,NA,M
45860,hh_45860,17,NA,NA,M
45861,hh_45861,1,NA,NA,M
45862,hh_45862,10,NA,NA,F
45863,hh_45863,9,NA,NA,M
45864,hh_45864,8,NA,NA,F
45865,hh_45865,9,NA,NA,F
45866,hh_45866,16,NA,NA,F
45867,hh_45867,15,NA,NA,M
45868,hh_45868,11,NA,NA,M
45869,hh_45869,5,NA,NA,M
45870,hh_45870,14,NA,NA,F
45871,hh_45871,14,NA,NA,M
45872,hh_45872,10,NA,NA,M
45873,hh_45873,6,NA,NA,M
45874,hh_45874,1,NA,NA,M
45875,hh_45875,14,NA,NA,M
45876,hh_45876,14,NA,NA,M
45877,hh_45877,3,NA,NA,F
45878,hh_45878,5,NA,NA,M
45879,hh_45879,9,NA,NA,F
45880,hh_45880,15,NA,NA,M
45881,hh_45881,11,NA,NA,M
45882,hh_45882,8,NA,NA,M
45883,hh_45883,8,NA,NA,M
45884,hh_45884,2,NA,NA,F
45885,hh_45885,17,NA,NA,F
45886,hh_45886,12,NA,NA,M
45887,hh_45887,13,NA,NA,M
45888,hh_45888,10,NA,NA,F
45889,hh_45889,15,NA,NA,F
45890,hh_45890,11,NA,NA,F
45891,hh_45891,17,NA,NA,M
45892,hh_45892,11,NA,NA,F
45893,hh_45893,10,NA,NA,F
45894,hh_45894,5,NA,NA,M
45895,hh_45895,13,NA,NA,M
45896,hh_45896,12,NA,NA,M
45897,hh_45897,10,NA,NA,F
45898,hh_45898,5,NA,NA,M
45899,hh_45899,12,NA,NA,M
45900,hh_45900,11,NA,NA,F
45901,hh_45901,6,NA,NA,M
45902,hh_45902,16,NA,NA,M
45903,hh_45903,14,NA,NA,M
45904,hh_45904,12,NA,NA,M
45905,hh_45905,10,NA,NA,M
45906,hh_45906,10,NA,NA,M
45907,hh_45907,4,NA,NA,M
45908,hh_45908,6,NA,NA,M
45909,hh_45909,13,NA,NA,M
45910,hh_45910,10,NA,NA,F
45911,hh_45911,13,NA,NA,M
45912,hh_45912,10,NA,NA,F
45913,hh_45913,11,NA,NA,F
45914,hh_45914,12,NA,NA,F
45915,hh_45915,7,NA,NA,M
45916,hh_45916,8,NA,NA,M
45917,hh_45917,13,NA,NA,F
45918,hh_45918,4,NA,NA,F
45919,hh_45919,10,NA,NA,F
45920,hh_45920,11,NA,NA,F
45921,hh_45921,3,NA,NA,M
45922,hh_45922,8,NA,NA,F
45923,hh_45923,12,NA,NA,M
45924,hh_45924,10,NA,NA,F
45925,hh_45925,15,NA,NA,F
45926,hh_45926,11,NA,NA,M
45927,hh_45927,4,NA,NA,M
45928,hh_45928,11,NA,NA,F
45929,hh_45929,12,NA,NA,M
45930,hh_45930,15,NA,NA,M
45931,hh_45931,5,NA,NA,M
45932,hh_45932,12,NA,NA,F
45933,hh_45933,4,NA,NA,F
45934,hh_45934,8,NA,NA,M
45935,hh_45935,9,NA,NA,M
45936,hh_45936,17,NA,NA,M
45937,hh_45937,12,NA,NA,M
45938,hh_45938,7,NA,NA,F
45939,hh_45939,10,NA,NA,M
45940,hh_45940,3,NA,NA,M
45941,hh_45941,17,NA,NA,M
45942,hh_45942,11,NA,NA,F
45943,hh_45943,14,NA,NA,F
45944,hh_45944,1,NA,NA,F
45945,hh_45945,10,NA,NA,F
45946,hh_45946,17,NA,NA,M
45947,hh_45947,10,NA,NA,F
45948,hh_45948,13,NA,NA,M
45949,hh_45949,16,NA,NA,M
45950,hh_45950,13,NA,NA,M
45951,hh_45951,7,NA,NA,F
45952,hh_45952,16,NA,NA,F
45953,hh_45953,9,NA,NA,F
45954,hh_45954,4,NA,NA,M
45955,hh_45955,10,NA,NA,M
45956,hh_45956,10,NA,NA,M
45957,hh_45957,17,NA,NA,F
45958,hh_45958,13,NA,NA,M
45959,hh_45959,14,NA,NA,F
45960,hh_45960,7,NA,NA,F
45961,hh_45961,8,NA,NA,F
45962,hh_45962,17,NA,NA,F
45963,hh_45963,13,NA,NA,M
45964,hh_45964,14,NA,NA,F
45965,hh_45965,11,NA,NA,M
45966,hh_45966,5,NA,NA,F
45967,hh_45967,16,NA,NA,F
45968,hh_45968,15,NA,NA,M
45969,hh_45969,14,NA,NA,M
45970,hh_45970,6,NA,NA,M
45971,hh_45971,2,NA,NA,F
45972,hh_45972,13,NA,NA,F
45973,hh_45973,10,NA,NA,F
45974,hh_45974,15,NA,NA,M
45975,hh_45975,17,NA,NA,M
45976,hh_45976,11,NA,NA,M
45977,hh_45977,13,NA,NA,M
45978,hh_45978,8,NA,NA,F
45979,hh_45979,10,NA,NA,F
45980,hh_45980,15,NA,NA,F
45981,hh_45981,1,NA,NA,M
45982,hh_45982,16,NA,NA,F
45983,hh_45983,17,NA,NA,M
45984,hh_45984,8,NA,NA,F
45985,hh_45985,8,NA,NA,F
45986,hh_45986,13,NA,NA,F
45987,hh_45987,7,NA,NA,M
45988,hh_45988,7,NA,NA,F
45989,hh_45989,6,NA,NA,M
45990,hh_45990,9,NA,NA,M
45991,hh_45991,2,NA,NA,F
45992,hh_45992,13,NA,NA,M
45993,hh_45993,16,NA,NA,M
45994,hh_45994,10,NA,NA,F
45995,hh_45995,4,NA,NA,M
45996,hh_45996,14,NA,NA,F
45997,hh_45997,15,NA,NA,F
45998,hh_45998,6,NA,NA,F
45999,hh_45999,16,NA,NA,F
46000,hh_46000,12,NA,NA,M
46001,hh_46001,8,NA,NA,F
46002,hh_46002,11,NA,NA,F
46003,hh_46003,13,NA,NA,M
46004,hh_46004,14,NA,NA,F
46005,hh_46005,7,NA,NA,F
46006,hh_46006,15,NA,NA,M
46007,hh_46007,1,NA,NA,F
46008,hh_46008,11,NA,NA,F
46009,hh_46009,10,NA,NA,M
46010,hh_46010,8,NA,NA,F
46011,hh_46011,13,NA,NA,M
46012,hh_46012,13,NA,NA,M
46013,hh_46013,7,NA,NA,M
46014,hh_46014,14,NA,NA,M
46015,hh_46015,17,NA,NA,F
46016,hh_46016,1,NA,NA,M
46017,hh_46017,0,NA,NA,M
46018,hh_46018,14,NA,NA,F
46019,hh_46019,11,NA,NA,M
46020,hh_46020,15,NA,NA,M
46021,hh_46021,13,NA,NA,M
46022,hh_46022,17,NA,NA,M
46023,hh_46023,2,NA,NA,F
46024,hh_46024,13,NA,NA,F
46025,hh_46025,16,NA,NA,M
46026,hh_46026,10,NA,NA,M
46027,hh_46027,13,NA,NA,M
46028,hh_46028,1,NA,NA,F
46029,hh_46029,13,NA,NA,M
46030,hh_46030,6,NA,NA,M
46031,hh_46031,12,NA,NA,F
46032,hh_46032,8,NA,NA,F
46033,hh_46033,14,NA,NA,F
46034,hh_46034,11,NA,NA,F
46035,hh_46035,5,NA,NA,F
46036,hh_46036,13,NA,NA,F
46037,hh_46037,13,NA,NA,M
46038,hh_46038,13,NA,NA,M
46039,hh_46039,15,NA,NA,F
46040,hh_46040,9,NA,NA,F
46041,hh_46041,4,NA,NA,M
46042,hh_46042,13,NA,NA,M
46043,hh_46043,0,NA,NA,M
46044,hh_46044,12,NA,NA,M
46045,hh_46045,15,NA,NA,M
46046,hh_46046,13,NA,NA,F
46047,hh_46047,15,NA,NA,M
46048,hh_46048,9,NA,NA,F
46049,hh_46049,4,NA,NA,M
46050,hh_46050,2,NA,NA,M
46051,hh_46051,16,NA,NA,F
46052,hh_46052,6,NA,NA,F
46053,hh_46053,11,NA,NA,M
46054,hh_46054,12,NA,NA,M
46055,hh_46055,3,NA,NA,M
46056,hh_46056,16,NA,NA,M
46057,hh_46057,16,NA,NA,F
46058,hh_46058,2,NA,NA,M
46059,hh_46059,12,NA,NA,F
46060,hh_46060,7,NA,NA,F
46061,hh_46061,1,NA,NA,F
46062,hh_46062,14,NA,NA,F
46063,hh_46063,7,NA,NA,M
46064,hh_46064,15,NA,NA,M
46065,hh_46065,17,NA,NA,M
46066,hh_46066,2,NA,NA,M
46067,hh_46067,17,NA,NA,F
46068,hh_46068,9,NA,NA,F
46069,hh_46069,8,NA,NA,F
46070,hh_46070,1,NA,NA,M
46071,hh_46071,14,NA,NA,F
46072,hh_46072,3,NA,NA,M
46073,hh_46073,4,NA,NA,M
46074,hh_46074,6,NA,NA,F
46075,hh_46075,16,NA,NA,M
46076,hh_46076,16,NA,NA,M
46077,hh_46077,14,NA,NA,F
46078,hh_46078,11,NA,NA,M
46079,hh_46079,17,NA,NA,F
46080,hh_46080,15,NA,NA,F
46081,hh_46081,17,NA,NA,M
46082,hh_46082,12,NA,NA,F
46083,hh_46083,8,NA,NA,F
46084,hh_46084,11,NA,NA,F
46085,hh_46085,8,NA,NA,F
46086,hh_46086,16,NA,NA,M
46087,hh_46087,1,NA,NA,F
46088,hh_46088,14,NA,NA,F
46089,hh_46089,2,NA,NA,F
46090,hh_46090,1,NA,NA,M
46091,hh_46091,1,NA,NA,F
46092,hh_46092,16,NA,NA,F
46093,hh_46093,17,NA,NA,F
46094,hh_46094,15,NA,NA,F
46095,hh_46095,4,NA,NA,F
46096,hh_46096,0,NA,NA,F
46097,hh_46097,11,NA,NA,M
46098,hh_46098,13,NA,NA,M
46099,hh_46099,8,NA,NA,M
46100,hh_46100,17,NA,NA,F
46101,hh_46101,9,NA,NA,M
46102,hh_46102,15,NA,NA,F
46103,hh_46103,12,NA,NA,F
46104,hh_46104,8,NA,NA,F
46105,hh_46105,10,NA,NA,M
46106,hh_46106,7,NA,NA,M
46107,hh_46107,11,NA,NA,F
46108,hh_46108,15,NA,NA,F
46109,hh_46109,14,NA,NA,F
46110,hh_46110,14,NA,NA,F
46111,hh_46111,6,NA,NA,M
46112,hh_46112,9,NA,NA,M
46113,hh_46113,9,NA,NA,F
46114,hh_46114,12,NA,NA,M
46115,hh_46115,12,NA,NA,F
46116,hh_46116,6,NA,NA,M
46117,hh_46117,6,NA,NA,M
46118,hh_46118,14,NA,NA,F
46119,hh_46119,5,NA,NA,F
46120,hh_46120,10,NA,NA,F
46121,hh_46121,13,NA,NA,M
46122,hh_46122,13,NA,NA,F
46123,hh_46123,12,NA,NA,M
46124,hh_46124,16,NA,NA,F
46125,hh_46125,12,NA,NA,F
46126,hh_46126,7,NA,NA,M
46127,hh_46127,16,NA,NA,F
46128,hh_46128,11,NA,NA,M
46129,hh_46129,14,NA,NA,F
46130,hh_46130,13,NA,NA,F
46131,hh_46131,7,NA,NA,F
46132,hh_46132,16,NA,NA,M
46133,hh_46133,14,NA,NA,F
46134,hh_46134,4,NA,NA,F
46135,hh_46135,5,NA,NA,M
46136,hh_46136,3,NA,NA,M
46137,hh_46137,13,NA,NA,F
46138,hh_46138,5,NA,NA,M
46139,hh_46139,5,NA,NA,M
46140,hh_46140,10,NA,NA,M
46141,hh_46141,11,NA,NA,M
46142,hh_46142,16,NA,NA,F
46143,hh_46143,16,NA,NA,M
46144,hh_46144,5,NA,NA,F
46145,hh_46145,10,NA,NA,F
46146,hh_46146,10,NA,NA,F
46147,hh_46147,13,NA,NA,F
46148,hh_46148,11,NA,NA,F
46149,hh_46149,1,NA,NA,M
46150,hh_46150,7,NA,NA,F
46151,hh_46151,5,NA,NA,F
46152,hh_46152,1,NA,NA,F
46153,hh_46153,16,NA,NA,M
46154,hh_46154,10,NA,NA,F
46155,hh_46155,7,NA,NA,M
46156,hh_46156,3,NA,NA,F
46157,hh_46157,15,NA,NA,M
46158,hh_46158,4,NA,NA,M
46159,hh_46159,7,NA,NA,F
46160,hh_46160,5,NA,NA,M
46161,hh_46161,14,NA,NA,M
46162,hh_46162,3,NA,NA,M
46163,hh_46163,12,NA,NA,F
46164,hh_46164,15,NA,NA,M
46165,hh_46165,11,NA,NA,M
46166,hh_46166,9,NA,NA,M
46167,hh_46167,10,NA,NA,M
46168,hh_46168,15,NA,NA,F
46169,hh_46169,5,NA,NA,F
46170,hh_46170,17,NA,NA,M
46171,hh_46171,8,NA,NA,F
46172,hh_46172,5,NA,NA,M
46173,hh_46173,10,NA,NA,F
46174,hh_46174,8,NA,NA,M
46175,hh_46175,12,NA,NA,M
46176,hh_46176,14,NA,NA,M
46177,hh_46177,11,NA,NA,F
46178,hh_46178,14,NA,NA,F
46179,hh_46179,6,NA,NA,M
46180,hh_46180,14,NA,NA,F
46181,hh_46181,10,NA,NA,F
46182,hh_46182,5,NA,NA,F
46183,hh_46183,2,NA,NA,M
46184,hh_46184,5,NA,NA,F
46185,hh_46185,6,NA,NA,M
46186,hh_46186,9,NA,NA,M
46187,hh_46187,3,NA,NA,M
46188,hh_46188,1,NA,NA,F
46189,hh_46189,14,NA,NA,F
46190,hh_46190,17,NA,NA,M
46191,hh_46191,13,NA,NA,M
46192,hh_46192,8,NA,NA,M
46193,hh_46193,14,NA,NA,F
46194,hh_46194,17,NA,NA,F
46195,hh_46195,0,NA,NA,F
46196,hh_46196,8,NA,NA,M
46197,hh_46197,13,NA,NA,M
46198,hh_46198,11,NA,NA,M
46199,hh_46199,15,NA,NA,F
46200,hh_46200,7,NA,NA,M
46201,hh_46201,13,NA,NA,M
46202,hh_46202,15,NA,NA,M
46203,hh_46203,13,NA,NA,F
46204,hh_46204,14,NA,NA,F
46205,hh_46205,13,NA,NA,M
46206,hh_46206,10,NA,NA,M
46207,hh_46207,17,NA,NA,M
46208,hh_46208,15,NA,NA,M
46209,hh_46209,10,NA,NA,M
46210,hh_46210,4,NA,NA,F
46211,hh_46211,9,NA,NA,M
46212,hh_46212,5,NA,NA,F
46213,hh_46213,8,NA,NA,F
46214,hh_46214,13,NA,NA,M
46215,hh_46215,6,NA,NA,F
46216,hh_46216,14,NA,NA,M
46217,hh_46217,8,NA,NA,F
46218,hh_46218,15,NA,NA,F
46219,hh_46219,7,NA,NA,M
46220,hh_46220,5,NA,NA,F
46221,hh_46221,11,NA,NA,F
46222,hh_46222,5,NA,NA,M
46223,hh_46223,8,NA,NA,M
46224,hh_46224,7,NA,NA,M
46225,hh_46225,6,NA,NA,M
46226,hh_46226,14,NA,NA,F
46227,hh_46227,15,NA,NA,M
46228,hh_46228,5,NA,NA,F
46229,hh_46229,15,NA,NA,F
46230,hh_46230,11,NA,NA,F
46231,hh_46231,12,NA,NA,M
46232,hh_46232,10,NA,NA,F
46233,hh_46233,10,NA,NA,M
46234,hh_46234,7,NA,NA,F
46235,hh_46235,4,NA,NA,M
46236,hh_46236,5,NA,NA,F
46237,hh_46237,15,NA,NA,M
46238,hh_46238,10,NA,NA,M
46239,hh_46239,9,NA,NA,F
46240,hh_46240,13,NA,NA,M
46241,hh_46241,15,NA,NA,F
46242,hh_46242,17,NA,NA,F
46243,hh_46243,11,NA,NA,M
46244,hh_46244,10,NA,NA,F
46245,hh_46245,6,NA,NA,F
46246,hh_46246,14,NA,NA,M
46247,hh_46247,16,NA,NA,M
46248,hh_46248,16,NA,NA,F
46249,hh_46249,17,NA,NA,M
46250,hh_46250,3,NA,NA,F
46251,hh_46251,7,NA,NA,M
46252,hh_46252,13,NA,NA,F
46253,hh_46253,0,NA,NA,M
46254,hh_46254,16,NA,NA,F
46255,hh_46255,16,NA,NA,F
46256,hh_46256,7,NA,NA,M
46257,hh_46257,3,NA,NA,F
46258,hh_46258,10,NA,NA,M
46259,hh_46259,6,NA,NA,F
46260,hh_46260,13,NA,NA,M
46261,hh_46261,7,NA,NA,M
46262,hh_46262,0,NA,NA,M
46263,hh_46263,15,NA,NA,F
46264,hh_46264,13,NA,NA,F
46265,hh_46265,11,NA,NA,M
46266,hh_46266,17,NA,NA,F
46267,hh_46267,1,NA,NA,F
46268,hh_46268,12,NA,NA,M
46269,hh_46269,8,NA,NA,F
46270,hh_46270,7,NA,NA,F
46271,hh_46271,15,NA,NA,M
46272,hh_46272,8,NA,NA,F
46273,hh_46273,4,NA,NA,M
46274,hh_46274,11,NA,NA,F
46275,hh_46275,16,NA,NA,F
46276,hh_46276,6,NA,NA,M
46277,hh_46277,6,NA,NA,F
46278,hh_46278,13,NA,NA,F
46279,hh_46279,8,NA,NA,F
46280,hh_46280,5,NA,NA,F
46281,hh_46281,13,NA,NA,M
46282,hh_46282,15,NA,NA,F
46283,hh_46283,6,NA,NA,M
46284,hh_46284,17,NA,NA,M
46285,hh_46285,13,NA,NA,M
46286,hh_46286,8,NA,NA,F
46287,hh_46287,9,NA,NA,M
46288,hh_46288,1,NA,NA,M
46289,hh_46289,2,NA,NA,M
46290,hh_46290,7,NA,NA,M
46291,hh_46291,17,NA,NA,M
46292,hh_46292,10,NA,NA,F
46293,hh_46293,13,NA,NA,M
46294,hh_46294,17,NA,NA,M
46295,hh_46295,15,NA,NA,F
46296,hh_46296,14,NA,NA,M
46297,hh_46297,14,NA,NA,M
46298,hh_46298,12,NA,NA,M
46299,hh_46299,9,NA,NA,F
46300,hh_46300,8,NA,NA,F
46301,hh_46301,14,NA,NA,F
46302,hh_46302,11,NA,NA,F
46303,hh_46303,14,NA,NA,M
46304,hh_46304,16,NA,NA,M
46305,hh_46305,10,NA,NA,M
46306,hh_46306,11,NA,NA,M
46307,hh_46307,8,NA,NA,M
46308,hh_46308,16,NA,NA,M
46309,hh_46309,4,NA,NA,M
46310,hh_46310,13,NA,NA,M
46311,hh_46311,13,NA,NA,F
46312,hh_46312,6,NA,NA,F
46313,hh_46313,16,NA,NA,M
46314,hh_46314,10,NA,NA,M
46315,hh_46315,17,NA,NA,M
46316,hh_46316,17,NA,NA,M
46317,hh_46317,16,NA,NA,M
46318,hh_46318,13,NA,NA,M
46319,hh_46319,6,NA,NA,M
46320,hh_46320,16,NA,NA,F
46321,hh_46321,14,NA,NA,M
46322,hh_46322,8,NA,NA,F
46323,hh_46323,10,NA,NA,F
46324,hh_46324,10,NA,NA,F
46325,hh_46325,8,NA,NA,F
46326,hh_46326,8,NA,NA,M
46327,hh_46327,17,NA,NA,M
46328,hh_46328,1,NA,NA,M
46329,hh_46329,8,NA,NA,M
46330,hh_46330,12,NA,NA,M
46331,hh_46331,15,NA,NA,F
46332,hh_46332,8,NA,NA,M
46333,hh_46333,16,NA,NA,M
46334,hh_46334,5,NA,NA,F
46335,hh_46335,1,NA,NA,M
46336,hh_46336,15,NA,NA,M
46337,hh_46337,9,NA,NA,F
46338,hh_46338,14,NA,NA,M
46339,hh_46339,13,NA,NA,M
46340,hh_46340,10,NA,NA,M
46341,hh_46341,17,NA,NA,M
46342,hh_46342,16,NA,NA,F
46343,hh_46343,7,NA,NA,F
46344,hh_46344,0,NA,NA,M
46345,hh_46345,0,NA,NA,F
46346,hh_46346,8,NA,NA,F
46347,hh_46347,0,NA,NA,F
46348,hh_46348,10,NA,NA,F
46349,hh_46349,1,NA,NA,F
46350,hh_46350,13,NA,NA,F
46351,hh_46351,2,NA,NA,M
46352,hh_46352,9,NA,NA,M
46353,hh_46353,17,NA,NA,F
46354,hh_46354,10,NA,NA,M
46355,hh_46355,5,NA,NA,F
46356,hh_46356,11,NA,NA,M
46357,hh_46357,4,NA,NA,M
46358,hh_46358,17,NA,NA,F
46359,hh_46359,6,NA,NA,M
46360,hh_46360,9,NA,NA,M
46361,hh_46361,11,NA,NA,F
46362,hh_46362,3,NA,NA,M
46363,hh_46363,13,NA,NA,M
46364,hh_46364,4,NA,NA,M
46365,hh_46365,3,NA,NA,F
46366,hh_46366,12,NA,NA,M
46367,hh_46367,5,NA,NA,F
46368,hh_46368,11,NA,NA,M
46369,hh_46369,4,NA,NA,F
46370,hh_46370,7,NA,NA,M
46371,hh_46371,4,NA,NA,F
46372,hh_46372,7,NA,NA,M
46373,hh_46373,12,NA,NA,M
46374,hh_46374,5,NA,NA,M
46375,hh_46375,7,NA,NA,M
46376,hh_46376,5,NA,NA,M
46377,hh_46377,3,NA,NA,M
46378,hh_46378,7,NA,NA,M
46379,hh_46379,4,NA,NA,M
46380,hh_46380,10,NA,NA,F
46381,hh_46381,4,NA,NA,F
46382,hh_46382,5,NA,NA,F
46383,hh_46383,8,NA,NA,M
46384,hh_46384,12,NA,NA,F
46385,hh_46385,5,NA,NA,M
46386,hh_46386,5,NA,NA,M
45101,hh_45101,2,NA,NA,F
45102,hh_45102,14,NA,NA,M
45103,hh_45103,8,NA,NA,F
45104,hh_45104,5,NA,NA,M
45105,hh_45105,5,NA,NA,F
45106,hh_45106,5,NA,NA,M
45107,hh_45107,5,NA,NA,M
45108,hh_45108,15,NA,NA,F
45109,hh_45109,5,NA,NA,M
45110,hh_45110,4,NA,NA,F
45112,hh_45112,4,NA,NA,M
45113,hh_45113,4,NA,NA,M
45114,hh_45114,6,NA,NA,F
45115,hh_45115,2,NA,NA,F
45116,hh_45116,10,NA,NA,M
45117,hh_45117,6,NA,NA,M
45118,hh_45118,5,NA,NA,M
45119,hh_45119,2,NA,NA,F
45120,hh_45120,5,NA,NA,M
45121,hh_45121,5,NA,NA,M
45123,hh_45123,14,NA,NA,M
45124,hh_45124,15,NA,NA,M
45125,hh_45125,16,NA,NA,F
45126,hh_45126,5,NA,NA,M
45127,hh_45127,5,NA,NA,M
45128,hh_45128,5,NA,NA,M
45129,hh_45129,0,NA,NA,F
45130,hh_45130,2,NA,NA,F
45131,hh_45131,3,NA,NA,M
45132,hh_45132,5,NA,NA,M
45134,hh_45134,12,NA,NA,F
45135,hh_45135,7,NA,NA,M
45136,hh_45136,7,NA,NA,M
45137,hh_45137,7,NA,NA,M
45138,hh_45138,1,NA,NA,M
45139,hh_45139,4,NA,NA,M
45140,hh_45140,7,NA,NA,M
45141,hh_45141,3,NA,NA,F
45142,hh_45142,10,NA,NA,M
45143,hh_45143,3,NA,NA,M
45145,hh_45145,17,NA,NA,M
45146,hh_45146,3,NA,NA,M
45147,hh_45147,6,NA,NA,M
45148,hh_45148,4,NA,NA,M
45149,hh_45149,5,NA,NA,M
45150,hh_45150,7,NA,NA,M
45151,hh_45151,15,NA,NA,F
45152,hh_45152,5,NA,NA,M
45153,hh_45153,15,NA,NA,M
45154,hh_45154,5,NA,NA,M
45156,hh_45156,4,NA,NA,F
45157,hh_45157,4,NA,NA,M
45158,hh_45158,3,NA,NA,M
45159,hh_45159,15,NA,NA,F
45160,hh_45160,4,NA,NA,F
45161,hh_45161,9,NA,NA,F
45162,hh_45162,1,NA,NA,M
45163,hh_45163,2,NA,NA,M
45164,hh_45164,0,NA,NA,F
45165,hh_45165,5,NA,NA,F
45167,hh_45167,11,NA,NA,M
45168,hh_45168,4,NA,NA,F
45169,hh_45169,10,NA,NA,F
45170,hh_45170,8,NA,NA,M
45171,hh_45171,4,NA,NA,F
45172,hh_45172,11,NA,NA,F
45173,hh_45173,2,NA,NA,M
45174,hh_45174,3,NA,NA,M
45175,hh_45175,5,NA,NA,F
45176,hh_45176,6,NA,NA,F
45178,hh_45178,5,NA,NA,F
45179,hh_45179,3,NA,NA,F
45180,hh_45180,7,NA,NA,M
45181,hh_45181,6,NA,NA,M
45182,hh_45182,5,NA,NA,M
45183,hh_45183,5,NA,NA,F
45184,hh_45184,5,NA,NA,F
45185,hh_45185,7,NA,NA,M
45186,hh_45186,14,NA,NA,M
45187,hh_45187,7,NA,NA,M
45189,hh_45189,6,NA,NA,M
45190,hh_45190,14,NA,NA,M
45191,hh_45191,6,NA,NA,M
45192,hh_45192,17,NA,NA,F
45193,hh_45193,2,NA,NA,M
45194,hh_45194,3,NA,NA,F
45195,hh_45195,4,NA,NA,F
45196,hh_45196,4,NA,NA,F
45197,hh_45197,12,NA,NA,F
45198,hh_45198,7,NA,NA,F
45200,hh_45200,3,NA,NA,M
45201,hh_45201,17,NA,NA,M
45202,hh_45202,7,NA,NA,M
45203,hh_45203,17,NA,NA,F
45204,hh_45204,3,NA,NA,M
45205,hh_45205,2,NA,NA,F
45206,hh_45206,2,NA,NA,F
45207,hh_45207,4,NA,NA,F
45208,hh_45208,11,NA,NA,M
45209,hh_45209,13,NA,NA,F
45211,hh_45211,1,NA,NA,M
45212,hh_45212,5,NA,NA,F
45213,hh_45213,7,NA,NA,F
45214,hh_45214,3,NA,NA,M
45215,hh_45215,11,NA,NA,M
45216,hh_45216,8,NA,NA,M
45217,hh_45217,8,NA,NA,M
45218,hh_45218,2,NA,NA,F
45219,hh_45219,3,NA,NA,M
45220,hh_45220,16,NA,NA,F
45222,hh_45222,3,NA,NA,M
45223,hh_45223,5,NA,NA,F
45224,hh_45224,3,NA,NA,F
45225,hh_45225,7,NA,NA,M
45226,hh_45226,12,NA,NA,M
45227,hh_45227,6,NA,NA,M
45228,hh_45228,6,NA,NA,F
45229,hh_45229,8,NA,NA,M
45230,hh_45230,7,NA,NA,F
45231,hh_45231,11,NA,NA,M
45233,hh_45233,5,NA,NA,F
45234,hh_45234,9,NA,NA,M
45235,hh_45235,5,NA,NA,M
45236,hh_45236,5,NA,NA,F
45237,hh_45237,2,NA,NA,F
45238,hh_45238,5,NA,NA,M
45239,hh_45239,4,NA,NA,M
45240,hh_45240,7,NA,NA,M
45241,hh_45241,4,NA,NA,F
45242,hh_45242,13,NA,NA,F
45244,hh_45244,7,NA,NA,F
45245,hh_45245,13,NA,NA,M
45246,hh_45246,17,NA,NA,M
45247,hh_45247,7,NA,NA,M
45248,hh_45248,7,NA,NA,M
45249,hh_45249,9,NA,NA,M
45250,hh_45250,2,NA,NA,M
45251,hh_45251,6,NA,NA,F
45252,hh_45252,15,NA,NA,M
45253,hh_45253,2,NA,NA,M
45255,hh_45255,6,NA,NA,M
45256,hh_45256,13,NA,NA,M
45257,hh_45257,10,NA,NA,M
45258,hh_45258,4,NA,NA,M
45259,hh_45259,12,NA,NA,F
45260,hh_45260,12,NA,NA,F
45261,hh_45261,15,NA,NA,M
45262,hh_45262,7,NA,NA,F
45263,hh_45263,17,NA,NA,M
45264,hh_45264,14,NA,NA,F
45266,hh_45266,17,NA,NA,F
45267,hh_45267,2,NA,NA,M
45268,hh_45268,4,NA,NA,M
45269,hh_45269,4,NA,NA,M
45270,hh_45270,8,NA,NA,M
45271,hh_45271,5,NA,NA,M
45272,hh_45272,5,NA,NA,M
45273,hh_45273,4,NA,NA,M
45274,hh_45274,6,NA,NA,M
45275,hh_45275,6,NA,NA,M
45277,hh_45277,4,NA,NA,F
45278,hh_45278,5,NA,NA,M
45279,hh_45279,5,NA,NA,M
45280,hh_45280,5,NA,NA,M
45281,hh_45281,5,NA,NA,M
45282,hh_45282,3,NA,NA,F
45283,hh_45283,17,NA,NA,F
45284,hh_45284,5,NA,NA,M
45285,hh_45285,1,NA,NA,F
45286,hh_45286,3,NA,NA,F
45288,hh_45288,5,NA,NA,M
45289,hh_45289,2,NA,NA,F
45290,hh_45290,4,NA,NA,M
45291,hh_45291,11,NA,NA,F
45292,hh_45292,15,NA,NA,F
45293,hh_45293,6,NA,NA,M
45294,hh_45294,4,NA,NA,F
45295,hh_45295,7,NA,NA,M
45296,hh_45296,6,NA,NA,M
45297,hh_45297,5,NA,NA,M
45299,hh_45299,6,NA,NA,M
45300,hh_45300,14,NA,NA,M
45301,hh_45301,16,NA,NA,M
45302,hh_45302,1,NA,NA,F
45303,hh_45303,3,NA,NA,F
45304,hh_45304,10,NA,NA,M
45305,hh_45305,4,NA,NA,M
45306,hh_45306,9,NA,NA,M
45307,hh_45307,17,NA,NA,M
45308,hh_45308,4,NA,NA,F
45310,hh_45310,6,NA,NA,M
45311,hh_45311,2,NA,NA,M
45312,hh_45312,5,NA,NA,M
45313,hh_45313,11,NA,NA,F
45314,hh_45314,7,NA,NA,M
45315,hh_45315,15,NA,NA,F
45316,hh_45316,6,NA,NA,M
45317,hh_45317,7,NA,NA,F
45318,hh_45318,3,NA,NA,M
45319,hh_45319,5,NA,NA,M
45321,hh_45321,4,NA,NA,F
45322,hh_45322,5,NA,NA,M
45323,hh_45323,5,NA,NA,M
45324,hh_45324,5,NA,NA,F
45325,hh_45325,9,NA,NA,M
45326,hh_45326,6,NA,NA,M
45327,hh_45327,5,NA,NA,M
45328,hh_45328,7,NA,NA,F
45329,hh_45329,9,NA,NA,M
45330,hh_45330,7,NA,NA,M
45332,hh_45332,6,NA,NA,M
45333,hh_45333,1,NA,NA,M
45334,hh_45334,5,NA,NA,M
45335,hh_45335,6,NA,NA,M
45336,hh_45336,5,NA,NA,M
45337,hh_45337,4,NA,NA,F
45338,hh_45338,6,NA,NA,M
45339,hh_45339,4,NA,NA,F
45340,hh_45340,12,NA,NA,F
45341,hh_45341,9,NA,NA,M
45343,hh_45343,6,NA,NA,M
45344,hh_45344,15,NA,NA,M
45345,hh_45345,1,NA,NA,M
45346,hh_45346,3,NA,NA,F
45347,hh_45347,0,NA,NA,M
45348,hh_45348,5,NA,NA,F
45349,hh_45349,17,NA,NA,M
45350,hh_45350,6,NA,NA,M
45351,hh_45351,3,NA,NA,F
45352,hh_45352,9,NA,NA,M
45354,hh_45354,5,NA,NA,M
45355,hh_45355,5,NA,NA,M
45356,hh_45356,5,NA,NA,F
45357,hh_45357,8,NA,NA,M
45358,hh_45358,5,NA,NA,M
45359,hh_45359,12,NA,NA,F
45360,hh_45360,5,NA,NA,M
45361,hh_45361,9,NA,NA,M
45362,hh_45362,5,NA,NA,M
45363,hh_45363,4,NA,NA,M
45365,hh_45365,6,NA,NA,F
45366,hh_45366,14,NA,NA,M
45367,hh_45367,7,NA,NA,F
45368,hh_45368,7,NA,NA,M
45369,hh_45369,4,NA,NA,M
45370,hh_45370,5,NA,NA,M
45371,hh_45371,6,NA,NA,M
45372,hh_45372,5,NA,NA,F
45373,hh_45373,14,NA,NA,F
45374,hh_45374,16,NA,NA,M
45376,hh_45376,13,NA,NA,M
45377,hh_45377,5,NA,NA,F
45378,hh_45378,7,NA,NA,M
45379,hh_45379,5,NA,NA,M
45380,hh_45380,13,NA,NA,M
45381,hh_45381,6,NA,NA,M
45382,hh_45382,4,NA,NA,F
45383,hh_45383,5,NA,NA,M
45384,hh_45384,13,NA,NA,M
45385,hh_45385,1,NA,NA,M
45387,hh_45387,6,NA,NA,F
45388,hh_45388,4,NA,NA,M
45389,hh_45389,17,NA,NA,M
45390,hh_45390,5,NA,NA,M
45391,hh_45391,5,NA,NA,F
45392,hh_45392,3,NA,NA,F
45393,hh_45393,5,NA,NA,M
45394,hh_45394,8,NA,NA,F
45395,hh_45395,7,NA,NA,M
45396,hh_45396,5,NA,NA,M
45398,hh_45398,3,NA,NA,F
45399,hh_45399,17,NA,NA,F
45400,hh_45400,5,NA,NA,M
45401,hh_45401,2,NA,NA,F
45402,hh_45402,10,NA,NA,M
45403,hh_45403,15,NA,NA,M
45404,hh_45404,10,NA,NA,M
45405,hh_45405,5,NA,NA,M
45406,hh_45406,7,NA,NA,M
45407,hh_45407,5,NA,NA,M
45409,hh_45409,16,NA,NA,M
45410,hh_45410,2,NA,NA,M
45411,hh_45411,4,NA,NA,M
45412,hh_45412,2,NA,NA,F
45413,hh_45413,15,NA,NA,M
45414,hh_45414,17,NA,NA,F
45415,hh_45415,7,NA,NA,F
45416,hh_45416,5,NA,NA,M
45417,hh_45417,2,NA,NA,M
45418,hh_45418,7,NA,NA,F
45420,hh_45420,3,NA,NA,M
45421,hh_45421,3,NA,NA,M
45422,hh_45422,4,NA,NA,M
45423,hh_45423,4,NA,NA,M
45424,hh_45424,7,NA,NA,F
45425,hh_45425,16,NA,NA,F
45426,hh_45426,4,NA,NA,M
45427,hh_45427,7,NA,NA,M
45428,hh_45428,13,NA,NA,F
45429,hh_45429,4,NA,NA,M
45431,hh_45431,5,NA,NA,M
45432,hh_45432,5,NA,NA,M
45433,hh_45433,6,NA,NA,F
45434,hh_45434,2,NA,NA,F
45435,hh_45435,8,NA,NA,M
45436,hh_45436,2,NA,NA,M
45437,hh_45437,3,NA,NA,F
45438,hh_45438,5,NA,NA,M
45439,hh_45439,6,NA,NA,M
45440,hh_45440,7,NA,NA,F
45442,hh_45442,1,NA,NA,F
45443,hh_45443,12,NA,NA,M
45444,hh_45444,5,NA,NA,F
45445,hh_45445,13,NA,NA,M
45446,hh_45446,5,NA,NA,M
45447,hh_45447,5,NA,NA,F
45448,hh_45448,5,NA,NA,F
45449,hh_45449,5,NA,NA,F
45450,hh_45450,5,NA,NA,M
45451,hh_45451,6,NA,NA,M
45453,hh_45453,7,NA,NA,M
45454,hh_45454,14,NA,NA,F
45455,hh_45455,5,NA,NA,M
45456,hh_45456,5,NA,NA,M
45457,hh_45457,10,NA,NA,M
45458,hh_45458,2,NA,NA,F
45459,hh_45459,17,NA,NA,M
45460,hh_45460,5,NA,NA,F
45461,hh_45461,17,NA,NA,F
45462,hh_45462,5,NA,NA,M
45464,hh_45464,3,NA,NA,M
45465,hh_45465,5,NA,NA,M
45466,hh_45466,4,NA,NA,M
45467,hh_45467,13,NA,NA,M
45468,hh_45468,5,NA,NA,F
45469,hh_45469,6,NA,NA,F
45470,hh_45470,17,NA,NA,F
45471,hh_45471,2,NA,NA,M
45472,hh_45472,2,NA,NA,M
45473,hh_45473,11,NA,NA,M
45475,hh_45475,12,NA,NA,F
45476,hh_45476,4,NA,NA,M
45477,hh_45477,7,NA,NA,M
45478,hh_45478,5,NA,NA,M
45479,hh_45479,7,NA,NA,F
45480,hh_45480,10,NA,NA,M
45481,hh_45481,3,NA,NA,F
45482,hh_45482,4,NA,NA,M
45483,hh_45483,6,NA,NA,F
45484,hh_45484,14,NA,NA,M
45486,hh_45486,4,NA,NA,F
45487,hh_45487,8,NA,NA,M
45488,hh_45488,4,NA,NA,F
45489,hh_45489,3,NA,NA,M
45490,hh_45490,8,NA,NA,M
45491,hh_45491,9,NA,NA,F
45492,hh_45492,10,NA,NA,F
45493,hh_45493,5,NA,NA,F
45494,hh_45494,4,NA,NA,M
45495,hh_45495,7,NA,NA,M
45497,hh_45497,5,NA,NA,M
45498,hh_45498,10,NA,NA,F
45499,hh_45499,5,NA,NA,M
45500,hh_45500,7,NA,NA,M
45501,hh_45501,2,NA,NA,M
45502,hh_45502,14,NA,NA,M
45503,hh_45503,4,NA,NA,M
45504,hh_45504,5,NA,NA,M
45505,hh_45505,14,NA,NA,M
45506,hh_45506,4,NA,NA,F
45508,hh_45508,4,NA,NA,M
45509,hh_45509,2,NA,NA,M
45510,hh_45510,9,NA,NA,F
45511,hh_45511,7,NA,NA,M
45512,hh_45512,7,NA,NA,M
45513,hh_45513,14,NA,NA,F
45514,hh_45514,11,NA,NA,F
45515,hh_45515,4,NA,NA,M
45516,hh_45516,7,NA,NA,M
45517,hh_45517,17,NA,NA,M
45519,hh_45519,5,NA,NA,M
45520,hh_45520,2,NA,NA,M
45521,hh_45521,2,NA,NA,F
45522,hh_45522,14,NA,NA,F
45523,hh_45523,6,NA,NA,F
45524,hh_45524,10,NA,NA,M
45525,hh_45525,13,NA,NA,F
